{
	"credit": "Made with Blockbench",
	"textures": {
		"0": "item/fish/colethep",
		"particle": "item/fish/colethep"
	},
	"elements": [
		{
			"from": [3.84, 1.352, 7.48],
			"to": [4.36, 6.916, 8.52],
			"rotation": {"angle": 0, "axis": "y", "origin": [3.84, 0, 3.84]},
			"faces": {
				"north": {"uv": [7, 3.75, 8.125, 11.75], "texture": "#0"},
				"east": {"uv": [7, 3.75, 8.125, 11.75], "texture": "#0"},
				"south": {"uv": [7, 3.75, 8.125, 11.75], "texture": "#0"},
				"west": {"uv": [7, 3.75, 8.125, 11.75], "texture": "#0"},
				"up": {"uv": [7, 3.75, 8.125, 11.75], "texture": "#0"},
				"down": {"uv": [7, 3.75, 8.125, 11.75], "texture": "#0"}
			}
		},
		{
			"from": [4.1, -0.26, 6.96],
			"to": [4.1, 1.768, 8.988],
			"rotation": {"angle": 0, "axis": "y", "origin": [3.84, 0, 3.84]},
			"faces": {
				"north": {"uv": [3.5, 0, 3.75, 3.9], "texture": "#0"},
				"east": {"uv": [0, 0.25, 4.025, 3.9625], "texture": "#0"},
				"south": {"uv": [3.5, 0, 3.75, 3.9], "texture": "#0"},
				"west": {"uv": [0, 0, 3.8375, 3.9], "texture": "#0"},
				"up": {"uv": [0, 0, 1, 3.9], "texture": "#missing"},
				"down": {"uv": [0, 0, 1, 3.9], "texture": "#missing"}
			}
		},
		{
			"from": [3.84, 6.292, 6.648],
			"to": [4.36, 8.32, 7.48],
			"rotation": {"angle": 0, "axis": "y", "origin": [3.84, 0, 3.84]},
			"faces": {
				"north": {"uv": [6, 0.75, 6.6625, 2.0875], "texture": "#0"},
				"east": {"uv": [6, 0.75, 6.6625, 2.0875], "texture": "#0"},
				"south": {"uv": [6, 0.75, 6.6625, 2.0875], "texture": "#0"},
				"west": {"uv": [6, 0.75, 6.6625, 2.0875], "texture": "#0"},
				"up": {"uv": [6, 0.75, 6.6625, 2.0875], "texture": "#0"},
				"down": {"uv": [6, 0.75, 6.6625, 2.0875], "texture": "#0"}
			}
		},
		{
			"from": [3.84, 6.292, 8.52],
			"to": [4.36, 8.32, 9.352],
			"rotation": {"angle": 0, "axis": "y", "origin": [3.84, 0, 3.84]},
			"faces": {
				"north": {"uv": [6, 0.75, 6.6625, 2.0875], "texture": "#0"},
				"east": {"uv": [6, 0.75, 6.6625, 2.0875], "texture": "#0"},
				"south": {"uv": [6, 0.75, 6.6625, 2.0875], "texture": "#0"},
				"west": {"uv": [6, 0.75, 6.6625, 2.0875], "texture": "#0"},
				"up": {"uv": [6, 0.75, 6.6625, 2.0875], "texture": "#0"},
				"down": {"uv": [6, 0.75, 6.6625, 2.0875], "texture": "#0"}
			}
		}
	],
	"display": {
		"thirdperson_righthand": {
			"translation": [3.75, 3.5, 1.5]
		},
		"thirdperson_lefthand": {
			"translation": [-3.75, 3.5, 1.5]
		},
		"firstperson_righthand": {
			"translation": [7.75, 5.25, 0]
		},
		"firstperson_lefthand": {
			"translation": [0, 5.25, 0]
		},
		"ground": {
			"translation": [3.75, 5, 0]
		},
		"gui": {
			"rotation": [0, 90, 0],
			"translation": [0.25, 6.75, 0],
			"scale": [1.66, 1.66, 1.66]
		},
		"fixed": {
			"rotation": [0, -90, 0],
			"translation": [0, 6.75, 6],
			"scale": [1.7, 1.7, 1.7]
		}
	}
}