{
	"credit": "Made with Blockbench",
	"textures": {
		"0": "item/fish/echlon",
		"particle": "item/fish/echlon"
	},
	"elements": [
		{
			"from": [0.37785, 2.45634, 3.7],
			"to": [1.37785, 2.95634, 4.7],
			"rotation": {"angle": 0, "axis": "x", "origin": [0.47785, 2.85634, 4.3]},
			"faces": {
				"north": {"uv": [13.1875, 0.75, 14.6, 1.975], "rotation": 270, "texture": "#0"},
				"east": {"uv": [13.1875, 0.75, 14.6, 1.975], "rotation": 270, "texture": "#0"},
				"south": {"uv": [13.1875, 0.75, 14.6, 1.975], "rotation": 270, "texture": "#0"},
				"west": {"uv": [4.2, 3.4375, 2.0625, 2.4375], "rotation": 180, "texture": "#0"},
				"up": {"uv": [13.1875, 0.75, 14.6, 1.975], "rotation": 270, "texture": "#0"},
				"down": {"uv": [13.1875, 0.75, 14.6, 1.975], "rotation": 270, "texture": "#0"}
			}
		},
		{
			"from": [0.37785, 2.45634, 4.9],
			"to": [1.37785, 2.95634, 5.9],
			"rotation": {"angle": 0, "axis": "y", "origin": [0.47785, 2.85634, 4.3]},
			"faces": {
				"north": {"uv": [13.1875, 0.75, 14.6, 1.975], "rotation": 270, "texture": "#0"},
				"east": {"uv": [13.1875, 0.75, 14.6, 1.975], "rotation": 270, "texture": "#0"},
				"south": {"uv": [13.1875, 0.75, 14.6, 1.975], "rotation": 270, "texture": "#0"},
				"west": {"uv": [2.0625, 3.4375, 4.2, 2.4375], "rotation": 180, "texture": "#0"},
				"up": {"uv": [13.1875, 0.75, 14.6, 1.975], "rotation": 270, "texture": "#0"},
				"down": {"uv": [13.1875, 0.75, 14.6, 1.975], "rotation": 270, "texture": "#0"}
			}
		},
		{
			"from": [0.27785, 0.85634, 3.5],
			"to": [3.47785, 2.45634, 6.1],
			"rotation": {"angle": 0, "axis": "x", "origin": [0.47785, 0.55634, 4.3]},
			"faces": {
				"north": {"uv": [4.6625, 6.1875, 1.375, 11.0375], "rotation": 270, "texture": "#0"},
				"east": {"uv": [2.625, 3.875, 5.9125, 5.85], "rotation": 270, "texture": "#0"},
				"south": {"uv": [4.6625, 11.0375, 1.375, 6.1875], "rotation": 270, "texture": "#0"},
				"west": {"uv": [10.75, 3.25, 13.125, 0.475], "rotation": 270, "texture": "#0"},
				"up": {"uv": [0.875, 3.875, 5.7875, 11.0375], "rotation": 270, "texture": "#0"},
				"down": {"uv": [0.625, 3.625, 5.5375, 10.7875], "rotation": 270, "texture": "#0"}
			}
		},
		{
			"from": [1.48391, 2.18924, 3.82006],
			"to": [3.09817, 2.52041, 5.42394],
			"rotation": {"angle": 0, "axis": "y", "origin": [2.51147, 0.99285, 3.34735]},
			"faces": {
				"north": {"uv": [12.09511, 5.92989, 10.3125, 5.25], "rotation": 180, "texture": "#0"},
				"east": {"uv": [12.09511, 5.92989, 10.3125, 5.25], "rotation": 180, "texture": "#0"},
				"south": {"uv": [12.09511, 5.92989, 10.3125, 5.25], "rotation": 180, "texture": "#0"},
				"west": {"uv": [12.09511, 5.92989, 10.3125, 5.25], "rotation": 180, "texture": "#0"},
				"up": {"uv": [12.09511, 5.92989, 10.3125, 5.25], "rotation": 180, "texture": "#0"},
				"down": {"uv": [12.09511, 5.92989, 10.3125, 5.25], "rotation": 180, "texture": "#0"}
			}
		},
		{
			"from": [4.75571, 2.51797, 4.26028],
			"to": [4.75571, 4.08086, 5.04145],
			"rotation": {"angle": 22.5, "axis": "z", "origin": [3.59024, -0.34468, 2.60111]},
			"faces": {
				"north": {"uv": [14, 9.25, 7.44022, 13.52663], "texture": "#0"},
				"east": {"uv": [14, 9.25, 7.44022, 13.52663], "texture": "#0"},
				"south": {"uv": [14, 9.25, 7.44022, 13.52663], "texture": "#0"},
				"west": {"uv": [14, 9.25, 7.44022, 13.52663], "texture": "#0"},
				"up": {"uv": [14, 9.25, 7.44022, 13.52663], "texture": "#0"},
				"down": {"uv": [14, 9.25, 7.44022, 13.52663], "texture": "#0"}
			}
		},
		{
			"from": [0.5642, 1.75225, 4.05783],
			"to": [0.5642, 3.46114, 4.92972],
			"rotation": {"angle": -22.5, "axis": "z", "origin": [3.59024, -0.34468, 2.60111]},
			"faces": {
				"north": {"uv": [14, 9.25, 7.44022, 13.52663], "texture": "#0"},
				"east": {"uv": [14, 9.25, 7.44022, 13.52663], "texture": "#0"},
				"south": {"uv": [14, 9.25, 7.44022, 13.52663], "texture": "#0"},
				"west": {"uv": [14, 9.25, 7.44022, 13.52663], "texture": "#0"},
				"up": {"uv": [14, 9.25, 7.44022, 13.52663], "texture": "#0"},
				"down": {"uv": [14, 9.25, 7.44022, 13.52663], "texture": "#0"}
			}
		},
		{
			"from": [1.36162, 1.35845, 6.3154],
			"to": [3.62169, 1.35845, 7.94443],
			"rotation": {"angle": -22.5, "axis": "x", "origin": [3.59024, -0.34468, 2.99258]},
			"faces": {
				"north": {"uv": [15.25, 13.52663, 6.31522, 9.25], "texture": "#0"},
				"east": {"uv": [15.25, 13.52663, 6.31522, 9.25], "texture": "#0"},
				"south": {"uv": [15.25, 13.52663, 6.31522, 9.25], "texture": "#0"},
				"west": {"uv": [15.25, 13.52663, 6.31522, 9.25], "texture": "#0"},
				"up": {"uv": [15.25, 13.52663, 6.31522, 9.25], "texture": "#0"},
				"down": {"uv": [15.25, 9.25, 6.31522, 13.52663], "texture": "#0"}
			}
		},
		{
			"from": [2.19307, 2.98369, 2.36941],
			"to": [2.9962, 4.54659, 2.36941],
			"rotation": {"angle": 22.5, "axis": "x", "origin": [3.59024, -0.34468, 2.60111]},
			"faces": {
				"north": {"uv": [14, 9.25, 7.44022, 13.52663], "texture": "#0"},
				"east": {"uv": [14, 9.25, 7.44022, 13.52663], "texture": "#0"},
				"south": {"uv": [14, 9.25, 7.44022, 13.52663], "texture": "#0"},
				"west": {"uv": [14, 9.25, 7.44022, 13.52663], "texture": "#0"},
				"up": {"uv": [14, 9.25, 7.44022, 13.52663], "texture": "#0"},
				"down": {"uv": [14, 9.25, 7.44022, 13.52663], "texture": "#0"}
			}
		},
		{
			"from": [1.87584, 2.68369, 2.05546],
			"to": [1.87584, 4.54659, 3.91836],
			"rotation": {"angle": -45, "axis": "y", "origin": [0.7959, 4.31256, 3.53255]},
			"faces": {
				"north": {"uv": [15.8125, 8.125, 6.50272, 13.52663], "texture": "#0"},
				"east": {"uv": [15.8125, 8.125, 6.50272, 13.52663], "texture": "#0"},
				"south": {"uv": [15.8125, 8.125, 6.50272, 13.52663], "texture": "#0"},
				"west": {"uv": [15.8125, 8.125, 6.50272, 13.52663], "texture": "#0"},
				"up": {"uv": [15.8125, 8.125, 6.50272, 13.52663], "texture": "#0"},
				"down": {"uv": [15.8125, 8.125, 6.50272, 13.52663], "texture": "#0"}
			}
		},
		{
			"from": [3.6443, 2.68369, 5.62714],
			"to": [5.45313, 4.54659, 5.62714],
			"rotation": {"angle": -45, "axis": "y", "origin": [3.59024, -0.34468, 2.60111]},
			"faces": {
				"north": {"uv": [14, 9.25, 7.44022, 13.52663], "texture": "#0"},
				"east": {"uv": [14, 9.25, 7.44022, 13.52663], "texture": "#0"},
				"south": {"uv": [14, 9.25, 7.44022, 13.52663], "texture": "#0"},
				"west": {"uv": [14, 9.25, 7.44022, 13.52663], "texture": "#0"},
				"up": {"uv": [14, 9.25, 7.44022, 13.52663], "texture": "#0"},
				"down": {"uv": [14, 9.25, 7.44022, 13.52663], "texture": "#0"}
			}
		},
		{
			"from": [2.41211, 1.28652, 6.55859],
			"to": [2.93373, 2.94942, 6.55859],
			"rotation": {"angle": -22.5, "axis": "x", "origin": [3.59024, -0.34468, 2.60111]},
			"faces": {
				"north": {"uv": [14, 9.25, 7.44022, 13.52663], "texture": "#0"},
				"east": {"uv": [14, 9.25, 7.44022, 13.52663], "texture": "#0"},
				"south": {"uv": [14, 9.25, 7.44022, 13.52663], "texture": "#0"},
				"west": {"uv": [14, 9.25, 7.44022, 13.52663], "texture": "#0"},
				"up": {"uv": [14, 9.25, 7.44022, 13.52663], "texture": "#0"},
				"down": {"uv": [14, 9.25, 7.44022, 13.52663], "texture": "#0"}
			}
		},
		{
			"from": [3.68172, 2.68369, 2.2153],
			"to": [3.68172, 4.54659, 4.0782],
			"rotation": {"angle": -45, "axis": "y", "origin": [0.4959, 4.31256, 3.53255]},
			"faces": {
				"north": {"uv": [15.25, 9.25, 6.31522, 13.52663], "texture": "#0"},
				"east": {"uv": [15.25, 9.25, 6.31522, 13.52663], "texture": "#0"},
				"south": {"uv": [15.25, 9.25, 6.31522, 13.52663], "texture": "#0"},
				"west": {"uv": [15.25, 9.25, 6.31522, 13.52663], "texture": "#0"},
				"up": {"uv": [15.25, 9.25, 6.31522, 13.52663], "texture": "#0"},
				"down": {"uv": [15.25, 9.25, 6.31522, 13.52663], "texture": "#0"}
			}
		},
		{
			"from": [1.81899, 2.61121, 2.00962],
			"to": [3.43588, 4.30635, 2.00962],
			"rotation": {"angle": -45, "axis": "y", "origin": [0.4959, 4.31256, 3.53255]},
			"faces": {
				"north": {"uv": [15.875, 8.125, 6.31522, 13.52663], "texture": "#0"},
				"east": {"uv": [15.875, 8.125, 6.31522, 13.52663], "texture": "#0"},
				"south": {"uv": [15.875, 8.125, 6.31522, 13.52663], "texture": "#0"},
				"west": {"uv": [15.875, 8.125, 6.31522, 13.52663], "texture": "#0"},
				"up": {"uv": [15.875, 8.125, 6.31522, 13.52663], "texture": "#0"},
				"down": {"uv": [15.875, 8.125, 6.31522, 13.52663], "texture": "#0"}
			}
		},
		{
			"from": [2.15951, 1.49159, 3.06683],
			"to": [4.40669, 1.49159, 5.86117],
			"rotation": {"angle": 22.5, "axis": "z", "origin": [0.20186, 4.31256, 3.53255]},
			"faces": {
				"north": {"uv": [6.5, 8.875, 16, 13.47609], "rotation": 90, "texture": "#0"},
				"east": {"uv": [6.5, 8.875, 16, 13.47609], "rotation": 90, "texture": "#0"},
				"south": {"uv": [6.5, 8.875, 16, 13.47609], "rotation": 90, "texture": "#0"},
				"west": {"uv": [6.5, 8.875, 16, 13.47609], "rotation": 90, "texture": "#0"},
				"up": {"uv": [6.5, 8.875, 16, 13.47609], "rotation": 90, "texture": "#0"},
				"down": {"uv": [6.5, 8.875, 16, 13.47609], "rotation": 90, "texture": "#0"}
			}
		},
		{
			"from": [1.36162, 1.34992, 5.85069],
			"to": [3.46244, 3.54473, 5.85069],
			"rotation": {"angle": -45, "axis": "x", "origin": [2.35879, -0.34468, 3.53255]},
			"faces": {
				"north": {"uv": [15.25, 9.25, 6.31522, 13.52663], "texture": "#0"},
				"east": {"uv": [15.25, 9.25, 6.31522, 13.52663], "texture": "#0"},
				"south": {"uv": [15.25, 9.25, 6.31522, 13.52663], "texture": "#0"},
				"west": {"uv": [15.25, 9.25, 6.31522, 13.52663], "texture": "#0"},
				"up": {"uv": [15.25, 9.25, 6.31522, 13.52663], "texture": "#0"},
				"down": {"uv": [15.25, 9.25, 6.31522, 13.52663], "texture": "#0"}
			}
		},
		{
			"from": [3.16445, 0.16585, 3.26683],
			"to": [3.16445, 2.24452, 5.86117],
			"rotation": {"angle": 45, "axis": "z", "origin": [-0.60127, -0.34468, 2.13538]},
			"faces": {
				"north": {"uv": [15.25, 9.25, 6.31522, 13.52663], "texture": "#0"},
				"east": {"uv": [15.25, 9.25, 6.31522, 13.52663], "texture": "#0"},
				"south": {"uv": [15.25, 9.25, 6.31522, 13.52663], "texture": "#0"},
				"west": {"uv": [6.31522, 9.25, 15.25, 13.52663], "texture": "#0"},
				"up": {"uv": [15.25, 9.25, 6.31522, 13.52663], "texture": "#0"},
				"down": {"uv": [15.25, 9.25, 6.31522, 13.52663], "texture": "#0"}
			}
		},
		{
			"from": [0.37785, 0.65634, 5.8],
			"to": [1.37785, 1.25634, 6.4],
			"rotation": {"angle": 0, "axis": "y", "origin": [0.47785, 0.55634, 4.3]},
			"faces": {
				"north": {"uv": [1.5625, 5.0625, 2.2875, 6.6375], "rotation": 90, "texture": "#0"},
				"east": {"uv": [1.5625, 5.0625, 2.2875, 6.6375], "rotation": 90, "texture": "#0"},
				"south": {"uv": [1.5625, 5.0625, 2.2875, 6.6375], "rotation": 90, "texture": "#0"},
				"west": {"uv": [1.5625, 5.0625, 2.2875, 6.6375], "rotation": 90, "texture": "#0"},
				"up": {"uv": [1.5625, 5.0625, 2.2875, 6.6375], "rotation": 90, "texture": "#0"},
				"down": {"uv": [1.5625, 5.0625, 2.2875, 6.6375], "rotation": 90, "texture": "#0"}
			}
		},
		{
			"from": [0.37785, 0.65634, 3.2],
			"to": [1.37785, 1.25634, 3.8],
			"rotation": {"angle": 0, "axis": "y", "origin": [0.47785, 0.55634, 4.3]},
			"faces": {
				"north": {"uv": [1.5625, 5.0625, 2.2875, 6.6375], "rotation": 90, "texture": "#0"},
				"east": {"uv": [1.5625, 5.0625, 2.2875, 6.6375], "rotation": 90, "texture": "#0"},
				"south": {"uv": [1.5625, 5.0625, 2.2875, 6.6375], "rotation": 90, "texture": "#0"},
				"west": {"uv": [1.5625, 5.0625, 2.2875, 6.6375], "rotation": 90, "texture": "#0"},
				"up": {"uv": [1.5625, 5.0625, 2.2875, 6.6375], "rotation": 90, "texture": "#0"},
				"down": {"uv": [1.5625, 5.0625, 2.2875, 6.6375], "rotation": 90, "texture": "#0"}
			}
		},
		{
			"from": [2.47785, 0.65634, 3.2],
			"to": [3.57785, 1.45634, 4],
			"rotation": {"angle": 0, "axis": "z", "origin": [0.47785, 0.55634, 4.3]},
			"faces": {
				"north": {"uv": [1.5625, 5.0625, 2.2875, 6.6375], "rotation": 90, "texture": "#0"},
				"east": {"uv": [1.5625, 5.0625, 2.2875, 6.6375], "rotation": 90, "texture": "#0"},
				"south": {"uv": [1.5625, 5.0625, 2.2875, 6.6375], "rotation": 90, "texture": "#0"},
				"west": {"uv": [1.5625, 5.0625, 2.2875, 6.6375], "rotation": 90, "texture": "#0"},
				"up": {"uv": [1.5625, 5.0625, 2.2875, 6.6375], "rotation": 90, "texture": "#0"},
				"down": {"uv": [1.5625, 5.0625, 2.2875, 6.6375], "rotation": 90, "texture": "#0"}
			}
		},
		{
			"from": [2.47785, 0.65634, 5.6],
			"to": [3.57785, 1.45634, 6.4],
			"rotation": {"angle": 0, "axis": "z", "origin": [3.37785, 0.55634, 6.4]},
			"faces": {
				"north": {"uv": [1.5625, 5.0625, 2.2875, 6.6375], "rotation": 90, "texture": "#0"},
				"east": {"uv": [1.5625, 5.0625, 2.2875, 6.6375], "rotation": 90, "texture": "#0"},
				"south": {"uv": [1.5625, 5.0625, 2.2875, 6.6375], "rotation": 90, "texture": "#0"},
				"west": {"uv": [1.5625, 5.0625, 2.2875, 6.6375], "rotation": 90, "texture": "#0"},
				"up": {"uv": [1.5625, 5.0625, 2.2875, 6.6375], "rotation": 90, "texture": "#0"},
				"down": {"uv": [1.5625, 5.0625, 2.2875, 6.6375], "rotation": 90, "texture": "#0"}
			}
		}
	],
	"display": {
		"thirdperson_righthand": {
			"translation": [11.75, 12.25, 5],
			"scale": [2, 2, 2]
		},
		"thirdperson_lefthand": {
			"translation": [-11.5, 11.75, 5.25],
			"scale": [2, 2, 2]
		},
		"firstperson_righthand": {
			"translation": [15, 13, 4.25],
			"scale": [2, 2, 2]
		},
		"firstperson_lefthand": {
			"rotation": [0, -180, 0],
			"translation": [16.75, 12.25, -10.25],
			"scale": [2, 2, 2]
		},
		"ground": {
			"translation": [11.75, 11, 6.25],
			"scale": [2, 2, 2]
		},
		"gui": {
			"rotation": [22, 35.25, 0],
			"translation": [20.5, 16.75, 0],
			"scale": [3, 3, 3.02]
		},
		"head": {
			"rotation": [0, -90, 0],
			"translation": [-3.25, 13.5, 5.75]
		},
		"fixed": {
			"rotation": [-90, 0, 0],
			"translation": [15.5, 8.75, -20],
			"scale": [2.58, 2.58, 2.58]
		}
	}
}