{"textures":{"0":"modelengine:entity/rongamduong","1":"modelengine:entity/mvg"},"elements":[{"name":"cube","from":[5.6,5.6,8.0],"to":[8.84,9.8,11.6],"rotation":{"angle":0.0,"axis":"x","origin":[8.0,5.6,8.0]},"faces":{"down":{"uv":[10.71875,2.25,10.375,2.625],"rotation":0,"texture":"#0","tintindex":0},"east":{"uv":[5.25,9.4375,5.625,9.875],"rotation":0,"texture":"#0","tintindex":0},"north":{"uv":[0.875,9.625,1.21875,10.0625],"rotation":0,"texture":"#0","tintindex":0},"south":{"uv":[9.5625,9.6875,9.90625,10.125],"rotation":0,"texture":"#0","tintindex":0},"up":{"uv":[9.21875,10.6875,8.875,10.3125],"rotation":0,"texture":"#0","tintindex":0},"west":{"uv":[5.625,9.4375,6.0,9.875],"rotation":0,"texture":"#0","tintindex":0}}},{"name":"cube","from":[6.2,6.8,4.3999996],"to":[9.2,14.6,10.4],"rotation":{"angle":0.0,"axis":"x","origin":[7.4,9.2,6.8]},"faces":{"down":{"uv":[3.375,8.875,3.0625,9.5],"rotation":0,"texture":"#0","tintindex":0},"east":{"uv":[6.5625,6.25,7.1875,7.0625],"rotation":0,"texture":"#0","tintindex":0},"north":{"uv":[4.75,8.0,5.0625,8.8125],"rotation":0,"texture":"#0","tintindex":0},"south":{"uv":[5.0625,8.0,5.375,8.8125],"rotation":0,"texture":"#0","tintindex":0},"up":{"uv":[3.0625,9.5,2.75,8.875],"rotation":0,"texture":"#0","tintindex":0},"west":{"uv":[5.25,6.75,5.875,7.5625],"rotation":0,"texture":"#0","tintindex":0}}},{"name":"cube","from":[8.6,7.4,5.0],"to":[9.8,13.400001,9.8],"rotation":{"angle":0.0,"axis":"x","origin":[9.8,9.2,6.8]},"faces":{"down":{"uv":[8.5,11.625,8.375,12.125],"rotation":0,"texture":"#0","tintindex":0},"east":{"uv":[7.6875,6.375,8.1875,7.0],"rotation":0,"texture":"#0","tintindex":0},"north":{"uv":[10.1875,11.1875,10.3125,11.8125],"rotation":0,"texture":"#0","tintindex":0},"south":{"uv":[9.8125,11.25,9.9375,11.875],"rotation":0,"texture":"#0","tintindex":0},"up":{"uv":[2.1875,12.125,2.0625,11.625],"rotation":0,"texture":"#0","tintindex":0},"west":{"uv":[7.6875,7.0,8.1875,7.625],"rotation":0,"texture":"#0","tintindex":0}}}],"display":{"head":{"translation":[0.0,-6.4,0.0],"rotation":[0.0,0.0,0.0],"scale":[3.8095,3.8095,3.8095]}}}