{"textures":{"0":"modelengine:entity/rongamduong","1":"modelengine:entity/mvg"},"elements":[{"name":"cube","from":[7.16,5.6,8.0],"to":[10.4,9.8,11.6],"rotation":{"angle":0.0,"axis":"x","origin":[8.0,5.6,8.0]},"faces":{"down":{"uv":[8.03125,10.3125,7.6875,10.6875],"rotation":0,"texture":"#0","tintindex":0},"east":{"uv":[9.4375,1.625,9.8125,2.0625],"rotation":0,"texture":"#0","tintindex":0},"north":{"uv":[8.5,9.5625,8.84375,10.0],"rotation":0,"texture":"#0","tintindex":0},"south":{"uv":[0.5,9.625,0.84375,10.0625],"rotation":0,"texture":"#0","tintindex":0},"up":{"uv":[10.65625,7.9375,10.3125,7.5625],"rotation":0,"texture":"#0","tintindex":0},"west":{"uv":[9.4375,4.625,9.8125,5.0625],"rotation":0,"texture":"#0","tintindex":0}}},{"name":"cube","from":[6.8,6.8,4.3999996],"to":[9.8,14.6,10.4],"rotation":{"angle":0.0,"axis":"x","origin":[8.6,9.2,6.8]},"faces":{"down":{"uv":[0.625,8.875,0.3125,9.5],"rotation":0,"texture":"#0","tintindex":0},"east":{"uv":[6.5625,4.625,7.1875,5.4375],"rotation":0,"texture":"#0","tintindex":0},"north":{"uv":[4.125,7.9375,4.4375,8.75],"rotation":0,"texture":"#0","tintindex":0},"south":{"uv":[4.4375,7.9375,4.75,8.75],"rotation":0,"texture":"#0","tintindex":0},"up":{"uv":[0.3125,9.5,0.0,8.875],"rotation":0,"texture":"#0","tintindex":0},"west":{"uv":[6.5625,5.4375,7.1875,6.25],"rotation":0,"texture":"#0","tintindex":0}}},{"name":"cube","from":[6.2,7.4,5.0],"to":[7.4,13.400001,9.8],"rotation":{"angle":0.0,"axis":"x","origin":[6.2,9.2,6.8]},"faces":{"down":{"uv":[2.0625,11.625,1.9375,12.125],"rotation":0,"texture":"#0","tintindex":0},"east":{"uv":[0.8125,7.625,1.3125,8.25],"rotation":0,"texture":"#0","tintindex":0},"north":{"uv":[4.0,8.1875,4.125,8.8125],"rotation":0,"texture":"#0","tintindex":0},"south":{"uv":[5.3125,11.1875,5.4375,11.8125],"rotation":0,"texture":"#0","tintindex":0},"up":{"uv":[1.9375,12.125,1.8125,11.625],"rotation":0,"texture":"#0","tintindex":0},"west":{"uv":[1.3125,7.6875,1.8125,8.3125],"rotation":0,"texture":"#0","tintindex":0}}}],"display":{"head":{"translation":[0.0,-6.4,0.0],"rotation":[0.0,0.0,0.0],"scale":[3.8095,3.8095,3.8095]}}}