{"textures":{"0":"modelengine:entity/rongamduong","1":"modelengine:entity/mvg"},"elements":[{"name":"cube","from":[5.6,15.620001,5.6],"to":[12.2,18.8,12.2],"rotation":{"angle":0.0,"axis":"x","origin":[5.6,13.400001,12.2]},"faces":{"down":{"uv":[2.0,7.0,1.3125,7.6875],"rotation":0,"texture":"#0","tintindex":0},"east":{"uv":[8.125,8.0,8.8125,8.34375],"rotation":0,"texture":"#0","tintindex":0},"north":{"uv":[8.125,7.625,8.8125,7.96875],"rotation":0,"texture":"#0","tintindex":0},"south":{"uv":[2.875,8.1875,3.5625,8.53125],"rotation":0,"texture":"#0","tintindex":0},"up":{"uv":[6.5625,7.4375,5.875,6.75],"rotation":0,"texture":"#0","tintindex":0},"west":{"uv":[8.1875,6.375,8.875,6.71875],"rotation":0,"texture":"#0","tintindex":0}}},{"name":"cube","from":[5.6,15.620001,5.6],"to":[9.2,17.420002,9.2],"rotation":{"angle":-22.5,"axis":"z","origin":[5.6,15.620001,12.2]},"faces":{"down":{"uv":[10.1875,0.25,9.8125,0.625],"rotation":0,"texture":"#0","tintindex":0},"east":{"uv":[11.3125,1.875,11.6875,2.0625],"rotation":0,"texture":"#0","tintindex":0},"north":{"uv":[9.8125,0.625,10.1875,0.8125],"rotation":0,"texture":"#0","tintindex":0},"south":{"uv":[11.3125,2.9375,11.6875,3.125],"rotation":0,"texture":"#0","tintindex":0},"up":{"uv":[0.375,10.1875,0.0,9.8125],"rotation":0,"texture":"#0","tintindex":0},"west":{"uv":[11.3125,7.125,11.6875,7.3125],"rotation":0,"texture":"#0","tintindex":0}}},{"name":"cube","from":[8.6,15.620001,5.6],"to":[12.2,17.420002,9.2],"rotation":{"angle":22.5,"axis":"z","origin":[12.2,15.620001,12.2]},"faces":{"down":{"uv":[10.1875,1.5,9.8125,1.875],"rotation":0,"texture":"#0","tintindex":0},"east":{"uv":[10.8125,11.375,11.1875,11.5625],"rotation":0,"texture":"#0","tintindex":0},"north":{"uv":[11.3125,7.9375,11.6875,8.125],"rotation":0,"texture":"#0","tintindex":0},"south":{"uv":[11.375,11.0,11.75,11.1875],"rotation":0,"texture":"#0","tintindex":0},"up":{"uv":[10.1875,1.5,9.8125,1.125],"rotation":0,"texture":"#0","tintindex":0},"west":{"uv":[11.1875,11.375,11.5625,11.5625],"rotation":0,"texture":"#0","tintindex":0}}},{"name":"cube","from":[5.6,14.900001,9.2],"to":[8.9,16.1,11.6],"rotation":{"angle":-22.5,"axis":"z","origin":[5.6,14.3,12.2]},"faces":{"down":{"uv":[11.46875,4.0,11.125,4.25],"rotation":0,"texture":"#0","tintindex":0},"east":{"uv":[2.0,8.5,2.25,8.625],"rotation":0,"texture":"#0","tintindex":0},"north":{"uv":[12.0,2.875,12.34375,3.0],"rotation":0,"texture":"#0","tintindex":0},"south":{"uv":[12.0,3.0,12.34375,3.125],"rotation":0,"texture":"#0","tintindex":0},"up":{"uv":[11.46875,2.8125,11.125,2.5625],"rotation":0,"texture":"#0","tintindex":0},"west":{"uv":[10.0,2.625,10.25,2.75],"rotation":0,"texture":"#0","tintindex":0}}},{"name":"cube","from":[8.9,14.900001,9.2],"to":[12.2,16.1,11.6],"rotation":{"angle":22.5,"axis":"z","origin":[12.2,14.3,12.2]},"faces":{"down":{"uv":[9.78125,11.125,9.4375,11.375],"rotation":0,"texture":"#0","tintindex":0},"east":{"uv":[9.6875,10.125,9.9375,10.25],"rotation":0,"texture":"#0","tintindex":0},"north":{"uv":[3.0625,12.0,3.40625,12.125],"rotation":0,"texture":"#0","tintindex":0},"south":{"uv":[12.0,3.125,12.34375,3.25],"rotation":0,"texture":"#0","tintindex":0},"up":{"uv":[7.90625,11.375,7.5625,11.125],"rotation":0,"texture":"#0","tintindex":0},"west":{"uv":[12.25,2.75,12.5,2.875],"rotation":0,"texture":"#0","tintindex":0}}},{"name":"cube","from":[6.8,18.8,5.6],"to":[11.0,20.0,12.2],"rotation":{"angle":0.0,"axis":"x","origin":[8.0,8.0,8.0]},"faces":{"down":{"uv":[2.25,7.8125,1.8125,8.5],"rotation":0,"texture":"#0","tintindex":0},"east":{"uv":[11.0625,8.625,11.75,8.75],"rotation":0,"texture":"#0","tintindex":0},"north":{"uv":[8.9375,7.25,9.375,7.375],"rotation":0,"texture":"#0","tintindex":0},"south":{"uv":[11.5,4.6875,11.9375,4.8125],"rotation":0,"texture":"#0","tintindex":0},"up":{"uv":[8.125,8.3125,7.6875,7.625],"rotation":0,"texture":"#0","tintindex":0},"west":{"uv":[11.125,2.8125,11.8125,2.9375],"rotation":0,"texture":"#0","tintindex":0}}},{"name":"cube","from":[8.0,20.0,5.6],"to":[9.8,20.600002,11.0],"rotation":{"angle":0.0,"axis":"x","origin":[8.0,8.0,8.0]},"faces":{"down":{"uv":[7.5625,10.75,7.375,11.3125],"rotation":0,"texture":"#0","tintindex":0},"east":{"uv":[9.375,7.3125,9.9375,7.375],"rotation":0,"texture":"#0","tintindex":0},"north":{"uv":[4.75,7.9375,4.9375,8.0],"rotation":0,"texture":"#0","tintindex":0},"south":{"uv":[7.9375,8.3125,8.125,8.375],"rotation":0,"texture":"#0","tintindex":0},"up":{"uv":[10.0,11.25,9.8125,10.6875],"rotation":0,"texture":"#0","tintindex":0},"west":{"uv":[11.9375,4.75,12.5,4.8125],"rotation":0,"texture":"#0","tintindex":0}}},{"name":"cube","from":[8.9,20.600002,6.8],"to":[8.9,23.600002,11.0],"rotation":{"angle":0.0,"axis":"x","origin":[7.1,8.0,8.0]},"faces":{"down":{"uv":[0.0,0.0,0.0,0.4375],"rotation":0,"texture":"#0","tintindex":0},"east":{"uv":[10.0,8.625,10.4375,8.9375],"rotation":0,"texture":"#0","tintindex":0},"north":{"uv":[0.0,0.0,0.0,0.3125],"rotation":0,"texture":"#0","tintindex":0},"south":{"uv":[0.0,0.0,0.0,0.3125],"rotation":0,"texture":"#0","tintindex":0},"up":{"uv":[0.0,0.4375,0.0,0.0],"rotation":0,"texture":"#0","tintindex":0},"west":{"uv":[10.0625,4.125,10.5,4.4375],"rotation":0,"texture":"#0","tintindex":0}}},{"name":"cube","from":[8.0,18.8,11.0],"to":[9.8,20.600002,13.400001],"rotation":{"angle":0.0,"axis":"x","origin":[8.0,6.8,8.0]},"faces":{"down":{"uv":[9.25,11.9375,9.0625,12.1875],"rotation":0,"texture":"#0","tintindex":0},"east":{"uv":[11.9375,8.5,12.1875,8.6875],"rotation":0,"texture":"#0","tintindex":0},"north":{"uv":[0.5625,12.1875,0.75,12.375],"rotation":0,"texture":"#0","tintindex":0},"south":{"uv":[0.75,12.1875,0.9375,12.375],"rotation":0,"texture":"#0","tintindex":0},"up":{"uv":[7.1875,12.1875,7.0,11.9375],"rotation":0,"texture":"#0","tintindex":0},"west":{"uv":[11.9375,8.6875,12.1875,8.875],"rotation":0,"texture":"#0","tintindex":0}}}],"display":{"head":{"translation":[0.0,-6.4,0.0],"rotation":[0.0,0.0,0.0],"scale":[3.8095,3.8095,3.8095]}}}