{"textures":{"0":"modelengine:entity/rongamduong","1":"modelengine:entity/mvg"},"elements":[{"name":"cube","from":[-16.0,8.0,6.200001],"to":[9.200001,8.0,32.0],"rotation":{"angle":0.0,"axis":"x","origin":[9.200001,8.0,6.200001]},"faces":{"down":{"uv":[5.25,2.6875,2.625,5.375],"rotation":0,"texture":"#0","tintindex":0},"east":{"uv":[0.0,0.0,2.6875,0.0],"rotation":0,"texture":"#0","tintindex":0},"north":{"uv":[0.0,0.0,2.625,0.0],"rotation":0,"texture":"#0","tintindex":0},"south":{"uv":[0.0,0.0,2.625,0.0],"rotation":0,"texture":"#0","tintindex":0},"up":{"uv":[2.625,5.375,0.0,2.6875],"rotation":0,"texture":"#0","tintindex":0},"west":{"uv":[0.0,0.0,2.6875,0.0],"rotation":0,"texture":"#0","tintindex":0}}}],"display":{"head":{"translation":[-4.480003,-6.4,6.7199974],"rotation":[0.0,0.0,0.0],"scale":[3.8095,3.8095,3.8095]}}}