{"textures":{"0":"modelengine:entity/rongamduong","1":"modelengine:entity/mvg"},"elements":[{"name":"cube","from":[6.8,6.8,6.8],"to":[8.6,8.6,8.6],"rotation":{"angle":0.0,"axis":"x","origin":[8.0,6.8,6.8]},"faces":{"down":{"uv":[12.4375,10.6875,12.25,10.875],"rotation":0,"texture":"#0","tintindex":0},"east":{"uv":[9.5,12.25,9.6875,12.4375],"rotation":0,"texture":"#0","tintindex":0},"north":{"uv":[9.3125,12.25,9.5,12.4375],"rotation":0,"texture":"#0","tintindex":0},"south":{"uv":[12.25,9.75,12.4375,9.9375],"rotation":0,"texture":"#0","tintindex":0},"up":{"uv":[12.4375,10.125,12.25,9.9375],"rotation":0,"texture":"#0","tintindex":0},"west":{"uv":[9.9375,12.25,10.125,12.4375],"rotation":0,"texture":"#0","tintindex":0}}},{"name":"cube","from":[6.92,6.62,5.6],"to":[8.48,8.3,6.8],"rotation":{"angle":0.0,"axis":"x","origin":[8.0,6.8,5.0]},"faces":{"down":{"uv":[6.78125,12.5625,6.625,12.6875],"rotation":0,"texture":"#0","tintindex":0},"east":{"uv":[12.5625,1.3125,12.6875,1.5],"rotation":0,"texture":"#0","tintindex":0},"north":{"uv":[12.3125,10.3125,12.46875,10.5],"rotation":0,"texture":"#0","tintindex":0},"south":{"uv":[12.3125,10.5,12.46875,10.6875],"rotation":0,"texture":"#0","tintindex":0},"up":{"uv":[12.71875,6.625,12.5625,6.5],"rotation":0,"texture":"#0","tintindex":0},"west":{"uv":[12.5625,1.75,12.6875,1.9375],"rotation":0,"texture":"#0","tintindex":0}}},{"name":"cube","from":[6.98,6.44,4.94],"to":[8.42,7.88,5.6],"rotation":{"angle":0.0,"axis":"x","origin":[8.0,6.8,3.7999997]},"faces":{"down":{"uv":[12.84375,5.125,12.6875,5.1875],"rotation":0,"texture":"#0","tintindex":0},"east":{"uv":[4.625,10.9375,4.6875,11.09375],"rotation":0,"texture":"#0","tintindex":0},"north":{"uv":[8.9375,12.375,9.09375,12.53125],"rotation":0,"texture":"#0","tintindex":0},"south":{"uv":[9.6875,12.375,9.84375,12.53125],"rotation":0,"texture":"#0","tintindex":0},"up":{"uv":[12.84375,5.125,12.6875,5.0625],"rotation":0,"texture":"#0","tintindex":0},"west":{"uv":[8.625,11.0625,8.6875,11.21875],"rotation":0,"texture":"#0","tintindex":0}}},{"name":"cube","from":[7.1,6.3199997,4.34],"to":[8.3,7.46,4.94],"rotation":{"angle":0.0,"axis":"x","origin":[8.0,6.8,3.1999998]},"faces":{"down":{"uv":[9.375,12.0,9.25,12.0625],"rotation":0,"texture":"#0","tintindex":0},"east":{"uv":[6.5,12.375,6.5625,12.5],"rotation":0,"texture":"#0","tintindex":0},"north":{"uv":[12.625,3.8125,12.75,3.9375],"rotation":0,"texture":"#0","tintindex":0},"south":{"uv":[4.1875,12.625,4.3125,12.75],"rotation":0,"texture":"#0","tintindex":0},"up":{"uv":[12.125,7.3125,12.0,7.25],"rotation":0,"texture":"#0","tintindex":0},"west":{"uv":[12.0,12.375,12.0625,12.5],"rotation":0,"texture":"#0","tintindex":0}}}],"display":{"head":{"translation":[0.0,-6.4,0.0],"rotation":[0.0,0.0,0.0],"scale":[3.8095,3.8095,3.8095]}}}