{"textures":{"0":"modelengine:entity/rongamduong","1":"modelengine:entity/mvg"},"elements":[{"name":"cube","from":[5.1641197,7.16,7.16],"to":[17.764122,8.96,8.96],"rotation":{"angle":0.0,"axis":"x","origin":[5.1641197,8.0,8.0]},"faces":{"down":{"uv":[9.4375,1.3125,8.125,1.5],"rotation":0,"texture":"#0","tintindex":0},"east":{"uv":[10.9375,12.125,11.125,12.3125],"rotation":0,"texture":"#0","tintindex":0},"north":{"uv":[8.0,4.1875,9.3125,4.375],"rotation":0,"texture":"#0","tintindex":0},"south":{"uv":[8.0,4.375,9.3125,4.5625],"rotation":0,"texture":"#0","tintindex":0},"up":{"uv":[9.4375,1.3125,8.125,1.125],"rotation":0,"texture":"#0","tintindex":0},"west":{"uv":[11.4375,12.125,11.625,12.3125],"rotation":0,"texture":"#0","tintindex":0}}},{"name":"cube","from":[16.564121,6.5600004,6.5600004],"to":[19.564121,9.56,9.56],"rotation":{"angle":0.0,"axis":"x","origin":[5.1641197,8.0,8.0]},"faces":{"down":{"uv":[11.125,9.75,10.8125,10.0625],"rotation":0,"texture":"#0","tintindex":0},"east":{"uv":[10.8125,2.625,11.125,2.9375],"rotation":0,"texture":"#0","tintindex":0},"north":{"uv":[1.0,10.8125,1.3125,11.125],"rotation":0,"texture":"#0","tintindex":0},"south":{"uv":[10.8125,4.0,11.125,4.3125],"rotation":0,"texture":"#0","tintindex":0},"up":{"uv":[11.125,9.75,10.8125,9.4375],"rotation":0,"texture":"#0","tintindex":0},"west":{"uv":[7.9375,10.8125,8.25,11.125],"rotation":0,"texture":"#0","tintindex":0}}},{"name":"cube","from":[17.98296,6.6800003,10.812978],"to":[25.18296,9.080001,13.812979],"rotation":{"angle":22.5,"axis":"y","origin":[6.582958,8.0,12.252978]},"faces":{"down":{"uv":[8.9375,7.0625,8.1875,7.375],"rotation":0,"texture":"#0","tintindex":0},"east":{"uv":[11.25,6.375,11.5625,6.625],"rotation":0,"texture":"#0","tintindex":0},"north":{"uv":[0.625,9.125,1.375,9.375],"rotation":0,"texture":"#0","tintindex":0},"south":{"uv":[1.375,9.1875,2.125,9.4375],"rotation":0,"texture":"#0","tintindex":0},"up":{"uv":[8.9375,7.0625,8.1875,6.75],"rotation":0,"texture":"#0","tintindex":0},"west":{"uv":[11.25,9.0625,11.5625,9.3125],"rotation":0,"texture":"#0","tintindex":0}}},{"name":"cube","from":[26.599998,7.04,12.094249],"to":[32.0,8.4800005,14.554249],"rotation":{"angle":45.0,"axis":"y","origin":[15.199997,8.0,13.534248]},"faces":{"down":{"uv":[10.375,4.625,9.8125,4.875],"rotation":0,"texture":"#0","tintindex":0},"east":{"uv":[7.375,12.0625,7.625,12.21875],"rotation":0,"texture":"#0","tintindex":0},"north":{"uv":[11.0625,8.4375,11.625,8.59375],"rotation":0,"texture":"#0","tintindex":0},"south":{"uv":[10.8125,11.0625,11.375,11.21875],"rotation":0,"texture":"#0","tintindex":0},"up":{"uv":[10.3125,7.875,9.75,7.625],"rotation":0,"texture":"#0","tintindex":0},"west":{"uv":[8.125,12.0625,8.375,12.21875],"rotation":0,"texture":"#0","tintindex":0}}},{"name":"cube","from":[5.1641197,8.0,8.96],"to":[17.764122,8.0,30.560001],"rotation":{"angle":0.0,"axis":"x","origin":[5.1641197,8.0,8.0]},"faces":{"down":{"uv":[6.5625,2.25,5.25,4.5],"rotation":0,"texture":"#0","tintindex":0},"east":{"uv":[0.0,0.0,2.25,0.0],"rotation":0,"texture":"#0","tintindex":0},"north":{"uv":[0.0,0.0,1.3125,0.0],"rotation":0,"texture":"#0","tintindex":0},"south":{"uv":[0.0,0.0,1.3125,0.0],"rotation":0,"texture":"#0","tintindex":0},"up":{"uv":[6.5625,2.25,5.25,0.0],"rotation":0,"texture":"#0","tintindex":0},"west":{"uv":[0.0,0.0,2.25,0.0],"rotation":0,"texture":"#0","tintindex":0}}}],"display":{"head":{"translation":[10.587286,-6.4,0.0],"rotation":[0.0,0.0,0.0],"scale":[3.8095,3.8095,3.8095]}}}