{"textures":{"0":"modelengine:entity/rongamduong","1":"modelengine:entity/mvg"},"elements":[{"name":"cube","from":[6.8,1.3999997,6.8],"to":[9.2,5.6,9.2],"rotation":{"angle":0.0,"axis":"x","origin":[8.6,3.7999997,8.0]},"faces":{"down":{"uv":[11.875,4.9375,11.625,5.1875],"rotation":0,"texture":"#0","tintindex":0},"east":{"uv":[6.3125,10.75,6.5625,11.1875],"rotation":0,"texture":"#0","tintindex":0},"north":{"uv":[4.875,10.75,5.125,11.1875],"rotation":0,"texture":"#0","tintindex":0},"south":{"uv":[6.5625,10.75,6.8125,11.1875],"rotation":0,"texture":"#0","tintindex":0},"up":{"uv":[11.875,4.4375,11.625,4.1875],"rotation":0,"texture":"#0","tintindex":0},"west":{"uv":[6.8125,10.75,7.0625,11.1875],"rotation":0,"texture":"#0","tintindex":0}}},{"name":"cube","from":[6.44,5.6,6.62],"to":[9.38,9.8,9.56],"rotation":{"angle":0.0,"axis":"x","origin":[8.6,8.0,8.0]},"faces":{"down":{"uv":[11.1875,10.375,10.875,10.6875],"rotation":0,"texture":"#0","tintindex":0},"east":{"uv":[10.3125,6.5625,10.625,7.0],"rotation":0,"texture":"#0","tintindex":0},"north":{"uv":[6.4375,10.3125,6.75,10.75],"rotation":0,"texture":"#0","tintindex":0},"south":{"uv":[6.75,10.3125,7.0625,10.75],"rotation":0,"texture":"#0","tintindex":0},"up":{"uv":[9.4375,11.1875,9.125,10.875],"rotation":0,"texture":"#0","tintindex":0},"west":{"uv":[7.375,10.3125,7.6875,10.75],"rotation":0,"texture":"#0","tintindex":0}}},{"name":"cube","from":[6.56,6.8,9.62],"to":[8.18,11.0,10.76],"rotation":{"angle":45.0,"axis":"x","origin":[8.0,9.2,11.0]},"faces":{"down":{"uv":[12.71875,6.3125,12.5625,6.4375],"rotation":0,"texture":"#0","tintindex":0},"east":{"uv":[2.625,10.6875,2.75,11.125],"rotation":0,"texture":"#0","tintindex":0},"north":{"uv":[9.0625,11.5,9.21875,11.9375],"rotation":0,"texture":"#0","tintindex":0},"south":{"uv":[10.5625,11.5,10.71875,11.9375],"rotation":0,"texture":"#0","tintindex":0},"up":{"uv":[6.46875,12.6875,6.3125,12.5625],"rotation":0,"texture":"#0","tintindex":0},"west":{"uv":[6.875,11.6875,7.0,12.125],"rotation":0,"texture":"#0","tintindex":0}}},{"name":"cube","from":[7.16,6.8,9.02],"to":[9.02,9.8,10.76],"rotation":{"angle":22.5,"axis":"x","origin":[9.2,9.2,11.0]},"faces":{"down":{"uv":[12.4375,8.1875,12.25,8.375],"rotation":0,"texture":"#0","tintindex":0},"east":{"uv":[11.8125,3.125,12.0,3.4375],"rotation":0,"texture":"#0","tintindex":0},"north":{"uv":[11.6875,11.75,11.875,12.0625],"rotation":0,"texture":"#0","tintindex":0},"south":{"uv":[6.0,11.8125,6.1875,12.125],"rotation":0,"texture":"#0","tintindex":0},"up":{"uv":[8.375,12.4375,8.1875,12.25],"rotation":0,"texture":"#0","tintindex":0},"west":{"uv":[11.8125,8.0625,12.0,8.375],"rotation":0,"texture":"#0","tintindex":0}}}],"display":{"head":{"translation":[0.0,-6.4,0.0],"rotation":[0.0,0.0,0.0],"scale":[3.8095,3.8095,3.8095]}}}