{"textures":{"0":"modelengine:entity/rongamduong","1":"modelengine:entity/mvg"},"elements":[{"name":"cube","from":[7.4,6.8,6.8],"to":[9.2,8.6,8.6],"rotation":{"angle":0.0,"axis":"x","origin":[8.0,6.8,6.8]},"faces":{"down":{"uv":[7.0625,12.1875,6.875,12.375],"rotation":0,"texture":"#0","tintindex":0},"east":{"uv":[5.25,12.1875,5.4375,12.375],"rotation":0,"texture":"#0","tintindex":0},"north":{"uv":[2.75,12.1875,2.9375,12.375],"rotation":0,"texture":"#0","tintindex":0},"south":{"uv":[5.4375,12.1875,5.625,12.375],"rotation":0,"texture":"#0","tintindex":0},"up":{"uv":[6.5625,12.375,6.375,12.1875],"rotation":0,"texture":"#0","tintindex":0},"west":{"uv":[5.625,12.1875,5.8125,12.375],"rotation":0,"texture":"#0","tintindex":0}}},{"name":"cube","from":[7.52,6.62,5.6],"to":[9.08,8.3,6.8],"rotation":{"angle":0.0,"axis":"x","origin":[8.0,6.8,5.0]},"faces":{"down":{"uv":[12.71875,5.3125,12.5625,5.4375],"rotation":0,"texture":"#0","tintindex":0},"east":{"uv":[10.9375,12.5,11.0625,12.6875],"rotation":0,"texture":"#0","tintindex":0},"north":{"uv":[7.1875,12.3125,7.34375,12.5],"rotation":0,"texture":"#0","tintindex":0},"south":{"uv":[8.75,12.3125,8.90625,12.5],"rotation":0,"texture":"#0","tintindex":0},"up":{"uv":[12.71875,5.3125,12.5625,5.1875],"rotation":0,"texture":"#0","tintindex":0},"west":{"uv":[11.25,12.5,11.375,12.6875],"rotation":0,"texture":"#0","tintindex":0}}},{"name":"cube","from":[7.58,6.44,4.94],"to":[9.02,7.88,5.6],"rotation":{"angle":0.0,"axis":"x","origin":[8.0,6.8,3.7999997]},"faces":{"down":{"uv":[12.78125,9.0625,12.625,9.125],"rotation":0,"texture":"#0","tintindex":0},"east":{"uv":[10.3125,8.9375,10.375,9.09375],"rotation":0,"texture":"#0","tintindex":0},"north":{"uv":[12.375,5.5625,12.53125,5.71875],"rotation":0,"texture":"#0","tintindex":0},"south":{"uv":[5.625,12.375,5.78125,12.53125],"rotation":0,"texture":"#0","tintindex":0},"up":{"uv":[12.78125,7.375,12.625,7.3125],"rotation":0,"texture":"#0","tintindex":0},"west":{"uv":[9.25,10.3125,9.3125,10.46875],"rotation":0,"texture":"#0","tintindex":0}}},{"name":"cube","from":[7.7,6.3199997,4.34],"to":[8.9,7.46,4.94],"rotation":{"angle":0.0,"axis":"x","origin":[8.0,6.8,3.1999998]},"faces":{"down":{"uv":[11.625,4.1875,11.5,4.25],"rotation":0,"texture":"#0","tintindex":0},"east":{"uv":[9.75,12.0625,9.8125,12.1875],"rotation":0,"texture":"#0","tintindex":0},"north":{"uv":[2.75,12.625,2.875,12.75],"rotation":0,"texture":"#0","tintindex":0},"south":{"uv":[2.875,12.625,3.0,12.75],"rotation":0,"texture":"#0","tintindex":0},"up":{"uv":[11.5625,9.0625,11.4375,9.0],"rotation":0,"texture":"#0","tintindex":0},"west":{"uv":[11.625,12.125,11.6875,12.25],"rotation":0,"texture":"#0","tintindex":0}}}],"display":{"head":{"translation":[0.0,-6.4,0.0],"rotation":[0.0,0.0,0.0],"scale":[3.8095,3.8095,3.8095]}}}