{"textures":{"0":"modelengine:entity/rongamduong","1":"modelengine:entity/mvg"},"elements":[{"name":"cube","from":[7.4,6.8,6.8],"to":[9.2,8.6,8.6],"rotation":{"angle":0.0,"axis":"x","origin":[8.0,6.8,6.8]},"faces":{"down":{"uv":[12.0625,12.1875,11.875,12.375],"rotation":0,"texture":"#0","tintindex":0},"east":{"uv":[12.1875,8.6875,12.375,8.875],"rotation":0,"texture":"#0","tintindex":0},"north":{"uv":[12.1875,8.5,12.375,8.6875],"rotation":0,"texture":"#0","tintindex":0},"south":{"uv":[8.9375,12.1875,9.125,12.375],"rotation":0,"texture":"#0","tintindex":0},"up":{"uv":[10.6875,12.375,10.5,12.1875],"rotation":0,"texture":"#0","tintindex":0},"west":{"uv":[9.75,12.1875,9.9375,12.375],"rotation":0,"texture":"#0","tintindex":0}}},{"name":"cube","from":[7.52,6.62,5.6],"to":[9.08,8.3,6.8],"rotation":{"angle":0.0,"axis":"x","origin":[8.0,6.8,5.0]},"faces":{"down":{"uv":[12.71875,5.4375,12.5625,5.5625],"rotation":0,"texture":"#0","tintindex":0},"east":{"uv":[11.375,12.5,11.5,12.6875],"rotation":0,"texture":"#0","tintindex":0},"north":{"uv":[12.3125,8.875,12.46875,9.0625],"rotation":0,"texture":"#0","tintindex":0},"south":{"uv":[12.3125,9.375,12.46875,9.5625],"rotation":0,"texture":"#0","tintindex":0},"up":{"uv":[5.53125,12.6875,5.375,12.5625],"rotation":0,"texture":"#0","tintindex":0},"west":{"uv":[11.5,12.5,11.625,12.6875],"rotation":0,"texture":"#0","tintindex":0}}},{"name":"cube","from":[7.58,6.44,4.94],"to":[9.02,7.88,5.6],"rotation":{"angle":0.0,"axis":"x","origin":[8.0,6.8,3.7999997]},"faces":{"down":{"uv":[12.78125,11.3125,12.625,11.375],"rotation":0,"texture":"#0","tintindex":0},"east":{"uv":[3.5,10.375,3.5625,10.53125],"rotation":0,"texture":"#0","tintindex":0},"north":{"uv":[6.3125,12.375,6.46875,12.53125],"rotation":0,"texture":"#0","tintindex":0},"south":{"uv":[6.875,12.375,7.03125,12.53125],"rotation":0,"texture":"#0","tintindex":0},"up":{"uv":[12.78125,11.0,12.625,10.9375],"rotation":0,"texture":"#0","tintindex":0},"west":{"uv":[10.5625,1.3125,10.625,1.46875],"rotation":0,"texture":"#0","tintindex":0}}},{"name":"cube","from":[7.7,6.3199997,4.34],"to":[8.9,7.46,4.94],"rotation":{"angle":0.0,"axis":"x","origin":[8.0,6.8,3.1999998]},"faces":{"down":{"uv":[11.8125,8.0625,11.6875,8.125],"rotation":0,"texture":"#0","tintindex":0},"east":{"uv":[6.625,12.1875,6.6875,12.3125],"rotation":0,"texture":"#0","tintindex":0},"north":{"uv":[12.625,2.875,12.75,3.0],"rotation":0,"texture":"#0","tintindex":0},"south":{"uv":[3.0,12.625,3.125,12.75],"rotation":0,"texture":"#0","tintindex":0},"up":{"uv":[11.75,8.625,11.625,8.5625],"rotation":0,"texture":"#0","tintindex":0},"west":{"uv":[12.1875,9.125,12.25,9.25],"rotation":0,"texture":"#0","tintindex":0}}}],"display":{"head":{"translation":[0.0,-6.4,0.0],"rotation":[0.0,0.0,0.0],"scale":[3.8095,3.8095,3.8095]}}}