{"textures":{"0":"modelengine:entity/rongamduong","1":"modelengine:entity/mvg"},"elements":[{"name":"cube","from":[6.8,1.3999997,6.8],"to":[9.2,5.6,9.2],"rotation":{"angle":0.0,"axis":"x","origin":[7.4,3.7999997,8.0]},"faces":{"down":{"uv":[2.625,11.625,2.375,11.875],"rotation":0,"texture":"#0","tintindex":0},"east":{"uv":[1.5625,10.75,1.8125,11.1875],"rotation":0,"texture":"#0","tintindex":0},"north":{"uv":[1.3125,10.75,1.5625,11.1875],"rotation":0,"texture":"#0","tintindex":0},"south":{"uv":[10.75,2.1875,11.0,2.625],"rotation":0,"texture":"#0","tintindex":0},"up":{"uv":[11.875,2.3125,11.625,2.0625],"rotation":0,"texture":"#0","tintindex":0},"west":{"uv":[4.375,10.75,4.625,11.1875],"rotation":0,"texture":"#0","tintindex":0}}},{"name":"cube","from":[6.62,5.6,6.62],"to":[9.56,9.8,9.56],"rotation":{"angle":0.0,"axis":"x","origin":[7.4,8.0,8.0]},"faces":{"down":{"uv":[11.1875,8.75,10.875,9.0625],"rotation":0,"texture":"#0","tintindex":0},"east":{"uv":[10.3125,5.25,10.625,5.6875],"rotation":0,"texture":"#0","tintindex":0},"north":{"uv":[4.375,10.3125,4.6875,10.75],"rotation":0,"texture":"#0","tintindex":0},"south":{"uv":[10.3125,5.6875,10.625,6.125],"rotation":0,"texture":"#0","tintindex":0},"up":{"uv":[7.375,11.1875,7.0625,10.875],"rotation":0,"texture":"#0","tintindex":0},"west":{"uv":[10.3125,6.125,10.625,6.5625],"rotation":0,"texture":"#0","tintindex":0}}},{"name":"cube","from":[7.8199997,6.8,9.62],"to":[9.440001,11.0,10.76],"rotation":{"angle":45.0,"axis":"x","origin":[8.0,9.2,11.0]},"faces":{"down":{"uv":[5.34375,12.5625,5.1875,12.6875],"rotation":0,"texture":"#0","tintindex":0},"east":{"uv":[5.75,7.5625,5.875,8.0],"rotation":0,"texture":"#0","tintindex":0},"north":{"uv":[5.4375,11.5,5.59375,11.9375],"rotation":0,"texture":"#0","tintindex":0},"south":{"uv":[7.0,11.5,7.15625,11.9375],"rotation":0,"texture":"#0","tintindex":0},"up":{"uv":[12.71875,4.9375,12.5625,4.8125],"rotation":0,"texture":"#0","tintindex":0},"west":{"uv":[1.25,9.625,1.375,10.0625],"rotation":0,"texture":"#0","tintindex":0}}},{"name":"cube","from":[6.98,6.8,9.02],"to":[8.84,9.8,10.76],"rotation":{"angle":22.5,"axis":"x","origin":[6.8,9.2,11.0]},"faces":{"down":{"uv":[1.3125,12.1875,1.125,12.375],"rotation":0,"texture":"#0","tintindex":0},"east":{"uv":[8.6875,11.75,8.875,12.0625],"rotation":0,"texture":"#0","tintindex":0},"north":{"uv":[11.75,8.5625,11.9375,8.875],"rotation":0,"texture":"#0","tintindex":0},"south":{"uv":[9.375,11.75,9.5625,12.0625],"rotation":0,"texture":"#0","tintindex":0},"up":{"uv":[1.125,12.375,0.9375,12.1875],"rotation":0,"texture":"#0","tintindex":0},"west":{"uv":[9.9375,11.75,10.125,12.0625],"rotation":0,"texture":"#0","tintindex":0}}}],"display":{"head":{"translation":[0.0,-6.4,0.0],"rotation":[0.0,0.0,0.0],"scale":[3.8095,3.8095,3.8095]}}}