{"textures":{"0":"modelengine:entity/rongamduong","1":"modelengine:entity/mvg"},"elements":[{"name":"cube","from":[5.6,6.8,5.7799997],"to":[8.6,8.0,9.38],"rotation":{"angle":0.0,"axis":"x","origin":[8.0,7.4,8.179999]},"faces":{"down":{"uv":[10.75,8.5,10.4375,8.875],"rotation":0,"texture":"#0","tintindex":0},"east":{"uv":[11.875,5.0625,12.25,5.1875],"rotation":0,"texture":"#0","tintindex":0},"north":{"uv":[12.0625,5.5625,12.375,5.6875],"rotation":0,"texture":"#0","tintindex":0},"south":{"uv":[12.0625,5.6875,12.375,5.8125],"rotation":0,"texture":"#0","tintindex":0},"up":{"uv":[8.375,10.8125,8.0625,10.4375],"rotation":0,"texture":"#0","tintindex":0},"west":{"uv":[11.875,6.1875,12.25,6.3125],"rotation":0,"texture":"#0","tintindex":0}}},{"name":"cube","from":[5.7799997,5.0,5.7799997],"to":[8.48,6.8,9.2],"rotation":{"angle":0.0,"axis":"x","origin":[8.0,6.2,8.179999]},"faces":{"down":{"uv":[2.09375,10.9375,1.8125,11.28125],"rotation":0,"texture":"#0","tintindex":0},"east":{"uv":[0.5625,11.5625,0.90625,11.75],"rotation":0,"texture":"#0","tintindex":0},"north":{"uv":[11.8125,7.3125,12.09375,7.5],"rotation":0,"texture":"#0","tintindex":0},"south":{"uv":[11.8125,10.1875,12.09375,10.375],"rotation":0,"texture":"#0","tintindex":0},"up":{"uv":[11.15625,11.03125,10.875,10.6875],"rotation":0,"texture":"#0","tintindex":0},"west":{"uv":[11.5625,3.6875,11.90625,3.875],"rotation":0,"texture":"#0","tintindex":0}}},{"name":"cube","from":[6.38,3.7999997,9.38],"to":[7.88,6.8,11.0],"rotation":{"angle":45.0,"axis":"x","origin":[8.0,6.2,9.98]},"faces":{"down":{"uv":[5.40625,12.375,5.25,12.53125],"rotation":0,"texture":"#0","tintindex":0},"east":{"uv":[10.75,11.8125,10.90625,12.125],"rotation":0,"texture":"#0","tintindex":0},"north":{"uv":[10.125,11.8125,10.28125,12.125],"rotation":0,"texture":"#0","tintindex":0},"south":{"uv":[10.9375,11.8125,11.09375,12.125],"rotation":0,"texture":"#0","tintindex":0},"up":{"uv":[12.53125,5.34375,12.375,5.1875],"rotation":0,"texture":"#0","tintindex":0},"west":{"uv":[11.875,0.0,12.03125,0.3125],"rotation":0,"texture":"#0","tintindex":0}}},{"name":"cube","from":[6.98,5.6,8.78],"to":[7.64,8.0,10.4],"rotation":{"angle":22.5,"axis":"x","origin":[8.0,6.2,9.98]},"faces":{"down":{"uv":[1.8125,8.3125,1.75,8.46875],"rotation":0,"texture":"#0","tintindex":0},"east":{"uv":[5.8125,12.0625,5.96875,12.3125],"rotation":0,"texture":"#0","tintindex":0},"north":{"uv":[7.1875,6.8125,7.25,7.0625],"rotation":0,"texture":"#0","tintindex":0},"south":{"uv":[7.625,6.375,7.6875,6.625],"rotation":0,"texture":"#0","tintindex":0},"up":{"uv":[7.6875,6.78125,7.625,6.625],"rotation":0,"texture":"#0","tintindex":0},"west":{"uv":[12.0625,5.8125,12.21875,6.0625],"rotation":0,"texture":"#0","tintindex":0}}},{"name":"cube","from":[5.8999996,3.1999998,5.8999996],"to":[8.360001,5.0,8.96],"rotation":{"angle":0.0,"axis":"x","origin":[8.0,4.3999996,8.179999]},"faces":{"down":{"uv":[9.375,11.1875,9.125,11.5],"rotation":0,"texture":"#0","tintindex":0},"east":{"uv":[0.5,8.0625,0.8125,8.25],"rotation":0,"texture":"#0","tintindex":0},"north":{"uv":[8.875,10.125,9.125,10.3125],"rotation":0,"texture":"#0","tintindex":0},"south":{"uv":[6.375,11.875,6.625,12.0625],"rotation":0,"texture":"#0","tintindex":0},"up":{"uv":[11.4375,9.0625,11.1875,8.75],"rotation":0,"texture":"#0","tintindex":0},"west":{"uv":[11.5625,9.25,11.875,9.4375],"rotation":0,"texture":"#0","tintindex":0}}},{"name":"cube","from":[6.1399994,0.7999997,6.0799994],"to":[8.360001,3.1999998,8.66],"rotation":{"angle":0.0,"axis":"x","origin":[8.0,2.6,8.179999]},"faces":{"down":{"uv":[3.09375,11.6875,2.875,11.96875],"rotation":0,"texture":"#0","tintindex":0},"east":{"uv":[3.4375,11.4375,3.71875,11.6875],"rotation":0,"texture":"#0","tintindex":0},"north":{"uv":[11.8125,9.4375,12.03125,9.6875],"rotation":0,"texture":"#0","tintindex":0},"south":{"uv":[9.5625,11.8125,9.78125,12.0625],"rotation":0,"texture":"#0","tintindex":0},"up":{"uv":[2.84375,11.96875,2.625,11.6875],"rotation":0,"texture":"#0","tintindex":0},"west":{"uv":[4.5,11.4375,4.78125,11.6875],"rotation":0,"texture":"#0","tintindex":0}}}],"display":{"head":{"translation":[0.0,-6.4,0.0],"rotation":[0.0,0.0,0.0],"scale":[3.8095,3.8095,3.8095]}}}