{"textures":{"0":"modelengine:entity/rongamduong","1":"modelengine:entity/mvg"},"elements":[{"name":"cube","from":[12.211403,7.3399997,7.16],"to":[21.211403,8.54,8.96],"rotation":{"angle":0.0,"axis":"x","origin":[33.811405,8.0,8.0]},"faces":{"down":{"uv":[10.3125,6.75,9.375,6.9375],"rotation":0,"texture":"#0","tintindex":0},"east":{"uv":[12.5,4.5,12.6875,4.625],"rotation":0,"texture":"#0","tintindex":0},"north":{"uv":[10.5625,0.25,11.5,0.375],"rotation":0,"texture":"#0","tintindex":0},"south":{"uv":[10.5625,0.375,11.5,0.5],"rotation":0,"texture":"#0","tintindex":0},"up":{"uv":[10.3125,6.75,9.375,6.5625],"rotation":0,"texture":"#0","tintindex":0},"west":{"uv":[12.5,6.1875,12.6875,6.3125],"rotation":0,"texture":"#0","tintindex":0}}},{"name":"cube","from":[2.5737371,7.3399997,2.2742472],"to":[11.573738,8.54,4.0742474],"rotation":{"angle":22.5,"axis":"y","origin":[24.173738,8.0,3.114248]},"faces":{"down":{"uv":[10.3125,7.125,9.375,7.3125],"rotation":0,"texture":"#0","tintindex":0},"east":{"uv":[12.5,6.6875,12.6875,6.8125],"rotation":0,"texture":"#0","tintindex":0},"north":{"uv":[10.5625,0.5,11.5,0.625],"rotation":0,"texture":"#0","tintindex":0},"south":{"uv":[10.5625,0.625,11.5,0.75],"rotation":0,"texture":"#0","tintindex":0},"up":{"uv":[10.3125,7.125,9.375,6.9375],"rotation":0,"texture":"#0","tintindex":0},"west":{"uv":[12.5,7.0,12.6875,7.125],"rotation":0,"texture":"#0","tintindex":0}}},{"name":"cube","from":[-16.0,7.3399997,1.4485754],"to":[0.79999924,8.54,3.2485754],"rotation":{"angle":45.0,"axis":"y","origin":[13.4,8.0,2.2885752]},"faces":{"down":{"uv":[9.375,6.1875,7.625,6.375],"rotation":0,"texture":"#0","tintindex":0},"east":{"uv":[7.1875,12.5,7.375,12.625],"rotation":0,"texture":"#0","tintindex":0},"north":{"uv":[8.1875,7.5,9.9375,7.625],"rotation":0,"texture":"#0","tintindex":0},"south":{"uv":[8.5625,0.8125,10.3125,0.9375],"rotation":0,"texture":"#0","tintindex":0},"up":{"uv":[9.375,6.1875,7.625,6.0],"rotation":0,"texture":"#0","tintindex":0},"west":{"uv":[12.5,7.625,12.6875,7.75],"rotation":0,"texture":"#0","tintindex":0}}}],"display":{"head":{"translation":[-49.32257,-6.4,0.0],"rotation":[0.0,0.0,0.0],"scale":[3.8095,3.8095,3.8095]}}}