{"textures":{"0":"modelengine:entity/rongamduong","1":"modelengine:entity/mvg"},"elements":[{"name":"cube","from":[6.8,6.2,5.0],"to":[10.4,8.0,8.6],"rotation":{"angle":0.0,"axis":"x","origin":[8.0,7.4,8.0]},"faces":{"down":{"uv":[10.5625,0.0,10.1875,0.375],"rotation":0,"texture":"#0","tintindex":0},"east":{"uv":[11.5,2.5625,11.875,2.75],"rotation":0,"texture":"#0","tintindex":0},"north":{"uv":[1.3125,11.5,1.6875,11.6875],"rotation":0,"texture":"#0","tintindex":0},"south":{"uv":[2.6875,11.5,3.0625,11.6875],"rotation":0,"texture":"#0","tintindex":0},"up":{"uv":[0.375,10.5625,0.0,10.1875],"rotation":0,"texture":"#0","tintindex":0},"west":{"uv":[3.0625,11.5,3.4375,11.6875],"rotation":0,"texture":"#0","tintindex":0}}},{"name":"cube","from":[6.8,8.0,6.2],"to":[10.4,9.8,8.0],"rotation":{"angle":0.0,"axis":"x","origin":[8.0,9.2,8.0]},"faces":{"down":{"uv":[11.875,4.5,11.5,4.6875],"rotation":0,"texture":"#0","tintindex":0},"east":{"uv":[1.3125,12.1875,1.5,12.375],"rotation":0,"texture":"#0","tintindex":0},"north":{"uv":[3.75,11.5,4.125,11.6875],"rotation":0,"texture":"#0","tintindex":0},"south":{"uv":[11.5,4.0,11.875,4.1875],"rotation":0,"texture":"#0","tintindex":0},"up":{"uv":[4.5,11.6875,4.125,11.5],"rotation":0,"texture":"#0","tintindex":0},"west":{"uv":[2.1875,12.1875,2.375,12.375],"rotation":0,"texture":"#0","tintindex":0}}},{"name":"cube","from":[7.4,6.2,8.6],"to":[9.8,8.0,10.4],"rotation":{"angle":0.0,"axis":"x","origin":[8.0,7.4,11.6]},"faces":{"down":{"uv":[12.25,1.3125,12.0,1.5],"rotation":0,"texture":"#0","tintindex":0},"east":{"uv":[2.375,12.1875,2.5625,12.375],"rotation":0,"texture":"#0","tintindex":0},"north":{"uv":[10.3125,11.9375,10.5625,12.125],"rotation":0,"texture":"#0","tintindex":0},"south":{"uv":[0.875,12.0,1.125,12.1875],"rotation":0,"texture":"#0","tintindex":0},"up":{"uv":[1.375,12.1875,1.125,12.0],"rotation":0,"texture":"#0","tintindex":0},"west":{"uv":[2.5625,12.1875,2.75,12.375],"rotation":0,"texture":"#0","tintindex":0}}}],"display":{"head":{"translation":[0.0,-6.4,0.0],"rotation":[0.0,0.0,0.0],"scale":[3.8095,3.8095,3.8095]}}}