{"textures":{"0":"modelengine:entity/rongamduong","1":"modelengine:entity/mvg"},"elements":[{"name":"cube","from":[-5.2114067,7.3399997,7.16],"to":[3.7885933,8.54,8.96],"rotation":{"angle":0.0,"axis":"x","origin":[-17.811407,8.0,8.0]},"faces":{"down":{"uv":[10.3125,5.625,9.375,5.8125],"rotation":0,"texture":"#0","tintindex":0},"east":{"uv":[12.5,1.9375,12.6875,2.0625],"rotation":0,"texture":"#0","tintindex":0},"north":{"uv":[10.375,0.9375,11.3125,1.0625],"rotation":0,"texture":"#0","tintindex":0},"south":{"uv":[10.375,5.125,11.3125,5.25],"rotation":0,"texture":"#0","tintindex":0},"up":{"uv":[10.25,4.625,9.3125,4.4375],"rotation":0,"texture":"#0","tintindex":0},"west":{"uv":[12.5,2.0625,12.6875,2.1875],"rotation":0,"texture":"#0","tintindex":0}}},{"name":"cube","from":[4.426258,7.3399997,2.2742472],"to":[13.426258,8.54,4.0742474],"rotation":{"angle":-22.5,"axis":"y","origin":[-8.173742,8.0,3.114248]},"faces":{"down":{"uv":[10.3125,6.0,9.375,6.1875],"rotation":0,"texture":"#0","tintindex":0},"east":{"uv":[2.1875,12.5,2.375,12.625],"rotation":0,"texture":"#0","tintindex":0},"north":{"uv":[10.5,7.3125,11.4375,7.4375],"rotation":0,"texture":"#0","tintindex":0},"south":{"uv":[10.5,7.4375,11.4375,7.5625],"rotation":0,"texture":"#0","tintindex":0},"up":{"uv":[10.3125,6.0,9.375,5.8125],"rotation":0,"texture":"#0","tintindex":0},"west":{"uv":[12.5,2.1875,12.6875,2.3125],"rotation":0,"texture":"#0","tintindex":0}}},{"name":"cube","from":[15.199997,7.3399997,1.4485754],"to":[32.0,8.54,3.2485754],"rotation":{"angle":-45.0,"axis":"y","origin":[2.5999966,8.0,2.2885752]},"faces":{"down":{"uv":[9.375,5.8125,7.625,6.0],"rotation":0,"texture":"#0","tintindex":0},"east":{"uv":[2.375,12.5,2.5625,12.625],"rotation":0,"texture":"#0","tintindex":0},"north":{"uv":[8.125,3.125,9.875,3.25],"rotation":0,"texture":"#0","tintindex":0},"south":{"uv":[8.1875,7.375,9.9375,7.5],"rotation":0,"texture":"#0","tintindex":0},"up":{"uv":[9.375,5.8125,7.625,5.625],"rotation":0,"texture":"#0","tintindex":0},"west":{"uv":[12.5,2.4375,12.6875,2.5625],"rotation":0,"texture":"#0","tintindex":0}}}],"display":{"head":{"translation":[49.322586,-6.4,0.0],"rotation":[0.0,0.0,0.0],"scale":[3.8095,3.8095,3.8095]}}}