{"textures":{"0":"modelengine:entity/rongamduong","1":"modelengine:entity/mvg"},"elements":[{"name":"cube","from":[7.4,6.8,6.8],"to":[8.6,8.6,8.6],"rotation":{"angle":0.0,"axis":"x","origin":[8.0,6.8,6.8]},"faces":{"down":{"uv":[12.5625,5.75,12.4375,5.9375],"rotation":0,"texture":"#0","tintindex":0},"east":{"uv":[12.125,3.9375,12.3125,4.125],"rotation":0,"texture":"#0","tintindex":0},"north":{"uv":[4.6875,12.4375,4.8125,12.625],"rotation":0,"texture":"#0","tintindex":0},"south":{"uv":[4.8125,12.4375,4.9375,12.625],"rotation":0,"texture":"#0","tintindex":0},"up":{"uv":[12.5625,5.1875,12.4375,5.0],"rotation":0,"texture":"#0","tintindex":0},"west":{"uv":[4.0,12.125,4.1875,12.3125],"rotation":0,"texture":"#0","tintindex":0}}},{"name":"cube","from":[7.52,6.62,5.6],"to":[8.48,8.3,6.8],"rotation":{"angle":0.0,"axis":"x","origin":[8.0,6.8,5.0]},"faces":{"down":{"uv":[12.78125,3.125,12.6875,3.25],"rotation":0,"texture":"#0","tintindex":0},"east":{"uv":[5.8125,12.4375,5.9375,12.625],"rotation":0,"texture":"#0","tintindex":0},"north":{"uv":[12.5625,10.6875,12.65625,10.875],"rotation":0,"texture":"#0","tintindex":0},"south":{"uv":[12.5625,11.0,12.65625,11.1875],"rotation":0,"texture":"#0","tintindex":0},"up":{"uv":[12.78125,3.125,12.6875,3.0],"rotation":0,"texture":"#0","tintindex":0},"west":{"uv":[5.9375,12.4375,6.0625,12.625],"rotation":0,"texture":"#0","tintindex":0}}},{"name":"cube","from":[7.58,6.44,4.9399996],"to":[8.42,7.88,5.6],"rotation":{"angle":0.0,"axis":"x","origin":[8.0,6.8,3.7999997]},"faces":{"down":{"uv":[12.78125,10.1875,12.6875,10.25],"rotation":0,"texture":"#0","tintindex":0},"east":{"uv":[3.875,9.25,3.9375,9.40625],"rotation":0,"texture":"#0","tintindex":0},"north":{"uv":[10.3125,12.625,10.40625,12.78125],"rotation":0,"texture":"#0","tintindex":0},"south":{"uv":[10.75,12.625,10.84375,12.78125],"rotation":0,"texture":"#0","tintindex":0},"up":{"uv":[12.78125,10.1875,12.6875,10.125],"rotation":0,"texture":"#0","tintindex":0},"west":{"uv":[5.75,9.25,5.8125,9.40625],"rotation":0,"texture":"#0","tintindex":0}}},{"name":"cube","from":[7.7,6.3199997,4.3399997],"to":[8.3,7.46,4.9399996],"rotation":{"angle":0.0,"axis":"x","origin":[8.0,6.8,3.1999998]},"faces":{"down":{"uv":[1.75,9.125,1.6875,9.1875],"rotation":0,"texture":"#0","tintindex":0},"east":{"uv":[9.3125,9.9375,9.375,10.0625],"rotation":0,"texture":"#0","tintindex":0},"north":{"uv":[3.3125,9.6875,3.375,9.8125],"rotation":0,"texture":"#0","tintindex":0},"south":{"uv":[6.375,10.0625,6.4375,10.1875],"rotation":0,"texture":"#0","tintindex":0},"up":{"uv":[7.1875,9.0,7.125,8.9375],"rotation":0,"texture":"#0","tintindex":0},"west":{"uv":[8.0625,10.3125,8.125,10.4375],"rotation":0,"texture":"#0","tintindex":0}}}],"display":{"head":{"translation":[0.0,-6.4,0.0],"rotation":[0.0,0.0,0.0],"scale":[3.8095,3.8095,3.8095]}}}