{"textures":{"0":"modelengine:entity/rongamduong","1":"modelengine:entity/mvg"},"elements":[{"name":"cube","from":[5.6,6.2,5.0],"to":[9.2,8.0,8.6],"rotation":{"angle":0.0,"axis":"x","origin":[8.0,7.4,8.0]},"faces":{"down":{"uv":[10.5625,1.125,10.1875,1.5],"rotation":0,"texture":"#0","tintindex":0},"east":{"uv":[11.5,5.4375,11.875,5.625],"rotation":0,"texture":"#0","tintindex":0},"north":{"uv":[4.8125,11.5,5.1875,11.6875],"rotation":0,"texture":"#0","tintindex":0},"south":{"uv":[11.5,5.625,11.875,5.8125],"rotation":0,"texture":"#0","tintindex":0},"up":{"uv":[10.5625,0.75,10.1875,0.375],"rotation":0,"texture":"#0","tintindex":0},"west":{"uv":[11.5,5.8125,11.875,6.0],"rotation":0,"texture":"#0","tintindex":0}}},{"name":"cube","from":[5.6,8.0,6.2],"to":[9.2,9.8,8.0],"rotation":{"angle":0.0,"axis":"x","origin":[8.0,9.2,8.0]},"faces":{"down":{"uv":[7.0,11.5,6.625,11.6875],"rotation":0,"texture":"#0","tintindex":0},"east":{"uv":[8.375,12.25,8.5625,12.4375],"rotation":0,"texture":"#0","tintindex":0},"north":{"uv":[11.5,6.0,11.875,6.1875],"rotation":0,"texture":"#0","tintindex":0},"south":{"uv":[11.5,6.1875,11.875,6.375],"rotation":0,"texture":"#0","tintindex":0},"up":{"uv":[6.625,11.6875,6.25,11.5],"rotation":0,"texture":"#0","tintindex":0},"west":{"uv":[8.5625,12.25,8.75,12.4375],"rotation":0,"texture":"#0","tintindex":0}}},{"name":"cube","from":[6.2,6.2,8.6],"to":[8.6,8.0,10.4],"rotation":{"angle":0.0,"axis":"x","origin":[8.0,7.4,11.6]},"faces":{"down":{"uv":[3.0625,12.0,2.8125,12.1875],"rotation":0,"texture":"#0","tintindex":0},"east":{"uv":[9.125,12.25,9.3125,12.4375],"rotation":0,"texture":"#0","tintindex":0},"north":{"uv":[1.375,12.0,1.625,12.1875],"rotation":0,"texture":"#0","tintindex":0},"south":{"uv":[12.0,1.8125,12.25,2.0],"rotation":0,"texture":"#0","tintindex":0},"up":{"uv":[2.8125,12.1875,2.5625,12.0],"rotation":0,"texture":"#0","tintindex":0},"west":{"uv":[12.25,9.125,12.4375,9.3125],"rotation":0,"texture":"#0","tintindex":0}}}],"display":{"head":{"translation":[0.0,-6.4,0.0],"rotation":[0.0,0.0,0.0],"scale":[3.8095,3.8095,3.8095]}}}