{"textures":{"0":"modelengine:entity/rongamduong","1":"modelengine:entity/mvg"},"elements":[{"name":"cube","from":[8.0,7.4,7.4],"to":[9.8,8.6,13.400001],"rotation":{"angle":0.0,"axis":"x","origin":[20.600002,8.0,6.2]},"faces":{"down":{"uv":[3.1875,10.5625,3.0,11.1875],"rotation":0,"texture":"#0","tintindex":0},"east":{"uv":[11.3125,0.9375,11.9375,1.0625],"rotation":0,"texture":"#0","tintindex":0},"north":{"uv":[12.5,3.125,12.6875,3.25],"rotation":0,"texture":"#0","tintindex":0},"south":{"uv":[12.5,3.25,12.6875,3.375],"rotation":0,"texture":"#0","tintindex":0},"up":{"uv":[0.375,11.1875,0.1875,10.5625],"rotation":0,"texture":"#0","tintindex":0},"west":{"uv":[11.3125,1.625,11.9375,1.75],"rotation":0,"texture":"#0","tintindex":0}}},{"name":"cube","from":[6.5816627,7.4,8.669533],"to":[8.381662,8.6,14.669535],"rotation":{"angle":22.5,"axis":"y","origin":[19.181664,8.0,7.469534]},"faces":{"down":{"uv":[10.375,10.5625,10.1875,11.1875],"rotation":0,"texture":"#0","tintindex":0},"east":{"uv":[11.3125,1.75,11.9375,1.875],"rotation":0,"texture":"#0","tintindex":0},"north":{"uv":[3.3125,12.5,3.5,12.625],"rotation":0,"texture":"#0","tintindex":0},"south":{"uv":[12.5,3.375,12.6875,3.5],"rotation":0,"texture":"#0","tintindex":0},"up":{"uv":[4.875,11.1875,4.6875,10.5625],"rotation":0,"texture":"#0","tintindex":0},"west":{"uv":[1.8125,11.3125,2.4375,11.4375],"rotation":0,"texture":"#0","tintindex":0}}},{"name":"cube","from":[5.757118,7.4,10.385204],"to":[7.5571184,8.6,18.785204],"rotation":{"angle":45.0,"axis":"y","origin":[18.357119,8.0,9.185204]},"faces":{"down":{"uv":[2.125,9.4375,1.9375,10.3125],"rotation":0,"texture":"#0","tintindex":0},"east":{"uv":[10.625,9.3125,11.5,9.4375],"rotation":0,"texture":"#0","tintindex":0},"north":{"uv":[3.5,12.5,3.6875,12.625],"rotation":0,"texture":"#0","tintindex":0},"south":{"uv":[12.5,3.5,12.6875,3.625],"rotation":0,"texture":"#0","tintindex":0},"up":{"uv":[1.9375,10.3125,1.75,9.4375],"rotation":0,"texture":"#0","tintindex":0},"west":{"uv":[10.6875,7.5625,11.5625,7.6875],"rotation":0,"texture":"#0","tintindex":0}}}],"display":{"head":{"translation":[0.0,-6.4,0.0],"rotation":[0.0,0.0,0.0],"scale":[3.8095,3.8095,3.8095]}}}