{"textures":{"0":"modelengine:entity/rongamduong","1":"modelengine:entity/mvg"},"elements":[{"name":"cube","from":[7.4,6.8,6.8],"to":[8.6,8.6,8.6],"rotation":{"angle":0.0,"axis":"x","origin":[8.0,6.8,6.8]},"faces":{"down":{"uv":[7.1875,12.4375,7.0625,12.625],"rotation":0,"texture":"#0","tintindex":0},"east":{"uv":[12.125,4.125,12.3125,4.3125],"rotation":0,"texture":"#0","tintindex":0},"north":{"uv":[6.0625,12.4375,6.1875,12.625],"rotation":0,"texture":"#0","tintindex":0},"south":{"uv":[6.1875,12.4375,6.3125,12.625],"rotation":0,"texture":"#0","tintindex":0},"up":{"uv":[12.5625,6.6875,12.4375,6.5],"rotation":0,"texture":"#0","tintindex":0},"west":{"uv":[4.1875,12.125,4.375,12.3125],"rotation":0,"texture":"#0","tintindex":0}}},{"name":"cube","from":[7.52,6.62,5.6],"to":[8.48,8.3,6.8],"rotation":{"angle":0.0,"axis":"x","origin":[8.0,6.8,5.0]},"faces":{"down":{"uv":[12.78125,3.375,12.6875,3.5],"rotation":0,"texture":"#0","tintindex":0},"east":{"uv":[7.375,12.4375,7.5,12.625],"rotation":0,"texture":"#0","tintindex":0},"north":{"uv":[12.5625,11.375,12.65625,11.5625],"rotation":0,"texture":"#0","tintindex":0},"south":{"uv":[12.5625,11.5625,12.65625,11.75],"rotation":0,"texture":"#0","tintindex":0},"up":{"uv":[12.78125,3.375,12.6875,3.25],"rotation":0,"texture":"#0","tintindex":0},"west":{"uv":[7.5,12.4375,7.625,12.625],"rotation":0,"texture":"#0","tintindex":0}}},{"name":"cube","from":[7.58,6.44,4.9399996],"to":[8.42,7.88,5.6],"rotation":{"angle":0.0,"axis":"x","origin":[8.0,6.8,3.7999997]},"faces":{"down":{"uv":[12.78125,10.3125,12.6875,10.375],"rotation":0,"texture":"#0","tintindex":0},"east":{"uv":[7.5,9.4375,7.5625,9.59375],"rotation":0,"texture":"#0","tintindex":0},"north":{"uv":[11.0625,12.625,11.15625,12.78125],"rotation":0,"texture":"#0","tintindex":0},"south":{"uv":[11.625,12.625,11.71875,12.78125],"rotation":0,"texture":"#0","tintindex":0},"up":{"uv":[12.78125,10.3125,12.6875,10.25],"rotation":0,"texture":"#0","tintindex":0},"west":{"uv":[3.3125,9.5,3.375,9.65625],"rotation":0,"texture":"#0","tintindex":0}}},{"name":"cube","from":[7.7,6.3199997,4.3399997],"to":[8.3,7.46,4.9399996],"rotation":{"angle":0.0,"axis":"x","origin":[8.0,6.8,3.1999998]},"faces":{"down":{"uv":[8.1875,10.0,8.125,10.0625],"rotation":0,"texture":"#0","tintindex":0},"east":{"uv":[3.1875,10.75,3.25,10.875],"rotation":0,"texture":"#0","tintindex":0},"north":{"uv":[10.375,8.5,10.4375,8.625],"rotation":0,"texture":"#0","tintindex":0},"south":{"uv":[6.25,11.0625,6.3125,11.1875],"rotation":0,"texture":"#0","tintindex":0},"up":{"uv":[3.9375,9.5,3.875,9.4375],"rotation":0,"texture":"#0","tintindex":0},"west":{"uv":[11.125,10.25,11.1875,10.375],"rotation":0,"texture":"#0","tintindex":0}}}],"display":{"head":{"translation":[0.0,-6.4,0.0],"rotation":[0.0,0.0,0.0],"scale":[3.8095,3.8095,3.8095]}}}