{"textures":{"0":"modelengine:entity/rongamduong","1":"modelengine:entity/mvg"},"elements":[{"name":"cube","from":[7.4,6.8,5.7799997],"to":[10.4,8.0,9.38],"rotation":{"angle":0.0,"axis":"x","origin":[8.0,7.4,8.179999]},"faces":{"down":{"uv":[10.8125,9.4375,10.5,9.8125],"rotation":0,"texture":"#0","tintindex":0},"east":{"uv":[11.875,6.5625,12.25,6.6875],"rotation":0,"texture":"#0","tintindex":0},"north":{"uv":[12.0625,6.0625,12.375,6.1875],"rotation":0,"texture":"#0","tintindex":0},"south":{"uv":[6.375,12.0625,6.6875,12.1875],"rotation":0,"texture":"#0","tintindex":0},"up":{"uv":[9.5625,10.875,9.25,10.5],"rotation":0,"texture":"#0","tintindex":0},"west":{"uv":[11.875,6.6875,12.25,6.8125],"rotation":0,"texture":"#0","tintindex":0}}},{"name":"cube","from":[7.52,5.0,5.7799997],"to":[10.219999,6.8,9.2],"rotation":{"angle":0.0,"axis":"x","origin":[8.0,6.2,8.179999]},"faces":{"down":{"uv":[11.28125,2.1875,11.0,2.53125],"rotation":0,"texture":"#0","tintindex":0},"east":{"uv":[7.1875,11.5625,7.53125,11.75],"rotation":0,"texture":"#0","tintindex":0},"north":{"uv":[11.8125,10.375,12.09375,10.5625],"rotation":0,"texture":"#0","tintindex":0},"south":{"uv":[11.8125,10.5625,12.09375,10.75],"rotation":0,"texture":"#0","tintindex":0},"up":{"uv":[11.28125,1.96875,11.0,1.625],"rotation":0,"texture":"#0","tintindex":0},"west":{"uv":[11.5625,7.5,11.90625,7.6875],"rotation":0,"texture":"#0","tintindex":0}}},{"name":"cube","from":[8.12,3.7999997,9.38],"to":[9.62,6.8,11.0],"rotation":{"angle":45.0,"axis":"x","origin":[8.0,6.2,9.98]},"faces":{"down":{"uv":[5.59375,12.375,5.4375,12.53125],"rotation":0,"texture":"#0","tintindex":0},"east":{"uv":[11.875,0.625,12.03125,0.9375],"rotation":0,"texture":"#0","tintindex":0},"north":{"uv":[11.875,0.3125,12.03125,0.625],"rotation":0,"texture":"#0","tintindex":0},"south":{"uv":[2.1875,11.875,2.34375,12.1875],"rotation":0,"texture":"#0","tintindex":0},"up":{"uv":[12.53125,5.53125,12.375,5.375],"rotation":0,"texture":"#0","tintindex":0},"west":{"uv":[2.375,11.875,2.53125,12.1875],"rotation":0,"texture":"#0","tintindex":0}}},{"name":"cube","from":[8.360001,5.6,8.78],"to":[9.02,8.0,10.4],"rotation":{"angle":22.5,"axis":"x","origin":[8.0,6.2,9.98]},"faces":{"down":{"uv":[6.9375,9.75,6.875,9.90625],"rotation":0,"texture":"#0","tintindex":0},"east":{"uv":[6.6875,12.0625,6.84375,12.3125],"rotation":0,"texture":"#0","tintindex":0},"north":{"uv":[7.125,8.6875,7.1875,8.9375],"rotation":0,"texture":"#0","tintindex":0},"south":{"uv":[8.875,6.375,8.9375,6.625],"rotation":0,"texture":"#0","tintindex":0},"up":{"uv":[5.25,9.84375,5.1875,9.6875],"rotation":0,"texture":"#0","tintindex":0},"west":{"uv":[7.1875,12.0625,7.34375,12.3125],"rotation":0,"texture":"#0","tintindex":0}}},{"name":"cube","from":[7.64,3.1999998,5.8999996],"to":[10.1,5.0,8.96],"rotation":{"angle":0.0,"axis":"x","origin":[8.0,4.3999996,8.179999]},"faces":{"down":{"uv":[11.5,6.0625,11.25,6.375],"rotation":0,"texture":"#0","tintindex":0},"east":{"uv":[6.25,11.6875,6.5625,11.875],"rotation":0,"texture":"#0","tintindex":0},"north":{"uv":[6.625,11.875,6.875,12.0625],"rotation":0,"texture":"#0","tintindex":0},"south":{"uv":[11.875,6.8125,12.125,7.0],"rotation":0,"texture":"#0","tintindex":0},"up":{"uv":[11.5,6.0625,11.25,5.75],"rotation":0,"texture":"#0","tintindex":0},"west":{"uv":[6.5625,11.6875,6.875,11.875],"rotation":0,"texture":"#0","tintindex":0}}},{"name":"cube","from":[7.64,0.7999997,6.0799994],"to":[9.860001,3.1999998,8.66],"rotation":{"angle":0.0,"axis":"x","origin":[8.0,2.6,8.179999]},"faces":{"down":{"uv":[3.59375,11.6875,3.375,11.96875],"rotation":0,"texture":"#0","tintindex":0},"east":{"uv":[7.8125,11.4375,8.09375,11.6875],"rotation":0,"texture":"#0","tintindex":0},"north":{"uv":[11.8125,9.6875,12.03125,9.9375],"rotation":0,"texture":"#0","tintindex":0},"south":{"uv":[11.8125,9.9375,12.03125,10.1875],"rotation":0,"texture":"#0","tintindex":0},"up":{"uv":[3.34375,11.96875,3.125,11.6875],"rotation":0,"texture":"#0","tintindex":0},"west":{"uv":[11.4375,8.75,11.71875,9.0],"rotation":0,"texture":"#0","tintindex":0}}}],"display":{"head":{"translation":[0.0,-6.4,0.0],"rotation":[0.0,0.0,0.0],"scale":[3.8095,3.8095,3.8095]}}}