{"textures":{"0":"modelengine:entity/rongamduong","1":"modelengine:entity/mvg"},"elements":[{"name":"cube","from":[7.4,6.8,6.8],"to":[9.2,8.6,8.6],"rotation":{"angle":0.0,"axis":"x","origin":[8.0,6.8,6.8]},"faces":{"down":{"uv":[1.6875,12.25,1.5,12.4375],"rotation":0,"texture":"#0","tintindex":0},"east":{"uv":[12.25,0.1875,12.4375,0.375],"rotation":0,"texture":"#0","tintindex":0},"north":{"uv":[12.25,0.0,12.4375,0.1875],"rotation":0,"texture":"#0","tintindex":0},"south":{"uv":[12.25,0.375,12.4375,0.5625],"rotation":0,"texture":"#0","tintindex":0},"up":{"uv":[12.4375,1.5,12.25,1.3125],"rotation":0,"texture":"#0","tintindex":0},"west":{"uv":[12.25,0.5625,12.4375,0.75],"rotation":0,"texture":"#0","tintindex":0}}},{"name":"cube","from":[7.52,6.62,5.6],"to":[9.08,8.3,6.8],"rotation":{"angle":0.0,"axis":"x","origin":[8.0,6.8,5.0]},"faces":{"down":{"uv":[12.71875,5.5625,12.5625,5.6875],"rotation":0,"texture":"#0","tintindex":0},"east":{"uv":[12.5,11.9375,12.625,12.125],"rotation":0,"texture":"#0","tintindex":0},"north":{"uv":[12.3125,9.5625,12.46875,9.75],"rotation":0,"texture":"#0","tintindex":0},"south":{"uv":[10.125,12.3125,10.28125,12.5],"rotation":0,"texture":"#0","tintindex":0},"up":{"uv":[5.71875,12.6875,5.5625,12.5625],"rotation":0,"texture":"#0","tintindex":0},"west":{"uv":[12.125,12.5,12.25,12.6875],"rotation":0,"texture":"#0","tintindex":0}}},{"name":"cube","from":[7.58,6.44,4.94],"to":[9.02,7.88,5.6],"rotation":{"angle":0.0,"axis":"x","origin":[8.0,6.8,3.7999997]},"faces":{"down":{"uv":[12.84375,2.75,12.6875,2.8125],"rotation":0,"texture":"#0","tintindex":0},"east":{"uv":[3.1875,10.5625,3.25,10.71875],"rotation":0,"texture":"#0","tintindex":0},"north":{"uv":[12.375,7.8125,12.53125,7.96875],"rotation":0,"texture":"#0","tintindex":0},"south":{"uv":[12.375,8.0,12.53125,8.15625],"rotation":0,"texture":"#0","tintindex":0},"up":{"uv":[12.84375,0.875,12.6875,0.8125],"rotation":0,"texture":"#0","tintindex":0},"west":{"uv":[4.875,10.5625,4.9375,10.71875],"rotation":0,"texture":"#0","tintindex":0}}},{"name":"cube","from":[7.7,6.3199997,4.34],"to":[8.9,7.46,4.94],"rotation":{"angle":0.0,"axis":"x","origin":[8.0,6.8,3.1999998]},"faces":{"down":{"uv":[12.125,1.5,12.0,1.5625],"rotation":0,"texture":"#0","tintindex":0},"east":{"uv":[12.1875,11.0,12.25,11.125],"rotation":0,"texture":"#0","tintindex":0},"north":{"uv":[3.125,12.625,3.25,12.75],"rotation":0,"texture":"#0","tintindex":0},"south":{"uv":[3.25,12.625,3.375,12.75],"rotation":0,"texture":"#0","tintindex":0},"up":{"uv":[12.0,7.875,11.875,7.8125],"rotation":0,"texture":"#0","tintindex":0},"west":{"uv":[9.6875,12.25,9.75,12.375],"rotation":0,"texture":"#0","tintindex":0}}}],"display":{"head":{"translation":[0.0,-6.4,0.0],"rotation":[0.0,0.0,0.0],"scale":[3.8095,3.8095,3.8095]}}}