{"textures":{"0":"modelengine:entity/rongamduong","1":"modelengine:entity/mvg"},"elements":[{"name":"cube","from":[7.4,6.8,6.8],"to":[8.6,8.6,8.6],"rotation":{"angle":0.0,"axis":"x","origin":[8.0,6.8,6.8]},"faces":{"down":{"uv":[10.0,12.4375,9.875,12.625],"rotation":0,"texture":"#0","tintindex":0},"east":{"uv":[7.8125,12.125,8.0,12.3125],"rotation":0,"texture":"#0","tintindex":0},"north":{"uv":[9.375,12.4375,9.5,12.625],"rotation":0,"texture":"#0","tintindex":0},"south":{"uv":[9.5,12.4375,9.625,12.625],"rotation":0,"texture":"#0","tintindex":0},"up":{"uv":[12.5625,9.9375,12.4375,9.75],"rotation":0,"texture":"#0","tintindex":0},"west":{"uv":[8.75,12.125,8.9375,12.3125],"rotation":0,"texture":"#0","tintindex":0}}},{"name":"cube","from":[7.52,6.62,5.6],"to":[8.48,8.3,6.8],"rotation":{"angle":0.0,"axis":"x","origin":[8.0,6.8,5.0]},"faces":{"down":{"uv":[4.09375,12.6875,4.0,12.8125],"rotation":0,"texture":"#0","tintindex":0},"east":{"uv":[12.4375,9.9375,12.5625,10.125],"rotation":0,"texture":"#0","tintindex":0},"north":{"uv":[12.375,12.5625,12.46875,12.75],"rotation":0,"texture":"#0","tintindex":0},"south":{"uv":[12.5,12.5625,12.59375,12.75],"rotation":0,"texture":"#0","tintindex":0},"up":{"uv":[12.78125,4.0625,12.6875,3.9375],"rotation":0,"texture":"#0","tintindex":0},"west":{"uv":[10.0,12.4375,10.125,12.625],"rotation":0,"texture":"#0","tintindex":0}}},{"name":"cube","from":[7.58,6.44,4.9399996],"to":[8.42,7.88,5.6],"rotation":{"angle":0.0,"axis":"x","origin":[8.0,6.8,3.7999997]},"faces":{"down":{"uv":[12.78125,10.6875,12.6875,10.75],"rotation":0,"texture":"#0","tintindex":0},"east":{"uv":[3.25,10.0,3.3125,10.15625],"rotation":0,"texture":"#0","tintindex":0},"north":{"uv":[0.0,12.6875,0.09375,12.84375],"rotation":0,"texture":"#0","tintindex":0},"south":{"uv":[0.125,12.6875,0.21875,12.84375],"rotation":0,"texture":"#0","tintindex":0},"up":{"uv":[10.71875,12.75,10.625,12.6875],"rotation":0,"texture":"#0","tintindex":0},"west":{"uv":[5.125,10.0,5.1875,10.15625],"rotation":0,"texture":"#0","tintindex":0}}},{"name":"cube","from":[7.7,6.3199997,4.3399997],"to":[8.3,7.46,4.9399996],"rotation":{"angle":0.0,"axis":"x","origin":[8.0,6.8,3.1999998]},"faces":{"down":{"uv":[10.8125,4.0,10.75,4.0625],"rotation":0,"texture":"#0","tintindex":0},"east":{"uv":[10.3125,11.5,10.375,11.625],"rotation":0,"texture":"#0","tintindex":0},"north":{"uv":[11.5,9.3125,11.5625,9.4375],"rotation":0,"texture":"#0","tintindex":0},"south":{"uv":[11.5,11.5625,11.5625,11.6875],"rotation":0,"texture":"#0","tintindex":0},"up":{"uv":[3.5625,10.625,3.5,10.5625],"rotation":0,"texture":"#0","tintindex":0},"west":{"uv":[5.125,11.6875,5.1875,11.8125],"rotation":0,"texture":"#0","tintindex":0}}}],"display":{"head":{"translation":[0.0,-6.4,0.0],"rotation":[0.0,0.0,0.0],"scale":[3.8095,3.8095,3.8095]}}}