{"textures":{"0":"modelengine:entity/rongamduong","1":"modelengine:entity/mvg"},"elements":[{"name":"cube","from":[7.4,7.4,7.4],"to":[9.2,9.2,9.2],"rotation":{"angle":0.0,"axis":"x","origin":[8.0,7.4,9.2]},"faces":{"down":{"uv":[8.1875,12.25,8.0,12.4375],"rotation":0,"texture":"#0","tintindex":0},"east":{"uv":[12.25,5.0,12.4375,5.1875],"rotation":0,"texture":"#0","tintindex":0},"north":{"uv":[12.25,1.75,12.4375,1.9375],"rotation":0,"texture":"#0","tintindex":0},"south":{"uv":[12.25,5.8125,12.4375,6.0],"rotation":0,"texture":"#0","tintindex":0},"up":{"uv":[7.5625,12.4375,7.375,12.25],"rotation":0,"texture":"#0","tintindex":0},"west":{"uv":[12.25,6.5,12.4375,6.6875],"rotation":0,"texture":"#0","tintindex":0}}},{"name":"cube","from":[7.52,7.22,9.2],"to":[9.08,8.9,10.4],"rotation":{"angle":0.0,"axis":"x","origin":[8.0,7.4,11.0]},"faces":{"down":{"uv":[12.71875,5.8125,12.5625,5.9375],"rotation":0,"texture":"#0","tintindex":0},"east":{"uv":[12.5,12.125,12.625,12.3125],"rotation":0,"texture":"#0","tintindex":0},"north":{"uv":[12.3125,10.125,12.46875,10.3125],"rotation":0,"texture":"#0","tintindex":0},"south":{"uv":[10.3125,12.3125,10.46875,12.5],"rotation":0,"texture":"#0","tintindex":0},"up":{"uv":[12.71875,5.8125,12.5625,5.6875],"rotation":0,"texture":"#0","tintindex":0},"west":{"uv":[12.5,12.375,12.625,12.5625],"rotation":0,"texture":"#0","tintindex":0}}},{"name":"cube","from":[7.58,7.04,10.4],"to":[9.02,8.48,11.06],"rotation":{"angle":0.0,"axis":"x","origin":[8.0,7.4,12.2]},"faces":{"down":{"uv":[12.84375,5.0,12.6875,5.0625],"rotation":0,"texture":"#0","tintindex":0},"east":{"uv":[4.625,10.75,4.6875,10.90625],"rotation":0,"texture":"#0","tintindex":0},"north":{"uv":[12.375,8.5,12.53125,8.65625],"rotation":0,"texture":"#0","tintindex":0},"south":{"uv":[12.375,8.6875,12.53125,8.84375],"rotation":0,"texture":"#0","tintindex":0},"up":{"uv":[12.84375,4.8125,12.6875,4.75],"rotation":0,"texture":"#0","tintindex":0},"west":{"uv":[10.8125,10.375,10.875,10.53125],"rotation":0,"texture":"#0","tintindex":0}}},{"name":"cube","from":[7.7,6.92,11.06],"to":[8.9,8.06,11.660001],"rotation":{"angle":0.0,"axis":"x","origin":[8.0,7.4,12.8]},"faces":{"down":{"uv":[12.125,3.9375,12.0,4.0],"rotation":0,"texture":"#0","tintindex":0},"east":{"uv":[11.8125,12.25,11.875,12.375],"rotation":0,"texture":"#0","tintindex":0},"north":{"uv":[3.375,12.625,3.5,12.75],"rotation":0,"texture":"#0","tintindex":0},"south":{"uv":[3.5,12.625,3.625,12.75],"rotation":0,"texture":"#0","tintindex":0},"up":{"uv":[12.125,2.0625,12.0,2.0],"rotation":0,"texture":"#0","tintindex":0},"west":{"uv":[5.0625,12.3125,5.125,12.4375],"rotation":0,"texture":"#0","tintindex":0}}}],"display":{"head":{"translation":[0.0,-6.4,0.0],"rotation":[0.0,0.0,0.0],"scale":[3.8095,3.8095,3.8095]}}}