{"textures":{"0":"modelengine:entity/rongamduong","1":"modelengine:entity/mvg"},"elements":[{"name":"cube","from":[7.4,7.4,8.0],"to":[8.6,9.2,9.8],"rotation":{"angle":0.0,"axis":"x","origin":[8.0,7.4,9.8]},"faces":{"down":{"uv":[0.5,12.5,0.375,12.6875],"rotation":0,"texture":"#0","tintindex":0},"east":{"uv":[10.3125,12.125,10.5,12.3125],"rotation":0,"texture":"#0","tintindex":0},"north":{"uv":[12.4375,11.75,12.5625,11.9375],"rotation":0,"texture":"#0","tintindex":0},"south":{"uv":[0.0,12.5,0.125,12.6875],"rotation":0,"texture":"#0","tintindex":0},"up":{"uv":[0.25,12.6875,0.125,12.5],"rotation":0,"texture":"#0","tintindex":0},"west":{"uv":[12.125,10.3125,12.3125,10.5],"rotation":0,"texture":"#0","tintindex":0}}},{"name":"cube","from":[7.52,7.22,9.8],"to":[8.48,8.9,11.0],"rotation":{"angle":0.0,"axis":"x","origin":[8.0,7.4,11.6]},"faces":{"down":{"uv":[12.78125,4.625,12.6875,4.75],"rotation":0,"texture":"#0","tintindex":0},"east":{"uv":[0.9375,12.5,1.0625,12.6875],"rotation":0,"texture":"#0","tintindex":0},"north":{"uv":[12.625,0.375,12.71875,0.5625],"rotation":0,"texture":"#0","tintindex":0},"south":{"uv":[12.625,0.875,12.71875,1.0625],"rotation":0,"texture":"#0","tintindex":0},"up":{"uv":[12.78125,4.625,12.6875,4.5],"rotation":0,"texture":"#0","tintindex":0},"west":{"uv":[12.5,0.9375,12.625,1.125],"rotation":0,"texture":"#0","tintindex":0}}},{"name":"cube","from":[7.58,7.04,11.0],"to":[8.42,8.48,11.660001],"rotation":{"angle":0.0,"axis":"x","origin":[8.0,7.4,12.8]},"faces":{"down":{"uv":[12.78125,11.0,12.6875,11.0625],"rotation":0,"texture":"#0","tintindex":0},"east":{"uv":[5.125,10.1875,5.1875,10.34375],"rotation":0,"texture":"#0","tintindex":0},"north":{"uv":[0.5,12.6875,0.59375,12.84375],"rotation":0,"texture":"#0","tintindex":0},"south":{"uv":[0.625,12.6875,0.71875,12.84375],"rotation":0,"texture":"#0","tintindex":0},"up":{"uv":[10.96875,12.75,10.875,12.6875],"rotation":0,"texture":"#0","tintindex":0},"west":{"uv":[7.0625,10.3125,7.125,10.46875],"rotation":0,"texture":"#0","tintindex":0}}},{"name":"cube","from":[7.7,6.92,11.660001],"to":[8.3,8.06,12.26],"rotation":{"angle":0.0,"axis":"x","origin":[8.0,7.4,13.400001]},"faces":{"down":{"uv":[4.6875,11.125,4.625,11.1875],"rotation":0,"texture":"#0","tintindex":0},"east":{"uv":[0.875,11.875,0.9375,12.0],"rotation":0,"texture":"#0","tintindex":0},"north":{"uv":[11.8125,4.8125,11.875,4.9375],"rotation":0,"texture":"#0","tintindex":0},"south":{"uv":[2.5625,11.875,2.625,12.0],"rotation":0,"texture":"#0","tintindex":0},"up":{"uv":[3.0,11.1875,2.9375,11.125],"rotation":0,"texture":"#0","tintindex":0},"west":{"uv":[5.25,12.0,5.3125,12.125],"rotation":0,"texture":"#0","tintindex":0}}}],"display":{"head":{"translation":[0.0,-6.4,0.0],"rotation":[0.0,0.0,0.0],"scale":[3.8095,3.8095,3.8095]}}}