{"textures":{"0":"modelengine:entity/rongamduong","1":"modelengine:entity/mvg"},"elements":[{"name":"cube","from":[5.1328998,7.3399997,7.16],"to":[14.1329,8.54,8.96],"rotation":{"angle":0.0,"axis":"x","origin":[26.732903,8.0,8.0]},"faces":{"down":{"uv":[10.3125,8.9375,9.375,9.125],"rotation":0,"texture":"#0","tintindex":0},"east":{"uv":[8.75,12.5,8.9375,12.625],"rotation":0,"texture":"#0","tintindex":0},"north":{"uv":[10.5625,1.0625,11.5,1.1875],"rotation":0,"texture":"#0","tintindex":0},"south":{"uv":[10.5625,1.1875,11.5,1.3125],"rotation":0,"texture":"#0","tintindex":0},"up":{"uv":[9.125,9.5625,8.1875,9.375],"rotation":0,"texture":"#0","tintindex":0},"west":{"uv":[12.5,8.875,12.6875,9.0],"rotation":0,"texture":"#0","tintindex":0}}},{"name":"cube","from":[-3.3047657,7.3399997,2.2742472],"to":[4.495235,8.54,4.0742474],"rotation":{"angle":22.5,"axis":"y","origin":[17.095236,8.0,3.114248]},"faces":{"down":{"uv":[10.375,9.5,9.5625,9.6875],"rotation":0,"texture":"#0","tintindex":0},"east":{"uv":[12.5,9.375,12.6875,9.5],"rotation":0,"texture":"#0","tintindex":0},"north":{"uv":[10.75,8.1875,11.5625,8.3125],"rotation":0,"texture":"#0","tintindex":0},"south":{"uv":[10.75,8.3125,11.5625,8.4375],"rotation":0,"texture":"#0","tintindex":0},"up":{"uv":[10.375,9.5,9.5625,9.3125],"rotation":0,"texture":"#0","tintindex":0},"west":{"uv":[12.5,9.5,12.6875,9.625],"rotation":0,"texture":"#0","tintindex":0}}},{"name":"cube","from":[-16.0,7.3399997,-1.9804935],"to":[-6.3999987,8.54,-0.1804936],"rotation":{"angle":45.0,"axis":"y","origin":[10.400004,8.0,-1.1404939]},"faces":{"down":{"uv":[10.25,2.9375,9.25,3.125],"rotation":0,"texture":"#0","tintindex":0},"east":{"uv":[12.5,9.625,12.6875,9.75],"rotation":0,"texture":"#0","tintindex":0},"north":{"uv":[10.3125,7.9375,11.3125,8.0625],"rotation":0,"texture":"#0","tintindex":0},"south":{"uv":[10.3125,8.0625,11.3125,8.1875],"rotation":0,"texture":"#0","tintindex":0},"up":{"uv":[10.25,2.9375,9.25,2.75],"rotation":0,"texture":"#0","tintindex":0},"west":{"uv":[10.125,12.5,10.3125,12.625],"rotation":0,"texture":"#0","tintindex":0}}}],"display":{"head":{"translation":[-22.89616,-6.4,0.0],"rotation":[0.0,0.0,0.0],"scale":[3.8095,3.8095,3.8095]}}}