{"textures":{"0":"modelengine:entity/rongamduong","1":"modelengine:entity/mvg"},"elements":[{"name":"cube","from":[6.8,7.4,7.4],"to":[8.6,9.2,9.2],"rotation":{"angle":0.0,"axis":"x","origin":[8.0,7.4,9.2]},"faces":{"down":{"uv":[3.6875,12.3125,3.5,12.5],"rotation":0,"texture":"#0","tintindex":0},"east":{"uv":[12.3125,2.4375,12.5,2.625],"rotation":0,"texture":"#0","tintindex":0},"north":{"uv":[12.3125,2.125,12.5,2.3125],"rotation":0,"texture":"#0","tintindex":0},"south":{"uv":[2.9375,12.3125,3.125,12.5],"rotation":0,"texture":"#0","tintindex":0},"up":{"uv":[3.5,12.5,3.3125,12.3125],"rotation":0,"texture":"#0","tintindex":0},"west":{"uv":[3.125,12.3125,3.3125,12.5],"rotation":0,"texture":"#0","tintindex":0}}},{"name":"cube","from":[6.92,7.22,9.2],"to":[8.48,8.9,10.4],"rotation":{"angle":0.0,"axis":"x","origin":[8.0,7.4,11.0]},"faces":{"down":{"uv":[12.71875,8.25,12.5625,8.375],"rotation":0,"texture":"#0","tintindex":0},"east":{"uv":[4.9375,12.5625,5.0625,12.75],"rotation":0,"texture":"#0","tintindex":0},"north":{"uv":[12.125,12.3125,12.28125,12.5],"rotation":0,"texture":"#0","tintindex":0},"south":{"uv":[12.3125,12.125,12.46875,12.3125],"rotation":0,"texture":"#0","tintindex":0},"up":{"uv":[12.71875,8.25,12.5625,8.125],"rotation":0,"texture":"#0","tintindex":0},"west":{"uv":[12.5625,5.0,12.6875,5.1875],"rotation":0,"texture":"#0","tintindex":0}}},{"name":"cube","from":[6.98,7.04,10.4],"to":[8.42,8.48,11.06],"rotation":{"angle":0.0,"axis":"x","origin":[8.0,7.4,12.2]},"faces":{"down":{"uv":[12.84375,6.25,12.6875,6.3125],"rotation":0,"texture":"#0","tintindex":0},"east":{"uv":[10.3125,11.1875,10.375,11.34375],"rotation":0,"texture":"#0","tintindex":0},"north":{"uv":[12.4375,0.1875,12.59375,0.34375],"rotation":0,"texture":"#0","tintindex":0},"south":{"uv":[12.4375,0.375,12.59375,0.53125],"rotation":0,"texture":"#0","tintindex":0},"up":{"uv":[6.40625,12.75,6.25,12.6875],"rotation":0,"texture":"#0","tintindex":0},"west":{"uv":[10.5625,11.25,10.625,11.40625],"rotation":0,"texture":"#0","tintindex":0}}},{"name":"cube","from":[7.1,6.92,11.06],"to":[8.3,8.06,11.660001],"rotation":{"angle":0.0,"axis":"x","origin":[8.0,7.4,12.8]},"faces":{"down":{"uv":[7.0,12.125,6.875,12.1875],"rotation":0,"texture":"#0","tintindex":0},"east":{"uv":[1.4375,12.5,1.5,12.625],"rotation":0,"texture":"#0","tintindex":0},"north":{"uv":[4.8125,12.625,4.9375,12.75],"rotation":0,"texture":"#0","tintindex":0},"south":{"uv":[5.0625,12.625,5.1875,12.75],"rotation":0,"texture":"#0","tintindex":0},"up":{"uv":[12.25,6.5625,12.125,6.5],"rotation":0,"texture":"#0","tintindex":0},"west":{"uv":[6.5,12.5,6.5625,12.625],"rotation":0,"texture":"#0","tintindex":0}}}],"display":{"head":{"translation":[0.0,-6.4,0.0],"rotation":[0.0,0.0,0.0],"scale":[3.8095,3.8095,3.8095]}}}