{"textures":{"0":"modelengine:entity/rongamduong","1":"modelengine:entity/mvg"},"elements":[{"name":"cube","from":[6.2,6.2,5.0],"to":[9.2,8.0,8.6],"rotation":{"angle":0.0,"axis":"x","origin":[8.0,7.4,8.0]},"faces":{"down":{"uv":[10.8125,10.1875,10.5,10.5625],"rotation":0,"texture":"#0","tintindex":0},"east":{"uv":[11.4375,10.25,11.8125,10.4375],"rotation":0,"texture":"#0","tintindex":0},"north":{"uv":[11.6875,7.125,12.0,7.3125],"rotation":0,"texture":"#0","tintindex":0},"south":{"uv":[7.8125,11.6875,8.125,11.875],"rotation":0,"texture":"#0","tintindex":0},"up":{"uv":[10.8125,10.1875,10.5,9.8125],"rotation":0,"texture":"#0","tintindex":0},"west":{"uv":[11.4375,10.4375,11.8125,10.625],"rotation":0,"texture":"#0","tintindex":0}}},{"name":"cube","from":[6.2,8.0,6.2],"to":[9.2,9.8,8.0],"rotation":{"angle":0.0,"axis":"x","origin":[8.0,9.2,8.0]},"faces":{"down":{"uv":[0.5,11.75,0.1875,11.9375],"rotation":0,"texture":"#0","tintindex":0},"east":{"uv":[4.5625,12.125,4.75,12.3125],"rotation":0,"texture":"#0","tintindex":0},"north":{"uv":[11.6875,7.875,12.0,8.0625],"rotation":0,"texture":"#0","tintindex":0},"south":{"uv":[11.6875,11.375,12.0,11.5625],"rotation":0,"texture":"#0","tintindex":0},"up":{"uv":[12.0,11.75,11.6875,11.5625],"rotation":0,"texture":"#0","tintindex":0},"west":{"uv":[4.75,12.125,4.9375,12.3125],"rotation":0,"texture":"#0","tintindex":0}}},{"name":"cube","from":[6.8,6.2,8.6],"to":[8.6,8.0,10.4],"rotation":{"angle":0.0,"axis":"x","origin":[8.0,7.4,11.6]},"faces":{"down":{"uv":[12.3125,6.8125,12.125,7.0],"rotation":0,"texture":"#0","tintindex":0},"east":{"uv":[4.9375,12.125,5.125,12.3125],"rotation":0,"texture":"#0","tintindex":0},"north":{"uv":[12.125,4.8125,12.3125,5.0],"rotation":0,"texture":"#0","tintindex":0},"south":{"uv":[6.0,12.125,6.1875,12.3125],"rotation":0,"texture":"#0","tintindex":0},"up":{"uv":[12.3125,6.5,12.125,6.3125],"rotation":0,"texture":"#0","tintindex":0},"west":{"uv":[6.1875,12.125,6.375,12.3125],"rotation":0,"texture":"#0","tintindex":0}}}],"display":{"head":{"translation":[0.0,-6.4,0.0],"rotation":[0.0,0.0,0.0],"scale":[3.8095,3.8095,3.8095]}}}