{"textures":{"0":"modelengine:entity/rongamduong","1":"modelengine:entity/mvg"},"elements":[{"name":"cube","from":[7.4,6.8,6.8],"to":[8.6,8.6,8.6],"rotation":{"angle":0.0,"axis":"x","origin":[8.0,6.8,6.8]},"faces":{"down":{"uv":[12.5625,11.375,12.4375,11.5625],"rotation":0,"texture":"#0","tintindex":0},"east":{"uv":[10.125,12.125,10.3125,12.3125],"rotation":0,"texture":"#0","tintindex":0},"north":{"uv":[12.4375,10.6875,12.5625,10.875],"rotation":0,"texture":"#0","tintindex":0},"south":{"uv":[12.4375,11.0,12.5625,11.1875],"rotation":0,"texture":"#0","tintindex":0},"up":{"uv":[11.25,12.625,11.125,12.4375],"rotation":0,"texture":"#0","tintindex":0},"west":{"uv":[12.125,10.125,12.3125,10.3125],"rotation":0,"texture":"#0","tintindex":0}}},{"name":"cube","from":[7.52,6.62,5.6],"to":[8.48,8.3,6.8],"rotation":{"angle":0.0,"axis":"x","origin":[8.0,6.8,5.0]},"faces":{"down":{"uv":[12.78125,4.1875,12.6875,4.3125],"rotation":0,"texture":"#0","tintindex":0},"east":{"uv":[12.4375,11.5625,12.5625,11.75],"rotation":0,"texture":"#0","tintindex":0},"north":{"uv":[12.625,0.0,12.71875,0.1875],"rotation":0,"texture":"#0","tintindex":0},"south":{"uv":[12.625,0.1875,12.71875,0.375],"rotation":0,"texture":"#0","tintindex":0},"up":{"uv":[12.78125,4.1875,12.6875,4.0625],"rotation":0,"texture":"#0","tintindex":0},"west":{"uv":[11.625,12.4375,11.75,12.625],"rotation":0,"texture":"#0","tintindex":0}}},{"name":"cube","from":[7.58,6.44,4.9399996],"to":[8.42,7.88,5.6],"rotation":{"angle":0.0,"axis":"x","origin":[8.0,6.8,3.7999997]},"faces":{"down":{"uv":[12.78125,10.8125,12.6875,10.875],"rotation":0,"texture":"#0","tintindex":0},"east":{"uv":[1.3125,10.0625,1.375,10.21875],"rotation":0,"texture":"#0","tintindex":0},"north":{"uv":[0.25,12.6875,0.34375,12.84375],"rotation":0,"texture":"#0","tintindex":0},"south":{"uv":[0.375,12.6875,0.46875,12.84375],"rotation":0,"texture":"#0","tintindex":0},"up":{"uv":[12.78125,10.8125,12.6875,10.75],"rotation":0,"texture":"#0","tintindex":0},"west":{"uv":[3.25,10.1875,3.3125,10.34375],"rotation":0,"texture":"#0","tintindex":0}}},{"name":"cube","from":[7.7,6.3199997,4.3399997],"to":[8.3,7.46,4.9399996],"rotation":{"angle":0.0,"axis":"x","origin":[8.0,6.8,3.1999998]},"faces":{"down":{"uv":[10.875,11.0,10.8125,11.0625],"rotation":0,"texture":"#0","tintindex":0},"east":{"uv":[0.875,11.75,0.9375,11.875],"rotation":0,"texture":"#0","tintindex":0},"north":{"uv":[11.5,11.6875,11.5625,11.8125],"rotation":0,"texture":"#0","tintindex":0},"south":{"uv":[7.75,11.75,7.8125,11.875],"rotation":0,"texture":"#0","tintindex":0},"up":{"uv":[11.0,7.0,10.9375,6.9375],"rotation":0,"texture":"#0","tintindex":0},"west":{"uv":[11.75,8.875,11.8125,9.0],"rotation":0,"texture":"#0","tintindex":0}}}],"display":{"head":{"translation":[0.0,-6.4,0.0],"rotation":[0.0,0.0,0.0],"scale":[3.8095,3.8095,3.8095]}}}