{"textures":{"0":"modelengine:entity/rongamduong","1":"modelengine:entity/mvg"},"elements":[{"name":"cube","from":[6.8,6.2,5.0],"to":[9.8,8.0,8.6],"rotation":{"angle":0.0,"axis":"x","origin":[8.0,7.4,8.0]},"faces":{"down":{"uv":[7.375,10.5,7.0625,10.875],"rotation":0,"texture":"#0","tintindex":0},"east":{"uv":[11.4375,5.25,11.8125,5.4375],"rotation":0,"texture":"#0","tintindex":0},"north":{"uv":[11.625,8.375,11.9375,8.5625],"rotation":0,"texture":"#0","tintindex":0},"south":{"uv":[11.6875,1.875,12.0,2.0625],"rotation":0,"texture":"#0","tintindex":0},"up":{"uv":[10.8125,4.4375,10.5,4.0625],"rotation":0,"texture":"#0","tintindex":0},"west":{"uv":[11.4375,7.3125,11.8125,7.5],"rotation":0,"texture":"#0","tintindex":0}}},{"name":"cube","from":[6.8,8.0,6.2],"to":[9.8,9.8,8.0],"rotation":{"angle":0.0,"axis":"x","origin":[8.0,9.2,8.0]},"faces":{"down":{"uv":[5.125,11.6875,4.8125,11.875],"rotation":0,"texture":"#0","tintindex":0},"east":{"uv":[12.125,1.5,12.3125,1.6875],"rotation":0,"texture":"#0","tintindex":0},"north":{"uv":[11.6875,2.9375,12.0,3.125],"rotation":0,"texture":"#0","tintindex":0},"south":{"uv":[4.1875,11.6875,4.5,11.875],"rotation":0,"texture":"#0","tintindex":0},"up":{"uv":[4.8125,11.875,4.5,11.6875],"rotation":0,"texture":"#0","tintindex":0},"west":{"uv":[1.8125,12.125,2.0,12.3125],"rotation":0,"texture":"#0","tintindex":0}}},{"name":"cube","from":[7.4,6.2,8.6],"to":[9.2,8.0,10.4],"rotation":{"angle":0.0,"axis":"x","origin":[8.0,7.4,11.6]},"faces":{"down":{"uv":[3.625,12.125,3.4375,12.3125],"rotation":0,"texture":"#0","tintindex":0},"east":{"uv":[12.125,2.0,12.3125,2.1875],"rotation":0,"texture":"#0","tintindex":0},"north":{"uv":[2.0,12.125,2.1875,12.3125],"rotation":0,"texture":"#0","tintindex":0},"south":{"uv":[12.125,2.4375,12.3125,2.625],"rotation":0,"texture":"#0","tintindex":0},"up":{"uv":[3.4375,12.3125,3.25,12.125],"rotation":0,"texture":"#0","tintindex":0},"west":{"uv":[3.0625,12.125,3.25,12.3125],"rotation":0,"texture":"#0","tintindex":0}}}],"display":{"head":{"translation":[0.0,-6.4,0.0],"rotation":[0.0,0.0,0.0],"scale":[3.8095,3.8095,3.8095]}}}