{"textures":{"0":"modelengine:entity/rongamduong","1":"modelengine:entity/mvg"},"elements":[{"name":"cube","from":[-1.7641201,7.16,7.16],"to":[10.83588,8.96,8.96],"rotation":{"angle":0.0,"axis":"x","origin":[10.83588,8.0,8.0]},"faces":{"down":{"uv":[9.4375,2.0625,8.125,2.25],"rotation":0,"texture":"#0","tintindex":0},"east":{"uv":[0.0,12.1875,0.1875,12.375],"rotation":0,"texture":"#0","tintindex":0},"north":{"uv":[8.125,1.5,9.4375,1.6875],"rotation":0,"texture":"#0","tintindex":0},"south":{"uv":[8.125,1.6875,9.4375,1.875],"rotation":0,"texture":"#0","tintindex":0},"up":{"uv":[9.4375,2.0625,8.125,1.875],"rotation":0,"texture":"#0","tintindex":0},"west":{"uv":[0.1875,12.1875,0.375,12.375],"rotation":0,"texture":"#0","tintindex":0}}},{"name":"cube","from":[-3.5641203,6.5600004,6.5600004],"to":[-0.5641203,9.56,9.56],"rotation":{"angle":0.0,"axis":"x","origin":[10.83588,8.0,8.0]},"faces":{"down":{"uv":[4.375,10.875,4.0625,11.1875],"rotation":0,"texture":"#0","tintindex":0},"east":{"uv":[10.875,1.3125,11.1875,1.625],"rotation":0,"texture":"#0","tintindex":0},"north":{"uv":[10.8125,10.0625,11.125,10.375],"rotation":0,"texture":"#0","tintindex":0},"south":{"uv":[3.1875,10.875,3.5,11.1875],"rotation":0,"texture":"#0","tintindex":0},"up":{"uv":[4.0625,11.1875,3.75,10.875],"rotation":0,"texture":"#0","tintindex":0},"west":{"uv":[10.875,3.375,11.1875,3.6875],"rotation":0,"texture":"#0","tintindex":0}}},{"name":"cube","from":[-9.182959,6.6800003,10.812978],"to":[-1.9829588,9.080001,13.812979],"rotation":{"angle":-22.5,"axis":"y","origin":[9.417042,8.0,12.252978]},"faces":{"down":{"uv":[7.9375,8.3125,7.1875,8.625],"rotation":0,"texture":"#0","tintindex":0},"east":{"uv":[0.25,11.3125,0.5625,11.5625],"rotation":0,"texture":"#0","tintindex":0},"north":{"uv":[9.25,2.25,10.0,2.5],"rotation":0,"texture":"#0","tintindex":0},"south":{"uv":[9.25,2.5,10.0,2.75],"rotation":0,"texture":"#0","tintindex":0},"up":{"uv":[1.25,8.5625,0.5,8.25],"rotation":0,"texture":"#0","tintindex":0},"west":{"uv":[0.5625,11.3125,0.875,11.5625],"rotation":0,"texture":"#0","tintindex":0}}},{"name":"cube","from":[-16.0,7.04,12.094249],"to":[-10.599999,8.4800005,14.554249],"rotation":{"angle":-45.0,"axis":"y","origin":[0.8000021,8.0,13.534248]},"faces":{"down":{"uv":[10.5,7.3125,9.9375,7.5625],"rotation":0,"texture":"#0","tintindex":0},"east":{"uv":[8.5,12.0625,8.75,12.21875],"rotation":0,"texture":"#0","tintindex":0},"north":{"uv":[0.375,11.125,0.9375,11.28125],"rotation":0,"texture":"#0","tintindex":0},"south":{"uv":[2.125,11.125,2.6875,11.28125],"rotation":0,"texture":"#0","tintindex":0},"up":{"uv":[6.375,10.1875,5.8125,9.9375],"rotation":0,"texture":"#0","tintindex":0},"west":{"uv":[12.0625,8.875,12.3125,9.03125],"rotation":0,"texture":"#0","tintindex":0}}},{"name":"cube","from":[-1.7641201,8.0,8.96],"to":[10.83588,8.0,30.560001],"rotation":{"angle":0.0,"axis":"x","origin":[10.83588,8.0,8.0]},"faces":{"down":{"uv":[1.3125,5.375,0.0,7.625],"rotation":0,"texture":"#0","tintindex":0},"east":{"uv":[0.0,0.0,2.25,0.0],"rotation":0,"texture":"#0","tintindex":0},"north":{"uv":[0.0,0.0,1.3125,0.0],"rotation":0,"texture":"#0","tintindex":0},"south":{"uv":[0.0,0.0,1.3125,0.0],"rotation":0,"texture":"#0","tintindex":0},"up":{"uv":[6.5625,6.75,5.25,4.5],"rotation":0,"texture":"#0","tintindex":0},"west":{"uv":[0.0,0.0,2.25,0.0],"rotation":0,"texture":"#0","tintindex":0}}}],"display":{"head":{"translation":[-10.587286,-6.4,0.0],"rotation":[0.0,0.0,0.0],"scale":[3.8095,3.8095,3.8095]}}}