{"textures":{"0":"modelengine:entity/rongamduong","1":"modelengine:entity/mvg"},"elements":[{"name":"cube","from":[1.8670998,7.3399997,7.16],"to":[10.8671,8.54,8.96],"rotation":{"angle":0.0,"axis":"x","origin":[-10.732901,8.0,8.0]},"faces":{"down":{"uv":[10.3125,6.375,9.375,6.5625],"rotation":0,"texture":"#0","tintindex":0},"east":{"uv":[2.5625,12.5,2.75,12.625],"rotation":0,"texture":"#0","tintindex":0},"north":{"uv":[10.5625,0.0,11.5,0.125],"rotation":0,"texture":"#0","tintindex":0},"south":{"uv":[10.5625,0.125,11.5,0.25],"rotation":0,"texture":"#0","tintindex":0},"up":{"uv":[10.3125,6.375,9.375,6.1875],"rotation":0,"texture":"#0","tintindex":0},"west":{"uv":[12.5,2.6875,12.6875,2.8125],"rotation":0,"texture":"#0","tintindex":0}}},{"name":"cube","from":[11.504765,7.3399997,2.2742472],"to":[19.304764,8.54,4.0742474],"rotation":{"angle":-22.5,"axis":"y","origin":[-1.0952358,8.0,3.114248]},"faces":{"down":{"uv":[10.375,9.125,9.5625,9.3125],"rotation":0,"texture":"#0","tintindex":0},"east":{"uv":[2.75,12.5,2.9375,12.625],"rotation":0,"texture":"#0","tintindex":0},"north":{"uv":[10.75,3.75,11.5625,3.875],"rotation":0,"texture":"#0","tintindex":0},"south":{"uv":[10.75,3.875,11.5625,4.0],"rotation":0,"texture":"#0","tintindex":0},"up":{"uv":[10.375,4.125,9.5625,3.9375],"rotation":0,"texture":"#0","tintindex":0},"west":{"uv":[2.9375,12.5,3.125,12.625],"rotation":0,"texture":"#0","tintindex":0}}},{"name":"cube","from":[22.399998,7.3399997,-1.9804935],"to":[32.0,8.54,-0.1804936],"rotation":{"angle":-45.0,"axis":"y","origin":[5.5999956,8.0,-1.1404939]},"faces":{"down":{"uv":[9.8125,8.1875,8.8125,8.375],"rotation":0,"texture":"#0","tintindex":0},"east":{"uv":[12.5,3.0,12.6875,3.125],"rotation":0,"texture":"#0","tintindex":0},"north":{"uv":[9.875,3.625,10.875,3.75],"rotation":0,"texture":"#0","tintindex":0},"south":{"uv":[10.3125,7.1875,11.3125,7.3125],"rotation":0,"texture":"#0","tintindex":0},"up":{"uv":[9.5625,1.125,8.5625,0.9375],"rotation":0,"texture":"#0","tintindex":0},"west":{"uv":[3.125,12.5,3.3125,12.625],"rotation":0,"texture":"#0","tintindex":0}}}],"display":{"head":{"translation":[22.89616,-6.4,0.0],"rotation":[0.0,0.0,0.0],"scale":[3.8095,3.8095,3.8095]}}}