{"textures":{"0":"modelengine:entity/rongamduong","1":"modelengine:entity/mvg"},"elements":[{"name":"cube","from":[6.2,7.4,7.4],"to":[8.0,8.6,13.400001],"rotation":{"angle":0.0,"axis":"x","origin":[-4.6000004,8.0,6.2]},"faces":{"down":{"uv":[2.125,10.3125,1.9375,10.9375],"rotation":0,"texture":"#0","tintindex":0},"east":{"uv":[11.1875,4.8125,11.8125,4.9375],"rotation":0,"texture":"#0","tintindex":0},"north":{"uv":[12.125,2.1875,12.3125,2.3125],"rotation":0,"texture":"#0","tintindex":0},"south":{"uv":[1.0625,12.5,1.25,12.625],"rotation":0,"texture":"#0","tintindex":0},"up":{"uv":[10.1875,10.875,10.0,10.25],"rotation":0,"texture":"#0","tintindex":0},"west":{"uv":[11.1875,10.875,11.8125,11.0],"rotation":0,"texture":"#0","tintindex":0}}},{"name":"cube","from":[7.618337,7.4,8.669533],"to":[9.418337,8.6,14.669535],"rotation":{"angle":-22.5,"axis":"y","origin":[-3.181663,8.0,7.469534]},"faces":{"down":{"uv":[0.1875,10.5625,0.0,11.1875],"rotation":0,"texture":"#0","tintindex":0},"east":{"uv":[11.25,6.625,11.875,6.75],"rotation":0,"texture":"#0","tintindex":0},"north":{"uv":[1.25,12.5,1.4375,12.625],"rotation":0,"texture":"#0","tintindex":0},"south":{"uv":[12.5,1.5,12.6875,1.625],"rotation":0,"texture":"#0","tintindex":0},"up":{"uv":[5.8125,11.0,5.625,10.375],"rotation":0,"texture":"#0","tintindex":0},"west":{"uv":[10.8125,11.25,11.4375,11.375],"rotation":0,"texture":"#0","tintindex":0}}},{"name":"cube","from":[8.442882,7.4,10.385204],"to":[10.242882,8.6,18.785204],"rotation":{"angle":-45.0,"axis":"y","origin":[-2.3571186,8.0,9.185204]},"faces":{"down":{"uv":[1.75,9.4375,1.5625,10.3125],"rotation":0,"texture":"#0","tintindex":0},"east":{"uv":[10.5625,2.0625,11.4375,2.1875],"rotation":0,"texture":"#0","tintindex":0},"north":{"uv":[1.625,12.5,1.8125,12.625],"rotation":0,"texture":"#0","tintindex":0},"south":{"uv":[1.8125,12.5,2.0,12.625],"rotation":0,"texture":"#0","tintindex":0},"up":{"uv":[1.5625,10.3125,1.375,9.4375],"rotation":0,"texture":"#0","tintindex":0},"west":{"uv":[10.625,6.8125,11.5,6.9375],"rotation":0,"texture":"#0","tintindex":0}}}],"display":{"head":{"translation":[0.0,-6.4,0.0],"rotation":[0.0,0.0,0.0],"scale":[3.8095,3.8095,3.8095]}}}