{"textures":{"0":"modelengine:entity/rongamduong","1":"modelengine:entity/mvg"},"elements":[{"name":"cube","from":[7.4,7.4,8.0],"to":[8.6,9.2,9.8],"rotation":{"angle":0.0,"axis":"x","origin":[8.0,7.4,9.8]},"faces":{"down":{"uv":[8.25,12.4375,8.125,12.625],"rotation":0,"texture":"#0","tintindex":0},"east":{"uv":[12.125,4.3125,12.3125,4.5],"rotation":0,"texture":"#0","tintindex":0},"north":{"uv":[7.625,12.4375,7.75,12.625],"rotation":0,"texture":"#0","tintindex":0},"south":{"uv":[7.75,12.4375,7.875,12.625],"rotation":0,"texture":"#0","tintindex":0},"up":{"uv":[8.125,12.625,8.0,12.4375],"rotation":0,"texture":"#0","tintindex":0},"west":{"uv":[4.375,12.125,4.5625,12.3125],"rotation":0,"texture":"#0","tintindex":0}}},{"name":"cube","from":[7.52,7.22,9.8],"to":[8.48,8.9,11.0],"rotation":{"angle":0.0,"axis":"x","origin":[8.0,7.4,11.6]},"faces":{"down":{"uv":[3.71875,12.6875,3.625,12.8125],"rotation":0,"texture":"#0","tintindex":0},"east":{"uv":[12.4375,8.1875,12.5625,8.375],"rotation":0,"texture":"#0","tintindex":0},"north":{"uv":[11.75,12.5625,11.84375,12.75],"rotation":0,"texture":"#0","tintindex":0},"south":{"uv":[12.5625,11.75,12.65625,11.9375],"rotation":0,"texture":"#0","tintindex":0},"up":{"uv":[12.78125,3.625,12.6875,3.5],"rotation":0,"texture":"#0","tintindex":0},"west":{"uv":[8.25,12.4375,8.375,12.625],"rotation":0,"texture":"#0","tintindex":0}}},{"name":"cube","from":[7.58,7.04,11.0],"to":[8.42,8.48,11.660001],"rotation":{"angle":0.0,"axis":"x","origin":[8.0,7.4,12.8]},"faces":{"down":{"uv":[12.78125,10.4375,12.6875,10.5],"rotation":0,"texture":"#0","tintindex":0},"east":{"uv":[5.1875,9.5,5.25,9.65625],"rotation":0,"texture":"#0","tintindex":0},"north":{"uv":[12.625,11.9375,12.71875,12.09375],"rotation":0,"texture":"#0","tintindex":0},"south":{"uv":[12.625,12.125,12.71875,12.28125],"rotation":0,"texture":"#0","tintindex":0},"up":{"uv":[12.78125,10.4375,12.6875,10.375],"rotation":0,"texture":"#0","tintindex":0},"west":{"uv":[7.5,9.625,7.5625,9.78125],"rotation":0,"texture":"#0","tintindex":0}}},{"name":"cube","from":[7.7,6.92,11.660001],"to":[8.3,8.06,12.26],"rotation":{"angle":0.0,"axis":"x","origin":[8.0,7.4,13.400001]},"faces":{"down":{"uv":[1.375,10.25,1.3125,10.3125],"rotation":0,"texture":"#0","tintindex":0},"east":{"uv":[9.9375,11.25,10.0,11.375],"rotation":0,"texture":"#0","tintindex":0},"north":{"uv":[8.625,11.25,8.6875,11.375],"rotation":0,"texture":"#0","tintindex":0},"south":{"uv":[0.875,11.3125,0.9375,11.4375],"rotation":0,"texture":"#0","tintindex":0},"up":{"uv":[10.25,1.875,10.1875,1.8125],"rotation":0,"texture":"#0","tintindex":0},"west":{"uv":[11.3125,5.125,11.375,5.25],"rotation":0,"texture":"#0","tintindex":0}}}],"display":{"head":{"translation":[0.0,-6.4,0.0],"rotation":[0.0,0.0,0.0],"scale":[3.8095,3.8095,3.8095]}}}