{"textures":{"0":"modelengine:entity/rongamduong","1":"modelengine:entity/mvg"},"elements":[{"name":"cube","from":[7.4,6.8,6.8],"to":[8.6,8.6,8.6],"rotation":{"angle":0.0,"axis":"x","origin":[8.0,6.8,6.8]},"faces":{"down":{"uv":[4.4375,12.4375,4.3125,12.625],"rotation":0,"texture":"#0","tintindex":0},"east":{"uv":[3.625,12.125,3.8125,12.3125],"rotation":0,"texture":"#0","tintindex":0},"north":{"uv":[12.4375,1.3125,12.5625,1.5],"rotation":0,"texture":"#0","tintindex":0},"south":{"uv":[12.4375,1.75,12.5625,1.9375],"rotation":0,"texture":"#0","tintindex":0},"up":{"uv":[4.3125,12.625,4.1875,12.4375],"rotation":0,"texture":"#0","tintindex":0},"west":{"uv":[3.8125,12.125,4.0,12.3125],"rotation":0,"texture":"#0","tintindex":0}}},{"name":"cube","from":[7.52,6.62,5.6],"to":[8.48,8.3,6.8],"rotation":{"angle":0.0,"axis":"x","origin":[8.0,6.8,5.0]},"faces":{"down":{"uv":[12.78125,2.625,12.6875,2.75],"rotation":0,"texture":"#0","tintindex":0},"east":{"uv":[4.4375,12.4375,4.5625,12.625],"rotation":0,"texture":"#0","tintindex":0},"north":{"uv":[12.5625,9.875,12.65625,10.0625],"rotation":0,"texture":"#0","tintindex":0},"south":{"uv":[10.5,12.5625,10.59375,12.75],"rotation":0,"texture":"#0","tintindex":0},"up":{"uv":[12.78125,2.5625,12.6875,2.4375],"rotation":0,"texture":"#0","tintindex":0},"west":{"uv":[4.5625,12.4375,4.6875,12.625],"rotation":0,"texture":"#0","tintindex":0}}},{"name":"cube","from":[7.58,6.44,4.9399996],"to":[8.42,7.88,5.6],"rotation":{"angle":0.0,"axis":"x","origin":[8.0,6.8,3.7999997]},"faces":{"down":{"uv":[12.78125,10.0,12.6875,10.0625],"rotation":0,"texture":"#0","tintindex":0},"east":{"uv":[8.5,8.75,8.5625,8.90625],"rotation":0,"texture":"#0","tintindex":0},"north":{"uv":[10.0625,12.625,10.15625,12.78125],"rotation":0,"texture":"#0","tintindex":0},"south":{"uv":[10.1875,12.625,10.28125,12.78125],"rotation":0,"texture":"#0","tintindex":0},"up":{"uv":[1.78125,12.3125,1.6875,12.25],"rotation":0,"texture":"#0","tintindex":0},"west":{"uv":[5.75,9.0625,5.8125,9.21875],"rotation":0,"texture":"#0","tintindex":0}}},{"name":"cube","from":[7.7,6.3199997,4.3399997],"to":[8.3,7.46,4.9399996],"rotation":{"angle":0.0,"axis":"x","origin":[8.0,6.8,3.1999998]},"faces":{"down":{"uv":[1.3125,8.25,1.25,8.3125],"rotation":0,"texture":"#0","tintindex":0},"east":{"uv":[8.875,6.625,8.9375,6.75],"rotation":0,"texture":"#0","tintindex":0},"north":{"uv":[3.9375,8.6875,4.0,8.8125],"rotation":0,"texture":"#0","tintindex":0},"south":{"uv":[6.625,9.0625,6.6875,9.1875],"rotation":0,"texture":"#0","tintindex":0},"up":{"uv":[5.0,7.5625,4.9375,7.5],"rotation":0,"texture":"#0","tintindex":0},"west":{"uv":[9.4375,5.0625,9.5,5.1875],"rotation":0,"texture":"#0","tintindex":0}}}],"display":{"head":{"translation":[0.0,-6.4,0.0],"rotation":[0.0,0.0,0.0],"scale":[3.8095,3.8095,3.8095]}}}