{"textures":{"0":"modelengine:entity/rongamduong","1":"modelengine:entity/mvg"},"elements":[{"name":"cube","from":[6.8,6.8,6.8],"to":[8.6,8.6,8.6],"rotation":{"angle":0.0,"axis":"x","origin":[8.0,6.8,6.8]},"faces":{"down":{"uv":[12.4375,11.75,12.25,11.9375],"rotation":0,"texture":"#0","tintindex":0},"east":{"uv":[11.125,12.25,11.3125,12.4375],"rotation":0,"texture":"#0","tintindex":0},"north":{"uv":[12.25,11.0,12.4375,11.1875],"rotation":0,"texture":"#0","tintindex":0},"south":{"uv":[12.25,11.375,12.4375,11.5625],"rotation":0,"texture":"#0","tintindex":0},"up":{"uv":[11.8125,12.4375,11.625,12.25],"rotation":0,"texture":"#0","tintindex":0},"west":{"uv":[12.25,11.5625,12.4375,11.75],"rotation":0,"texture":"#0","tintindex":0}}},{"name":"cube","from":[6.92,6.62,5.6],"to":[8.48,8.3,6.8],"rotation":{"angle":0.0,"axis":"x","origin":[8.0,6.8,5.0]},"faces":{"down":{"uv":[12.71875,7.75,12.5625,7.875],"rotation":0,"texture":"#0","tintindex":0},"east":{"uv":[2.0,12.5625,2.125,12.75],"rotation":0,"texture":"#0","tintindex":0},"north":{"uv":[10.75,12.3125,10.90625,12.5],"rotation":0,"texture":"#0","tintindex":0},"south":{"uv":[10.9375,12.3125,11.09375,12.5],"rotation":0,"texture":"#0","tintindex":0},"up":{"uv":[6.96875,12.6875,6.8125,12.5625],"rotation":0,"texture":"#0","tintindex":0},"west":{"uv":[12.5625,3.9375,12.6875,4.125],"rotation":0,"texture":"#0","tintindex":0}}},{"name":"cube","from":[6.98,6.44,4.94],"to":[8.42,7.88,5.6],"rotation":{"angle":0.0,"axis":"x","origin":[8.0,6.8,3.7999997]},"faces":{"down":{"uv":[5.53125,12.6875,5.375,12.75],"rotation":0,"texture":"#0","tintindex":0},"east":{"uv":[10.5625,11.0625,10.625,11.21875],"rotation":0,"texture":"#0","tintindex":0},"north":{"uv":[10.5,12.375,10.65625,12.53125],"rotation":0,"texture":"#0","tintindex":0},"south":{"uv":[11.8125,12.375,11.96875,12.53125],"rotation":0,"texture":"#0","tintindex":0},"up":{"uv":[5.34375,12.75,5.1875,12.6875],"rotation":0,"texture":"#0","tintindex":0},"west":{"uv":[8.1875,11.125,8.25,11.28125],"rotation":0,"texture":"#0","tintindex":0}}},{"name":"cube","from":[7.1,6.3199997,4.34],"to":[8.3,7.46,4.94],"rotation":{"angle":0.0,"axis":"x","origin":[8.0,6.8,3.1999998]},"faces":{"down":{"uv":[8.875,12.0625,8.75,12.125],"rotation":0,"texture":"#0","tintindex":0},"east":{"uv":[5.0625,12.4375,5.125,12.5625],"rotation":0,"texture":"#0","tintindex":0},"north":{"uv":[4.3125,12.625,4.4375,12.75],"rotation":0,"texture":"#0","tintindex":0},"south":{"uv":[4.4375,12.625,4.5625,12.75],"rotation":0,"texture":"#0","tintindex":0},"up":{"uv":[7.75,12.125,7.625,12.0625],"rotation":0,"texture":"#0","tintindex":0},"west":{"uv":[9.625,12.4375,9.6875,12.5625],"rotation":0,"texture":"#0","tintindex":0}}}],"display":{"head":{"translation":[0.0,-6.4,0.0],"rotation":[0.0,0.0,0.0],"scale":[3.8095,3.8095,3.8095]}}}