{"textures":{"0":"modelengine:entity/rongamduong","1":"modelengine:entity/mvg"},"elements":[{"name":"cube","from":[6.8,6.8,6.8],"to":[8.6,8.6,8.6],"rotation":{"angle":0.0,"axis":"x","origin":[8.0,6.8,6.8]},"faces":{"down":{"uv":[12.5,1.9375,12.3125,2.125],"rotation":0,"texture":"#0","tintindex":0},"east":{"uv":[12.3125,0.9375,12.5,1.125],"rotation":0,"texture":"#0","tintindex":0},"north":{"uv":[0.375,12.3125,0.5625,12.5],"rotation":0,"texture":"#0","tintindex":0},"south":{"uv":[12.3125,1.5,12.5,1.6875],"rotation":0,"texture":"#0","tintindex":0},"up":{"uv":[2.0625,12.5,1.875,12.3125],"rotation":0,"texture":"#0","tintindex":0},"west":{"uv":[1.6875,12.3125,1.875,12.5],"rotation":0,"texture":"#0","tintindex":0}}},{"name":"cube","from":[6.92,6.62,5.6],"to":[8.48,8.3,6.8],"rotation":{"angle":0.0,"axis":"x","origin":[8.0,6.8,5.0]},"faces":{"down":{"uv":[12.71875,8.0,12.5625,8.125],"rotation":0,"texture":"#0","tintindex":0},"east":{"uv":[12.5625,4.125,12.6875,4.3125],"rotation":0,"texture":"#0","tintindex":0},"north":{"uv":[11.4375,12.3125,11.59375,12.5],"rotation":0,"texture":"#0","tintindex":0},"south":{"uv":[12.3125,11.9375,12.46875,12.125],"rotation":0,"texture":"#0","tintindex":0},"up":{"uv":[12.71875,8.0,12.5625,7.875],"rotation":0,"texture":"#0","tintindex":0},"west":{"uv":[12.5625,4.625,12.6875,4.8125],"rotation":0,"texture":"#0","tintindex":0}}},{"name":"cube","from":[6.98,6.44,4.94],"to":[8.42,7.88,5.6],"rotation":{"angle":0.0,"axis":"x","origin":[8.0,6.8,3.7999997]},"faces":{"down":{"uv":[12.84375,6.1875,12.6875,6.25],"rotation":0,"texture":"#0","tintindex":0},"east":{"uv":[3.4375,11.1875,3.5,11.34375],"rotation":0,"texture":"#0","tintindex":0},"north":{"uv":[12.3125,12.375,12.46875,12.53125],"rotation":0,"texture":"#0","tintindex":0},"south":{"uv":[12.4375,0.0,12.59375,0.15625],"rotation":0,"texture":"#0","tintindex":0},"up":{"uv":[5.71875,12.75,5.5625,12.6875],"rotation":0,"texture":"#0","tintindex":0},"west":{"uv":[9.375,11.1875,9.4375,11.34375],"rotation":0,"texture":"#0","tintindex":0}}},{"name":"cube","from":[7.1,6.3199997,4.34],"to":[8.3,7.46,4.94],"rotation":{"angle":0.0,"axis":"x","origin":[8.0,6.8,3.1999998]},"faces":{"down":{"uv":[12.25,5.0,12.125,5.0625],"rotation":0,"texture":"#0","tintindex":0},"east":{"uv":[11.75,12.4375,11.8125,12.5625],"rotation":0,"texture":"#0","tintindex":0},"north":{"uv":[4.5625,12.625,4.6875,12.75],"rotation":0,"texture":"#0","tintindex":0},"south":{"uv":[4.6875,12.625,4.8125,12.75],"rotation":0,"texture":"#0","tintindex":0},"up":{"uv":[12.25,1.8125,12.125,1.75],"rotation":0,"texture":"#0","tintindex":0},"west":{"uv":[0.5,12.5,0.5625,12.625],"rotation":0,"texture":"#0","tintindex":0}}}],"display":{"head":{"translation":[0.0,-6.4,0.0],"rotation":[0.0,0.0,0.0],"scale":[3.8095,3.8095,3.8095]}}}