{"textures":{"0":"modelengine:entity/rongamduong","1":"modelengine:entity/mvg"},"elements":[{"name":"cube","from":[7.4,6.8,6.8],"to":[8.6,8.6,8.6],"rotation":{"angle":0.0,"axis":"x","origin":[8.0,6.8,6.8]},"faces":{"down":{"uv":[9.25,12.4375,9.125,12.625],"rotation":0,"texture":"#0","tintindex":0},"east":{"uv":[12.125,7.25,12.3125,7.4375],"rotation":0,"texture":"#0","tintindex":0},"north":{"uv":[8.375,12.4375,8.5,12.625],"rotation":0,"texture":"#0","tintindex":0},"south":{"uv":[8.5,12.4375,8.625,12.625],"rotation":0,"texture":"#0","tintindex":0},"up":{"uv":[8.75,12.625,8.625,12.4375],"rotation":0,"texture":"#0","tintindex":0},"west":{"uv":[7.625,12.125,7.8125,12.3125],"rotation":0,"texture":"#0","tintindex":0}}},{"name":"cube","from":[7.52,6.62,5.6],"to":[8.48,8.3,6.8],"rotation":{"angle":0.0,"axis":"x","origin":[8.0,6.8,5.0]},"faces":{"down":{"uv":[3.96875,12.6875,3.875,12.8125],"rotation":0,"texture":"#0","tintindex":0},"east":{"uv":[12.4375,9.125,12.5625,9.3125],"rotation":0,"texture":"#0","tintindex":0},"north":{"uv":[11.875,12.5625,11.96875,12.75],"rotation":0,"texture":"#0","tintindex":0},"south":{"uv":[12.25,12.5625,12.34375,12.75],"rotation":0,"texture":"#0","tintindex":0},"up":{"uv":[3.84375,12.8125,3.75,12.6875],"rotation":0,"texture":"#0","tintindex":0},"west":{"uv":[9.25,12.4375,9.375,12.625],"rotation":0,"texture":"#0","tintindex":0}}},{"name":"cube","from":[7.58,6.44,4.9399996],"to":[8.42,7.88,5.6],"rotation":{"angle":0.0,"axis":"x","origin":[8.0,6.8,3.7999997]},"faces":{"down":{"uv":[12.78125,10.5625,12.6875,10.625],"rotation":0,"texture":"#0","tintindex":0},"east":{"uv":[8.125,9.8125,8.1875,9.96875],"rotation":0,"texture":"#0","tintindex":0},"north":{"uv":[12.625,12.375,12.71875,12.53125],"rotation":0,"texture":"#0","tintindex":0},"south":{"uv":[12.625,12.5625,12.71875,12.71875],"rotation":0,"texture":"#0","tintindex":0},"up":{"uv":[12.78125,10.5625,12.6875,10.5],"rotation":0,"texture":"#0","tintindex":0},"west":{"uv":[6.875,9.9375,6.9375,10.09375],"rotation":0,"texture":"#0","tintindex":0}}},{"name":"cube","from":[7.7,6.3199997,4.3399997],"to":[8.3,7.46,4.9399996],"rotation":{"angle":0.0,"axis":"x","origin":[8.0,6.8,3.1999998]},"faces":{"down":{"uv":[10.375,8.1875,10.3125,8.25],"rotation":0,"texture":"#0","tintindex":0},"east":{"uv":[10.3125,11.375,10.375,11.5],"rotation":0,"texture":"#0","tintindex":0},"north":{"uv":[8.1875,11.3125,8.25,11.4375],"rotation":0,"texture":"#0","tintindex":0},"south":{"uv":[0.875,11.4375,0.9375,11.5625],"rotation":0,"texture":"#0","tintindex":0},"up":{"uv":[10.3125,7.625,10.25,7.5625],"rotation":0,"texture":"#0","tintindex":0},"west":{"uv":[2.375,11.4375,2.4375,11.5625],"rotation":0,"texture":"#0","tintindex":0}}}],"display":{"head":{"translation":[0.0,-6.4,0.0],"rotation":[0.0,0.0,0.0],"scale":[3.8095,3.8095,3.8095]}}}