{"textures":{"0":"modelengine:entity/rongamduong","1":"modelengine:entity/mvg"},"elements":[{"name":"cube","from":[8.0,5.0,5.6],"to":[10.4,9.2,9.8],"rotation":{"angle":0.0,"axis":"x","origin":[8.6,8.6,8.6]},"faces":{"down":{"uv":[7.9375,10.6875,7.6875,11.125],"rotation":0,"texture":"#0","tintindex":0},"east":{"uv":[9.0,0.3125,9.4375,0.75],"rotation":0,"texture":"#0","tintindex":0},"north":{"uv":[10.625,10.5625,10.875,11.0],"rotation":0,"texture":"#0","tintindex":0},"south":{"uv":[2.125,10.6875,2.375,11.125],"rotation":0,"texture":"#0","tintindex":0},"up":{"uv":[2.625,11.125,2.375,10.6875],"rotation":0,"texture":"#0","tintindex":0},"west":{"uv":[7.125,9.0,7.5625,9.4375],"rotation":0,"texture":"#0","tintindex":0}}},{"name":"cube","from":[6.8,6.8,6.8],"to":[9.8,11.0,11.0],"rotation":{"angle":0.0,"axis":"x","origin":[8.6,10.4,12.2]},"faces":{"down":{"uv":[10.0,10.25,9.6875,10.6875],"rotation":0,"texture":"#0","tintindex":0},"east":{"uv":[3.9375,9.0625,4.375,9.5],"rotation":0,"texture":"#0","tintindex":0},"north":{"uv":[2.125,10.25,2.4375,10.6875],"rotation":0,"texture":"#0","tintindex":0},"south":{"uv":[2.4375,10.25,2.75,10.6875],"rotation":0,"texture":"#0","tintindex":0},"up":{"uv":[10.5625,3.0625,10.25,2.625],"rotation":0,"texture":"#0","tintindex":0},"west":{"uv":[4.375,9.0625,4.8125,9.5],"rotation":0,"texture":"#0","tintindex":0}}},{"name":"cube","from":[8.6,5.6,6.2],"to":[11.0,9.8,9.2],"rotation":{"angle":0.0,"axis":"x","origin":[11.0,8.6,8.6]},"faces":{"down":{"uv":[11.4375,10.5625,11.1875,10.875],"rotation":0,"texture":"#0","tintindex":0},"east":{"uv":[1.3125,10.3125,1.625,10.75],"rotation":0,"texture":"#0","tintindex":0},"north":{"uv":[8.875,10.6875,9.125,11.125],"rotation":0,"texture":"#0","tintindex":0},"south":{"uv":[9.5625,10.6875,9.8125,11.125],"rotation":0,"texture":"#0","tintindex":0},"up":{"uv":[11.4375,10.5625,11.1875,10.25],"rotation":0,"texture":"#0","tintindex":0},"west":{"uv":[1.625,10.3125,1.9375,10.75],"rotation":0,"texture":"#0","tintindex":0}}},{"name":"cube","from":[8.0,3.1999998,5.8399997],"to":[10.219999,5.0,9.2],"rotation":{"angle":0.0,"axis":"x","origin":[8.6,4.3999996,8.6]},"faces":{"down":{"uv":[10.15625,11.375,9.9375,11.71875],"rotation":0,"texture":"#0","tintindex":0},"east":{"uv":[5.625,11.5625,5.96875,11.75],"rotation":0,"texture":"#0","tintindex":0},"north":{"uv":[12.0,11.5625,12.21875,11.75],"rotation":0,"texture":"#0","tintindex":0},"south":{"uv":[11.875,12.0,12.09375,12.1875],"rotation":0,"texture":"#0","tintindex":0},"up":{"uv":[9.59375,11.71875,9.375,11.375],"rotation":0,"texture":"#0","tintindex":0},"west":{"uv":[11.5625,6.375,11.90625,6.5625],"rotation":0,"texture":"#0","tintindex":0}}}],"display":{"head":{"translation":[0.0,-6.4,0.0],"rotation":[0.0,0.0,0.0],"scale":[3.8095,3.8095,3.8095]}}}