{"textures":{"0":"modelengine:entity/rongamduong","1":"modelengine:entity/mvg"},"elements":[{"name":"cube","from":[4.3999996,15.620001,-6.4000006],"to":[13.400001,20.0,0.19999981],"rotation":{"angle":0.0,"axis":"x","origin":[4.3999996,13.400001,0.19999981]},"faces":{"down":{"uv":[7.5,3.9375,6.5625,4.625],"rotation":0,"texture":"#0","tintindex":0},"east":{"uv":[6.3125,7.625,7.0,8.09375],"rotation":0,"texture":"#0","tintindex":0},"north":{"uv":[3.125,7.0,4.0625,7.46875],"rotation":0,"texture":"#0","tintindex":0},"south":{"uv":[4.0625,7.0,5.0,7.46875],"rotation":0,"texture":"#0","tintindex":0},"up":{"uv":[7.5,3.9375,6.5625,3.25],"rotation":0,"texture":"#0","tintindex":0},"west":{"uv":[7.0,7.625,7.6875,8.09375],"rotation":0,"texture":"#0","tintindex":0}}},{"name":"cube","from":[4.3999996,15.620001,-6.34],"to":[9.26,17.420002,0.19999981],"rotation":{"angle":-22.5,"axis":"z","origin":[4.3999996,15.620001,0.19999981]},"faces":{"down":{"uv":[8.0,3.25,7.5,3.9375],"rotation":0,"texture":"#0","tintindex":0},"east":{"uv":[10.1875,3.4375,10.875,3.625],"rotation":0,"texture":"#0","tintindex":0},"north":{"uv":[7.1875,8.125,7.6875,8.3125],"rotation":0,"texture":"#0","tintindex":0},"south":{"uv":[1.25,8.3125,1.75,8.5],"rotation":0,"texture":"#0","tintindex":0},"up":{"uv":[3.625,8.1875,3.125,7.5],"rotation":0,"texture":"#0","tintindex":0},"west":{"uv":[10.25,4.4375,10.9375,4.625],"rotation":0,"texture":"#0","tintindex":0}}},{"name":"cube","from":[8.54,15.620001,-6.34],"to":[13.400001,17.420002,0.19999981],"rotation":{"angle":22.5,"axis":"z","origin":[13.400001,15.620001,0.19999981]},"faces":{"down":{"uv":[8.0,3.9375,7.5,4.625],"rotation":0,"texture":"#0","tintindex":0},"east":{"uv":[10.3125,0.75,11.0,0.9375],"rotation":0,"texture":"#0","tintindex":0},"north":{"uv":[10.8125,2.9375,11.3125,3.125],"rotation":0,"texture":"#0","tintindex":0},"south":{"uv":[10.875,4.9375,11.375,5.125],"rotation":0,"texture":"#0","tintindex":0},"up":{"uv":[4.125,8.1875,3.625,7.5],"rotation":0,"texture":"#0","tintindex":0},"west":{"uv":[10.3125,7.0,11.0,7.1875],"rotation":0,"texture":"#0","tintindex":0}}},{"name":"cube","from":[5.6,20.0,-5.200001],"to":[12.2,21.2,0.19999981],"rotation":{"angle":0.0,"axis":"x","origin":[8.0,8.0,8.0]},"faces":{"down":{"uv":[7.875,4.625,7.1875,5.1875],"rotation":0,"texture":"#0","tintindex":0},"east":{"uv":[11.4375,1.3125,12.0,1.4375],"rotation":0,"texture":"#0","tintindex":0},"north":{"uv":[11.125,9.4375,11.8125,9.5625],"rotation":0,"texture":"#0","tintindex":0},"south":{"uv":[11.125,9.5625,11.8125,9.6875],"rotation":0,"texture":"#0","tintindex":0},"up":{"uv":[7.25,7.625,6.5625,7.0625],"rotation":0,"texture":"#0","tintindex":0},"west":{"uv":[11.4375,1.4375,12.0,1.5625],"rotation":0,"texture":"#0","tintindex":0}}},{"name":"cube","from":[6.8,21.2,-4.6000004],"to":[11.0,21.8,0.19999981],"rotation":{"angle":0.0,"axis":"x","origin":[8.0,8.0,8.0]},"faces":{"down":{"uv":[9.0,0.3125,8.5625,0.8125],"rotation":0,"texture":"#0","tintindex":0},"east":{"uv":[8.8125,4.5625,9.3125,4.625],"rotation":0,"texture":"#0","tintindex":0},"north":{"uv":[12.3125,7.375,12.75,7.4375],"rotation":0,"texture":"#0","tintindex":0},"south":{"uv":[12.3125,8.375,12.75,8.4375],"rotation":0,"texture":"#0","tintindex":0},"up":{"uv":[4.0,8.6875,3.5625,8.1875],"rotation":0,"texture":"#0","tintindex":0},"west":{"uv":[9.5625,4.125,10.0625,4.1875],"rotation":0,"texture":"#0","tintindex":0}}},{"name":"cube","from":[8.9,21.8,-4.6000004],"to":[8.9,24.8,0.19999981],"rotation":{"angle":0.0,"axis":"x","origin":[7.7,8.0,8.0]},"faces":{"down":{"uv":[0.0,0.0,0.0,0.5],"rotation":0,"texture":"#0","tintindex":0},"east":{"uv":[9.4375,7.875,9.9375,8.1875],"rotation":0,"texture":"#0","tintindex":0},"north":{"uv":[0.0,0.0,0.0,0.3125],"rotation":0,"texture":"#0","tintindex":0},"south":{"uv":[0.0,0.0,0.0,0.3125],"rotation":0,"texture":"#0","tintindex":0},"up":{"uv":[0.0,0.5,0.0,0.0],"rotation":0,"texture":"#0","tintindex":0},"west":{"uv":[0.0,9.5,0.5,9.8125],"rotation":0,"texture":"#0","tintindex":0}}}],"display":{"head":{"translation":[0.0,-6.4,0.0],"rotation":[0.0,0.0,0.0],"scale":[3.8095,3.8095,3.8095]}}}