{"textures":{"0":"modelengine:entity/rongamduong","1":"modelengine:entity/mvg"},"elements":[{"name":"cube","from":[5.6,5.0,5.6],"to":[8.0,9.2,9.8],"rotation":{"angle":0.0,"axis":"x","origin":[7.4,8.6,8.6]},"faces":{"down":{"uv":[6.3125,10.625,6.0625,11.0625],"rotation":0,"texture":"#0","tintindex":0},"east":{"uv":[8.9375,6.375,9.375,6.8125],"rotation":0,"texture":"#0","tintindex":0},"north":{"uv":[10.625,5.5,10.875,5.9375],"rotation":0,"texture":"#0","tintindex":0},"south":{"uv":[5.8125,10.625,6.0625,11.0625],"rotation":0,"texture":"#0","tintindex":0},"up":{"uv":[10.875,6.375,10.625,5.9375],"rotation":0,"texture":"#0","tintindex":0},"west":{"uv":[8.9375,6.8125,9.375,7.25],"rotation":0,"texture":"#0","tintindex":0}}},{"name":"cube","from":[6.2,6.8,6.8],"to":[9.2,11.0,11.0],"rotation":{"angle":0.0,"axis":"x","origin":[7.4,10.4,12.2]},"faces":{"down":{"uv":[10.5,9.6875,10.1875,10.125],"rotation":0,"texture":"#0","tintindex":0},"east":{"uv":[8.5,8.9375,8.9375,9.375],"rotation":0,"texture":"#0","tintindex":0},"north":{"uv":[3.5625,10.1875,3.875,10.625],"rotation":0,"texture":"#0","tintindex":0},"south":{"uv":[5.8125,10.1875,6.125,10.625],"rotation":0,"texture":"#0","tintindex":0},"up":{"uv":[6.4375,10.625,6.125,10.1875],"rotation":0,"texture":"#0","tintindex":0},"west":{"uv":[8.9375,8.9375,9.375,9.375],"rotation":0,"texture":"#0","tintindex":0}}},{"name":"cube","from":[5.0,5.6,6.2],"to":[7.4,9.8,9.2],"rotation":{"angle":0.0,"axis":"x","origin":[5.0,8.6,8.6]},"faces":{"down":{"uv":[7.25,11.1875,7.0,11.5],"rotation":0,"texture":"#0","tintindex":0},"east":{"uv":[10.1875,10.125,10.5,10.5625],"rotation":0,"texture":"#0","tintindex":0},"north":{"uv":[10.625,6.375,10.875,6.8125],"rotation":0,"texture":"#0","tintindex":0},"south":{"uv":[10.625,8.875,10.875,9.3125],"rotation":0,"texture":"#0","tintindex":0},"up":{"uv":[7.0,11.5,6.75,11.1875],"rotation":0,"texture":"#0","tintindex":0},"west":{"uv":[10.25,1.8125,10.5625,2.25],"rotation":0,"texture":"#0","tintindex":0}}},{"name":"cube","from":[5.7799997,3.1999998,5.8399997],"to":[8.0,5.0,9.2],"rotation":{"angle":0.0,"axis":"x","origin":[7.4,4.3999996,8.6]},"faces":{"down":{"uv":[8.84375,11.375,8.625,11.71875],"rotation":0,"texture":"#0","tintindex":0},"east":{"uv":[11.5,7.6875,11.84375,7.875],"rotation":0,"texture":"#0","tintindex":0},"north":{"uv":[12.0,8.1875,12.21875,8.375],"rotation":0,"texture":"#0","tintindex":0},"south":{"uv":[12.0,11.375,12.21875,11.5625],"rotation":0,"texture":"#0","tintindex":0},"up":{"uv":[7.78125,11.71875,7.5625,11.375],"rotation":0,"texture":"#0","tintindex":0},"west":{"uv":[0.1875,11.5625,0.53125,11.75],"rotation":0,"texture":"#0","tintindex":0}}}],"display":{"head":{"translation":[0.0,-6.4,0.0],"rotation":[0.0,0.0,0.0],"scale":[3.8095,3.8095,3.8095]}}}