{"textures":{"0":"modelengine:entity/rongamduong","1":"modelengine:entity/mvg"},"elements":[{"name":"cube","from":[5.3,7.4,7.4],"to":[8.9,9.2,11.0],"rotation":{"angle":0.0,"axis":"x","origin":[8.3,8.0,7.4]},"faces":{"down":{"uv":[9.6875,10.125,9.3125,10.5],"rotation":0,"texture":"#0","tintindex":0},"east":{"uv":[11.5,0.5625,11.875,0.75],"rotation":0,"texture":"#0","tintindex":0},"north":{"uv":[11.5,0.375,11.875,0.5625],"rotation":0,"texture":"#0","tintindex":0},"south":{"uv":[11.5,0.75,11.875,0.9375],"rotation":0,"texture":"#0","tintindex":0},"up":{"uv":[8.5,10.4375,8.125,10.0625],"rotation":0,"texture":"#0","tintindex":0},"west":{"uv":[11.5,1.0625,11.875,1.25],"rotation":0,"texture":"#0","tintindex":0}}},{"name":"cube","from":[5.3,7.4,11.0],"to":[8.9,8.6,12.2],"rotation":{"angle":0.0,"axis":"x","origin":[8.3,8.0,11.0]},"faces":{"down":{"uv":[12.3125,8.375,11.9375,8.5],"rotation":0,"texture":"#0","tintindex":0},"east":{"uv":[2.125,12.625,2.25,12.75],"rotation":0,"texture":"#0","tintindex":0},"north":{"uv":[11.9375,3.6875,12.3125,3.8125],"rotation":0,"texture":"#0","tintindex":0},"south":{"uv":[11.9375,4.625,12.3125,4.75],"rotation":0,"texture":"#0","tintindex":0},"up":{"uv":[12.3125,7.625,11.9375,7.5],"rotation":0,"texture":"#0","tintindex":0},"west":{"uv":[2.25,12.625,2.375,12.75],"rotation":0,"texture":"#0","tintindex":0}}},{"name":"cube","from":[5.42,7.904893,10.7417345],"to":[8.780001,9.104893,12.061732],"rotation":{"angle":22.5,"axis":"x","origin":[8.18,8.504892,10.8617325]},"faces":{"down":{"uv":[12.34375,8.0625,12.0,8.1875],"rotation":0,"texture":"#0","tintindex":0},"east":{"uv":[12.625,2.3125,12.75,2.4375],"rotation":0,"texture":"#0","tintindex":0},"north":{"uv":[12.0,7.125,12.34375,7.25],"rotation":0,"texture":"#0","tintindex":0},"south":{"uv":[12.0,7.8125,12.34375,7.9375],"rotation":0,"texture":"#0","tintindex":0},"up":{"uv":[12.34375,8.0625,12.0,7.9375],"rotation":0,"texture":"#0","tintindex":0},"west":{"uv":[2.375,12.625,2.5,12.75],"rotation":0,"texture":"#0","tintindex":0}}},{"name":"cube","from":[5.8999996,7.4,12.2],"to":[8.3,8.6,13.819999],"rotation":{"angle":0.0,"axis":"x","origin":[8.3,8.0,12.2]},"faces":{"down":{"uv":[12.3125,9.5625,12.0625,9.71875],"rotation":0,"texture":"#0","tintindex":0},"east":{"uv":[12.5625,3.6875,12.71875,3.8125],"rotation":0,"texture":"#0","tintindex":0},"north":{"uv":[6.0625,12.3125,6.3125,12.4375],"rotation":0,"texture":"#0","tintindex":0},"south":{"uv":[12.3125,6.3125,12.5625,6.4375],"rotation":0,"texture":"#0","tintindex":0},"up":{"uv":[9.75,12.21875,9.5,12.0625],"rotation":0,"texture":"#0","tintindex":0},"west":{"uv":[12.5625,4.3125,12.71875,4.4375],"rotation":0,"texture":"#0","tintindex":0}}},{"name":"cube","from":[6.0199995,7.5799994,12.740001],"to":[8.18,8.84,14.0],"rotation":{"angle":0.0,"axis":"x","origin":[8.3,9.2,12.2]},"faces":{"down":{"uv":[12.59375,2.875,12.375,3.0],"rotation":0,"texture":"#0","tintindex":0},"east":{"uv":[2.5,12.625,2.625,12.75],"rotation":0,"texture":"#0","tintindex":0},"north":{"uv":[12.375,2.3125,12.59375,2.4375],"rotation":0,"texture":"#0","tintindex":0},"south":{"uv":[2.4375,12.375,2.65625,12.5],"rotation":0,"texture":"#0","tintindex":0},"up":{"uv":[2.90625,12.5,2.6875,12.375],"rotation":0,"texture":"#0","tintindex":0},"west":{"uv":[2.625,12.625,2.75,12.75],"rotation":0,"texture":"#0","tintindex":0}}}],"display":{"head":{"translation":[0.0,-6.4,0.0],"rotation":[0.0,0.0,0.0],"scale":[3.8095,3.8095,3.8095]}}}