{"textures":{"0":"modelengine:entity/rongamduong","1":"modelengine:entity/mvg"},"elements":[{"name":"cube","from":[6.8,8.0,5.6],"to":[11.0,11.0,8.0],"rotation":{"angle":0.0,"axis":"x","origin":[8.6,6.8,6.8]},"faces":{"down":{"uv":[11.0625,5.25,10.625,5.5],"rotation":0,"texture":"#0","tintindex":0},"east":{"uv":[0.0,11.1875,0.25,11.5],"rotation":0,"texture":"#0","tintindex":0},"north":{"uv":[10.1875,1.5,10.625,1.8125],"rotation":0,"texture":"#0","tintindex":0},"south":{"uv":[10.1875,3.125,10.625,3.4375],"rotation":0,"texture":"#0","tintindex":0},"up":{"uv":[11.0625,3.375,10.625,3.125],"rotation":0,"texture":"#0","tintindex":0},"west":{"uv":[1.3125,11.1875,1.5625,11.5],"rotation":0,"texture":"#0","tintindex":0}}},{"name":"cube","from":[7.1,8.0,4.3999996],"to":[10.700001,10.4,5.6],"rotation":{"angle":0.0,"axis":"x","origin":[8.3,6.8,4.3999996]},"faces":{"down":{"uv":[12.25,4.5,11.875,4.625],"rotation":0,"texture":"#0","tintindex":0},"east":{"uv":[1.125,8.5625,1.25,8.8125],"rotation":0,"texture":"#0","tintindex":0},"north":{"uv":[10.875,9.0625,11.25,9.3125],"rotation":0,"texture":"#0","tintindex":0},"south":{"uv":[10.9375,4.3125,11.3125,4.5625],"rotation":0,"texture":"#0","tintindex":0},"up":{"uv":[12.1875,9.25,11.8125,9.125],"rotation":0,"texture":"#0","tintindex":0},"west":{"uv":[2.75,8.625,2.875,8.875],"rotation":0,"texture":"#0","tintindex":0}}},{"name":"cube","from":[6.5,7.4,5.0],"to":[11.3,9.2,8.72],"rotation":{"angle":0.0,"axis":"x","origin":[7.7,8.0,6.8]},"faces":{"down":{"uv":[6.625,9.0625,6.125,9.4375],"rotation":0,"texture":"#0","tintindex":0},"east":{"uv":[1.8125,11.4375,2.1875,11.625],"rotation":0,"texture":"#0","tintindex":0},"north":{"uv":[11.0,0.75,11.5,0.9375],"rotation":0,"texture":"#0","tintindex":0},"south":{"uv":[11.0,6.9375,11.5,7.125],"rotation":0,"texture":"#0","tintindex":0},"up":{"uv":[5.75,9.4375,5.25,9.0625],"rotation":0,"texture":"#0","tintindex":0},"west":{"uv":[11.4375,3.125,11.8125,3.3125],"rotation":0,"texture":"#0","tintindex":0}}},{"name":"cube","from":[6.938266,6.8951073,5.6],"to":[9.218266,8.095107,8.6],"rotation":{"angle":-22.5,"axis":"z","origin":[8.138266,7.495107,6.8]},"faces":{"down":{"uv":[1.8125,11.1875,1.5625,11.5],"rotation":0,"texture":"#0","tintindex":0},"east":{"uv":[10.0,5.25,10.3125,5.375],"rotation":0,"texture":"#0","tintindex":0},"north":{"uv":[12.25,4.5,12.5,4.625],"rotation":0,"texture":"#0","tintindex":0},"south":{"uv":[12.25,6.1875,12.5,6.3125],"rotation":0,"texture":"#0","tintindex":0},"up":{"uv":[11.4375,1.625,11.1875,1.3125],"rotation":0,"texture":"#0","tintindex":0},"west":{"uv":[0.5625,12.0625,0.875,12.1875],"rotation":0,"texture":"#0","tintindex":0}}},{"name":"cube","from":[8.581735,6.8951073,5.6],"to":[10.861734,8.095107,8.6],"rotation":{"angle":22.5,"axis":"z","origin":[9.661736,7.495107,6.8]},"faces":{"down":{"uv":[3.4375,11.1875,3.1875,11.5],"rotation":0,"texture":"#0","tintindex":0},"east":{"uv":[12.0625,0.75,12.375,0.875],"rotation":0,"texture":"#0","tintindex":0},"north":{"uv":[12.25,6.6875,12.5,6.8125],"rotation":0,"texture":"#0","tintindex":0},"south":{"uv":[12.25,7.0,12.5,7.125],"rotation":0,"texture":"#0","tintindex":0},"up":{"uv":[3.1875,11.5,2.9375,11.1875],"rotation":0,"texture":"#0","tintindex":0},"west":{"uv":[12.0625,2.3125,12.375,2.4375],"rotation":0,"texture":"#0","tintindex":0}}},{"name":"cube","from":[7.4,9.2,4.3999996],"to":[8.3,10.28,5.6],"rotation":{"angle":-22.5,"axis":"y","origin":[9.5,6.8,4.3999996]},"faces":{"down":{"uv":[1.09375,12.6875,1.0,12.8125],"rotation":0,"texture":"#0","tintindex":0},"east":{"uv":[0.5,9.5,0.625,9.625],"rotation":0,"texture":"#0","tintindex":0},"north":{"uv":[12.6875,0.5625,12.78125,0.6875],"rotation":0,"texture":"#0","tintindex":0},"south":{"uv":[0.75,12.6875,0.84375,12.8125],"rotation":0,"texture":"#0","tintindex":0},"up":{"uv":[0.96875,12.8125,0.875,12.6875],"rotation":0,"texture":"#0","tintindex":0},"west":{"uv":[6.3125,10.625,6.4375,10.75],"rotation":0,"texture":"#0","tintindex":0}}},{"name":"cube","from":[9.5,9.2,4.3999996],"to":[10.4,10.28,5.6],"rotation":{"angle":22.5,"axis":"y","origin":[8.3,6.8,4.3999996]},"faces":{"down":{"uv":[1.53125,12.6875,1.4375,12.8125],"rotation":0,"texture":"#0","tintindex":0},"east":{"uv":[7.9375,10.6875,8.0625,10.8125],"rotation":0,"texture":"#0","tintindex":0},"north":{"uv":[1.125,12.6875,1.21875,12.8125],"rotation":0,"texture":"#0","tintindex":0},"south":{"uv":[12.6875,1.25,12.78125,1.375],"rotation":0,"texture":"#0","tintindex":0},"up":{"uv":[12.78125,1.5,12.6875,1.375],"rotation":0,"texture":"#0","tintindex":0},"west":{"uv":[10.75,8.75,10.875,8.875],"rotation":0,"texture":"#0","tintindex":0}}},{"name":"cube","from":[7.7,8.6,0.7999997],"to":[10.1,10.4,4.3999996],"rotation":{"angle":0.0,"axis":"x","origin":[8.3,6.8,3.1999998]},"faces":{"down":{"uv":[2.0,8.8125,1.75,9.1875],"rotation":0,"texture":"#0","tintindex":0},"east":{"uv":[11.4375,3.3125,11.8125,3.5],"rotation":0,"texture":"#0","tintindex":0},"north":{"uv":[6.3125,7.4375,6.5625,7.625],"rotation":0,"texture":"#0","tintindex":0},"south":{"uv":[6.875,10.125,7.125,10.3125],"rotation":0,"texture":"#0","tintindex":0},"up":{"uv":[3.125,8.1875,2.875,7.8125],"rotation":0,"texture":"#0","tintindex":0},"west":{"uv":[11.4375,3.5,11.8125,3.6875],"rotation":0,"texture":"#0","tintindex":0}}},{"name":"cube","from":[10.1,8.0,0.7999997],"to":[10.1,8.6,3.7999997],"rotation":{"angle":0.0,"axis":"x","origin":[9.5,6.2,3.1999998]},"faces":{"down":{"uv":[0.0,0.0,0.0,0.3125],"rotation":0,"texture":"#0","tintindex":0},"east":{"uv":[11.0,2.0,11.3125,2.0625],"rotation":0,"texture":"#0","tintindex":0},"north":{"uv":[0.0,0.0,0.0,0.0625],"rotation":0,"texture":"#0","tintindex":0},"south":{"uv":[0.0,0.0,0.0,0.0625],"rotation":0,"texture":"#0","tintindex":0},"up":{"uv":[0.0,0.3125,0.0,0.0],"rotation":0,"texture":"#0","tintindex":0},"west":{"uv":[11.0,7.125,11.3125,7.1875],"rotation":0,"texture":"#0","tintindex":0}}},{"name":"cube","from":[7.7,8.0,0.7999997],"to":[7.7,8.6,3.7999997],"rotation":{"angle":0.0,"axis":"x","origin":[8.3,6.2,3.1999998]},"faces":{"down":{"uv":[0.0,0.0,0.0,0.3125],"rotation":0,"texture":"#0","tintindex":0},"east":{"uv":[11.4375,10.8125,11.75,10.875],"rotation":0,"texture":"#0","tintindex":0},"north":{"uv":[0.0,0.0,0.0,0.0625],"rotation":0,"texture":"#0","tintindex":0},"south":{"uv":[0.0,0.0,0.0,0.0625],"rotation":0,"texture":"#0","tintindex":0},"up":{"uv":[0.0,0.3125,0.0,0.0],"rotation":0,"texture":"#0","tintindex":0},"west":{"uv":[11.5,1.25,11.8125,1.3125],"rotation":0,"texture":"#0","tintindex":0}}},{"name":"cube","from":[8.0,9.8,0.19999981],"to":[9.8,11.0,1.3999997],"rotation":{"angle":0.0,"axis":"x","origin":[8.6,8.0,-0.40000033]},"faces":{"down":{"uv":[11.625,2.0625,11.4375,2.1875],"rotation":0,"texture":"#0","tintindex":0},"east":{"uv":[10.8125,4.3125,10.9375,4.4375],"rotation":0,"texture":"#0","tintindex":0},"north":{"uv":[1.8125,7.6875,2.0,7.8125],"rotation":0,"texture":"#0","tintindex":0},"south":{"uv":[7.75,8.625,7.9375,8.75],"rotation":0,"texture":"#0","tintindex":0},"up":{"uv":[10.0,8.375,9.8125,8.25],"rotation":0,"texture":"#0","tintindex":0},"west":{"uv":[0.25,11.1875,0.375,11.3125],"rotation":0,"texture":"#0","tintindex":0}}},{"name":"cube","from":[8.3,9.057972,-0.9023776],"to":[9.5,11.457973,0.89762235],"rotation":{"angle":22.5,"axis":"x","origin":[8.3,8.457972,-1.5023775]},"faces":{"down":{"uv":[9.25,10.6875,9.125,10.875],"rotation":0,"texture":"#0","tintindex":0},"east":{"uv":[11.875,5.9375,12.0625,6.1875],"rotation":0,"texture":"#0","tintindex":0},"north":{"uv":[0.625,8.875,0.75,9.125],"rotation":0,"texture":"#0","tintindex":0},"south":{"uv":[0.375,9.8125,0.5,10.0625],"rotation":0,"texture":"#0","tintindex":0},"up":{"uv":[9.6875,10.6875,9.5625,10.5],"rotation":0,"texture":"#0","tintindex":0},"west":{"uv":[6.1875,11.875,6.375,12.125],"rotation":0,"texture":"#0","tintindex":0}}},{"name":"cube","from":[8.48,8.577972,-1.2623792],"to":[9.32,10.257973,-0.12237811],"rotation":{"angle":22.5,"axis":"x","origin":[8.12,7.257972,-2.102378]},"faces":{"down":{"uv":[12.78125,1.6875,12.6875,1.8125],"rotation":0,"texture":"#0","tintindex":0},"east":{"uv":[1.8125,10.75,1.9375,10.9375],"rotation":0,"texture":"#0","tintindex":0},"north":{"uv":[12.5625,8.5,12.65625,8.6875],"rotation":0,"texture":"#0","tintindex":0},"south":{"uv":[12.5625,8.6875,12.65625,8.875],"rotation":0,"texture":"#0","tintindex":0},"up":{"uv":[12.78125,1.625,12.6875,1.5],"rotation":0,"texture":"#0","tintindex":0},"west":{"uv":[10.875,1.625,11.0,1.8125],"rotation":0,"texture":"#0","tintindex":0}}},{"name":"cube","from":[7.7,11.0,5.6],"to":[10.1,11.6,8.6],"rotation":{"angle":0.0,"axis":"x","origin":[8.3,9.8,6.8]},"faces":{"down":{"uv":[4.0,11.1875,3.75,11.5],"rotation":0,"texture":"#0","tintindex":0},"east":{"uv":[11.5,2.75,11.8125,2.8125],"rotation":0,"texture":"#0","tintindex":0},"north":{"uv":[10.625,3.375,10.875,3.4375],"rotation":0,"texture":"#0","tintindex":0},"south":{"uv":[10.9375,4.5625,11.1875,4.625],"rotation":0,"texture":"#0","tintindex":0},"up":{"uv":[11.4375,3.6875,11.1875,3.375],"rotation":0,"texture":"#0","tintindex":0},"west":{"uv":[11.5625,6.5625,11.875,6.625],"rotation":0,"texture":"#0","tintindex":0}}},{"name":"cube","from":[8.0,11.6,6.2],"to":[9.8,11.78,8.42],"rotation":{"angle":0.0,"axis":"x","origin":[8.0,10.4,6.8]},"faces":{"down":{"uv":[1.8125,12.0,1.625,12.21875],"rotation":0,"texture":"#0","tintindex":0},"east":{"uv":[12.6875,9.625,12.90625,9.65625],"rotation":0,"texture":"#0","tintindex":0},"north":{"uv":[12.6875,9.875,12.875,9.90625],"rotation":0,"texture":"#0","tintindex":0},"south":{"uv":[12.6875,9.9375,12.875,9.96875],"rotation":0,"texture":"#0","tintindex":0},"up":{"uv":[10.75,12.15625,10.5625,11.9375],"rotation":0,"texture":"#0","tintindex":0},"west":{"uv":[12.6875,9.6875,12.90625,9.71875],"rotation":0,"texture":"#0","tintindex":0}}},{"name":"cube","from":[8.3,9.8481865,3.4258466],"to":[9.5,11.048187,6.425847],"rotation":{"angle":-22.5,"axis":"x","origin":[8.9,9.248186,4.625847]},"faces":{"down":{"uv":[7.5,9.9375,7.375,10.25],"rotation":0,"texture":"#0","tintindex":0},"east":{"uv":[12.0625,3.375,12.375,3.5],"rotation":0,"texture":"#0","tintindex":0},"north":{"uv":[7.25,11.1875,7.375,11.3125],"rotation":0,"texture":"#0","tintindex":0},"south":{"uv":[8.125,11.4375,8.25,11.5625],"rotation":0,"texture":"#0","tintindex":0},"up":{"uv":[3.6875,10.125,3.5625,9.8125],"rotation":0,"texture":"#0","tintindex":0},"west":{"uv":[12.0625,3.5,12.375,3.625],"rotation":0,"texture":"#0","tintindex":0}}},{"name":"cube","from":[7.4,9.2,5.102944],"to":[10.4,12.2,7.502944],"rotation":{"angle":45.0,"axis":"x","origin":[8.6,8.0,6.302944]},"faces":{"down":{"uv":[11.5,4.5625,11.1875,4.8125],"rotation":0,"texture":"#0","tintindex":0},"east":{"uv":[4.0,11.1875,4.25,11.5],"rotation":0,"texture":"#0","tintindex":0},"north":{"uv":[8.375,10.75,8.6875,11.0625],"rotation":0,"texture":"#0","tintindex":0},"south":{"uv":[10.75,8.4375,11.0625,8.75],"rotation":0,"texture":"#0","tintindex":0},"up":{"uv":[4.8125,11.4375,4.5,11.1875],"rotation":0,"texture":"#0","tintindex":0},"west":{"uv":[4.25,11.1875,4.5,11.5],"rotation":0,"texture":"#0","tintindex":0}}},{"name":"cube","from":[7.1,7.9002466,6.2053947],"to":[10.700001,10.900247,8.605394],"rotation":{"angle":22.5,"axis":"x","origin":[8.3,6.7002463,7.4053946]},"faces":{"down":{"uv":[11.4375,5.25,11.0625,5.5],"rotation":0,"texture":"#0","tintindex":0},"east":{"uv":[4.8125,11.1875,5.0625,11.5],"rotation":0,"texture":"#0","tintindex":0},"north":{"uv":[10.375,3.75,10.75,4.0625],"rotation":0,"texture":"#0","tintindex":0},"south":{"uv":[10.375,8.1875,10.75,8.5],"rotation":0,"texture":"#0","tintindex":0},"up":{"uv":[11.4375,3.375,11.0625,3.125],"rotation":0,"texture":"#0","tintindex":0},"west":{"uv":[5.0625,11.1875,5.3125,11.5],"rotation":0,"texture":"#0","tintindex":0}}},{"name":"cube","from":[8.9,7.9002466,8.605394],"to":[8.9,10.900247,11.005395],"rotation":{"angle":22.5,"axis":"x","origin":[10.1,6.7002463,7.4053946]},"faces":{"down":{"uv":[0.0,0.0,0.0,0.25],"rotation":0,"texture":"#0","tintindex":0},"east":{"uv":[6.25,11.1875,6.5,11.5],"rotation":0,"texture":"#0","tintindex":0},"north":{"uv":[0.0,0.0,0.0,0.3125],"rotation":0,"texture":"#0","tintindex":0},"south":{"uv":[0.0,0.0,0.0,0.3125],"rotation":0,"texture":"#0","tintindex":0},"up":{"uv":[0.0,0.25,0.0,0.0],"rotation":0,"texture":"#0","tintindex":0},"west":{"uv":[6.5,11.1875,6.75,11.5],"rotation":0,"texture":"#0","tintindex":0}}}],"display":{"head":{"translation":[0.0,-6.4,0.0],"rotation":[0.0,0.0,0.0],"scale":[3.8095,3.8095,3.8095]}}}