{"textures":{"0":"modelengine:entity/rongamduong","1":"modelengine:entity/mvg"},"elements":[{"name":"cube","from":[7.1,7.4,7.4],"to":[10.700001,9.2,11.0],"rotation":{"angle":0.0,"axis":"x","origin":[7.7,8.0,7.4]},"faces":{"down":{"uv":[10.375,8.25,10.0,8.625],"rotation":0,"texture":"#0","tintindex":0},"east":{"uv":[11.4375,11.1875,11.8125,11.375],"rotation":0,"texture":"#0","tintindex":0},"north":{"uv":[11.4375,10.625,11.8125,10.8125],"rotation":0,"texture":"#0","tintindex":0},"south":{"uv":[11.5,0.0,11.875,0.1875],"rotation":0,"texture":"#0","tintindex":0},"up":{"uv":[10.375,5.25,10.0,4.875],"rotation":0,"texture":"#0","tintindex":0},"west":{"uv":[11.5,0.1875,11.875,0.375],"rotation":0,"texture":"#0","tintindex":0}}},{"name":"cube","from":[7.1,7.4,11.0],"to":[10.700001,8.6,12.2],"rotation":{"angle":0.0,"axis":"x","origin":[7.7,8.0,11.0]},"faces":{"down":{"uv":[12.3125,0.9375,11.9375,1.0625],"rotation":0,"texture":"#0","tintindex":0},"east":{"uv":[11.125,12.125,11.25,12.25],"rotation":0,"texture":"#0","tintindex":0},"north":{"uv":[11.875,7.0,12.25,7.125],"rotation":0,"texture":"#0","tintindex":0},"south":{"uv":[11.875,7.6875,12.25,7.8125],"rotation":0,"texture":"#0","tintindex":0},"up":{"uv":[12.25,9.375,11.875,9.25],"rotation":0,"texture":"#0","tintindex":0},"west":{"uv":[2.9375,12.1875,3.0625,12.3125],"rotation":0,"texture":"#0","tintindex":0}}},{"name":"cube","from":[7.22,7.904893,10.7417345],"to":[10.58,9.104893,12.061732],"rotation":{"angle":22.5,"axis":"x","origin":[7.8199997,8.504892,10.8617325]},"faces":{"down":{"uv":[12.34375,3.8125,12.0,3.9375],"rotation":0,"texture":"#0","tintindex":0},"east":{"uv":[1.3125,12.625,1.4375,12.75],"rotation":0,"texture":"#0","tintindex":0},"north":{"uv":[12.0,3.25,12.34375,3.375],"rotation":0,"texture":"#0","tintindex":0},"south":{"uv":[3.4375,12.0,3.78125,12.125],"rotation":0,"texture":"#0","tintindex":0},"up":{"uv":[4.15625,12.125,3.8125,12.0],"rotation":0,"texture":"#0","tintindex":0},"west":{"uv":[1.625,12.625,1.75,12.75],"rotation":0,"texture":"#0","tintindex":0}}},{"name":"cube","from":[7.7,7.4,12.2],"to":[10.1,8.6,13.819999],"rotation":{"angle":0.0,"axis":"x","origin":[7.7,8.0,12.2]},"faces":{"down":{"uv":[12.3125,9.375,12.0625,9.53125],"rotation":0,"texture":"#0","tintindex":0},"east":{"uv":[12.5,11.1875,12.65625,11.3125],"rotation":0,"texture":"#0","tintindex":0},"north":{"uv":[12.3125,4.8125,12.5625,4.9375],"rotation":0,"texture":"#0","tintindex":0},"south":{"uv":[5.8125,12.3125,6.0625,12.4375],"rotation":0,"texture":"#0","tintindex":0},"up":{"uv":[9.5,12.21875,9.25,12.0625],"rotation":0,"texture":"#0","tintindex":0},"west":{"uv":[12.5625,1.125,12.71875,1.25],"rotation":0,"texture":"#0","tintindex":0}}},{"name":"cube","from":[7.8199997,7.5799994,12.740001],"to":[9.98,8.84,14.0],"rotation":{"angle":0.0,"axis":"x","origin":[7.7,9.2,12.2]},"faces":{"down":{"uv":[2.40625,12.375,2.1875,12.5],"rotation":0,"texture":"#0","tintindex":0},"east":{"uv":[1.75,12.625,1.875,12.75],"rotation":0,"texture":"#0","tintindex":0},"north":{"uv":[0.0,12.375,0.21875,12.5],"rotation":0,"texture":"#0","tintindex":0},"south":{"uv":[1.0,12.375,1.21875,12.5],"rotation":0,"texture":"#0","tintindex":0},"up":{"uv":[1.46875,12.5,1.25,12.375],"rotation":0,"texture":"#0","tintindex":0},"west":{"uv":[1.875,12.625,2.0,12.75],"rotation":0,"texture":"#0","tintindex":0}}}],"display":{"head":{"translation":[0.0,-6.4,0.0],"rotation":[0.0,0.0,0.0],"scale":[3.8095,3.8095,3.8095]}}}