{"textures":{"0":"modelengine:entity/rongamduong","1":"modelengine:entity/mvg"},"elements":[{"name":"cube","from":[5.0,15.620001,-1.0000005],"to":[12.8,19.400002,6.8],"rotation":{"angle":0.0,"axis":"x","origin":[5.0,13.400001,6.8]},"faces":{"down":{"uv":[5.25,6.1875,4.4375,7.0],"rotation":0,"texture":"#0","tintindex":0},"east":{"uv":[4.9375,7.5625,5.75,7.96875],"rotation":0,"texture":"#0","tintindex":0},"north":{"uv":[4.125,7.5,4.9375,7.90625],"rotation":0,"texture":"#0","tintindex":0},"south":{"uv":[0.0,7.625,0.8125,8.03125],"rotation":0,"texture":"#0","tintindex":0},"up":{"uv":[5.25,6.1875,4.4375,5.375],"rotation":0,"texture":"#0","tintindex":0},"west":{"uv":[7.625,5.1875,8.4375,5.59375],"rotation":0,"texture":"#0","tintindex":0}}},{"name":"cube","from":[5.0,15.620001,-1.0000005],"to":[9.2,17.420002,6.8],"rotation":{"angle":-22.5,"axis":"z","origin":[5.0,15.620001,6.8]},"faces":{"down":{"uv":[7.625,6.0,7.1875,6.8125],"rotation":0,"texture":"#0","tintindex":0},"east":{"uv":[9.4375,2.0625,10.25,2.25],"rotation":0,"texture":"#0","tintindex":0},"north":{"uv":[9.8125,1.875,10.25,2.0625],"rotation":0,"texture":"#0","tintindex":0},"south":{"uv":[11.125,9.6875,11.5625,9.875],"rotation":0,"texture":"#0","tintindex":0},"up":{"uv":[7.625,6.0,7.1875,5.1875],"rotation":0,"texture":"#0","tintindex":0},"west":{"uv":[9.5,5.375,10.3125,5.5625],"rotation":0,"texture":"#0","tintindex":0}}},{"name":"cube","from":[8.6,15.620001,-1.0000005],"to":[12.8,17.420002,6.8],"rotation":{"angle":22.5,"axis":"z","origin":[12.8,15.620001,6.8]},"faces":{"down":{"uv":[6.3125,7.4375,5.875,8.25],"rotation":0,"texture":"#0","tintindex":0},"east":{"uv":[9.5625,0.9375,10.375,1.125],"rotation":0,"texture":"#0","tintindex":0},"north":{"uv":[11.125,9.875,11.5625,10.0625],"rotation":0,"texture":"#0","tintindex":0},"south":{"uv":[11.125,10.0625,11.5625,10.25],"rotation":0,"texture":"#0","tintindex":0},"up":{"uv":[7.6875,7.625,7.25,6.8125],"rotation":0,"texture":"#0","tintindex":0},"west":{"uv":[9.5625,3.75,10.375,3.9375],"rotation":0,"texture":"#0","tintindex":0}}},{"name":"cube","from":[6.2,19.400002,-1.0000005],"to":[11.6,20.600002,6.8],"rotation":{"angle":0.0,"axis":"x","origin":[8.0,8.0,8.0]},"faces":{"down":{"uv":[3.125,7.0,2.5625,7.8125],"rotation":0,"texture":"#0","tintindex":0},"east":{"uv":[10.6875,7.6875,11.5,7.8125],"rotation":0,"texture":"#0","tintindex":0},"north":{"uv":[8.6875,3.0,9.25,3.125],"rotation":0,"texture":"#0","tintindex":0},"south":{"uv":[11.3125,2.4375,11.875,2.5625],"rotation":0,"texture":"#0","tintindex":0},"up":{"uv":[2.5625,7.8125,2.0,7.0],"rotation":0,"texture":"#0","tintindex":0},"west":{"uv":[10.6875,7.8125,11.5,7.9375],"rotation":0,"texture":"#0","tintindex":0}}},{"name":"cube","from":[7.4,20.600002,-1.0000005],"to":[10.4,21.2,6.8],"rotation":{"angle":0.0,"axis":"x","origin":[8.0,8.0,8.0]},"faces":{"down":{"uv":[2.875,7.8125,2.5625,8.625],"rotation":0,"texture":"#0","tintindex":0},"east":{"uv":[8.0,4.5625,8.8125,4.625],"rotation":0,"texture":"#0","tintindex":0},"north":{"uv":[1.375,9.125,1.6875,9.1875],"rotation":0,"texture":"#0","tintindex":0},"south":{"uv":[9.9375,7.5625,10.25,7.625],"rotation":0,"texture":"#0","tintindex":0},"up":{"uv":[2.5625,8.625,2.25,7.8125],"rotation":0,"texture":"#0","tintindex":0},"west":{"uv":[9.0,0.75,9.8125,0.8125],"rotation":0,"texture":"#0","tintindex":0}}},{"name":"cube","from":[8.9,21.2,0.19999981],"to":[8.9,24.2,6.8],"rotation":{"angle":0.0,"axis":"x","origin":[7.7,8.0,8.0]},"faces":{"down":{"uv":[0.0,0.0,0.0,0.6875],"rotation":0,"texture":"#0","tintindex":0},"east":{"uv":[2.875,8.5625,3.5625,8.875],"rotation":0,"texture":"#0","tintindex":0},"north":{"uv":[0.0,0.0,0.0,0.3125],"rotation":0,"texture":"#0","tintindex":0},"south":{"uv":[0.0,0.0,0.0,0.3125],"rotation":0,"texture":"#0","tintindex":0},"up":{"uv":[0.0,0.6875,0.0,0.0],"rotation":0,"texture":"#0","tintindex":0},"west":{"uv":[8.5625,8.375,9.25,8.6875],"rotation":0,"texture":"#0","tintindex":0}}},{"name":"cube","from":[11.6,18.2,-0.40000033],"to":[13.400001,20.600002,2.6],"rotation":{"angle":0.0,"axis":"x","origin":[8.0,8.0,8.0]},"faces":{"down":{"uv":[0.875,11.75,0.6875,12.0625],"rotation":0,"texture":"#0","tintindex":0},"east":{"uv":[11.3125,2.1875,11.625,2.4375],"rotation":0,"texture":"#0","tintindex":0},"north":{"uv":[7.75,11.875,7.9375,12.125],"rotation":0,"texture":"#0","tintindex":0},"south":{"uv":[7.9375,11.875,8.125,12.125],"rotation":0,"texture":"#0","tintindex":0},"up":{"uv":[0.6875,12.0625,0.5,11.75],"rotation":0,"texture":"#0","tintindex":0},"west":{"uv":[11.3125,4.25,11.625,4.5],"rotation":0,"texture":"#0","tintindex":0}}},{"name":"cube","from":[4.3999996,18.2,-0.40000033],"to":[6.2,20.600002,2.6],"rotation":{"angle":0.0,"axis":"x","origin":[9.8,8.0,8.0]},"faces":{"down":{"uv":[6.0,11.75,5.8125,12.0625],"rotation":0,"texture":"#0","tintindex":0},"east":{"uv":[5.625,11.3125,5.9375,11.5625],"rotation":0,"texture":"#0","tintindex":0},"north":{"uv":[8.875,11.875,9.0625,12.125],"rotation":0,"texture":"#0","tintindex":0},"south":{"uv":[11.5,11.875,11.6875,12.125],"rotation":0,"texture":"#0","tintindex":0},"up":{"uv":[5.8125,12.0625,5.625,11.75],"rotation":0,"texture":"#0","tintindex":0},"west":{"uv":[7.25,11.3125,7.5625,11.5625],"rotation":0,"texture":"#0","tintindex":0}}}],"display":{"head":{"translation":[0.0,-6.4,0.0],"rotation":[0.0,0.0,0.0],"scale":[3.8095,3.8095,3.8095]}}}