{"textures":{"0":"modelengine:entity/rongamduong","1":"modelengine:entity/mvg"},"elements":[{"name":"cube","from":[7.4,7.4,7.4],"to":[10.4,8.0,12.2],"rotation":{"angle":0.0,"axis":"x","origin":[8.0,7.4,7.4]},"faces":{"down":{"uv":[5.1875,9.5,4.875,10.0],"rotation":0,"texture":"#0","tintindex":0},"east":{"uv":[12.3125,4.4375,12.8125,4.5],"rotation":0,"texture":"#0","tintindex":0},"north":{"uv":[12.375,0.8125,12.6875,0.875],"rotation":0,"texture":"#0","tintindex":0},"south":{"uv":[12.4375,0.6875,12.75,0.75],"rotation":0,"texture":"#0","tintindex":0},"up":{"uv":[3.3125,10.0,3.0,9.5],"rotation":0,"texture":"#0","tintindex":0},"west":{"uv":[12.3125,4.9375,12.8125,5.0],"rotation":0,"texture":"#0","tintindex":0}}},{"name":"cube","from":[8.0,7.4,12.2],"to":[9.8,8.0,13.400001],"rotation":{"angle":0.0,"axis":"x","origin":[8.0,7.4,12.2]},"faces":{"down":{"uv":[12.6875,10.375,12.5,10.5],"rotation":0,"texture":"#0","tintindex":0},"east":{"uv":[11.0,2.5625,11.125,2.625],"rotation":0,"texture":"#0","tintindex":0},"north":{"uv":[3.375,9.1875,3.5625,9.25],"rotation":0,"texture":"#0","tintindex":0},"south":{"uv":[5.8125,9.875,6.0,9.9375],"rotation":0,"texture":"#0","tintindex":0},"up":{"uv":[10.5,12.625,10.3125,12.5],"rotation":0,"texture":"#0","tintindex":0},"west":{"uv":[7.5625,11.0625,7.6875,11.125],"rotation":0,"texture":"#0","tintindex":0}}}],"display":{"head":{"translation":[0.0,-6.4,0.0],"rotation":[0.0,0.0,0.0],"scale":[3.8095,3.8095,3.8095]}}}