{"textures":{"0":"modelengine:entity/rongamduong","1":"modelengine:entity/mvg"},"elements":[{"name":"cube","from":[7.4300003,7.4,5.6],"to":[10.37,8.6,8.6],"rotation":{"angle":0.0,"axis":"x","origin":[8.030001,8.0,6.8]},"faces":{"down":{"uv":[1.0,10.8125,0.6875,11.125],"rotation":0,"texture":"#0","tintindex":0},"east":{"uv":[12.0625,5.3125,12.375,5.4375],"rotation":0,"texture":"#0","tintindex":0},"north":{"uv":[12.0625,5.1875,12.375,5.3125],"rotation":0,"texture":"#0","tintindex":0},"south":{"uv":[12.0625,5.4375,12.375,5.5625],"rotation":0,"texture":"#0","tintindex":0},"up":{"uv":[0.6875,11.125,0.375,10.8125],"rotation":0,"texture":"#0","tintindex":0},"west":{"uv":[5.5,12.0625,5.8125,12.1875],"rotation":0,"texture":"#0","tintindex":0}}},{"name":"cube","from":[10.25,8.0,4.3999996],"to":[10.25,9.2,8.6],"rotation":{"angle":0.0,"axis":"x","origin":[7.91,8.6,6.8]},"faces":{"down":{"uv":[0.0,0.0,0.0,0.4375],"rotation":0,"texture":"#0","tintindex":0},"east":{"uv":[11.5625,3.875,12.0,4.0],"rotation":0,"texture":"#0","tintindex":0},"north":{"uv":[0.0,0.0,0.0,0.125],"rotation":0,"texture":"#0","tintindex":0},"south":{"uv":[0.0,0.0,0.0,0.125],"rotation":0,"texture":"#0","tintindex":0},"up":{"uv":[0.0,0.4375,0.0,0.0],"rotation":0,"texture":"#0","tintindex":0},"west":{"uv":[11.625,2.3125,12.0625,2.4375],"rotation":0,"texture":"#0","tintindex":0}}},{"name":"cube","from":[7.55,8.0,4.3999996],"to":[7.55,9.2,8.6],"rotation":{"angle":0.0,"axis":"x","origin":[9.889999,8.6,6.8]},"faces":{"down":{"uv":[0.0,0.0,0.0,0.4375],"rotation":0,"texture":"#0","tintindex":0},"east":{"uv":[11.75,11.0,12.1875,11.125],"rotation":0,"texture":"#0","tintindex":0},"north":{"uv":[0.0,0.0,0.0,0.125],"rotation":0,"texture":"#0","tintindex":0},"south":{"uv":[0.0,0.0,0.0,0.125],"rotation":0,"texture":"#0","tintindex":0},"up":{"uv":[0.0,0.4375,0.0,0.0],"rotation":0,"texture":"#0","tintindex":0},"west":{"uv":[11.8125,2.75,12.25,2.875],"rotation":0,"texture":"#0","tintindex":0}}},{"name":"cube","from":[7.7599998,7.4,3.1999998],"to":[10.04,8.6,5.6],"rotation":{"angle":0.0,"axis":"x","origin":[8.06,8.0,5.6]},"faces":{"down":{"uv":[4.6875,12.3125,4.4375,12.4375],"rotation":0,"texture":"#0","tintindex":0},"east":{"uv":[8.0,12.125,8.125,12.25],"rotation":0,"texture":"#0","tintindex":0},"north":{"uv":[4.1875,12.3125,4.4375,12.4375],"rotation":0,"texture":"#0","tintindex":0},"south":{"uv":[12.3125,4.1875,12.5625,4.3125],"rotation":0,"texture":"#0","tintindex":0},"up":{"uv":[12.5625,4.4375,12.3125,4.3125],"rotation":0,"texture":"#0","tintindex":0},"west":{"uv":[8.375,12.125,8.5,12.25],"rotation":0,"texture":"#0","tintindex":0}}},{"name":"cube","from":[7.358266,7.135108,5.6],"to":[9.098266,8.095107,8.6],"rotation":{"angle":-22.5,"axis":"z","origin":[8.138266,7.495107,6.8]},"faces":{"down":{"uv":[3.8125,11.6875,3.625,12.0],"rotation":0,"texture":"#0","tintindex":0},"east":{"uv":[12.3125,6.875,12.625,6.96875],"rotation":0,"texture":"#0","tintindex":0},"north":{"uv":[8.9375,12.5625,9.125,12.65625],"rotation":0,"texture":"#0","tintindex":0},"south":{"uv":[12.5625,9.1875,12.75,9.28125],"rotation":0,"texture":"#0","tintindex":0},"up":{"uv":[3.5625,9.1875,3.375,8.875],"rotation":0,"texture":"#0","tintindex":0},"west":{"uv":[12.3125,7.25,12.625,7.34375],"rotation":0,"texture":"#0","tintindex":0}}},{"name":"cube","from":[8.701735,7.135108,5.6],"to":[10.441734,8.095107,8.6],"rotation":{"angle":22.5,"axis":"z","origin":[9.661736,7.495107,6.8]},"faces":{"down":{"uv":[4.1875,11.6875,4.0,12.0],"rotation":0,"texture":"#0","tintindex":0},"east":{"uv":[12.3125,7.5,12.625,7.59375],"rotation":0,"texture":"#0","tintindex":0},"north":{"uv":[9.625,12.5625,9.8125,12.65625],"rotation":0,"texture":"#0","tintindex":0},"south":{"uv":[12.5625,9.75,12.75,9.84375],"rotation":0,"texture":"#0","tintindex":0},"up":{"uv":[4.0,12.0,3.8125,11.6875],"rotation":0,"texture":"#0","tintindex":0},"west":{"uv":[7.5625,12.3125,7.875,12.40625],"rotation":0,"texture":"#0","tintindex":0}}}],"display":{"head":{"translation":[0.0,-6.4,0.0],"rotation":[0.0,0.0,0.0],"scale":[3.8095,3.8095,3.8095]}}}