{"textures":{"0":"modelengine:entity/rongamduong","1":"modelengine:entity/mvg"},"elements":[{"name":"cube","from":[5.6,7.4,7.4],"to":[8.6,8.0,12.2],"rotation":{"angle":0.0,"axis":"x","origin":[8.0,7.4,7.4]},"faces":{"down":{"uv":[8.5,9.5625,8.1875,10.0625],"rotation":0,"texture":"#0","tintindex":0},"east":{"uv":[12.3125,6.4375,12.8125,6.5],"rotation":0,"texture":"#0","tintindex":0},"north":{"uv":[12.4375,5.9375,12.75,6.0],"rotation":0,"texture":"#0","tintindex":0},"south":{"uv":[12.5,1.625,12.8125,1.6875],"rotation":0,"texture":"#0","tintindex":0},"up":{"uv":[9.875,3.75,9.5625,3.25],"rotation":0,"texture":"#0","tintindex":0},"west":{"uv":[12.3125,6.8125,12.8125,6.875],"rotation":0,"texture":"#0","tintindex":0}}},{"name":"cube","from":[6.2,7.4,12.2],"to":[8.0,8.0,13.400001],"rotation":{"angle":0.0,"axis":"x","origin":[8.0,7.4,12.2]},"faces":{"down":{"uv":[10.9375,12.5,10.75,12.625],"rotation":0,"texture":"#0","tintindex":0},"east":{"uv":[7.8125,11.375,7.9375,11.4375],"rotation":0,"texture":"#0","tintindex":0},"north":{"uv":[10.125,5.5625,10.3125,5.625],"rotation":0,"texture":"#0","tintindex":0},"south":{"uv":[10.375,1.0625,10.5625,1.125],"rotation":0,"texture":"#0","tintindex":0},"up":{"uv":[12.6875,10.625,12.5,10.5],"rotation":0,"texture":"#0","tintindex":0},"west":{"uv":[11.4375,7.5,11.5625,7.5625],"rotation":0,"texture":"#0","tintindex":0}}}],"display":{"head":{"translation":[0.0,-6.4,0.0],"rotation":[0.0,0.0,0.0],"scale":[3.8095,3.8095,3.8095]}}}