{"textures":{"0":"modelengine:entity/rongamduong","1":"modelengine:entity/mvg"},"elements":[{"name":"cube","from":[6.299,7.5320005,7.106],"to":[9.701,11.905999,8.936],"rotation":{"angle":0.0,"axis":"x","origin":[9.701,11.905999,8.45]},"faces":{"down":{"uv":[11.84375,6.9375,11.5,7.125],"rotation":0,"texture":"#0","tintindex":0},"east":{"uv":[10.0,10.875,10.1875,11.34375],"rotation":0,"texture":"#0","tintindex":0},"north":{"uv":[6.0,9.4375,6.34375,9.90625],"rotation":0,"texture":"#0","tintindex":0},"south":{"uv":[7.125,9.4375,7.46875,9.90625],"rotation":0,"texture":"#0","tintindex":0},"up":{"uv":[11.84375,6.9375,11.5,6.75],"rotation":0,"texture":"#0","tintindex":0},"west":{"uv":[10.625,11.0,10.8125,11.46875],"rotation":0,"texture":"#0","tintindex":0}}},{"name":"cube","from":[7.1102633,7.5320005,6.958022],"to":[8.957064,11.905999,9.388021],"rotation":{"angle":-22.5,"axis":"y","origin":[8.957064,11.905999,8.902022]},"faces":{"down":{"uv":[6.625,10.0625,6.4375,10.3125],"rotation":0,"texture":"#0","tintindex":0},"east":{"uv":[3.875,10.375,4.125,10.84375],"rotation":0,"texture":"#0","tintindex":0},"north":{"uv":[11.0625,5.75,11.25,6.21875],"rotation":0,"texture":"#0","tintindex":0},"south":{"uv":[6.0625,11.0625,6.25,11.53125],"rotation":0,"texture":"#0","tintindex":0},"up":{"uv":[7.75,9.25,7.5625,9.0],"rotation":0,"texture":"#0","tintindex":0},"west":{"uv":[4.125,10.375,4.375,10.84375],"rotation":0,"texture":"#0","tintindex":0}}},{"name":"cube","from":[7.0429363,7.5320005,6.958022],"to":[8.889736,11.905999,9.388021],"rotation":{"angle":22.5,"axis":"y","origin":[7.0429363,11.905999,8.902022]},"faces":{"down":{"uv":[12.0625,5.6875,11.875,5.9375],"rotation":0,"texture":"#0","tintindex":0},"east":{"uv":[10.375,4.625,10.625,5.09375],"rotation":0,"texture":"#0","tintindex":0},"north":{"uv":[11.0625,6.25,11.25,6.71875],"rotation":0,"texture":"#0","tintindex":0},"south":{"uv":[8.25,11.0625,8.4375,11.53125],"rotation":0,"texture":"#0","tintindex":0},"up":{"uv":[12.0625,5.6875,11.875,5.4375],"rotation":0,"texture":"#0","tintindex":0},"west":{"uv":[5.125,10.375,5.375,10.84375],"rotation":0,"texture":"#0","tintindex":0}}},{"name":"cube","from":[6.7664313,7.5320005,8.936],"to":[9.196431,11.905999,9.422001],"rotation":{"angle":0.0,"axis":"x","origin":[9.682432,11.905999,10.879999]},"faces":{"down":{"uv":[9.5625,10.0625,9.3125,10.125],"rotation":0,"texture":"#0","tintindex":0},"east":{"uv":[10.6875,12.1875,10.75,12.65625],"rotation":0,"texture":"#0","tintindex":0},"north":{"uv":[5.375,10.375,5.625,10.84375],"rotation":0,"texture":"#0","tintindex":0},"south":{"uv":[10.375,8.9375,10.625,9.40625],"rotation":0,"texture":"#0","tintindex":0},"up":{"uv":[9.5,8.6875,9.25,8.625],"rotation":0,"texture":"#0","tintindex":0},"west":{"uv":[12.0625,12.1875,12.125,12.65625],"rotation":0,"texture":"#0","tintindex":0}}},{"name":"cube","from":[7.9814315,7.5320005,9.422001],"to":[7.9814315,11.905999,12.566001],"rotation":{"angle":0.0,"axis":"x","origin":[10.897431,11.905999,11.366]},"faces":{"down":{"uv":[0.0,0.0,0.0,0.3125],"rotation":0,"texture":"#0","tintindex":0},"east":{"uv":[2.125,9.75,2.4375,10.21875],"rotation":0,"texture":"#0","tintindex":0},"north":{"uv":[0.0,0.0,0.0,0.46875],"rotation":0,"texture":"#0","tintindex":0},"south":{"uv":[0.0,0.0,0.0,0.46875],"rotation":0,"texture":"#0","tintindex":0},"up":{"uv":[0.0,0.3125,0.0,0.0],"rotation":0,"texture":"#0","tintindex":0},"west":{"uv":[2.4375,9.75,2.75,10.21875],"rotation":0,"texture":"#0","tintindex":0}}},{"name":"cube","from":[7.091695,7.3840218,7.0459995],"to":[8.938495,9.328023,8.936],"rotation":{"angle":22.5,"axis":"z","origin":[8.938495,9.328023,8.99]},"faces":{"down":{"uv":[12.25,9.9375,12.0625,10.125],"rotation":0,"texture":"#0","tintindex":0},"east":{"uv":[4.6875,9.8125,4.875,10.0],"rotation":0,"texture":"#0","tintindex":0},"north":{"uv":[6.125,8.5,6.3125,8.6875],"rotation":0,"texture":"#0","tintindex":0},"south":{"uv":[9.8125,4.875,10.0,5.0625],"rotation":0,"texture":"#0","tintindex":0},"up":{"uv":[10.125,12.25,9.9375,12.0625],"rotation":0,"texture":"#0","tintindex":0},"west":{"uv":[12.0625,9.75,12.25,9.9375],"rotation":0,"texture":"#0","tintindex":0}}},{"name":"cube","from":[7.0243673,7.3840218,7.0459995],"to":[8.822568,9.328023,8.936],"rotation":{"angle":-22.5,"axis":"z","origin":[7.0243673,9.328023,8.99]},"faces":{"down":{"uv":[12.3125,1.0625,12.125,1.25],"rotation":0,"texture":"#0","tintindex":0},"east":{"uv":[12.0625,11.125,12.25,11.3125],"rotation":0,"texture":"#0","tintindex":0},"north":{"uv":[12.0625,10.75,12.25,10.9375],"rotation":0,"texture":"#0","tintindex":0},"south":{"uv":[11.25,12.0625,11.4375,12.25],"rotation":0,"texture":"#0","tintindex":0},"up":{"uv":[12.25,11.9375,12.0625,11.75],"rotation":0,"texture":"#0","tintindex":0},"west":{"uv":[11.6875,12.0625,11.875,12.25],"rotation":0,"texture":"#0","tintindex":0}}}],"display":{"head":{"translation":[0.0,-6.4,0.0],"rotation":[0.0,0.0,0.0],"scale":[3.8095,3.8095,3.8095]}}}