{"textures":{"0":"modelengine:entity/rongamduong","1":"modelengine:entity/mvg"},"elements":[{"name":"cube","from":[5.84,6.8,6.8],"to":[10.04,12.2,9.2],"rotation":{"angle":0.0,"axis":"x","origin":[10.04,12.2,8.6]},"faces":{"down":{"uv":[11.0,1.8125,10.5625,2.0625],"rotation":0,"texture":"#0","tintindex":0},"east":{"uv":[5.0,7.0,5.25,7.5625],"rotation":0,"texture":"#0","tintindex":0},"north":{"uv":[8.125,0.0,8.5625,0.5625],"rotation":0,"texture":"#0","tintindex":0},"south":{"uv":[8.125,0.5625,8.5625,1.125],"rotation":0,"texture":"#0","tintindex":0},"up":{"uv":[6.3125,8.5,5.875,8.25],"rotation":0,"texture":"#0","tintindex":0},"west":{"uv":[8.875,9.5625,9.125,10.125],"rotation":0,"texture":"#0","tintindex":0}}},{"name":"cube","from":[6.8415594,6.8,6.617311],"to":[9.12156,12.2,9.6173115],"rotation":{"angle":-22.5,"axis":"y","origin":[9.12156,12.2,9.017311]},"faces":{"down":{"uv":[3.75,11.125,3.5,11.4375],"rotation":0,"texture":"#0","tintindex":0},"east":{"uv":[2.125,9.1875,2.4375,9.75],"rotation":0,"texture":"#0","tintindex":0},"north":{"uv":[6.625,9.75,6.875,10.3125],"rotation":0,"texture":"#0","tintindex":0},"south":{"uv":[3.3125,9.8125,3.5625,10.375],"rotation":0,"texture":"#0","tintindex":0},"up":{"uv":[2.9375,11.4375,2.6875,11.125],"rotation":0,"texture":"#0","tintindex":0},"west":{"uv":[2.4375,9.1875,2.75,9.75],"rotation":0,"texture":"#0","tintindex":0}}},{"name":"cube","from":[6.75844,6.8,6.617311],"to":[9.038441,12.2,9.6173115],"rotation":{"angle":22.5,"axis":"y","origin":[6.75844,12.2,9.017311]},"faces":{"down":{"uv":[9.125,11.125,8.875,11.4375],"rotation":0,"texture":"#0","tintindex":0},"east":{"uv":[6.625,9.1875,6.9375,9.75],"rotation":0,"texture":"#0","tintindex":0},"north":{"uv":[3.875,9.8125,4.125,10.375],"rotation":0,"texture":"#0","tintindex":0},"south":{"uv":[4.125,9.8125,4.375,10.375],"rotation":0,"texture":"#0","tintindex":0},"up":{"uv":[8.1875,11.4375,7.9375,11.125],"rotation":0,"texture":"#0","tintindex":0},"west":{"uv":[3.375,9.25,3.6875,9.8125],"rotation":0,"texture":"#0","tintindex":0}}},{"name":"cube","from":[6.43127,6.8,9.2],"to":[9.431271,12.2,9.8],"rotation":{"angle":0.0,"axis":"x","origin":[10.031271,12.2,11.6]},"faces":{"down":{"uv":[10.9375,6.9375,10.625,7.0],"rotation":0,"texture":"#0","tintindex":0},"east":{"uv":[9.3125,9.375,9.375,9.9375],"rotation":0,"texture":"#0","tintindex":0},"north":{"uv":[7.5625,9.25,7.875,9.8125],"rotation":0,"texture":"#0","tintindex":0},"south":{"uv":[7.875,9.25,8.1875,9.8125],"rotation":0,"texture":"#0","tintindex":0},"up":{"uv":[10.5625,3.125,10.25,3.0625],"rotation":0,"texture":"#0","tintindex":0},"west":{"uv":[5.1875,12.0,5.25,12.5625],"rotation":0,"texture":"#0","tintindex":0}}},{"name":"cube","from":[7.93127,6.8,9.8],"to":[7.93127,12.2,13.400001],"rotation":{"angle":0.0,"axis":"x","origin":[11.53127,12.2,12.2]},"faces":{"down":{"uv":[0.0,0.0,0.0,0.375],"rotation":0,"texture":"#0","tintindex":0},"east":{"uv":[0.75,8.5625,1.125,9.125],"rotation":0,"texture":"#0","tintindex":0},"north":{"uv":[0.0,0.0,0.0,0.5625],"rotation":0,"texture":"#0","tintindex":0},"south":{"uv":[0.0,0.0,0.0,0.5625],"rotation":0,"texture":"#0","tintindex":0},"up":{"uv":[0.0,0.375,0.0,0.0],"rotation":0,"texture":"#0","tintindex":0},"west":{"uv":[2.0,8.625,2.375,9.1875],"rotation":0,"texture":"#0","tintindex":0}}},{"name":"cube","from":[6.83283,6.617311,6.74],"to":[9.112829,9.017311,9.2],"rotation":{"angle":22.5,"axis":"z","origin":[9.112829,9.017311,9.139999]},"faces":{"down":{"uv":[11.8125,9.9375,11.5625,10.1875],"rotation":0,"texture":"#0","tintindex":0},"east":{"uv":[8.125,11.5625,8.375,11.8125],"rotation":0,"texture":"#0","tintindex":0},"north":{"uv":[6.0,11.5625,6.25,11.8125],"rotation":0,"texture":"#0","tintindex":0},"south":{"uv":[11.5625,8.125,11.8125,8.375],"rotation":0,"texture":"#0","tintindex":0},"up":{"uv":[11.8125,9.9375,11.5625,9.6875],"rotation":0,"texture":"#0","tintindex":0},"west":{"uv":[11.5625,9.0,11.8125,9.25],"rotation":0,"texture":"#0","tintindex":0}}},{"name":"cube","from":[6.74971,6.617311,6.74],"to":[8.96971,9.017311,9.2],"rotation":{"angle":-22.5,"axis":"z","origin":[6.74971,9.017311,9.139999]},"faces":{"down":{"uv":[12.03125,8.875,11.8125,9.125],"rotation":0,"texture":"#0","tintindex":0},"east":{"uv":[10.75,11.5625,11.0,11.8125],"rotation":0,"texture":"#0","tintindex":0},"north":{"uv":[11.8125,3.4375,12.03125,3.6875],"rotation":0,"texture":"#0","tintindex":0},"south":{"uv":[11.8125,5.1875,12.03125,5.4375],"rotation":0,"texture":"#0","tintindex":0},"up":{"uv":[8.34375,12.0625,8.125,11.8125],"rotation":0,"texture":"#0","tintindex":0},"west":{"uv":[11.0,11.5625,11.25,11.8125],"rotation":0,"texture":"#0","tintindex":0}}}],"display":{"head":{"translation":[0.0,-6.4,0.0],"rotation":[0.0,0.0,0.0],"scale":[3.8095,3.8095,3.8095]}}}