{"textures":{"0":"modelengine:entity/rongamduong","1":"modelengine:entity/mvg"},"elements":[{"name":"cube","from":[6.1099997,7.2799997,6.74],"to":[9.889999,12.140001,8.84],"rotation":{"angle":0.0,"axis":"x","origin":[9.889999,12.140001,8.3]},"faces":{"down":{"uv":[6.03125,11.0625,5.625,11.28125],"rotation":0,"texture":"#0","tintindex":0},"east":{"uv":[10.5625,2.625,10.78125,3.125],"rotation":0,"texture":"#0","tintindex":0},"north":{"uv":[6.6875,8.6875,7.09375,9.1875],"rotation":0,"texture":"#0","tintindex":0},"south":{"uv":[7.75,8.75,8.15625,9.25],"rotation":0,"texture":"#0","tintindex":0},"up":{"uv":[11.46875,5.71875,11.0625,5.5],"rotation":0,"texture":"#0","tintindex":0},"west":{"uv":[10.375,10.5625,10.59375,11.0625],"rotation":0,"texture":"#0","tintindex":0}}},{"name":"cube","from":[7.011404,7.2799997,6.57558],"to":[9.063404,12.140001,9.27558],"rotation":{"angle":-22.5,"axis":"y","origin":[9.063404,12.140001,8.7355795]},"faces":{"down":{"uv":[1.15625,11.6875,0.9375,11.96875],"rotation":0,"texture":"#0","tintindex":0},"east":{"uv":[4.375,9.8125,4.65625,10.3125],"rotation":0,"texture":"#0","tintindex":0},"north":{"uv":[10.625,1.3125,10.84375,1.8125],"rotation":0,"texture":"#0","tintindex":0},"south":{"uv":[2.75,10.625,2.96875,11.125],"rotation":0,"texture":"#0","tintindex":0},"up":{"uv":[10.53125,11.90625,10.3125,11.625],"rotation":0,"texture":"#0","tintindex":0},"west":{"uv":[7.5,9.8125,7.78125,10.3125],"rotation":0,"texture":"#0","tintindex":0}}},{"name":"cube","from":[6.936596,7.2799997,6.57558],"to":[8.988596,12.140001,9.27558],"rotation":{"angle":22.5,"axis":"y","origin":[6.936596,12.140001,8.7355795]},"faces":{"down":{"uv":[1.65625,11.6875,1.4375,11.96875],"rotation":0,"texture":"#0","tintindex":0},"east":{"uv":[7.8125,9.8125,8.09375,10.3125],"rotation":0,"texture":"#0","tintindex":0},"north":{"uv":[3.5,10.625,3.71875,11.125],"rotation":0,"texture":"#0","tintindex":0},"south":{"uv":[10.625,4.625,10.84375,5.125],"rotation":0,"texture":"#0","tintindex":0},"up":{"uv":[1.40625,11.96875,1.1875,11.6875],"rotation":0,"texture":"#0","tintindex":0},"west":{"uv":[9.875,3.125,10.15625,3.625],"rotation":0,"texture":"#0","tintindex":0}}},{"name":"cube","from":[6.670308,7.2799997,8.84],"to":[9.370308,12.140001,9.379999],"rotation":{"angle":0.0,"axis":"x","origin":[9.910309,12.140001,11.0]},"faces":{"down":{"uv":[12.78125,2.8125,12.5,2.875],"rotation":0,"texture":"#0","tintindex":0},"east":{"uv":[5.125,12.125,5.1875,12.625],"rotation":0,"texture":"#0","tintindex":0},"north":{"uv":[5.1875,9.875,5.46875,10.375],"rotation":0,"texture":"#0","tintindex":0},"south":{"uv":[5.5,9.875,5.78125,10.375],"rotation":0,"texture":"#0","tintindex":0},"up":{"uv":[12.78125,2.625,12.5,2.5625],"rotation":0,"texture":"#0","tintindex":0},"west":{"uv":[6.5625,12.1875,6.625,12.6875],"rotation":0,"texture":"#0","tintindex":0}}},{"name":"cube","from":[8.020308,7.2799997,9.379999],"to":[8.020308,12.140001,12.74],"rotation":{"angle":0.0,"axis":"x","origin":[11.260308,12.140001,11.54]},"faces":{"down":{"uv":[0.0,0.0,0.0,0.34375],"rotation":0,"texture":"#0","tintindex":0},"east":{"uv":[9.4375,0.25,9.78125,0.75],"rotation":0,"texture":"#0","tintindex":0},"north":{"uv":[0.0,0.0,0.0,0.5],"rotation":0,"texture":"#0","tintindex":0},"south":{"uv":[0.0,0.0,0.0,0.5],"rotation":0,"texture":"#0","tintindex":0},"up":{"uv":[0.0,0.34375,0.0,0.0],"rotation":0,"texture":"#0","tintindex":0},"west":{"uv":[9.4375,1.125,9.78125,1.625],"rotation":0,"texture":"#0","tintindex":0}}},{"name":"cube","from":[7.0317116,7.1155796,6.6799994],"to":[9.083712,9.27558,8.84],"rotation":{"angle":22.5,"axis":"z","origin":[9.083712,9.27558,8.84]},"faces":{"down":{"uv":[12.09375,4.0,11.875,4.21875],"rotation":0,"texture":"#0","tintindex":0},"east":{"uv":[11.8125,11.125,12.03125,11.34375],"rotation":0,"texture":"#0","tintindex":0},"north":{"uv":[11.8125,10.75,12.03125,10.96875],"rotation":0,"texture":"#0","tintindex":0},"south":{"uv":[11.875,1.0625,12.09375,1.28125],"rotation":0,"texture":"#0","tintindex":0},"up":{"uv":[12.09375,2.65625,11.875,2.4375],"rotation":0,"texture":"#0","tintindex":0},"west":{"uv":[11.875,2.0625,12.09375,2.28125],"rotation":0,"texture":"#0","tintindex":0}}},{"name":"cube","from":[6.9569044,7.1155796,6.6799994],"to":[8.954905,9.27558,8.84],"rotation":{"angle":-22.5,"axis":"z","origin":[6.9569044,9.27558,8.84]},"faces":{"down":{"uv":[5.15625,11.875,4.9375,12.09375],"rotation":0,"texture":"#0","tintindex":0},"east":{"uv":[11.875,4.25,12.09375,4.46875],"rotation":0,"texture":"#0","tintindex":0},"north":{"uv":[4.1875,11.875,4.40625,12.09375],"rotation":0,"texture":"#0","tintindex":0},"south":{"uv":[4.4375,11.875,4.65625,12.09375],"rotation":0,"texture":"#0","tintindex":0},"up":{"uv":[12.09375,5.03125,11.875,4.8125],"rotation":0,"texture":"#0","tintindex":0},"west":{"uv":[4.6875,11.875,4.90625,12.09375],"rotation":0,"texture":"#0","tintindex":0}}}],"display":{"head":{"translation":[0.0,-6.4,0.0],"rotation":[0.0,0.0,0.0],"scale":[3.8095,3.8095,3.8095]}}}