{"textures":{"0":"modelengine:entity/rongamduong","1":"modelengine:entity/mvg"},"elements":[{"name":"cube","from":[6.2,6.9799995,8.0],"to":[8.0,9.5,15.2],"rotation":{"angle":0.0,"axis":"x","origin":[8.0,8.78,8.0]},"faces":{"down":{"uv":[1.3125,10.0625,1.125,10.8125],"rotation":0,"texture":"#0","tintindex":0},"east":{"uv":[9.3125,4.1875,10.0625,4.4375],"rotation":0,"texture":"#0","tintindex":0},"north":{"uv":[5.3125,11.9375,5.5,12.1875],"rotation":0,"texture":"#0","tintindex":0},"south":{"uv":[11.9375,6.3125,12.125,6.5625],"rotation":0,"texture":"#0","tintindex":0},"up":{"uv":[1.125,10.8125,0.9375,10.0625],"rotation":0,"texture":"#0","tintindex":0},"west":{"uv":[0.625,9.375,1.375,9.625],"rotation":0,"texture":"#0","tintindex":0}}}],"display":{"head":{"translation":[0.0,-6.4,0.0],"rotation":[0.0,0.0,0.0],"scale":[3.8095,3.8095,3.8095]}}}