{"textures":{"0":"modelengine:entity/rongamduong","1":"modelengine:entity/mvg"},"elements":[{"name":"cube","from":[6.2,7.1,8.0],"to":[8.0,9.26,17.0],"rotation":{"angle":0.0,"axis":"x","origin":[8.0,8.9,8.0]},"faces":{"down":{"uv":[9.5625,9.125,9.375,10.0625],"rotation":0,"texture":"#0","tintindex":0},"east":{"uv":[4.875,8.8125,5.8125,9.03125],"rotation":0,"texture":"#0","tintindex":0},"north":{"uv":[0.375,12.0625,0.5625,12.28125],"rotation":0,"texture":"#0","tintindex":0},"south":{"uv":[12.0625,0.5,12.25,0.71875],"rotation":0,"texture":"#0","tintindex":0},"up":{"uv":[9.3125,10.3125,9.125,9.375],"rotation":0,"texture":"#0","tintindex":0},"west":{"uv":[8.8125,7.625,9.75,7.84375],"rotation":0,"texture":"#0","tintindex":0}}}],"display":{"head":{"translation":[0.0,-6.4,0.0],"rotation":[0.0,0.0,0.0],"scale":[3.8095,3.8095,3.8095]}}}