{"textures":{"0":"modelengine:entity/rongamduong","1":"modelengine:entity/mvg"},"elements":[{"name":"cube","from":[8.0,6.9799995,8.0],"to":[9.8,9.5,15.2],"rotation":{"angle":0.0,"axis":"x","origin":[8.0,8.78,8.0]},"faces":{"down":{"uv":[0.5625,10.0625,0.375,10.8125],"rotation":0,"texture":"#0","tintindex":0},"east":{"uv":[9.25,8.375,10.0,8.625],"rotation":0,"texture":"#0","tintindex":0},"north":{"uv":[0.1875,11.9375,0.375,12.1875],"rotation":0,"texture":"#0","tintindex":0},"south":{"uv":[11.9375,1.5625,12.125,1.8125],"rotation":0,"texture":"#0","tintindex":0},"up":{"uv":[8.875,10.75,8.6875,10.0],"rotation":0,"texture":"#0","tintindex":0},"west":{"uv":[9.3125,0.0,10.0625,0.25],"rotation":0,"texture":"#0","tintindex":0}}}],"display":{"head":{"translation":[0.0,-6.4,0.0],"rotation":[0.0,0.0,0.0],"scale":[3.8095,3.8095,3.8095]}}}