{"textures":{"0":"modelengine:entity/rongamduong","1":"modelengine:entity/mvg"},"elements":[{"name":"cube","from":[8.0,7.1,8.0],"to":[9.8,9.26,17.0],"rotation":{"angle":0.0,"axis":"x","origin":[8.0,8.9,8.0]},"faces":{"down":{"uv":[3.875,9.25,3.6875,10.1875],"rotation":0,"texture":"#0","tintindex":0},"east":{"uv":[8.5625,8.6875,9.5,8.90625],"rotation":0,"texture":"#0","tintindex":0},"north":{"uv":[12.0625,0.0,12.25,0.21875],"rotation":0,"texture":"#0","tintindex":0},"south":{"uv":[12.0625,0.25,12.25,0.46875],"rotation":0,"texture":"#0","tintindex":0},"up":{"uv":[7.125,10.125,6.9375,9.1875],"rotation":0,"texture":"#0","tintindex":0},"west":{"uv":[3.9375,8.8125,4.875,9.03125],"rotation":0,"texture":"#0","tintindex":0}}}],"display":{"head":{"translation":[0.0,-6.4,0.0],"rotation":[0.0,0.0,0.0],"scale":[3.8095,3.8095,3.8095]}}}