{"textures":{"0":"modelengine:entity/rongamduong","1":"modelengine:entity/mvg"},"elements":[{"name":"cube","from":[8.0,6.8,8.0],"to":[9.8,9.8,15.2],"rotation":{"angle":0.0,"axis":"x","origin":[8.0,8.6,8.0]},"faces":{"down":{"uv":[8.6875,10.0,8.5,10.75],"rotation":0,"texture":"#0","tintindex":0},"east":{"uv":[1.25,8.5,2.0,8.8125],"rotation":0,"texture":"#0","tintindex":0},"north":{"uv":[7.1875,11.75,7.375,12.0625],"rotation":0,"texture":"#0","tintindex":0},"south":{"uv":[7.375,11.75,7.5625,12.0625],"rotation":0,"texture":"#0","tintindex":0},"up":{"uv":[5.125,10.75,4.9375,10.0],"rotation":0,"texture":"#0","tintindex":0},"west":{"uv":[5.375,8.5,6.125,8.8125],"rotation":0,"texture":"#0","tintindex":0}}}],"display":{"head":{"translation":[0.0,-6.4,0.0],"rotation":[0.0,0.0,0.0],"scale":[3.8095,3.8095,3.8095]}}}