{"textures":{"0":"modelengine:entity/rongamduong","1":"modelengine:entity/mvg"},"elements":[{"name":"cube","from":[5.8999996,5.6,6.8],"to":[10.1,9.8,12.2],"rotation":{"angle":0.0,"axis":"x","origin":[7.1,-1.6000004,3.7999997]},"faces":{"down":{"uv":[7.1875,8.125,6.75,8.6875],"rotation":0,"texture":"#0","tintindex":0},"east":{"uv":[8.125,2.25,8.6875,2.6875],"rotation":0,"texture":"#0","tintindex":0},"north":{"uv":[4.8125,9.0625,5.25,9.5],"rotation":0,"texture":"#0","tintindex":0},"south":{"uv":[9.0625,5.1875,9.5,5.625],"rotation":0,"texture":"#0","tintindex":0},"up":{"uv":[6.75,8.6875,6.3125,8.125],"rotation":0,"texture":"#0","tintindex":0},"west":{"uv":[8.125,2.6875,8.6875,3.125],"rotation":0,"texture":"#0","tintindex":0}}},{"name":"cube","from":[6.8599997,9.8,6.8],"to":[9.139999,10.4,12.2],"rotation":{"angle":0.0,"axis":"x","origin":[7.1,-1.6000004,3.7999997]},"faces":{"down":{"uv":[10.1875,9.6875,9.9375,10.25],"rotation":0,"texture":"#0","tintindex":0},"east":{"uv":[11.9375,7.625,12.5,7.6875],"rotation":0,"texture":"#0","tintindex":0},"north":{"uv":[11.3125,8.125,11.5625,8.1875],"rotation":0,"texture":"#0","tintindex":0},"south":{"uv":[2.6875,11.4375,2.9375,11.5],"rotation":0,"texture":"#0","tintindex":0},"up":{"uv":[7.375,10.5,7.125,9.9375],"rotation":0,"texture":"#0","tintindex":0},"west":{"uv":[12.0625,0.875,12.625,0.9375],"rotation":0,"texture":"#0","tintindex":0}}},{"name":"cube","from":[7.1,10.4,9.2],"to":[8.9,11.6,11.6],"rotation":{"angle":0.0,"axis":"x","origin":[7.1,-1.6000004,3.7999997]},"faces":{"down":{"uv":[0.1875,11.9375,0.0,12.1875],"rotation":0,"texture":"#0","tintindex":0},"east":{"uv":[12.3125,4.625,12.5625,4.75],"rotation":0,"texture":"#0","tintindex":0},"north":{"uv":[12.5,10.125,12.6875,10.25],"rotation":0,"texture":"#0","tintindex":0},"south":{"uv":[12.5,10.25,12.6875,10.375],"rotation":0,"texture":"#0","tintindex":0},"up":{"uv":[12.0625,12.0,11.875,11.75],"rotation":0,"texture":"#0","tintindex":0},"west":{"uv":[4.6875,12.3125,4.9375,12.4375],"rotation":0,"texture":"#0","tintindex":0}}},{"name":"cube","from":[8.0,10.4,7.4],"to":[8.0,15.2,12.2],"rotation":{"angle":0.0,"axis":"x","origin":[6.8,-1.6000004,3.7999997]},"faces":{"down":{"uv":[0.0,0.0,0.0,0.5],"rotation":0,"texture":"#0","tintindex":0},"east":{"uv":[5.375,8.0,5.875,8.5],"rotation":0,"texture":"#0","tintindex":0},"north":{"uv":[0.0,0.0,0.0,0.5],"rotation":0,"texture":"#0","tintindex":0},"south":{"uv":[0.0,0.0,0.0,0.5],"rotation":0,"texture":"#0","tintindex":0},"up":{"uv":[0.0,0.5,0.0,0.0],"rotation":0,"texture":"#0","tintindex":0},"west":{"uv":[0.0,8.0625,0.5,8.5625],"rotation":0,"texture":"#0","tintindex":0}}},{"name":"cube","from":[6.5,5.6,8.0],"to":[8.12,6.3200006,12.08],"rotation":{"angle":-22.5,"axis":"z","origin":[6.5,5.6,9.2]},"faces":{"down":{"uv":[2.34375,11.4375,2.1875,11.875],"rotation":0,"texture":"#0","tintindex":0},"east":{"uv":[12.3125,8.4375,12.75,8.5],"rotation":0,"texture":"#0","tintindex":0},"north":{"uv":[10.4375,8.875,10.59375,8.9375],"rotation":0,"texture":"#0","tintindex":0},"south":{"uv":[10.5625,2.1875,10.71875,2.25],"rotation":0,"texture":"#0","tintindex":0},"up":{"uv":[9.78125,11.8125,9.625,11.375],"rotation":0,"texture":"#0","tintindex":0},"west":{"uv":[12.3125,12.3125,12.75,12.375],"rotation":0,"texture":"#0","tintindex":0}}},{"name":"cube","from":[7.88,5.6,8.0],"to":[9.5,6.3200006,12.08],"rotation":{"angle":22.5,"axis":"z","origin":[9.5,5.6,9.2]},"faces":{"down":{"uv":[0.15625,11.5,0.0,11.9375],"rotation":0,"texture":"#0","tintindex":0},"east":{"uv":[0.5625,12.375,1.0,12.4375],"rotation":0,"texture":"#0","tintindex":0},"north":{"uv":[5.625,11.0,5.78125,11.0625],"rotation":0,"texture":"#0","tintindex":0},"south":{"uv":[11.125,4.25,11.28125,4.3125],"rotation":0,"texture":"#0","tintindex":0},"up":{"uv":[9.03125,11.875,8.875,11.4375],"rotation":0,"texture":"#0","tintindex":0},"west":{"uv":[12.375,0.75,12.8125,0.8125],"rotation":0,"texture":"#0","tintindex":0}}}],"display":{"head":{"translation":[0.0,-6.4,0.0],"rotation":[0.0,0.0,0.0],"scale":[3.8095,3.8095,3.8095]}}}