{"textures":{"0":"modelengine:entity/rongamduong","1":"modelengine:entity/mvg"},"elements":[{"name":"cube","from":[6.8,6.2,8.0],"to":[9.2,9.2,12.8],"rotation":{"angle":0.0,"axis":"x","origin":[8.0,8.0,8.0]},"faces":{"down":{"uv":[3.5,10.375,3.25,10.875],"rotation":0,"texture":"#0","tintindex":0},"east":{"uv":[3.875,9.5,4.375,9.8125],"rotation":0,"texture":"#0","tintindex":0},"north":{"uv":[2.4375,11.3125,2.6875,11.625],"rotation":0,"texture":"#0","tintindex":0},"south":{"uv":[11.375,4.9375,11.625,5.25],"rotation":0,"texture":"#0","tintindex":0},"up":{"uv":[3.0,10.625,2.75,10.125],"rotation":0,"texture":"#0","tintindex":0},"west":{"uv":[4.375,9.5,4.875,9.8125],"rotation":0,"texture":"#0","tintindex":0}}},{"name":"cube","from":[7.4,9.2,8.0],"to":[8.6,9.8,12.8],"rotation":{"angle":0.0,"axis":"x","origin":[8.0,11.0,8.0]},"faces":{"down":{"uv":[5.3125,11.5,5.1875,12.0],"rotation":0,"texture":"#0","tintindex":0},"east":{"uv":[11.4375,1.5625,11.9375,1.625],"rotation":0,"texture":"#0","tintindex":0},"north":{"uv":[9.3125,0.25,9.4375,0.3125],"rotation":0,"texture":"#0","tintindex":0},"south":{"uv":[9.8125,8.1875,9.9375,8.25],"rotation":0,"texture":"#0","tintindex":0},"up":{"uv":[1.8125,12.0,1.6875,11.5],"rotation":0,"texture":"#0","tintindex":0},"west":{"uv":[12.125,2.625,12.625,2.6875],"rotation":0,"texture":"#0","tintindex":0}}},{"name":"cube","from":[8.0,9.8,8.0],"to":[8.0,12.8,12.8],"rotation":{"angle":0.0,"axis":"x","origin":[8.6,11.6,8.0]},"faces":{"down":{"uv":[0.0,0.0,0.0,0.5],"rotation":0,"texture":"#0","tintindex":0},"east":{"uv":[9.5,5.0625,10.0,5.375],"rotation":0,"texture":"#0","tintindex":0},"north":{"uv":[0.0,0.0,0.0,0.3125],"rotation":0,"texture":"#0","tintindex":0},"south":{"uv":[0.0,0.0,0.0,0.3125],"rotation":0,"texture":"#0","tintindex":0},"up":{"uv":[0.0,0.5,0.0,0.0],"rotation":0,"texture":"#0","tintindex":0},"west":{"uv":[9.5,8.625,10.0,8.9375],"rotation":0,"texture":"#0","tintindex":0}}},{"name":"cube","from":[8.223332,6.155576,8.0],"to":[9.483334,6.755576,12.8],"rotation":{"angle":-22.5,"axis":"z","origin":[7.6233325,9.755577,8.6]},"faces":{"down":{"uv":[11.375,11.5625,11.25,12.0625],"rotation":0,"texture":"#0","tintindex":0},"east":{"uv":[12.125,7.4375,12.625,7.5],"rotation":0,"texture":"#0","tintindex":0},"north":{"uv":[3.5625,10.125,3.6875,10.1875],"rotation":0,"texture":"#0","tintindex":0},"south":{"uv":[10.1875,0.75,10.3125,0.8125],"rotation":0,"texture":"#0","tintindex":0},"up":{"uv":[9.375,12.0,9.25,11.5],"rotation":0,"texture":"#0","tintindex":0},"west":{"uv":[12.25,6.0,12.75,6.0625],"rotation":0,"texture":"#0","tintindex":0}}},{"name":"cube","from":[6.5166674,6.155576,8.0],"to":[7.7766676,6.755576,12.8],"rotation":{"angle":22.5,"axis":"z","origin":[8.376667,9.755577,8.6]},"faces":{"down":{"uv":[11.6875,11.375,11.5625,11.875],"rotation":0,"texture":"#0","tintindex":0},"east":{"uv":[12.25,9.3125,12.75,9.375],"rotation":0,"texture":"#0","tintindex":0},"north":{"uv":[7.375,10.25,7.5,10.3125],"rotation":0,"texture":"#0","tintindex":0},"south":{"uv":[10.375,4.0625,10.5,4.125],"rotation":0,"texture":"#0","tintindex":0},"up":{"uv":[11.5,12.0625,11.375,11.5625],"rotation":0,"texture":"#0","tintindex":0},"west":{"uv":[12.25,10.875,12.75,10.9375],"rotation":0,"texture":"#0","tintindex":0}}}],"display":{"head":{"translation":[0.0,-6.4,0.0],"rotation":[0.0,0.0,0.0],"scale":[3.8095,3.8095,3.8095]}}}