{"textures":{"0":"modelengine:entity/rongamduong","1":"modelengine:entity/mvg"},"elements":[{"name":"cube","from":[6.2,6.8,8.0],"to":[8.0,9.8,15.2],"rotation":{"angle":0.0,"axis":"x","origin":[8.0,8.6,8.0]},"faces":{"down":{"uv":[0.9375,10.0625,0.75,10.8125],"rotation":0,"texture":"#0","tintindex":0},"east":{"uv":[0.0,8.5625,0.75,8.875],"rotation":0,"texture":"#0","tintindex":0},"north":{"uv":[7.5625,11.75,7.75,12.0625],"rotation":0,"texture":"#0","tintindex":0},"south":{"uv":[8.5,11.75,8.6875,12.0625],"rotation":0,"texture":"#0","tintindex":0},"up":{"uv":[0.75,10.8125,0.5625,10.0625],"rotation":0,"texture":"#0","tintindex":0},"west":{"uv":[8.5625,0.0,9.3125,0.3125],"rotation":0,"texture":"#0","tintindex":0}}}],"display":{"head":{"translation":[0.0,-6.4,0.0],"rotation":[0.0,0.0,0.0],"scale":[3.8095,3.8095,3.8095]}}}