{"textures":{"0":"modelengine:entity/rongamduong","1":"modelengine:entity/mvg"},"elements":[{"name":"cube","from":[6.2,6.2,8.0],"to":[9.8,9.8,13.400001],"rotation":{"angle":0.0,"axis":"x","origin":[6.2,9.8,8.0]},"faces":{"down":{"uv":[3.9375,8.6875,3.5625,9.25],"rotation":0,"texture":"#0","tintindex":0},"east":{"uv":[7.1875,8.625,7.75,9.0],"rotation":0,"texture":"#0","tintindex":0},"north":{"uv":[9.9375,7.875,10.3125,8.25],"rotation":0,"texture":"#0","tintindex":0},"south":{"uv":[10.0,2.25,10.375,2.625],"rotation":0,"texture":"#0","tintindex":0},"up":{"uv":[2.75,9.1875,2.375,8.625],"rotation":0,"texture":"#0","tintindex":0},"west":{"uv":[8.6875,2.25,9.25,2.625],"rotation":0,"texture":"#0","tintindex":0}}},{"name":"cube","from":[7.8776603,5.9259663,8.0],"to":[9.49766,6.5259666,13.400001],"rotation":{"angle":-22.5,"axis":"z","origin":[7.8776603,9.525967,8.0]},"faces":{"down":{"uv":[10.53125,11.0625,10.375,11.625],"rotation":0,"texture":"#0","tintindex":0},"east":{"uv":[12.0625,3.625,12.625,3.6875],"rotation":0,"texture":"#0","tintindex":0},"north":{"uv":[11.1875,11.0,11.34375,11.0625],"rotation":0,"texture":"#0","tintindex":0},"south":{"uv":[11.3125,4.5,11.46875,4.5625],"rotation":0,"texture":"#0","tintindex":0},"up":{"uv":[8.59375,11.625,8.4375,11.0625],"rotation":0,"texture":"#0","tintindex":0},"west":{"uv":[12.0625,9.0625,12.625,9.125],"rotation":0,"texture":"#0","tintindex":0}}},{"name":"cube","from":[6.5023394,5.9259663,8.0],"to":[8.122339,6.5259666,13.400001],"rotation":{"angle":22.5,"axis":"z","origin":[8.122339,9.525967,8.0]},"faces":{"down":{"uv":[1.28125,11.125,1.125,11.6875],"rotation":0,"texture":"#0","tintindex":0},"east":{"uv":[12.0625,10.9375,12.625,11.0],"rotation":0,"texture":"#0","tintindex":0},"north":{"uv":[11.5,7.875,11.65625,7.9375],"rotation":0,"texture":"#0","tintindex":0},"south":{"uv":[11.625,5.1875,11.78125,5.25],"rotation":0,"texture":"#0","tintindex":0},"up":{"uv":[1.09375,11.6875,0.9375,11.125],"rotation":0,"texture":"#0","tintindex":0},"west":{"uv":[12.0625,11.3125,12.625,11.375],"rotation":0,"texture":"#0","tintindex":0}}},{"name":"cube","from":[6.8,9.8,8.0],"to":[9.2,10.4,13.400001],"rotation":{"angle":0.0,"axis":"x","origin":[8.6,8.0,3.7999997]},"faces":{"down":{"uv":[4.9375,10.0,4.6875,10.5625],"rotation":0,"texture":"#0","tintindex":0},"east":{"uv":[12.125,1.25,12.6875,1.3125],"rotation":0,"texture":"#0","tintindex":0},"north":{"uv":[11.5625,10.1875,11.8125,10.25],"rotation":0,"texture":"#0","tintindex":0},"south":{"uv":[11.625,4.4375,11.875,4.5],"rotation":0,"texture":"#0","tintindex":0},"up":{"uv":[3.25,10.5625,3.0,10.0],"rotation":0,"texture":"#0","tintindex":0},"west":{"uv":[12.125,1.6875,12.6875,1.75],"rotation":0,"texture":"#0","tintindex":0}}},{"name":"cube","from":[8.0,10.4,8.0],"to":[8.0,14.0,13.400001],"rotation":{"angle":0.0,"axis":"x","origin":[8.6,8.6,3.7999997]},"faces":{"down":{"uv":[0.0,0.0,0.0,0.5625],"rotation":0,"texture":"#0","tintindex":0},"east":{"uv":[8.6875,2.625,9.25,3.0],"rotation":0,"texture":"#0","tintindex":0},"north":{"uv":[0.0,0.0,0.0,0.375],"rotation":0,"texture":"#0","tintindex":0},"south":{"uv":[0.0,0.0,0.0,0.375],"rotation":0,"texture":"#0","tintindex":0},"up":{"uv":[0.0,0.5625,0.0,0.0],"rotation":0,"texture":"#0","tintindex":0},"west":{"uv":[6.125,8.6875,6.6875,9.0625],"rotation":0,"texture":"#0","tintindex":0}}}],"display":{"head":{"translation":[0.0,-6.4,0.0],"rotation":[0.0,0.0,0.0],"scale":[3.8095,3.8095,3.8095]}}}