{"textures":{"0":"modelengine:entity/rongamduong","1":"modelengine:entity/mvg"},"elements":[{"name":"cube","from":[6.5,6.2,8.0],"to":[9.5,9.2,14.0],"rotation":{"angle":0.0,"axis":"x","origin":[8.3,8.0,8.0]},"faces":{"down":{"uv":[6.125,8.8125,5.8125,9.4375],"rotation":0,"texture":"#0","tintindex":0},"east":{"uv":[1.125,8.8125,1.75,9.125],"rotation":0,"texture":"#0","tintindex":0},"north":{"uv":[10.875,4.625,11.1875,4.9375],"rotation":0,"texture":"#0","tintindex":0},"south":{"uv":[5.125,10.875,5.4375,11.1875],"rotation":0,"texture":"#0","tintindex":0},"up":{"uv":[8.5,9.375,8.1875,8.75],"rotation":0,"texture":"#0","tintindex":0},"west":{"uv":[8.8125,7.875,9.4375,8.1875],"rotation":0,"texture":"#0","tintindex":0}}},{"name":"cube","from":[6.8,9.2,8.0],"to":[9.2,9.8,14.0],"rotation":{"angle":0.0,"axis":"x","origin":[8.6,11.0,8.0]},"faces":{"down":{"uv":[3.0,9.5,2.75,10.125],"rotation":0,"texture":"#0","tintindex":0},"east":{"uv":[8.4375,5.5625,9.0625,5.625],"rotation":0,"texture":"#0","tintindex":0},"north":{"uv":[12.5625,10.0625,12.8125,10.125],"rotation":0,"texture":"#0","tintindex":0},"south":{"uv":[1.0625,12.625,1.3125,12.6875],"rotation":0,"texture":"#0","tintindex":0},"up":{"uv":[6.625,10.0625,6.375,9.4375],"rotation":0,"texture":"#0","tintindex":0},"west":{"uv":[4.125,8.75,4.75,8.8125],"rotation":0,"texture":"#0","tintindex":0}}},{"name":"cube","from":[8.0,9.8,8.0],"to":[8.0,13.400001,14.0],"rotation":{"angle":0.0,"axis":"x","origin":[8.6,11.6,8.0]},"faces":{"down":{"uv":[0.0,0.0,0.0,0.625],"rotation":0,"texture":"#0","tintindex":0},"east":{"uv":[7.9375,8.375,8.5625,8.75],"rotation":0,"texture":"#0","tintindex":0},"north":{"uv":[0.0,0.0,0.0,0.375],"rotation":0,"texture":"#0","tintindex":0},"south":{"uv":[0.0,0.0,0.0,0.375],"rotation":0,"texture":"#0","tintindex":0},"up":{"uv":[0.0,0.625,0.0,0.0],"rotation":0,"texture":"#0","tintindex":0},"west":{"uv":[8.4375,5.1875,9.0625,5.5625],"rotation":0,"texture":"#0","tintindex":0}}},{"name":"cube","from":[7.8776603,5.9259663,8.0],"to":[9.49766,6.5259666,14.0],"rotation":{"angle":-22.5,"axis":"z","origin":[7.8776603,9.525967,8.6]},"faces":{"down":{"uv":[5.59375,10.875,5.4375,11.5],"rotation":0,"texture":"#0","tintindex":0},"east":{"uv":[9.5,5.5625,10.125,5.625],"rotation":0,"texture":"#0","tintindex":0},"north":{"uv":[11.8125,2.875,11.96875,2.9375],"rotation":0,"texture":"#0","tintindex":0},"south":{"uv":[11.875,9.375,12.03125,9.4375],"rotation":0,"texture":"#0","tintindex":0},"up":{"uv":[8.84375,11.375,8.6875,10.75],"rotation":0,"texture":"#0","tintindex":0},"west":{"uv":[10.875,3.6875,11.5,3.75],"rotation":0,"texture":"#0","tintindex":0}}},{"name":"cube","from":[6.5023394,5.9259663,8.0],"to":[8.122339,6.5259666,14.0],"rotation":{"angle":22.5,"axis":"z","origin":[8.122339,9.525967,8.6]},"faces":{"down":{"uv":[11.03125,6.125,10.875,6.75],"rotation":0,"texture":"#0","tintindex":0},"east":{"uv":[10.875,6.75,11.5,6.8125],"rotation":0,"texture":"#0","tintindex":0},"north":{"uv":[12.625,1.0625,12.78125,1.125],"rotation":0,"texture":"#0","tintindex":0},"south":{"uv":[12.625,3.625,12.78125,3.6875],"rotation":0,"texture":"#0","tintindex":0},"up":{"uv":[11.03125,6.125,10.875,5.5],"rotation":0,"texture":"#0","tintindex":0},"west":{"uv":[11.875,2.6875,12.5,2.75],"rotation":0,"texture":"#0","tintindex":0}}}],"display":{"head":{"translation":[0.0,-6.4,0.0],"rotation":[0.0,0.0,0.0],"scale":[3.8095,3.8095,3.8095]}}}