{"textures":{"0":"modelengine:entity/rongamduong","1":"modelengine:entity/mvg"},"elements":[{"name":"cube","from":[6.8,12.8,8.0],"to":[8.0,14.0,10.4],"rotation":{"angle":0.0,"axis":"x","origin":[7.4,12.8,8.0]},"faces":{"down":{"uv":[10.5,9.4375,10.375,9.6875],"rotation":0,"texture":"#0","tintindex":0},"east":{"uv":[12.25,7.6875,12.5,7.8125],"rotation":0,"texture":"#0","tintindex":0},"north":{"uv":[8.5,11.625,8.625,11.75],"rotation":0,"texture":"#0","tintindex":0},"south":{"uv":[5.3125,11.8125,5.4375,11.9375],"rotation":0,"texture":"#0","tintindex":0},"up":{"uv":[10.1875,0.25,10.0625,0.0],"rotation":0,"texture":"#0","tintindex":0},"west":{"uv":[12.25,11.1875,12.5,11.3125],"rotation":0,"texture":"#0","tintindex":0}}},{"name":"cube","from":[6.98,13.400001,9.8],"to":[8.0,14.6,12.2],"rotation":{"angle":0.0,"axis":"x","origin":[7.4,13.400001,9.8]},"faces":{"down":{"uv":[0.78125,12.4375,0.6875,12.6875],"rotation":0,"texture":"#0","tintindex":0},"east":{"uv":[12.3125,1.125,12.5625,1.25],"rotation":0,"texture":"#0","tintindex":0},"north":{"uv":[12.6875,1.8125,12.78125,1.9375],"rotation":0,"texture":"#0","tintindex":0},"south":{"uv":[12.6875,1.9375,12.78125,2.0625],"rotation":0,"texture":"#0","tintindex":0},"up":{"uv":[0.65625,12.6875,0.5625,12.4375],"rotation":0,"texture":"#0","tintindex":0},"west":{"uv":[3.6875,12.3125,3.9375,12.4375],"rotation":0,"texture":"#0","tintindex":0}}},{"name":"cube","from":[6.98,14.0,12.2],"to":[8.0,14.900001,14.6],"rotation":{"angle":0.0,"axis":"x","origin":[7.4,14.0,12.2]},"faces":{"down":{"uv":[1.59375,12.4375,1.5,12.6875],"rotation":0,"texture":"#0","tintindex":0},"east":{"uv":[12.375,3.8125,12.625,3.90625],"rotation":0,"texture":"#0","tintindex":0},"north":{"uv":[6.4375,12.6875,6.53125,12.78125],"rotation":0,"texture":"#0","tintindex":0},"south":{"uv":[6.5625,12.6875,6.65625,12.78125],"rotation":0,"texture":"#0","tintindex":0},"up":{"uv":[0.90625,12.6875,0.8125,12.4375],"rotation":0,"texture":"#0","tintindex":0},"west":{"uv":[12.375,6.0625,12.625,6.15625],"rotation":0,"texture":"#0","tintindex":0}}},{"name":"cube","from":[6.98,14.420001,14.24],"to":[8.0,15.320001,15.860001],"rotation":{"angle":0.0,"axis":"x","origin":[7.4,14.420001,14.24]},"faces":{"down":{"uv":[7.09375,12.625,7.0,12.78125],"rotation":0,"texture":"#0","tintindex":0},"east":{"uv":[5.75,12.625,5.90625,12.71875],"rotation":0,"texture":"#0","tintindex":0},"north":{"uv":[6.6875,12.6875,6.78125,12.78125],"rotation":0,"texture":"#0","tintindex":0},"south":{"uv":[12.6875,6.6875,12.78125,6.78125],"rotation":0,"texture":"#0","tintindex":0},"up":{"uv":[6.21875,12.78125,6.125,12.625],"rotation":0,"texture":"#0","tintindex":0},"west":{"uv":[5.9375,12.625,6.09375,12.71875],"rotation":0,"texture":"#0","tintindex":0}}},{"name":"cube","from":[6.98,14.959999,15.14],"to":[8.0,15.86,16.76],"rotation":{"angle":0.0,"axis":"x","origin":[7.4,14.959999,15.14]},"faces":{"down":{"uv":[12.71875,7.125,12.625,7.28125],"rotation":0,"texture":"#0","tintindex":0},"east":{"uv":[12.625,6.0625,12.78125,6.15625],"rotation":0,"texture":"#0","tintindex":0},"north":{"uv":[6.8125,12.6875,6.90625,12.78125],"rotation":0,"texture":"#0","tintindex":0},"south":{"uv":[12.6875,7.0,12.78125,7.09375],"rotation":0,"texture":"#0","tintindex":0},"up":{"uv":[7.21875,12.78125,7.125,12.625],"rotation":0,"texture":"#0","tintindex":0},"west":{"uv":[12.625,6.875,12.78125,6.96875],"rotation":0,"texture":"#0","tintindex":0}}},{"name":"cube","from":[7.22,15.08,16.76],"to":[8.0,15.98,18.380001],"rotation":{"angle":-22.5,"axis":"x","origin":[7.4,15.08,16.76]},"faces":{"down":{"uv":[7.71875,12.625,7.625,12.78125],"rotation":0,"texture":"#0","tintindex":0},"east":{"uv":[7.25,12.625,7.40625,12.71875],"rotation":0,"texture":"#0","tintindex":0},"north":{"uv":[12.6875,7.625,12.78125,7.71875],"rotation":0,"texture":"#0","tintindex":0},"south":{"uv":[12.6875,8.5,12.78125,8.59375],"rotation":0,"texture":"#0","tintindex":0},"up":{"uv":[12.71875,7.59375,12.625,7.4375],"rotation":0,"texture":"#0","tintindex":0},"west":{"uv":[7.4375,12.625,7.59375,12.71875],"rotation":0,"texture":"#0","tintindex":0}}},{"name":"cube","from":[7.22,15.939948,18.256685],"to":[8.0,16.599947,21.076687],"rotation":{"angle":-45.0,"axis":"x","origin":[7.4,15.699947,18.256685]},"faces":{"down":{"uv":[0.34375,12.375,0.25,12.65625],"rotation":0,"texture":"#0","tintindex":0},"east":{"uv":[12.5,9.0,12.78125,9.0625],"rotation":0,"texture":"#0","tintindex":0},"north":{"uv":[8.9375,12.125,9.03125,12.1875],"rotation":0,"texture":"#0","tintindex":0},"south":{"uv":[12.125,10.6875,12.21875,10.75],"rotation":0,"texture":"#0","tintindex":0},"up":{"uv":[7.96875,12.59375,7.875,12.3125],"rotation":0,"texture":"#0","tintindex":0},"west":{"uv":[12.5,10.625,12.78125,10.6875],"rotation":0,"texture":"#0","tintindex":0}}}],"display":{"head":{"translation":[0.0,-6.4,0.0],"rotation":[0.0,0.0,0.0],"scale":[3.8095,3.8095,3.8095]}}}