{"textures":{"0":"modelengine:entity/rongamduong","1":"modelengine:entity/mvg"},"elements":[{"name":"cube","from":[8.0,12.8,8.0],"to":[9.2,14.0,10.4],"rotation":{"angle":0.0,"axis":"x","origin":[8.6,12.8,8.0]},"faces":{"down":{"uv":[8.375,10.8125,8.25,11.0625],"rotation":0,"texture":"#0","tintindex":0},"east":{"uv":[12.3125,3.6875,12.5625,3.8125],"rotation":0,"texture":"#0","tintindex":0},"north":{"uv":[0.375,11.9375,0.5,12.0625],"rotation":0,"texture":"#0","tintindex":0},"south":{"uv":[5.5,11.9375,5.625,12.0625],"rotation":0,"texture":"#0","tintindex":0},"up":{"uv":[3.875,10.875,3.75,10.625],"rotation":0,"texture":"#0","tintindex":0},"west":{"uv":[3.9375,12.3125,4.1875,12.4375],"rotation":0,"texture":"#0","tintindex":0}}},{"name":"cube","from":[8.0,13.400001,9.8],"to":[9.02,14.6,12.2],"rotation":{"angle":0.0,"axis":"x","origin":[8.6,13.400001,9.8]},"faces":{"down":{"uv":[3.90625,12.4375,3.8125,12.6875],"rotation":0,"texture":"#0","tintindex":0},"east":{"uv":[12.3125,3.9375,12.5625,4.0625],"rotation":0,"texture":"#0","tintindex":0},"north":{"uv":[12.6875,2.0625,12.78125,2.1875],"rotation":0,"texture":"#0","tintindex":0},"south":{"uv":[12.6875,2.1875,12.78125,2.3125],"rotation":0,"texture":"#0","tintindex":0},"up":{"uv":[3.78125,12.6875,3.6875,12.4375],"rotation":0,"texture":"#0","tintindex":0},"west":{"uv":[12.3125,4.0625,12.5625,4.1875],"rotation":0,"texture":"#0","tintindex":0}}},{"name":"cube","from":[8.0,14.0,12.2],"to":[9.02,14.900001,14.6],"rotation":{"angle":0.0,"axis":"x","origin":[8.6,14.0,12.2]},"faces":{"down":{"uv":[4.15625,12.4375,4.0625,12.6875],"rotation":0,"texture":"#0","tintindex":0},"east":{"uv":[12.375,7.125,12.625,7.21875],"rotation":0,"texture":"#0","tintindex":0},"north":{"uv":[12.6875,8.625,12.78125,8.71875],"rotation":0,"texture":"#0","tintindex":0},"south":{"uv":[12.6875,8.75,12.78125,8.84375],"rotation":0,"texture":"#0","tintindex":0},"up":{"uv":[4.03125,12.6875,3.9375,12.4375],"rotation":0,"texture":"#0","tintindex":0},"west":{"uv":[12.4375,0.5625,12.6875,0.65625],"rotation":0,"texture":"#0","tintindex":0}}},{"name":"cube","from":[8.0,14.420001,14.24],"to":[9.02,15.320001,15.860001],"rotation":{"angle":0.0,"axis":"x","origin":[8.6,14.420001,14.24]},"faces":{"down":{"uv":[8.34375,12.625,8.25,12.78125],"rotation":0,"texture":"#0","tintindex":0},"east":{"uv":[7.75,12.625,7.90625,12.71875],"rotation":0,"texture":"#0","tintindex":0},"north":{"uv":[8.875,12.6875,8.96875,12.78125],"rotation":0,"texture":"#0","tintindex":0},"south":{"uv":[12.6875,8.875,12.78125,8.96875],"rotation":0,"texture":"#0","tintindex":0},"up":{"uv":[8.21875,12.78125,8.125,12.625],"rotation":0,"texture":"#0","tintindex":0},"west":{"uv":[7.9375,12.625,8.09375,12.71875],"rotation":0,"texture":"#0","tintindex":0}}},{"name":"cube","from":[8.0,14.959999,15.14],"to":[9.02,15.86,16.76],"rotation":{"angle":0.0,"axis":"x","origin":[8.6,14.959999,15.14]},"faces":{"down":{"uv":[9.21875,12.625,9.125,12.78125],"rotation":0,"texture":"#0","tintindex":0},"east":{"uv":[8.375,12.625,8.53125,12.71875],"rotation":0,"texture":"#0","tintindex":0},"north":{"uv":[9.0,12.6875,9.09375,12.78125],"rotation":0,"texture":"#0","tintindex":0},"south":{"uv":[12.6875,9.375,12.78125,9.46875],"rotation":0,"texture":"#0","tintindex":0},"up":{"uv":[8.84375,12.78125,8.75,12.625],"rotation":0,"texture":"#0","tintindex":0},"west":{"uv":[8.5625,12.625,8.71875,12.71875],"rotation":0,"texture":"#0","tintindex":0}}},{"name":"cube","from":[8.0,15.08,16.76],"to":[8.780001,15.98,18.380001],"rotation":{"angle":-22.5,"axis":"x","origin":[8.6,15.08,16.76]},"faces":{"down":{"uv":[10.03125,12.625,9.9375,12.78125],"rotation":0,"texture":"#0","tintindex":0},"east":{"uv":[9.25,12.625,9.40625,12.71875],"rotation":0,"texture":"#0","tintindex":0},"north":{"uv":[12.6875,9.5,12.78125,9.59375],"rotation":0,"texture":"#0","tintindex":0},"south":{"uv":[9.625,12.6875,9.71875,12.78125],"rotation":0,"texture":"#0","tintindex":0},"up":{"uv":[9.90625,12.78125,9.8125,12.625],"rotation":0,"texture":"#0","tintindex":0},"west":{"uv":[9.4375,12.625,9.59375,12.71875],"rotation":0,"texture":"#0","tintindex":0}}},{"name":"cube","from":[8.0,15.939948,18.256685],"to":[8.780001,16.599947,21.076687],"rotation":{"angle":-45.0,"axis":"x","origin":[8.6,15.699947,18.256685]},"faces":{"down":{"uv":[12.46875,3.3125,12.375,3.59375],"rotation":0,"texture":"#0","tintindex":0},"east":{"uv":[12.5625,6.625,12.84375,6.6875],"rotation":0,"texture":"#0","tintindex":0},"north":{"uv":[1.5,12.1875,1.59375,12.25],"rotation":0,"texture":"#0","tintindex":0},"south":{"uv":[9.125,12.1875,9.21875,12.25],"rotation":0,"texture":"#0","tintindex":0},"up":{"uv":[12.46875,3.28125,12.375,3.0],"rotation":0,"texture":"#0","tintindex":0},"west":{"uv":[12.5625,9.125,12.84375,9.1875],"rotation":0,"texture":"#0","tintindex":0}}}],"display":{"head":{"translation":[0.0,-6.4,0.0],"rotation":[0.0,0.0,0.0],"scale":[3.8095,3.8095,3.8095]}}}