{"textures":{"0":"modelengine:entity/rongamduong","1":"modelengine:entity/mvg"},"elements":[{"name":"cube","from":[7.4,8.0,8.0],"to":[8.6,8.0,10.4],"rotation":{"angle":0.0,"axis":"x","origin":[8.0,8.0,8.0]},"faces":{"down":{"uv":[11.4375,12.25,11.3125,12.5],"rotation":0,"texture":"#0","tintindex":0},"east":{"uv":[0.0,0.0,0.25,0.0],"rotation":0,"texture":"#0","tintindex":0},"north":{"uv":[0.0,0.0,0.125,0.0],"rotation":0,"texture":"#0","tintindex":0},"south":{"uv":[0.0,0.0,0.125,0.0],"rotation":0,"texture":"#0","tintindex":0},"up":{"uv":[7.1875,12.4375,7.0625,12.1875],"rotation":0,"texture":"#0","tintindex":0},"west":{"uv":[0.0,0.0,0.25,0.0],"rotation":0,"texture":"#0","tintindex":0}}}],"display":{"head":{"translation":[0.0,-6.4,0.0],"rotation":[0.0,0.0,0.0],"scale":[3.8095,3.8095,3.8095]}}}