{"textures":{"0":"modelengine:entity/rongamduong","1":"modelengine:entity/mvg"},"elements":[{"name":"cube","from":[7.4,8.0,8.0],"to":[8.6,8.0,10.4],"rotation":{"angle":0.0,"axis":"x","origin":[7.4,7.4,8.0]},"faces":{"down":{"uv":[6.0625,11.3125,5.9375,11.5625],"rotation":0,"texture":"#0","tintindex":0},"east":{"uv":[0.0,0.0,0.25,0.0],"rotation":0,"texture":"#0","tintindex":0},"north":{"uv":[0.0,0.0,0.125,0.0],"rotation":0,"texture":"#0","tintindex":0},"south":{"uv":[0.0,0.0,0.125,0.0],"rotation":0,"texture":"#0","tintindex":0},"up":{"uv":[9.5625,11.125,9.4375,10.875],"rotation":0,"texture":"#0","tintindex":0},"west":{"uv":[0.0,0.0,0.25,0.0],"rotation":0,"texture":"#0","tintindex":0}}}],"display":{"head":{"translation":[0.0,-6.4,0.0],"rotation":[0.0,0.0,0.0],"scale":[3.8095,3.8095,3.8095]}}}