{"textures":{"0":"modelengine:entity/rongamduong","1":"modelengine:entity/mvg"},"elements":[{"name":"cube","from":[8.0,7.16,7.4],"to":[23.0,8.96,9.2],"rotation":{"angle":0.0,"axis":"x","origin":[3.7999997,-4.2400002,15.2]},"faces":{"down":{"uv":[9.5625,3.25,8.0,3.4375],"rotation":0,"texture":"#0","tintindex":0},"east":{"uv":[12.125,10.5,12.3125,10.6875],"rotation":0,"texture":"#0","tintindex":0},"north":{"uv":[7.875,4.625,9.4375,4.8125],"rotation":0,"texture":"#0","tintindex":0},"south":{"uv":[7.875,4.8125,9.4375,5.0],"rotation":0,"texture":"#0","tintindex":0},"up":{"uv":[9.4375,5.1875,7.875,5.0],"rotation":0,"texture":"#0","tintindex":0},"west":{"uv":[10.75,12.125,10.9375,12.3125],"rotation":0,"texture":"#0","tintindex":0}}},{"name":"cube","from":[8.0,8.0,9.2],"to":[23.0,8.0,24.8],"rotation":{"angle":0.0,"axis":"x","origin":[3.7999997,-4.2400002,15.2]},"faces":{"down":{"uv":[4.4375,5.375,2.875,7.0],"rotation":0,"texture":"#0","tintindex":0},"east":{"uv":[0.0,0.0,1.625,0.0],"rotation":0,"texture":"#0","tintindex":0},"north":{"uv":[0.0,0.0,1.5625,0.0],"rotation":0,"texture":"#0","tintindex":0},"south":{"uv":[0.0,0.0,1.5625,0.0],"rotation":0,"texture":"#0","tintindex":0},"up":{"uv":[2.875,7.0,1.3125,5.375],"rotation":0,"texture":"#0","tintindex":0},"west":{"uv":[0.0,0.0,1.625,0.0],"rotation":0,"texture":"#0","tintindex":0}}}],"display":{"head":{"translation":[0.0,-6.4,0.0],"rotation":[0.0,0.0,0.0],"scale":[3.8095,3.8095,3.8095]}}}