{"textures":{"0":"modelengine:entity/rongamduong","1":"modelengine:entity/mvg"},"elements":[{"name":"cube","from":[-7.000001,7.16,7.4],"to":[8.0,8.96,9.2],"rotation":{"angle":0.0,"axis":"x","origin":[12.2,-4.2400002,15.2]},"faces":{"down":{"uv":[9.5625,4.0,8.0,4.1875],"rotation":0,"texture":"#0","tintindex":0},"east":{"uv":[12.125,11.9375,12.3125,12.125],"rotation":0,"texture":"#0","tintindex":0},"north":{"uv":[8.0,3.4375,9.5625,3.625],"rotation":0,"texture":"#0","tintindex":0},"south":{"uv":[8.0,3.625,9.5625,3.8125],"rotation":0,"texture":"#0","tintindex":0},"up":{"uv":[9.5625,4.0,8.0,3.8125],"rotation":0,"texture":"#0","tintindex":0},"west":{"uv":[12.125,12.125,12.3125,12.3125],"rotation":0,"texture":"#0","tintindex":0}}},{"name":"cube","from":[-7.000001,8.0,9.2],"to":[8.0,8.0,24.8],"rotation":{"angle":0.0,"axis":"x","origin":[12.2,-4.2400002,15.2]},"faces":{"down":{"uv":[8.125,1.625,6.5625,3.25],"rotation":0,"texture":"#0","tintindex":0},"east":{"uv":[0.0,0.0,1.625,0.0],"rotation":0,"texture":"#0","tintindex":0},"north":{"uv":[0.0,0.0,1.5625,0.0],"rotation":0,"texture":"#0","tintindex":0},"south":{"uv":[0.0,0.0,1.5625,0.0],"rotation":0,"texture":"#0","tintindex":0},"up":{"uv":[8.125,1.625,6.5625,0.0],"rotation":0,"texture":"#0","tintindex":0},"west":{"uv":[0.0,0.0,1.625,0.0],"rotation":0,"texture":"#0","tintindex":0}}}],"display":{"head":{"translation":[0.0,-6.4,0.0],"rotation":[0.0,0.0,0.0],"scale":[3.8095,3.8095,3.8095]}}}