{
	"credit": "Made with Blockbench",
	"textures": {
		"0": "item/fish/mega",
		"particle": "item/fish/mega"
	},
	"elements": [
		{
			"from": [-7.552, -1.32889, -3.87069],
			"to": [-1.36, 7.02311, 11.76531],
			"rotation": {"angle": 0, "axis": "y", "origin": [-3.52, 0.54311, -3.49869]},
			"faces": {
				"north": {"uv": [11.575, 0.6875, 15.125, 3.9375], "texture": "#0"},
				"east": {"uv": [15.475, 0.5125, 11.55, 3.8875], "texture": "#0"},
				"south": {"uv": [11.575, 0.6875, 13.9125, 3.9375], "texture": "#0"},
				"west": {"uv": [11.55, 0.5125, 15.475, 3.8875], "texture": "#0"},
				"up": {"uv": [7.0625, 9.25, 8.7125, 10.5125], "texture": "#0"},
				"down": {"uv": [11.75, 3, 14.5, 4.4], "texture": "#0"}
			}
		},
		{
			"from": [-8.56, -1.32889, 0.70131],
			"to": [-0.64, 8.01111, 9.02931],
			"rotation": {"angle": 0, "axis": "y", "origin": [-3.52, -1.04089, -3.49869]},
			"faces": {
				"north": {"uv": [11.575, 0.6875, 15.125, 3.9375], "texture": "#0"},
				"east": {"uv": [11.575, 0.6875, 13.9125, 3.9375], "texture": "#0"},
				"south": {"uv": [11.575, 0.6875, 13.9125, 3.9375], "texture": "#0"},
				"west": {"uv": [11.575, 0.6875, 13.9125, 3.9375], "texture": "#0"},
				"up": {"uv": [7.0625, 9.25, 8.7125, 10.5125], "texture": "#0"},
				"down": {"uv": [11.75, 3, 14.5, 4.4], "texture": "#0"}
			}
		},
		{
			"from": [-2.08, 1.98311, 3.12531],
			"to": [6.416, 1.98311, 9.02931],
			"rotation": {"angle": -22.5, "axis": "z", "origin": [-3.52, -1.04089, -3.93069]},
			"faces": {
				"north": {"uv": [10.5625, 9, 14.8375, 14.7625], "rotation": 270, "texture": "#0"},
				"east": {"uv": [10.5625, 9, 14.8375, 14.7625], "rotation": 270, "texture": "#0"},
				"south": {"uv": [10.5625, 9, 14.8375, 14.7625], "rotation": 270, "texture": "#0"},
				"west": {"uv": [10.5625, 9, 14.8375, 14.7625], "rotation": 270, "texture": "#0"},
				"up": {"uv": [10.5625, 9, 14.8375, 14.7625], "rotation": 270, "texture": "#0"},
				"down": {"uv": [14.8375, 9, 10.5625, 14.7625], "rotation": 270, "texture": "#0"}
			}
		},
		{
			"from": [-12.016, 11.34311, 3.84531],
			"to": [-3.52, 11.34311, 9.74931],
			"rotation": {"angle": 22.5, "axis": "z", "origin": [19.52, -1.04089, -3.93069]},
			"faces": {
				"north": {"uv": [10.5625, 14.7625, 14.8375, 9], "rotation": 270, "texture": "#0"},
				"east": {"uv": [10.5625, 14.7625, 14.8375, 9], "rotation": 270, "texture": "#0"},
				"south": {"uv": [10.5625, 14.7625, 14.8375, 9], "rotation": 270, "texture": "#0"},
				"west": {"uv": [10.5625, 14.7625, 14.8375, 9], "rotation": 270, "texture": "#0"},
				"up": {"uv": [10.5625, 14.7625, 14.8375, 9], "rotation": 270, "texture": "#0"},
				"down": {"uv": [14.8375, 14.7625, 10.5625, 9], "rotation": 270, "texture": "#0"}
			}
		},
		{
			"from": [-4.24, 7.02311, 3.70131],
			"to": [-4.24, 12.78311, 11.18931],
			"rotation": {"angle": 0, "axis": "y", "origin": [-3.52, -1.04089, -3.49869]},
			"faces": {
				"north": {"uv": [0.45, 0.5, 4.875, 4.75], "texture": "#0"},
				"east": {"uv": [0.45, 0.5, 4.875, 4.75], "texture": "#0"},
				"south": {"uv": [0.45, 0.5, 4.875, 4.75], "texture": "#0"},
				"west": {"uv": [4.875, 0.5, 0.45, 4.75], "texture": "#0"},
				"up": {"uv": [0.45, 0.5, 4.875, 4.75], "texture": "#0"},
				"down": {"uv": [0.45, 0.5, 4.875, 4.75], "texture": "#0"}
			}
		},
		{
			"from": [-6.832, 1.12311, -8.59869],
			"to": [-2.512, 4.69111, -1.53069],
			"rotation": {"angle": 0, "axis": "y", "origin": [-3.52, -1.04089, -3.49869]},
			"faces": {
				"north": {"uv": [11.575, 0.6875, 15.125, 3.9375], "texture": "#0"},
				"east": {"uv": [11.8875, 0.6875, 13.9375, 4], "texture": "#0"},
				"south": {"uv": [11.575, 0.6875, 15.125, 3.9375], "texture": "#0"},
				"west": {"uv": [11.8875, 0.6875, 13.9375, 4], "texture": "#0"},
				"up": {"uv": [7.0625, 9.25, 8.7125, 10.5125], "texture": "#0"},
				"down": {"uv": [11.75, 3, 14.5, 4.4], "texture": "#0"}
			}
		},
		{
			"from": [-4.528, -2.91289, -15.30669],
			"to": [-4.528, 12.49511, -7.53069],
			"rotation": {"angle": 0, "axis": "z", "origin": [-3.52, -1.04089, -3.49869]},
			"faces": {
				"north": {"uv": [0, 4.9375, 6.3, 16], "texture": "#0"},
				"east": {"uv": [0, 4.9375, 6.3, 16], "texture": "#0"},
				"south": {"uv": [0, 4.9375, 6.3, 16], "texture": "#0"},
				"west": {"uv": [6.3, 4.9375, 0, 16], "texture": "#0"},
				"up": {"uv": [0, 4.9375, 6.3, 16], "texture": "#0"},
				"down": {"uv": [0, 4.9375, 6.3, 16], "texture": "#0"}
			}
		},
		{
			"from": [-6.832, 7.03804, 10.10462],
			"to": [-2.224, 12.22204, 17.88062],
			"rotation": {"angle": 22.5, "axis": "x", "origin": [-2.656, 7.18204, -2.27938]},
			"faces": {
				"north": {"uv": [11.75, 0.5, 14.15, 1.8], "texture": "#0"},
				"east": {"uv": [7.0625, 3.7375, 10.8875, 0.5], "texture": "#0"},
				"south": {"uv": [8.1875, 3.5, 10.15, 5.8], "texture": "#0"},
				"west": {"uv": [10.8875, 3.925, 7.0625, 0.6875], "texture": "#0"},
				"up": {"uv": [7.0625, 9.25, 8.7125, 10.5125], "texture": "#0"}
			}
		},
		{
			"from": [-6.976, -0.144, 9.296],
			"to": [-2.08, 2.448, 16.496],
			"rotation": {"angle": -22.5, "axis": "x", "origin": [-3.664, 4.5666, 13.28522]},
			"faces": {
				"north": {"uv": [0, 0, 2, 1.6], "texture": "#missing"},
				"east": {"uv": [9.5125, 11.125, 6.3, 12.475], "texture": "#0"},
				"south": {"uv": [6.7625, 10.3375, 8.9875, 11.9375], "texture": "#0"},
				"west": {"uv": [9.5125, 11.125, 6.3, 12.475], "texture": "#0"},
				"down": {"uv": [11.75, 3, 14.5, 4.4], "texture": "#0"}
			}
		}
	],
	"display": {
		"thirdperson_righthand": {
			"rotation": [-103, -90, -179.82],
			"translation": [-12, -12.5, 10.75],
			"scale": [1.54, 1.52, 1.52]
		},
		"thirdperson_lefthand": {
			"rotation": [-116, -90, -179.82],
			"translation": [-12, 25.25, -2.5],
			"scale": [1.54, 1.52, 1.52]
		},
		"firstperson_righthand": {
			"rotation": [0, -90, 0],
			"translation": [-13, 6.75, 12],
			"scale": [1.34, 1.32, 1.34]
		},
		"firstperson_lefthand": {
			"rotation": [0, -90, 0],
			"translation": [-14.5, 6.5, -22.25],
			"scale": [1.34, 1.34, 1.36]
		},
		"ground": {
			"translation": [45.25, 28.5, 7.5],
			"scale": [4, 4, 4]
		},
		"gui": {
			"rotation": [19, -37, -1],
			"translation": [6.75, 0.25, 4],
			"scale": [0.94, 0.95, 0.94]
		},
		"fixed": {
			"rotation": [0, -180, 0],
			"translation": [-50.25, 17.5, -18.75],
			"scale": [4, 4, 4]
		}
	}
}