{"textures":{"0":"modelengine:entity/tiger_normal"},"elements":[{"name":"cube","from":[8.0,6.8,7.8392305],"to":[10.4,9.2,8.43923],"rotation":{"angle":0.0,"axis":"x","origin":[6.2,0.19999981,11.439231]},"faces":{"down":{"uv":[8.125,3.5,7.625,3.625],"rotation":0,"texture":"#0","tintindex":0},"east":{"uv":[3.375,6.5,3.5,7.0],"rotation":0,"texture":"#0","tintindex":0},"north":{"uv":[5.75,2.25,6.25,2.75],"rotation":0,"texture":"#0","tintindex":0},"south":{"uv":[3.0,6.0,3.5,6.5],"rotation":0,"texture":"#0","tintindex":0},"up":{"uv":[8.125,1.25,7.625,1.125],"rotation":0,"texture":"#0","tintindex":0},"west":{"uv":[4.5,7.375,4.625,7.875],"rotation":0,"texture":"#0","tintindex":0}}},{"name":"cube","from":[10.4,7.04,7.8392305],"to":[10.700001,8.84,8.43923],"rotation":{"angle":0.0,"axis":"x","origin":[6.2,0.19999981,11.439231]},"faces":{"down":{"uv":[6.5625,7.875,6.5,8.0],"rotation":0,"texture":"#0","tintindex":0},"east":{"uv":[6.875,7.75,7.0,8.125],"rotation":0,"texture":"#0","tintindex":0},"north":{"uv":[7.625,7.75,7.6875,8.125],"rotation":0,"texture":"#0","tintindex":0},"south":{"uv":[7.875,0.125,7.9375,0.5],"rotation":0,"texture":"#0","tintindex":0},"up":{"uv":[6.4375,8.0,6.375,7.875],"rotation":0,"texture":"#0","tintindex":0},"west":{"uv":[7.0,7.75,7.125,8.125],"rotation":0,"texture":"#0","tintindex":0}}},{"name":"cube","from":[8.24,9.2,7.8392305],"to":[9.98,9.5,8.43923],"rotation":{"angle":0.0,"axis":"x","origin":[6.2,0.19999981,11.439231]},"faces":{"down":{"uv":[7.5,7.75,7.125,7.875],"rotation":0,"texture":"#0","tintindex":0},"east":{"uv":[6.625,7.875,6.75,7.9375],"rotation":0,"texture":"#0","tintindex":0},"north":{"uv":[0.375,7.875,0.75,7.9375],"rotation":0,"texture":"#0","tintindex":0},"south":{"uv":[7.875,0.5,8.25,0.5625],"rotation":0,"texture":"#0","tintindex":0},"up":{"uv":[8.125,4.5,7.75,4.375],"rotation":0,"texture":"#0","tintindex":0},"west":{"uv":[6.75,7.875,6.875,7.9375],"rotation":0,"texture":"#0","tintindex":0}}}],"display":{"head":{"translation":[0.0,-6.4,0.0],"rotation":[0.0,0.0,0.0],"scale":[3.8095,3.8095,3.8095]}}}