{"textures":{"0":"modelengine:entity/tiger_normal"},"elements":[{"name":"cube","from":[7.4,6.2,7.4],"to":[8.6,8.0,8.6],"rotation":{"angle":0.0,"axis":"x","origin":[11.0,6.2,9.8]},"faces":{"down":{"uv":[5.5,3.75,5.25,4.0],"rotation":0,"texture":"#0","tintindex":0},"east":{"uv":[0.0,7.5,0.25,7.875],"rotation":0,"texture":"#0","tintindex":0},"north":{"uv":[7.25,7.375,7.5,7.75],"rotation":0,"texture":"#0","tintindex":0},"south":{"uv":[0.25,7.5,0.5,7.875],"rotation":0,"texture":"#0","tintindex":0},"up":{"uv":[3.125,2.25,2.875,2.0],"rotation":0,"texture":"#0","tintindex":0},"west":{"uv":[0.5,7.5,0.75,7.875],"rotation":0,"texture":"#0","tintindex":0}}}],"display":{"head":{"translation":[0.0,-6.4,0.0],"rotation":[0.0,0.0,0.0],"scale":[3.8095,3.8095,3.8095]}}}