{"textures":{"0":"modelengine:entity/tiger_normal"},"elements":[{"name":"cube","from":[7.4,7.4,7.4],"to":[8.6,8.6,9.8],"rotation":{"angle":0.0,"axis":"x","origin":[8.0,2.6,3.7999997]},"faces":{"down":{"uv":[7.5,4.125,7.25,4.625],"rotation":0,"texture":"#0","tintindex":0},"east":{"uv":[4.125,7.125,4.625,7.375],"rotation":0,"texture":"#0","tintindex":0},"north":{"uv":[7.75,2.25,8.0,2.5],"rotation":0,"texture":"#0","tintindex":0},"south":{"uv":[7.75,2.5,8.0,2.75],"rotation":0,"texture":"#0","tintindex":0},"up":{"uv":[7.5,2.75,7.25,2.25],"rotation":0,"texture":"#0","tintindex":0},"west":{"uv":[0.625,7.25,1.125,7.5],"rotation":0,"texture":"#0","tintindex":0}}}],"display":{"head":{"translation":[0.0,-6.4,0.0],"rotation":[0.0,0.0,0.0],"scale":[3.8095,3.8095,3.8095]}}}