{
	"credit": "Made with Blockbench",
	"texture_size": [64, 64],
	"textures": {
		"0": "deco/advertisement_board_1",
		"1": "deco/flashing_light_1",
		"particle": "deco/advertisement_board_1"
	},
	"elements": [
		{
			"from": [5.9, -8, 0],
			"to": [5.9, 32, 16],
			"faces": {
				"north": {"uv": [0, 0, 0, 10], "texture": "#1"},
				"east": {"uv": [0, 0, 4, 10], "texture": "#1"},
				"south": {"uv": [0, 0, 0, 10], "texture": "#1"},
				"west": {"uv": [4, 0, 8, 10], "texture": "#1"},
				"up": {"uv": [0, 4, 0, 0], "texture": "#1"},
				"down": {"uv": [0, 0, 0, 4], "texture": "#1"}
			}
		},
		{
			"from": [10.1, -8, 0],
			"to": [10.1, 32, 16],
			"rotation": {"angle": 0, "axis": "y", "origin": [16, 0, 0]},
			"faces": {
				"north": {"uv": [0, 0, 0, 10], "texture": "#1"},
				"east": {"uv": [8, 0, 4, 10], "texture": "#1"},
				"south": {"uv": [0, 0, 0, 10], "texture": "#1"},
				"west": {"uv": [4, 0, 0, 10], "texture": "#1"},
				"up": {"uv": [0, 4, 0, 0], "texture": "#1"},
				"down": {"uv": [0, 0, 0, 4], "texture": "#1"}
			}
		},
		{
			"from": [6, -8, 0],
			"to": [10, 32, 16],
			"faces": {
				"north": {"uv": [8, 0, 9, 10], "texture": "#0"},
				"east": {"uv": [4, 0, 8, 10], "texture": "#0"},
				"south": {"uv": [9, 0, 10, 10], "texture": "#0"},
				"west": {"uv": [4, 0, 8, 10], "texture": "#0"},
				"up": {"uv": [1, 14, 0, 10], "texture": "#0"},
				"down": {"uv": [11, 0, 10, 4], "texture": "#0"}
			}
		}
	],
	"display": {
		"thirdperson_righthand": {
			"scale": [0.5, 0.5, 0.5]
		},
		"thirdperson_lefthand": {
			"scale": [0.5, 0.5, 0.5]
		},
		"firstperson_righthand": {
			"scale": [0.5, 0.5, 0.5]
		},
		"firstperson_lefthand": {
			"scale": [0.5, 0.5, 0.5]
		},
		"ground": {
			"translation": [0, 5.25, 0],
			"scale": [0.4, 0.4, 0.4]
		},
		"gui": {
			"rotation": [0, 72.25, 0],
			"translation": [0, -1, 0],
			"scale": [0.3, 0.3, 0.3]
		},
		"head": {
			"scale": [0, 0, 0]
		},
		"fixed": {
			"rotation": [90, 0, 0],
			"translation": [0, 0, -48],
			"scale": [2, 2, 2]
		}
	},
	"groups": [
		{
			"name": "group",
			"origin": [8, 8, 8],
			"color": 0,
			"children": [0, 1, 2]
		}
	]
}