{
	"credit": "Made with Blockbench",
	"texture_size": [32, 32],
	"textures": {
		"0": "deco/bar_seat_1",
		"particle": "deco/bar_seat_1"
	},
	"elements": [
		{
			"from": [7.25, 0, 7.25],
			"to": [8.75, 18, 8.75],
			"rotation": {"angle": 0, "axis": "y", "origin": [0.25, 0, 0.25]},
			"faces": {
				"north": {"uv": [5, 7, 6, 14], "texture": "#0"},
				"east": {"uv": [6, 7, 7, 14], "texture": "#0"},
				"south": {"uv": [7, 7, 8, 14], "texture": "#0"},
				"west": {"uv": [8, 7, 9, 14], "texture": "#0"},
				"up": {"uv": [10, 13, 9, 12], "texture": "#0"},
				"down": {"uv": [11, 12, 10, 13], "texture": "#0"}
			}
		},
		{
			"from": [3, 18, 2],
			"to": [13, 20, 12],
			"rotation": {"angle": 0, "axis": "y", "origin": [16, 6, -1]},
			"faces": {
				"north": {"uv": [9, 7, 14, 8], "texture": "#0"},
				"east": {"uv": [9, 8, 14, 9], "texture": "#0"},
				"south": {"uv": [9, 9, 14, 10], "texture": "#0"},
				"west": {"uv": [0, 10, 5, 11], "texture": "#0"},
				"up": {"uv": [5, 5, 0, 0], "texture": "#0"},
				"down": {"uv": [5, 5, 0, 10], "texture": "#0"}
			}
		},
		{
			"from": [13, 18.7, 3],
			"to": [13.5, 19.7, 11],
			"rotation": {"angle": 0, "axis": "y", "origin": [16, 6, -1]},
			"faces": {
				"north": {"uv": [3, 15, 3.5, 15.5], "texture": "#0"},
				"east": {"uv": [10, 6, 14, 6.5], "texture": "#0"},
				"south": {"uv": [15, 3, 15.5, 3.5], "texture": "#0"},
				"west": {"uv": [10, 6.5, 14, 7], "texture": "#0"},
				"up": {"uv": [4.5, 15, 4, 11], "texture": "#0"},
				"down": {"uv": [5, 11, 4.5, 15], "texture": "#0"}
			}
		},
		{
			"from": [2.5, 18.7, 3],
			"to": [3, 19.7, 11],
			"rotation": {"angle": 0, "axis": "y", "origin": [16, 6, -1]},
			"faces": {
				"north": {"uv": [15, 3.5, 15.5, 4], "texture": "#0"},
				"east": {"uv": [11, 10, 15, 10.5], "texture": "#0"},
				"south": {"uv": [4, 15, 4.5, 15.5], "texture": "#0"},
				"west": {"uv": [11, 10.5, 15, 11], "texture": "#0"},
				"up": {"uv": [11.5, 15, 11, 11], "texture": "#0"},
				"down": {"uv": [12, 11, 11.5, 15], "texture": "#0"}
			}
		},
		{
			"from": [4, 18.7, 1.5],
			"to": [12, 19.7, 2],
			"rotation": {"angle": 0, "axis": "y", "origin": [16, 6, -1]},
			"faces": {
				"north": {"uv": [12, 11, 16, 11.5], "texture": "#0"},
				"east": {"uv": [15, 4, 15.5, 4.5], "texture": "#0"},
				"south": {"uv": [12, 11.5, 16, 12], "texture": "#0"},
				"west": {"uv": [4.5, 15, 5, 15.5], "texture": "#0"},
				"up": {"uv": [16, 12.5, 12, 12], "texture": "#0"},
				"down": {"uv": [16, 12.5, 12, 13], "texture": "#0"}
			}
		},
		{
			"from": [3, 20.65076, 20.84315],
			"to": [13, 22.65076, 22.84315],
			"rotation": {"angle": -45, "axis": "x", "origin": [16, 8.65076, 19.62132]},
			"faces": {
				"north": {"uv": [10, 0, 15, 1], "texture": "#0"},
				"east": {"uv": [0, 13, 1, 14], "texture": "#0"},
				"south": {"uv": [10, 1, 15, 2], "texture": "#0"},
				"west": {"uv": [1, 13, 2, 14], "texture": "#0"},
				"up": {"uv": [15, 3, 10, 2], "texture": "#0"},
				"down": {"uv": [15, 3, 10, 4], "texture": "#0"}
			}
		},
		{
			"from": [3, 14.91502, 10.0332],
			"to": [13, 21.91502, 12.0332],
			"rotation": {"angle": 22.5, "axis": "x", "origin": [16, 13.69319, 24.0332]},
			"faces": {
				"north": {"uv": [5, 0, 10, 3.5], "texture": "#0"},
				"east": {"uv": [2, 11, 3, 14.5], "texture": "#0"},
				"south": {"uv": [5, 3.5, 10, 7], "texture": "#0"},
				"west": {"uv": [3, 11, 4, 14.5], "texture": "#0"},
				"up": {"uv": [15, 5, 10, 4], "texture": "#0"},
				"down": {"uv": [15, 5, 10, 6], "texture": "#0"}
			}
		},
		{
			"from": [6, 0, 6],
			"to": [10, 1, 10],
			"faces": {
				"north": {"uv": [9, 13, 11, 13.5], "texture": "#0"},
				"east": {"uv": [12, 13, 14, 13.5], "texture": "#0"},
				"south": {"uv": [9, 13.5, 11, 14], "texture": "#0"},
				"west": {"uv": [12, 13.5, 14, 14], "texture": "#0"},
				"up": {"uv": [11, 12, 9, 10], "texture": "#0"},
				"down": {"uv": [2, 11, 0, 13], "texture": "#0"}
			}
		},
		{
			"from": [10, 0, 6.5],
			"to": [11, 0.7, 9.5],
			"faces": {
				"north": {"uv": [15, 4.5, 15.5, 5], "texture": "#0"},
				"east": {"uv": [0, 14, 1.5, 14.5], "texture": "#0"},
				"south": {"uv": [5, 15, 5.5, 15.5], "texture": "#0"},
				"west": {"uv": [5, 14, 6.5, 14.5], "texture": "#0"},
				"up": {"uv": [2, 15.5, 1.5, 14], "texture": "#0"},
				"down": {"uv": [14.5, 6, 14, 7.5], "texture": "#0"}
			}
		},
		{
			"from": [5, 0, 6.5],
			"to": [6, 0.7, 9.5],
			"faces": {
				"north": {"uv": [15, 5, 15.5, 5.5], "texture": "#0"},
				"east": {"uv": [6.5, 14, 8, 14.5], "texture": "#0"},
				"south": {"uv": [5.5, 15, 6, 15.5], "texture": "#0"},
				"west": {"uv": [14, 7.5, 15.5, 8], "texture": "#0"},
				"up": {"uv": [8.5, 15.5, 8, 14], "texture": "#0"},
				"down": {"uv": [14.5, 8, 14, 9.5], "texture": "#0"}
			}
		},
		{
			"from": [6.5, 0, 5],
			"to": [9.5, 0.7, 6],
			"faces": {
				"north": {"uv": [8.5, 14, 10, 14.5], "texture": "#0"},
				"east": {"uv": [15, 5.5, 15.5, 6], "texture": "#0"},
				"south": {"uv": [14, 9.5, 15.5, 10], "texture": "#0"},
				"west": {"uv": [6, 15, 6.5, 15.5], "texture": "#0"},
				"up": {"uv": [13.5, 14.5, 12, 14], "texture": "#0"},
				"down": {"uv": [15.5, 13, 14, 13.5], "texture": "#0"}
			}
		},
		{
			"from": [6.5, 0, 10],
			"to": [9.5, 0.7, 11],
			"faces": {
				"north": {"uv": [13.5, 14, 15, 14.5], "texture": "#0"},
				"east": {"uv": [6.5, 15, 7, 15.5], "texture": "#0"},
				"south": {"uv": [14, 13.5, 15.5, 14], "texture": "#0"},
				"west": {"uv": [7, 15, 7.5, 15.5], "texture": "#0"},
				"up": {"uv": [1.5, 15, 0, 14.5], "texture": "#0"},
				"down": {"uv": [3.5, 14.5, 2, 15], "texture": "#0"}
			}
		},
		{
			"from": [4.75, 6.4, 7.75],
			"to": [7.25, 7, 8.45],
			"rotation": {"angle": -45, "axis": "y", "origin": [7.25, 7, 8.25]},
			"faces": {
				"north": {"uv": [5, 14.5, 6.5, 15], "texture": "#0"},
				"east": {"uv": [7.5, 15, 8, 15.5], "texture": "#0"},
				"south": {"uv": [14.5, 6, 16, 6.5], "texture": "#0"},
				"west": {"uv": [8.5, 15, 9, 15.5], "texture": "#0"},
				"up": {"uv": [8, 15, 6.5, 14.5], "texture": "#0"},
				"down": {"uv": [16, 6.5, 14.5, 7], "texture": "#0"}
			}
		},
		{
			"from": [8.75, 6.4, 7.75],
			"to": [11.25, 7, 8.45],
			"rotation": {"angle": 45, "axis": "y", "origin": [8.75, 7, 8.25]},
			"faces": {
				"north": {"uv": [14.5, 7, 16, 7.5], "texture": "#0"},
				"east": {"uv": [9, 15, 9.5, 15.5], "texture": "#0"},
				"south": {"uv": [14.5, 8, 16, 8.5], "texture": "#0"},
				"west": {"uv": [9.5, 15, 10, 15.5], "texture": "#0"},
				"up": {"uv": [10, 15, 8.5, 14.5], "texture": "#0"},
				"down": {"uv": [16, 8.5, 14.5, 9], "texture": "#0"}
			}
		},
		{
			"from": [9.04054, 6.4, 4.5053],
			"to": [9.74054, 7, 7.0053],
			"rotation": {"angle": 22.5, "axis": "y", "origin": [9.24054, 7, 4.5053]},
			"faces": {
				"north": {"uv": [15, 10, 15.5, 10.5], "texture": "#0"},
				"east": {"uv": [14.5, 9, 16, 9.5], "texture": "#0"},
				"south": {"uv": [15, 10.5, 15.5, 11], "texture": "#0"},
				"west": {"uv": [12, 14.5, 13.5, 15], "texture": "#0"},
				"up": {"uv": [10.5, 15.5, 10, 14], "texture": "#0"},
				"down": {"uv": [11, 14, 10.5, 15.5], "texture": "#0"}
			}
		},
		{
			"from": [6.25946, 6.4, 4.5053],
			"to": [6.95946, 7, 7.0053],
			"rotation": {"angle": -22.5, "axis": "y", "origin": [6.75946, 7, 4.5053]},
			"faces": {
				"north": {"uv": [11, 15, 11.5, 15.5], "texture": "#0"},
				"east": {"uv": [13.5, 14.5, 15, 15], "texture": "#0"},
				"south": {"uv": [11.5, 15, 12, 15.5], "texture": "#0"},
				"west": {"uv": [0, 15, 1.5, 15.5], "texture": "#0"},
				"up": {"uv": [4, 16, 3.5, 14.5], "texture": "#0"},
				"down": {"uv": [15.5, 0, 15, 1.5], "texture": "#0"}
			}
		},
		{
			"from": [8.43607, 6.4, 3.16695],
			"to": [8.93607, 7, 3.86695],
			"rotation": {"angle": -22.5, "axis": "y", "origin": [6.43607, 7, 5.66695]},
			"faces": {
				"north": {"uv": [12, 15, 12.5, 15.5], "texture": "#0"},
				"east": {"uv": [12.5, 15, 13, 15.5], "texture": "#0"},
				"south": {"uv": [13, 15, 13.5, 15.5], "texture": "#0"},
				"west": {"uv": [13.5, 15, 14, 15.5], "texture": "#0"},
				"up": {"uv": [14.5, 15.5, 14, 15], "texture": "#0"},
				"down": {"uv": [15.5, 14, 15, 14.5], "texture": "#0"}
			}
		},
		{
			"from": [7.06393, 6.4, 3.16695],
			"to": [7.56393, 7, 3.86695],
			"rotation": {"angle": 22.5, "axis": "y", "origin": [9.56393, 7, 5.66695]},
			"faces": {
				"north": {"uv": [14.5, 15, 15, 15.5], "texture": "#0"},
				"east": {"uv": [15, 14.5, 15.5, 15], "texture": "#0"},
				"south": {"uv": [15, 15, 15.5, 15.5], "texture": "#0"},
				"west": {"uv": [0, 15.5, 0.5, 16], "texture": "#0"},
				"up": {"uv": [16, 0.5, 15.5, 0], "texture": "#0"},
				"down": {"uv": [1, 15.5, 0.5, 16], "texture": "#0"}
			}
		},
		{
			"from": [6.77054, 6.4, 4.12261],
			"to": [9.24054, 7, 4.82261],
			"rotation": {"angle": 0, "axis": "y", "origin": [6.77054, 7, 6.62261]},
			"faces": {
				"north": {"uv": [15, 1.5, 16, 2], "texture": "#0"},
				"east": {"uv": [15.5, 0.5, 16, 1], "texture": "#0"},
				"south": {"uv": [2, 15, 3, 15.5], "texture": "#0"},
				"west": {"uv": [1, 15.5, 1.5, 16], "texture": "#0"},
				"up": {"uv": [16, 2.5, 15, 2], "texture": "#0"},
				"down": {"uv": [16, 2.5, 15, 3], "texture": "#0"}
			}
		}
	],
	"display": {
		"thirdperson_righthand": {
			"scale": [0.4, 0.4, 0.4]
		},
		"thirdperson_lefthand": {
			"scale": [0.4, 0.4, 0.4]
		},
		"firstperson_righthand": {
			"rotation": [0, 50, 0],
			"scale": [0.4, 0.4, 0.4]
		},
		"firstperson_lefthand": {
			"rotation": [0, 50, 0],
			"scale": [0.4, 0.4, 0.4]
		},
		"ground": {
			"rotation": [14.06, 3.12, 20.09],
			"translation": [0, 3.75, 0],
			"scale": [0.4, 0.4, 0.4]
		},
		"gui": {
			"rotation": [-146.35, 36.64, -178.98],
			"translation": [0, -1.5, 0],
			"scale": [0.5, 0.5, 0.5]
		},
		"head": {
			"scale": [0, 0, 0]
		},
		"fixed": {
			"rotation": [-90, 0, 0],
			"translation": [0, 0, -15.5],
			"scale": [2, 2, 2]
		}
	},
	"groups": [
		{
			"name": "group",
			"origin": [6.77054, 7, 6.62261],
			"color": 0,
			"children": [0, 1, 2, 3, 4, 5, 6, 7, 8, 9, 10, 11, 12, 13, 14, 15, 16, 17, 18]
		}
	]
}