{
	"credit": "Made with Blockbench",
	"textures": {
		"0": "deco/chiseled_quartz_block",
		"1": "deco/stripped_oak_log",
		"particle": "deco/chiseled_quartz_block"
	},
	"elements": [
		{
			"from": [0, 0, 5.5],
			"to": [16, 7, 10.5],
			"rotation": {"angle": 0, "axis": "y", "origin": [0, 0, -0.5]},
			"faces": {
				"north": {"uv": [0, 0, 16, 8], "texture": "#0"},
				"east": {"uv": [0, 0, 5, 8], "texture": "#0"},
				"south": {"uv": [0, 0, 16, 8], "texture": "#0"},
				"west": {"uv": [0, 0, 5, 8], "texture": "#0"},
				"up": {"uv": [0, 0, 16, 6], "texture": "#0"},
				"down": {"uv": [0, 0, 16, 6], "texture": "#0"}
			}
		},
		{
			"from": [-3.5, 5.1, 4.6],
			"to": [-2, 10.1, 11.4],
			"rotation": {"angle": -22.5, "axis": "z", "origin": [-5.5, -2, 0]},
			"faces": {
				"north": {"uv": [0, 0, 3, 12], "texture": "#1"},
				"east": {"uv": [0, 0, 8.8, 12], "texture": "#1"},
				"south": {"uv": [0, 0, 3, 12], "texture": "#1"},
				"west": {"uv": [0, 0, 8.8, 12], "texture": "#1"},
				"up": {"uv": [0, 0, 3, 13.8], "texture": "#1"},
				"down": {"uv": [0, 0, 3, 13.8], "texture": "#1"}
			}
		},
		{
			"from": [-1.5, 2.3, 4.6],
			"to": [0, 10.1, 11.4],
			"rotation": {"angle": -22.5, "axis": "z", "origin": [-3.5, -2, 0]},
			"faces": {
				"north": {"uv": [0, 0, 3, 14.8], "texture": "#1"},
				"east": {"uv": [0, 0, 8.8, 14.8], "texture": "#1"},
				"south": {"uv": [0, 0, 3, 14.8], "texture": "#1"},
				"west": {"uv": [0, 0, 8.8, 14.8], "texture": "#1"},
				"up": {"uv": [0, 0, 3, 13.8], "texture": "#1"},
				"down": {"uv": [0, 0, 3, 13.8], "texture": "#1"}
			}
		},
		{
			"from": [0.5, 2.9, 4.6],
			"to": [2, 10.1, 11.4],
			"rotation": {"angle": -22.5, "axis": "z", "origin": [-1.5, -2, 0]},
			"faces": {
				"north": {"uv": [0, 0, 3, 14.2], "texture": "#1"},
				"east": {"uv": [0, 0, 8.8, 14.2], "texture": "#1"},
				"south": {"uv": [0, 0, 3, 14.2], "texture": "#1"},
				"west": {"uv": [0, 0, 8.8, 14.2], "texture": "#1"},
				"up": {"uv": [0, 0, 3, 13.8], "texture": "#1"},
				"down": {"uv": [0, 0, 3, 13.8], "texture": "#1"}
			}
		},
		{
			"from": [2.5, 3.5, 4.6],
			"to": [4, 10.1, 11.4],
			"rotation": {"angle": -22.5, "axis": "z", "origin": [0.5, -2, 0]},
			"faces": {
				"north": {"uv": [0, 0, 3, 13.6], "texture": "#1"},
				"east": {"uv": [0, 0, 8.8, 13.6], "texture": "#1"},
				"south": {"uv": [0, 0, 3, 13.6], "texture": "#1"},
				"west": {"uv": [0, 0, 8.8, 13.6], "texture": "#1"},
				"up": {"uv": [0, 0, 3, 13.8], "texture": "#1"},
				"down": {"uv": [0, 0, 3, 13.8], "texture": "#1"}
			}
		},
		{
			"from": [12.5, 3.9, 4.6],
			"to": [14, 6.1, 11.4],
			"rotation": {"angle": -22.5, "axis": "z", "origin": [10.5, -2, 0]},
			"faces": {
				"north": {"uv": [0, 0, 3, 9.2], "texture": "#1"},
				"east": {"uv": [0, 0, 8.8, 9.2], "texture": "#1"},
				"south": {"uv": [0, 0, 3, 9.2], "texture": "#1"},
				"west": {"uv": [0, 0, 8.8, 9.2], "texture": "#1"},
				"up": {"uv": [0, 0, 3, 13.8], "texture": "#1"},
				"down": {"uv": [0, 0, 3, 13.8], "texture": "#1"}
			}
		},
		{
			"from": [4.5, 4.1, 4.6],
			"to": [6, 10.1, 11.4],
			"rotation": {"angle": -22.5, "axis": "z", "origin": [2.5, -2, 0]},
			"faces": {
				"north": {"uv": [0, 0, 3, 13], "texture": "#1"},
				"east": {"uv": [0, 0, 8.8, 13], "texture": "#1"},
				"south": {"uv": [0, 0, 3, 13], "texture": "#1"},
				"west": {"uv": [0, 0, 8.8, 13], "texture": "#1"},
				"up": {"uv": [0, 0, 3, 13.8], "texture": "#1"},
				"down": {"uv": [0, 0, 3, 13.8], "texture": "#1"}
			}
		},
		{
			"from": [10.5, 4.3, 4.6],
			"to": [12, 10.1, 11.4],
			"rotation": {"angle": -22.5, "axis": "z", "origin": [8.5, -2, 0]},
			"faces": {
				"north": {"uv": [0, 0, 3, 12.8], "texture": "#1"},
				"east": {"uv": [0, 0, 8.8, 12.8], "texture": "#1"},
				"south": {"uv": [0, 0, 3, 12.8], "texture": "#1"},
				"west": {"uv": [0, 0, 8.8, 12.8], "texture": "#1"},
				"up": {"uv": [0, 0, 3, 13.8], "texture": "#1"},
				"down": {"uv": [0, 0, 3, 13.8], "texture": "#1"}
			}
		},
		{
			"from": [6.5, 4.6, 4.6],
			"to": [8, 10.1, 11.4],
			"rotation": {"angle": -22.5, "axis": "z", "origin": [4.5, -2, 0]},
			"faces": {
				"north": {"uv": [0, 0, 3, 12.5], "texture": "#1"},
				"east": {"uv": [0, 0, 8.8, 12.5], "texture": "#1"},
				"south": {"uv": [0, 0, 3, 12.5], "texture": "#1"},
				"west": {"uv": [0, 0, 8.8, 12.5], "texture": "#1"},
				"up": {"uv": [0, 0, 3, 13.8], "texture": "#1"},
				"down": {"uv": [0, 0, 3, 13.8], "texture": "#1"}
			}
		},
		{
			"from": [8.5, 4.6, 4.6],
			"to": [10, 10.1, 11.4],
			"rotation": {"angle": -22.5, "axis": "z", "origin": [6.5, -2, 0]},
			"faces": {
				"north": {"uv": [0, 0, 3, 12.5], "texture": "#1"},
				"east": {"uv": [0, 0, 8.8, 12.5], "texture": "#1"},
				"south": {"uv": [0, 0, 3, 12.5], "texture": "#1"},
				"west": {"uv": [0, 0, 8.8, 12.5], "texture": "#1"},
				"up": {"uv": [0, 0, 3, 13.8], "texture": "#1"},
				"down": {"uv": [0, 0, 3, 13.8], "texture": "#1"}
			}
		}
	],
	"display": {
		"thirdperson_righthand": {
			"rotation": [21, 11, 0],
			"scale": [0.4, 0.4, 0.4]
		},
		"thirdperson_lefthand": {
			"rotation": [21, 11, 0],
			"scale": [0.4, 0.4, 0.4]
		},
		"firstperson_righthand": {
			"rotation": [21, 11, 0],
			"scale": [0.4, 0.4, 0.4]
		},
		"firstperson_lefthand": {
			"rotation": [21, 11, 0],
			"scale": [0.4, 0.4, 0.4]
		},
		"ground": {
			"rotation": [21, 11, 0],
			"scale": [0.4, 0.4, 0.4]
		},
		"gui": {
			"rotation": [21, 11, 0],
			"scale": [0.4, 0.4, 0.4]
		},
		"head": {
			"rotation": [21, 11, 0],
			"scale": [0.4, 0.4, 0.4]
		},
		"fixed": {
			"rotation": [-90, 0, 0],
			"translation": [0, 0, -15],
			"scale": [2, 2, 2]
		}
	},
	"groups": [
		{
			"name": "bench",
			"origin": [6.5, -2, 0],
			"color": 0,
			"children": [0, 1, 2, 3, 4, 5, 6, 7, 8, 9]
		}
	]
}