{
	"credit": "Made with Blockbench",
	"textures": {
		"0": "deco/dark_oak_planks",
		"1": "deco/bar",
		"particle": "deco/dark_oak_planks"
	},
	"elements": [
		{
			"from": [-2, 7, 2],
			"to": [16, 7.5, 5],
			"faces": {
				"north": {"uv": [8, 0, 16, 2], "texture": "#0"},
				"east": {"uv": [8, 0, 3, 2], "texture": "#0"},
				"south": {"uv": [8, 0, 16, 2], "texture": "#0"},
				"west": {"uv": [8, 0, 3, 2], "texture": "#0"},
				"up": {"uv": [16, 0, 8, 4], "texture": "#0"},
				"down": {"uv": [16, 0, 8, 4], "texture": "#0"}
			}
		},
		{
			"from": [3, 6, 4],
			"to": [4, 7, 12],
			"faces": {
				"north": {"uv": [10, 9, 11, 10], "texture": "#1"},
				"east": {"uv": [4, 0, 12, 1], "texture": "#1"},
				"south": {"uv": [10, 10, 11, 11], "texture": "#1"},
				"west": {"uv": [4, 1, 12, 2], "texture": "#1"},
				"up": {"uv": [5, 10, 4, 2], "texture": "#1"},
				"down": {"uv": [6, 2, 5, 10], "texture": "#1"}
			}
		},
		{
			"from": [3, 4.92599, 14.60058],
			"to": [4, 5.92599, 16.60058],
			"rotation": {"angle": -22.5, "axis": "x", "origin": [0, -1.07401, 10.60058]},
			"faces": {
				"north": {"uv": [10, 7, 11, 8], "texture": "#1"},
				"east": {"uv": [10, 2, 12, 3], "texture": "#1"},
				"south": {"uv": [10, 8, 11, 9], "texture": "#1"},
				"west": {"uv": [10, 3, 12, 4], "texture": "#1"},
				"up": {"uv": [5, 12, 4, 10], "texture": "#1"},
				"down": {"uv": [11, 4, 10, 6], "texture": "#1"}
			}
		},
		{
			"from": [3, 4.77375, 10.8603],
			"to": [4, 16.77375, 11.8603],
			"rotation": {"angle": 22.5, "axis": "x", "origin": [0, 0.77375, 17.8603]},
			"faces": {
				"north": {"uv": [0, 0, 1, 12], "texture": "#1"},
				"east": {"uv": [1, 0, 2, 12], "texture": "#1"},
				"south": {"uv": [2, 0, 3, 12], "texture": "#1"},
				"west": {"uv": [3, 0, 4, 12], "texture": "#1"},
				"up": {"uv": [6, 11, 5, 10], "texture": "#1"},
				"down": {"uv": [11, 6, 10, 7], "texture": "#1"}
			}
		},
		{
			"from": [3, -1.84146, -0.74236],
			"to": [4, 5.15854, 0.25764],
			"rotation": {"angle": 22.5, "axis": "x", "origin": [0, -5.84146, 6.25764]},
			"faces": {
				"north": {"uv": [6, 9, 7, 16], "texture": "#1"},
				"east": {"uv": [7, 9, 8, 16], "texture": "#1"},
				"south": {"uv": [8, 9, 9, 16], "texture": "#1"},
				"west": {"uv": [9, 9, 10, 16], "texture": "#1"},
				"up": {"uv": [12, 6, 11, 5], "texture": "#1"},
				"down": {"uv": [12, 6, 11, 7], "texture": "#1"}
			}
		},
		{
			"from": [3, -1.84146, 14.74236],
			"to": [4, 5.15854, 15.74236],
			"rotation": {"angle": -22.5, "axis": "x", "origin": [0, -5.84146, 8.74236]},
			"faces": {
				"north": {"uv": [6, 2, 7, 9], "texture": "#1"},
				"east": {"uv": [7, 2, 8, 9], "texture": "#1"},
				"south": {"uv": [8, 2, 9, 9], "texture": "#1"},
				"west": {"uv": [9, 2, 10, 9], "texture": "#1"},
				"up": {"uv": [12, 5, 11, 4], "texture": "#1"},
				"down": {"uv": [6, 11, 5, 12], "texture": "#1"}
			}
		},
		{
			"from": [-2, 7, 5.6],
			"to": [16, 7.5, 8.6],
			"rotation": {"angle": 0, "axis": "y", "origin": [0, 0, -0.4]},
			"faces": {
				"north": {"uv": [8, 0, 16, 2], "texture": "#0"},
				"east": {"uv": [8, 0, 3, 2], "texture": "#0"},
				"south": {"uv": [8, 0, 16, 2], "texture": "#0"},
				"west": {"uv": [8, 0, 3, 2], "texture": "#0"},
				"up": {"uv": [16, 0, 8, 4], "texture": "#0"},
				"down": {"uv": [16, 0, 8, 4], "texture": "#0"}
			}
		},
		{
			"from": [-2, 7, 9.2],
			"to": [16, 7.5, 12.2],
			"rotation": {"angle": 0, "axis": "y", "origin": [0, 0, -0.8]},
			"faces": {
				"north": {"uv": [8, 0, 16, 2], "texture": "#0"},
				"east": {"uv": [8, 0, 3, 2], "texture": "#0"},
				"south": {"uv": [8, 0, 16, 2], "texture": "#0"},
				"west": {"uv": [8, 0, 3, 2], "texture": "#0"},
				"up": {"uv": [16, 0, 8, 4], "texture": "#0"},
				"down": {"uv": [16, 0, 8, 4], "texture": "#0"}
			}
		},
		{
			"from": [-2, 16, 15.7],
			"to": [16, 19, 16.2],
			"rotation": {"angle": 22.5, "axis": "x", "origin": [-2, 14, 16.2]},
			"faces": {
				"north": {"uv": [16, 0, 8, 4], "rotation": 180, "texture": "#0"},
				"east": {"uv": [8, 0, 3, 2], "rotation": 90, "texture": "#0"},
				"south": {"uv": [16, 0, 8, 4], "texture": "#0"},
				"west": {"uv": [8, 0, 3, 2], "rotation": 270, "texture": "#0"},
				"up": {"uv": [16, 0, 8, 2], "texture": "#0"},
				"down": {"uv": [8, 0, 16, 2], "rotation": 180, "texture": "#0"}
			}
		},
		{
			"from": [-2, 12.4, 15.7],
			"to": [16, 15.4, 16.2],
			"rotation": {"angle": 22.5, "axis": "x", "origin": [-2, 14, 16.2]},
			"faces": {
				"north": {"uv": [16, 0, 8, 4], "rotation": 180, "texture": "#0"},
				"east": {"uv": [8, 0, 3, 2], "rotation": 90, "texture": "#0"},
				"south": {"uv": [16, 0, 8, 4], "texture": "#0"},
				"west": {"uv": [8, 0, 3, 2], "rotation": 270, "texture": "#0"},
				"up": {"uv": [16, 0, 8, 2], "texture": "#0"},
				"down": {"uv": [8, 0, 16, 2], "rotation": 180, "texture": "#0"}
			}
		},
		{
			"from": [-2, 8.8, 15.7],
			"to": [16, 11.8, 16.2],
			"rotation": {"angle": 22.5, "axis": "x", "origin": [-2, 14, 16.2]},
			"faces": {
				"north": {"uv": [16, 0, 8, 4], "rotation": 180, "texture": "#0"},
				"east": {"uv": [8, 0, 3, 2], "rotation": 90, "texture": "#0"},
				"south": {"uv": [16, 0, 8, 4], "texture": "#0"},
				"west": {"uv": [8, 0, 3, 2], "rotation": 270, "texture": "#0"},
				"up": {"uv": [16, 0, 8, 2], "texture": "#0"},
				"down": {"uv": [8, 0, 16, 2], "rotation": 180, "texture": "#0"}
			}
		}
	],
	"display": {
		"thirdperson_righthand": {
			"rotation": [21, 11, 0],
			"scale": [0.4, 0.4, 0.4]
		},
		"thirdperson_lefthand": {
			"rotation": [21, 11, 0],
			"scale": [0.4, 0.4, 0.4]
		},
		"firstperson_righthand": {
			"rotation": [21, 11, 0],
			"scale": [0.4, 0.4, 0.4]
		},
		"firstperson_lefthand": {
			"rotation": [21, 11, 0],
			"scale": [0.4, 0.4, 0.4]
		},
		"ground": {
			"rotation": [21, 11, 0],
			"scale": [0.4, 0.4, 0.4]
		},
		"gui": {
			"rotation": [21, 11, 0],
			"scale": [0.4, 0.4, 0.4]
		},
		"head": {
			"rotation": [21, 11, 0],
			"scale": [0.4, 0.4, 0.4]
		},
		"fixed": {
			"rotation": [-90, 0, 0],
			"translation": [0, 0, -14],
			"scale": [2, 2, 2]
		}
	},
	"groups": [
		{
			"name": "bench",
			"origin": [-2, 14, 16.2],
			"color": 0,
			"children": [0, 1, 2, 3, 4, 5, 6, 7, 8, 9, 10]
		}
	]
}