{
	"credit": "Made with Blockbench",
	"texture_size": [32, 32],
	"textures": {
		"0": "deco/bench_13",
		"1": "deco/stripped_oak_log",
		"particle": "deco/bench_13"
	},
	"elements": [
		{
			"from": [0, 0, 0],
			"to": [16, 2, 1],
			"faces": {
				"north": {"uv": [0, 0, 16, 8], "texture": "#1"},
				"east": {"uv": [0, 0, 9.5, 8], "texture": "#1"},
				"south": {"uv": [0, 0, 16, 8], "texture": "#1"},
				"west": {"uv": [0, 0, 9.5, 8], "texture": "#1"},
				"up": {"uv": [0, 0, 16, 7.5], "texture": "#1"},
				"down": {"uv": [0, 0, 16, 7.5], "texture": "#1"}
			}
		},
		{
			"from": [1, 0, 1],
			"to": [2, 4, 3],
			"rotation": {"angle": 0, "axis": "y", "origin": [0, 0, 1]},
			"faces": {
				"north": {"uv": [9.5, 5, 10, 7], "texture": "#0"},
				"east": {"uv": [6, 0, 7, 2], "texture": "#0"},
				"south": {"uv": [9.5, 7, 10, 9], "texture": "#0"},
				"west": {"uv": [7, 0, 8, 2], "texture": "#0"},
				"up": {"uv": [11.5, 2, 11, 1], "texture": "#0"},
				"down": {"uv": [11.5, 2, 11, 3], "texture": "#0"}
			}
		},
		{
			"from": [1, 4, 1],
			"to": [2, 6, 3],
			"rotation": {"angle": 22.5, "axis": "x", "origin": [0, 4, 1]},
			"faces": {
				"north": {"uv": [10.5, 8, 11, 9], "texture": "#0"},
				"east": {"uv": [9.5, 4, 10.5, 5], "texture": "#0"},
				"south": {"uv": [10.5, 9, 11, 10], "texture": "#0"},
				"west": {"uv": [5, 9.5, 6, 10.5], "texture": "#0"},
				"up": {"uv": [11, 11, 10.5, 10], "texture": "#0"},
				"down": {"uv": [11.5, 0, 11, 1], "texture": "#0"}
			}
		},
		{
			"from": [1, 4.76786, 4.48899],
			"to": [2, 7.36786, 6.48899],
			"rotation": {"angle": 45, "axis": "x", "origin": [-7, 8.59552, 4.43073]},
			"faces": {
				"north": {"uv": [2.5, 10, 3, 11.5], "texture": "#0"},
				"east": {"uv": [3, 8.5, 4, 10], "texture": "#0"},
				"south": {"uv": [10, 2.5, 10.5, 4], "texture": "#0"},
				"west": {"uv": [8.5, 3.5, 9.5, 5], "texture": "#0"},
				"up": {"uv": [11, 7, 10.5, 6], "texture": "#0"},
				"down": {"uv": [11, 7, 10.5, 8], "texture": "#0"}
			}
		},
		{
			"from": [1, 6.00461, 9.1187],
			"to": [2, 10.60461, 11.1187],
			"rotation": {"angle": 45, "axis": "x", "origin": [-7, 4.77696, 11.17696]},
			"faces": {
				"north": {"uv": [6, 9, 6.5, 11.5], "texture": "#0"},
				"east": {"uv": [2, 6, 3, 8.5], "texture": "#0"},
				"south": {"uv": [6.5, 9, 7, 11.5], "texture": "#0"},
				"west": {"uv": [3, 6, 4, 8.5], "texture": "#0"},
				"up": {"uv": [11, 3, 10.5, 2], "texture": "#0"},
				"down": {"uv": [11, 3, 10.5, 4], "texture": "#0"}
			}
		},
		{
			"from": [1, 9.01008, 12.7823],
			"to": [2, 12.21008, 14.7823],
			"rotation": {"angle": 22.5, "axis": "x", "origin": [-7, 7.78242, 14.84056]},
			"faces": {
				"north": {"uv": [10, 1, 10.5, 2.5], "texture": "#0"},
				"east": {"uv": [2, 8.5, 3, 10], "texture": "#0"},
				"south": {"uv": [2, 10, 2.5, 11.5], "texture": "#0"},
				"west": {"uv": [8.5, 2, 9.5, 3.5], "texture": "#0"},
				"up": {"uv": [10.5, 11, 10, 10], "texture": "#0"},
				"down": {"uv": [11, 1, 10.5, 2], "texture": "#0"}
			}
		},
		{
			"from": [1, 11.89534, 14.48112],
			"to": [2, 18.79534, 16.48112],
			"rotation": {"angle": 0, "axis": "x", "origin": [-7, 10.66768, 16.53938]},
			"faces": {
				"north": {"uv": [8, 2, 8.5, 5.5], "texture": "#0"},
				"east": {"uv": [0, 4, 1, 7.5], "texture": "#0"},
				"south": {"uv": [8, 5.5, 8.5, 9], "texture": "#0"},
				"west": {"uv": [1, 4, 2, 7.5], "texture": "#0"},
				"up": {"uv": [10.5, 9, 10, 8], "texture": "#0"},
				"down": {"uv": [10, 10, 9.5, 11], "texture": "#0"}
			}
		},
		{
			"from": [1, 5.68624, 3.60384],
			"to": [2, 7.68624, 12.00384],
			"rotation": {"angle": 0, "axis": "x", "origin": [-7, 7.7445, 7.4315]},
			"faces": {
				"north": {"uv": [10.5, 5, 11, 6], "texture": "#0"},
				"east": {"uv": [2, 0, 6, 1], "texture": "#0"},
				"south": {"uv": [5.5, 10.5, 6, 11.5], "texture": "#0"},
				"west": {"uv": [2, 1, 6, 2], "texture": "#0"},
				"up": {"uv": [1, 11.5, 0.5, 7.5], "texture": "#0"},
				"down": {"uv": [1.5, 7.5, 1, 11.5], "texture": "#0"}
			}
		},
		{
			"from": [1, -2.31376, 9.60384],
			"to": [2, 5.68624, 12.00384],
			"rotation": {"angle": -22.5, "axis": "x", "origin": [-7, 5.7445, 7.4315]},
			"faces": {
				"north": {"uv": [7, 4, 7.5, 8], "texture": "#0"},
				"east": {"uv": [0, 0, 1, 4], "texture": "#0"},
				"south": {"uv": [0, 7.5, 0.5, 11.5], "texture": "#0"},
				"west": {"uv": [1, 0, 2, 4], "texture": "#0"},
				"up": {"uv": [11, 5, 10.5, 4], "texture": "#0"},
				"down": {"uv": [5.5, 10.5, 5, 11.5], "texture": "#0"}
			}
		},
		{
			"from": [14, -2.31376, 9.60384],
			"to": [15, 5.68624, 12.00384],
			"rotation": {"angle": -22.5, "axis": "x", "origin": [23, 5.7445, 7.4315]},
			"faces": {
				"north": {"uv": [1.5, 7.5, 2, 11.5], "texture": "#0"},
				"east": {"uv": [2, 2, 3, 6], "texture": "#0"},
				"south": {"uv": [4, 7.5, 4.5, 11.5], "texture": "#0"},
				"west": {"uv": [3, 2, 4, 6], "texture": "#0"},
				"up": {"uv": [11.5, 10, 11, 9], "texture": "#0"},
				"down": {"uv": [10, 11, 9.5, 12], "texture": "#0"}
			}
		},
		{
			"from": [14, 11.89534, 14.48112],
			"to": [15, 18.79534, 16.48112],
			"rotation": {"angle": 0, "axis": "x", "origin": [23, 10.66768, 16.53938]},
			"faces": {
				"north": {"uv": [7, 8, 7.5, 11.5], "texture": "#0"},
				"east": {"uv": [4, 4, 5, 7.5], "texture": "#0"},
				"south": {"uv": [7.5, 8, 8, 11.5], "texture": "#0"},
				"west": {"uv": [5, 4, 6, 7.5], "texture": "#0"},
				"up": {"uv": [11.5, 4, 11, 3], "texture": "#0"},
				"down": {"uv": [11.5, 4, 11, 5], "texture": "#0"}
			}
		},
		{
			"from": [14, 6.00461, 9.1187],
			"to": [15, 10.60461, 11.1187],
			"rotation": {"angle": 45, "axis": "x", "origin": [23, 4.77696, 11.17696]},
			"faces": {
				"north": {"uv": [8, 9, 8.5, 11.5], "texture": "#0"},
				"east": {"uv": [6, 4, 7, 6.5], "texture": "#0"},
				"south": {"uv": [9.5, 1.5, 10, 4], "texture": "#0"},
				"west": {"uv": [6, 6.5, 7, 9], "texture": "#0"},
				"up": {"uv": [11.5, 8, 11, 7], "texture": "#0"},
				"down": {"uv": [11.5, 8, 11, 9], "texture": "#0"}
			}
		},
		{
			"from": [14, 9.01008, 12.7823],
			"to": [15, 12.21008, 14.7823],
			"rotation": {"angle": 22.5, "axis": "x", "origin": [23, 7.78242, 14.84056]},
			"faces": {
				"north": {"uv": [3, 10, 3.5, 11.5], "texture": "#0"},
				"east": {"uv": [8.5, 5, 9.5, 6.5], "texture": "#0"},
				"south": {"uv": [3.5, 10, 4, 11.5], "texture": "#0"},
				"west": {"uv": [8.5, 6.5, 9.5, 8], "texture": "#0"},
				"up": {"uv": [11.5, 6, 11, 5], "texture": "#0"},
				"down": {"uv": [11.5, 6, 11, 7], "texture": "#0"}
			}
		},
		{
			"from": [14, 5.68624, 3.60384],
			"to": [15, 7.68624, 12.00384],
			"rotation": {"angle": 0, "axis": "x", "origin": [23, 7.7445, 7.4315]},
			"faces": {
				"north": {"uv": [10, 11, 10.5, 12], "texture": "#0"},
				"east": {"uv": [4, 2, 8, 3], "texture": "#0"},
				"south": {"uv": [11, 10, 11.5, 11], "texture": "#0"},
				"west": {"uv": [4, 3, 8, 4], "texture": "#0"},
				"up": {"uv": [8, 8, 7.5, 4], "texture": "#0"},
				"down": {"uv": [5, 7.5, 4.5, 11.5], "texture": "#0"}
			}
		},
		{
			"from": [14, 4.76786, 4.48899],
			"to": [15, 7.36786, 6.48899],
			"rotation": {"angle": 45, "axis": "x", "origin": [23, 8.59552, 4.43073]},
			"faces": {
				"north": {"uv": [10, 5, 10.5, 6.5], "texture": "#0"},
				"east": {"uv": [8.5, 8, 9.5, 9.5], "texture": "#0"},
				"south": {"uv": [10, 6.5, 10.5, 8], "texture": "#0"},
				"west": {"uv": [9, 0, 10, 1.5], "texture": "#0"},
				"up": {"uv": [11, 12, 10.5, 11], "texture": "#0"},
				"down": {"uv": [11.5, 11, 11, 12], "texture": "#0"}
			}
		},
		{
			"from": [14, 4, 1],
			"to": [15, 6, 3],
			"rotation": {"angle": 22.5, "axis": "x", "origin": [16, 4, 1]},
			"faces": {
				"north": {"uv": [0.5, 11.5, 1, 12.5], "texture": "#0"},
				"east": {"uv": [9.5, 9, 10.5, 10], "texture": "#0"},
				"south": {"uv": [1, 11.5, 1.5, 12.5], "texture": "#0"},
				"west": {"uv": [10, 0, 11, 1], "texture": "#0"},
				"up": {"uv": [12, 2, 11.5, 1], "texture": "#0"},
				"down": {"uv": [2, 11.5, 1.5, 12.5], "texture": "#0"}
			}
		},
		{
			"from": [14, 0, 1],
			"to": [15, 4, 3],
			"rotation": {"angle": 0, "axis": "y", "origin": [16, 0, 1]},
			"faces": {
				"north": {"uv": [8.5, 9.5, 9, 11.5], "texture": "#0"},
				"east": {"uv": [5, 7.5, 6, 9.5], "texture": "#0"},
				"south": {"uv": [9, 9.5, 9.5, 11.5], "texture": "#0"},
				"west": {"uv": [8, 0, 9, 2], "texture": "#0"},
				"up": {"uv": [0.5, 12.5, 0, 11.5], "texture": "#0"},
				"down": {"uv": [12, 0, 11.5, 1], "texture": "#0"}
			}
		},
		{
			"from": [0, 2.5, 0],
			"to": [16, 4.5, 1],
			"rotation": {"angle": 0, "axis": "y", "origin": [0, -0.5, 0]},
			"faces": {
				"north": {"uv": [0, 0, 16, 8], "texture": "#1"},
				"east": {"uv": [0, 0, 9.5, 8], "texture": "#1"},
				"south": {"uv": [0, 0, 16, 8], "texture": "#1"},
				"west": {"uv": [0, 0, 9.5, 8], "texture": "#1"},
				"up": {"uv": [0, 0, 16, 7.5], "texture": "#1"},
				"down": {"uv": [0, 0, 16, 7.5], "texture": "#1"}
			}
		},
		{
			"from": [0, 5, 0.6],
			"to": [16, 7, 1.6],
			"rotation": {"angle": 22.5, "axis": "x", "origin": [0, 6, 0.6]},
			"faces": {
				"north": {"uv": [0, 0, 16, 8], "texture": "#1"},
				"east": {"uv": [0, 0, 9.5, 8], "texture": "#1"},
				"south": {"uv": [0, 0, 16, 8], "texture": "#1"},
				"west": {"uv": [0, 0, 9.5, 8], "texture": "#1"},
				"up": {"uv": [0, 0, 16, 7.5], "texture": "#1"},
				"down": {"uv": [0, 0, 16, 7.5], "texture": "#1"}
			}
		},
		{
			"from": [0, 7, 2.1],
			"to": [16, 9, 3.1],
			"rotation": {"angle": 45, "axis": "x", "origin": [0, 8, 2.1]},
			"faces": {
				"north": {"uv": [0, 0, 16, 8], "texture": "#1"},
				"east": {"uv": [0, 0, 9.5, 8], "texture": "#1"},
				"south": {"uv": [0, 0, 16, 8], "texture": "#1"},
				"west": {"uv": [0, 0, 9.5, 8], "texture": "#1"},
				"up": {"uv": [0, 0, 16, 7.5], "texture": "#1"},
				"down": {"uv": [0, 0, 16, 7.5], "texture": "#1"}
			}
		},
		{
			"from": [0, 8.2, 11.6],
			"to": [16, 10.2, 12.6],
			"rotation": {"angle": 45, "axis": "x", "origin": [0, 9.2, 12.6]},
			"faces": {
				"north": {"uv": [0, 1, 16, 8], "texture": "#1"},
				"east": {"uv": [0.5, 1, 10, 8], "texture": "#1"},
				"south": {"uv": [0, 1, 16, 8], "texture": "#1"},
				"west": {"uv": [0.5, 1, 10, 8], "texture": "#1"},
				"up": {"uv": [0, 0, 16, 7.5], "texture": "#1"},
				"down": {"uv": [0, 0, 16, 7.5], "texture": "#1"}
			}
		},
		{
			"from": [0, 10.3, 13.1],
			"to": [16, 12.3, 14.1],
			"rotation": {"angle": 22.5, "axis": "x", "origin": [0, 11.3, 14.1]},
			"faces": {
				"north": {"uv": [0, 1, 16, 8], "texture": "#1"},
				"east": {"uv": [0.5, 1, 10, 8], "texture": "#1"},
				"south": {"uv": [0, 1, 16, 8], "texture": "#1"},
				"west": {"uv": [0.5, 1, 10, 8], "texture": "#1"},
				"up": {"uv": [0, 0, 16, 7.5], "texture": "#1"},
				"down": {"uv": [0, 0, 16, 7.5], "texture": "#1"}
			}
		},
		{
			"from": [0, 12.8, 13.7],
			"to": [16, 14.8, 14.7],
			"rotation": {"angle": 0, "axis": "y", "origin": [0, 17.8, 14.7]},
			"faces": {
				"north": {"uv": [0, 1, 16, 8], "texture": "#1"},
				"east": {"uv": [0.5, 1, 10, 8], "texture": "#1"},
				"south": {"uv": [0, 1, 16, 8], "texture": "#1"},
				"west": {"uv": [0.5, 1, 10, 8], "texture": "#1"},
				"up": {"uv": [0, 0, 16, 7.5], "texture": "#1"},
				"down": {"uv": [0, 0, 16, 7.5], "texture": "#1"}
			}
		},
		{
			"from": [0, 15.3, 13.7],
			"to": [16, 17.3, 14.7],
			"rotation": {"angle": 0, "axis": "y", "origin": [0, 17.3, 14.7]},
			"faces": {
				"north": {"uv": [0, 1, 16, 8], "texture": "#1"},
				"east": {"uv": [0.5, 1, 10, 8], "texture": "#1"},
				"south": {"uv": [0, 1, 16, 8], "texture": "#1"},
				"west": {"uv": [0.5, 1, 10, 8], "texture": "#1"},
				"up": {"uv": [0, 0, 16, 7.5], "texture": "#1"},
				"down": {"uv": [0, 0, 16, 7.5], "texture": "#1"}
			}
		},
		{
			"from": [0, 17.8, 13.7],
			"to": [16, 19.8, 14.7],
			"rotation": {"angle": 0, "axis": "y", "origin": [0, 22.8, 14.7]},
			"faces": {
				"north": {"uv": [0, 1, 16, 8], "texture": "#1"},
				"east": {"uv": [0.5, 1, 10, 8], "texture": "#1"},
				"south": {"uv": [0, 1, 16, 8], "texture": "#1"},
				"west": {"uv": [0.5, 1, 10, 8], "texture": "#1"},
				"up": {"uv": [0, 0, 16, 7.5], "texture": "#1"},
				"down": {"uv": [0, 0, 16, 7.5], "texture": "#1"}
			}
		},
		{
			"from": [0, 7.9, 3.7],
			"to": [16, 8.9, 5.7],
			"rotation": {"angle": 0, "axis": "x", "origin": [0, 8.9, 4.7]},
			"faces": {
				"north": {"uv": [0, 0, 16, 7.5], "rotation": 180, "texture": "#1"},
				"east": {"uv": [0, 0, 9.5, 8], "rotation": 270, "texture": "#1"},
				"south": {"uv": [0, 0, 16, 7.5], "texture": "#1"},
				"west": {"uv": [0, 0, 9.5, 8], "rotation": 90, "texture": "#1"},
				"up": {"uv": [0, 0, 16, 8], "rotation": 180, "texture": "#1"},
				"down": {"uv": [0, 0, 16, 8], "texture": "#1"}
			}
		},
		{
			"from": [0, 7.9, 6.3],
			"to": [16, 8.9, 8.3],
			"rotation": {"angle": 0, "axis": "x", "origin": [0, 8.9, 7.3]},
			"faces": {
				"north": {"uv": [0, 0, 16, 7.5], "rotation": 180, "texture": "#1"},
				"east": {"uv": [0, 0, 9.5, 8], "rotation": 270, "texture": "#1"},
				"south": {"uv": [0, 0, 16, 7.5], "texture": "#1"},
				"west": {"uv": [0, 0, 9.5, 8], "rotation": 90, "texture": "#1"},
				"up": {"uv": [0, 0, 16, 8], "rotation": 180, "texture": "#1"},
				"down": {"uv": [0, 0, 16, 8], "texture": "#1"}
			}
		},
		{
			"from": [0, 7.9, 8.9],
			"to": [16, 8.9, 10.9],
			"rotation": {"angle": 0, "axis": "x", "origin": [0, 8.9, 9.9]},
			"faces": {
				"north": {"uv": [0, 0, 16, 7.5], "rotation": 180, "texture": "#1"},
				"east": {"uv": [0, 0, 9.5, 8], "rotation": 270, "texture": "#1"},
				"south": {"uv": [0, 0, 16, 7.5], "texture": "#1"},
				"west": {"uv": [0, 0, 9.5, 8], "rotation": 90, "texture": "#1"},
				"up": {"uv": [0, 0, 16, 8], "rotation": 180, "texture": "#1"},
				"down": {"uv": [0, 0, 16, 8], "texture": "#1"}
			}
		}
	],
	"display": {
		"thirdperson_righthand": {
			"scale": [0.2, 0.2, 0.2]
		},
		"thirdperson_lefthand": {
			"scale": [0.2, 0.2, 0.2]
		},
		"firstperson_righthand": {
			"rotation": [0, -180, 0],
			"translation": [0, 1.75, 0],
			"scale": [0.2, 0.2, 0.14]
		},
		"firstperson_lefthand": {
			"rotation": [0, -180, 0],
			"translation": [0, 1.75, 0],
			"scale": [0.2, 0.2, 0.14]
		},
		"ground": {
			"scale": [0.4, 0.4, 0.4]
		},
		"gui": {
			"rotation": [-154.25, 24.75, -180],
			"scale": [0.5, 0.5, 0.5]
		},
		"head": {
			"scale": [0, 0, 0]
		},
		"fixed": {
			"rotation": [-90, 0, 0],
			"translation": [0, 0, -15.75],
			"scale": [2, 2, 2]
		}
	},
	"groups": [
		{
			"name": "group",
			"origin": [0, 8.9, 9.9],
			"color": 0,
			"children": [0, 1, 2, 3, 4, 5, 6, 7, 8, 9, 10, 11, 12, 13, 14, 15, 16, 17, 18, 19, 20, 21, 22, 23, 24, 25, 26, 27]
		}
	]
}