{
	"credit": "Made with Blockbench",
	"textures": {
		"0": "deco/polished_andesite",
		"particle": "deco/polished_andesite"
	},
	"elements": [
		{
			"from": [0, 6, 4],
			"to": [8, 8, 12],
			"rotation": {"angle": 0, "axis": "y", "origin": [16, 5, 8]},
			"faces": {
				"north": {"uv": [16, 2.01802, 0, 4.01802], "texture": "#0"},
				"east": {"uv": [0.9009, 2.01802, 0, 4.01802], "texture": "#0"},
				"south": {"uv": [16, 2.01802, 0, 4.01802], "texture": "#0"},
				"west": {"uv": [8, 2.01802, 0, 4.01802], "texture": "#0"},
				"up": {"uv": [16, 2.01802, 8.03604, 10.01802], "texture": "#0"},
				"down": {"uv": [16, 2.01802, 8.03604, 10.01802], "texture": "#0"}
			}
		},
		{
			"from": [0, -0.22625, 4],
			"to": [8, 1.77375, 14],
			"rotation": {"angle": 0, "axis": "y", "origin": [16, -1.22625, 8]},
			"faces": {
				"north": {"uv": [16, 2.01802, 0, 4.01802], "texture": "#0"},
				"east": {"uv": [0.91892, 2.01802, 0, 4.01802], "texture": "#0"},
				"south": {"uv": [16, 2.01802, 8.03604, 4.01802], "texture": "#0"},
				"west": {"uv": [10, 2.01802, 0, 4.01802], "texture": "#0"},
				"up": {"uv": [16, 2.01802, 8.03604, 12.01802], "texture": "#0"},
				"down": {"uv": [16, 2.01802, 8.03604, 12.01802], "texture": "#0"}
			}
		},
		{
			"from": [0, 6.61104, 3.07193],
			"to": [7.99, 8.61104, 5.07193],
			"rotation": {"angle": -22.5, "axis": "x", "origin": [16.09, 5.61104, 6.07193]},
			"faces": {
				"north": {"uv": [15.99, 2.01802, 0, 4.01802], "texture": "#0"},
				"east": {"uv": [0.95495, 2.01802, 0, 4.01802], "texture": "#0"},
				"south": {"uv": [15.99, 2.01802, 0, 4.01802], "texture": "#0"},
				"west": {"uv": [2, 2.01802, 0, 4.01802], "texture": "#0"},
				"up": {"uv": [15.99, 2.01802, 8.03604, 4.01802], "texture": "#0"},
				"down": {"uv": [15.99, 2.01802, 8.03604, 4.01802], "texture": "#0"}
			}
		},
		{
			"from": [0, 4.01046, 2.30656],
			"to": [8, 6.01046, 4.30656],
			"rotation": {"angle": 22.5, "axis": "x", "origin": [16, 7.01046, 5.30656]},
			"faces": {
				"north": {"uv": [16, 2.01802, 8.03604, 4.01802], "rotation": 180, "texture": "#0"},
				"east": {"uv": [0, 4.01802, 0.95495, 2.01802], "rotation": 270, "texture": "#0"},
				"south": {"uv": [16, 2.01802, 8.03604, 4.01802], "texture": "#0"},
				"west": {"uv": [0, 4.01802, 2, 2.01802], "rotation": 90, "texture": "#0"},
				"up": {"uv": [16, 2.01802, 0, 4.01802], "texture": "#0"},
				"down": {"uv": [16, 2.01802, 8.03604, 4.01802], "rotation": 180, "texture": "#0"}
			}
		},
		{
			"from": [0, 7.98954, 11.69344],
			"to": [8, 9.98954, 13.69344],
			"rotation": {"angle": 22.5, "axis": "x", "origin": [16, 6.98954, 10.69344]},
			"faces": {
				"north": {"uv": [8.03604, 4.01802, 16, 6.01802], "texture": "#0"},
				"east": {"uv": [0, 6.01802, 0.95495, 4.01802], "rotation": 270, "texture": "#0"},
				"south": {"uv": [8.03604, 4.01802, 16, 6.01802], "rotation": 180, "texture": "#0"},
				"west": {"uv": [2, 6.01802, 4, 4.01802], "rotation": 90, "texture": "#0"},
				"up": {"uv": [16, 2.01802, 0, 4.01802], "rotation": 180, "texture": "#0"},
				"down": {"uv": [16, 2.01802, 8.03604, 4.01802], "texture": "#0"}
			}
		},
		{
			"from": [0, 5.38896, 10.92807],
			"to": [8.01, 7.38896, 12.92807],
			"rotation": {"angle": -22.5, "axis": "x", "origin": [16.11, 8.38896, 9.92807]},
			"faces": {
				"north": {"uv": [16, 4.01802, 0, 6.01802], "texture": "#0"},
				"east": {"uv": [0.95495, 4.01802, 0, 6.01802], "texture": "#0"},
				"south": {"uv": [16, 4.01802, 0, 6.01802], "texture": "#0"},
				"west": {"uv": [4, 4.01802, 2, 6.01802], "texture": "#0"},
				"up": {"uv": [16, 2.01802, 7.96396, 4.01802], "texture": "#0"},
				"down": {"uv": [16, 2.01802, 7.96396, 4.01802], "texture": "#0"}
			}
		},
		{
			"from": [-0.01, 1.76329, 2.30656],
			"to": [7.99, 3.76329, 4.30656],
			"rotation": {"angle": -22.5, "axis": "x", "origin": [15.99, 0.76329, 5.30656]},
			"faces": {
				"north": {"uv": [16, 4.01802, 8.03604, 6.01802], "rotation": 180, "texture": "#0"},
				"east": {"uv": [0, 4.01802, 0.91892, 2.01802], "rotation": 270, "texture": "#0"},
				"south": {"uv": [16, 4.01802, 8.03604, 6.01802], "texture": "#0"},
				"west": {"uv": [2, 4.01802, 4, 2.01802], "rotation": 90, "texture": "#0"},
				"up": {"uv": [16, 4.01802, 0, 6.01802], "rotation": 180, "texture": "#0"},
				"down": {"uv": [16, 4.01802, 8.03604, 6.01802], "texture": "#0"}
			}
		},
		{
			"from": [-0.01, -0.8373, 3.07193],
			"to": [7.98, 1.1627, 5.07193],
			"rotation": {"angle": 22.5, "axis": "x", "origin": [16.08, 2.1627, 6.07193]},
			"faces": {
				"north": {"uv": [15.99, 4.01802, 0, 6.01802], "texture": "#0"},
				"east": {"uv": [0.84685, 4.01802, 0, 6.01802], "texture": "#0"},
				"south": {"uv": [15.99, 4.01802, 0, 6.01802], "texture": "#0"},
				"west": {"uv": [2, 4.01802, 0, 6.01802], "texture": "#0"},
				"up": {"uv": [15.99, 4.01802, 8, 6.01802], "texture": "#0"},
				"down": {"uv": [15.99, 4.01802, 8.03604, 6.01802], "texture": "#0"}
			}
		},
		{
			"from": [-0.01, 2.38687, 1.38687],
			"to": [7.98, 5.38687, 3.38687],
			"rotation": {"angle": 0, "axis": "y", "origin": [16.08, 7.38687, 4.38687]},
			"faces": {
				"north": {"uv": [15.99, 2.01802, 8.03604, 5.01802], "rotation": 180, "texture": "#0"},
				"east": {"uv": [0, 4.01802, 1.05405, 2.01802], "rotation": 270, "texture": "#0"},
				"south": {"uv": [15.99, 2.01802, 8.03604, 5.01802], "texture": "#0"},
				"west": {"uv": [0, 4.01802, 3, 2.01802], "rotation": 90, "texture": "#0"},
				"up": {"uv": [15.99, 2.01802, 0, 4.01802], "texture": "#0"},
				"down": {"uv": [15.99, 2.01802, 8.03604, 4.01802], "rotation": 180, "texture": "#0"}
			}
		},
		{
			"from": [8, 6, 4],
			"to": [16, 8, 12],
			"rotation": {"angle": 0, "axis": "y", "origin": [0, 5, 8]},
			"faces": {
				"north": {"uv": [0, 2.01802, 16, 4.01802], "texture": "#0"},
				"east": {"uv": [0, 2.01802, 8, 4.01802], "texture": "#0"},
				"south": {"uv": [0, 2.01802, 16, 4.01802], "texture": "#0"},
				"west": {"uv": [0, 2.01802, 0.9009, 4.01802], "texture": "#0"},
				"up": {"uv": [8.03604, 2.01802, 16, 10.01802], "texture": "#0"},
				"down": {"uv": [8.03604, 2.01802, 16, 10.01802], "texture": "#0"}
			}
		},
		{
			"from": [8, -0.22625, 4],
			"to": [16, 1.77375, 14],
			"rotation": {"angle": 0, "axis": "y", "origin": [0, -1.22625, 8]},
			"faces": {
				"north": {"uv": [0, 2.01802, 16, 4.01802], "texture": "#0"},
				"east": {"uv": [0, 2.01802, 10, 4.01802], "texture": "#0"},
				"south": {"uv": [8.03604, 2.01802, 16, 4.01802], "texture": "#0"},
				"west": {"uv": [0, 2.01802, 0.91892, 4.01802], "texture": "#0"},
				"up": {"uv": [8.03604, 2.01802, 16, 12.01802], "texture": "#0"},
				"down": {"uv": [8.03604, 2.01802, 16, 12.01802], "texture": "#0"}
			}
		},
		{
			"from": [8.01, 6.61104, 3.07193],
			"to": [16, 8.61104, 5.07193],
			"rotation": {"angle": -22.5, "axis": "x", "origin": [-0.09, 5.61104, 6.07193]},
			"faces": {
				"north": {"uv": [0, 2.01802, 15.99, 4.01802], "texture": "#0"},
				"east": {"uv": [0, 2.01802, 2, 4.01802], "texture": "#0"},
				"south": {"uv": [0, 2.01802, 15.99, 4.01802], "texture": "#0"},
				"west": {"uv": [0, 2.01802, 0.95495, 4.01802], "texture": "#0"},
				"up": {"uv": [8.03604, 2.01802, 15.99, 4.01802], "texture": "#0"},
				"down": {"uv": [8.03604, 2.01802, 15.99, 4.01802], "texture": "#0"}
			}
		},
		{
			"from": [8, 4.01046, 2.30656],
			"to": [16, 6.01046, 4.30656],
			"rotation": {"angle": 22.5, "axis": "x", "origin": [0, 7.01046, 5.30656]},
			"faces": {
				"north": {"uv": [8.03604, 2.01802, 16, 4.01802], "rotation": 180, "texture": "#0"},
				"east": {"uv": [0, 2.01802, 2, 4.01802], "rotation": 90, "texture": "#0"},
				"south": {"uv": [8.03604, 2.01802, 16, 4.01802], "texture": "#0"},
				"west": {"uv": [0, 2.01802, 0.95495, 4.01802], "rotation": 270, "texture": "#0"},
				"up": {"uv": [0, 2.01802, 16, 4.01802], "texture": "#0"},
				"down": {"uv": [8.03604, 2.01802, 16, 4.01802], "rotation": 180, "texture": "#0"}
			}
		},
		{
			"from": [8, 7.98954, 11.69344],
			"to": [16, 9.98954, 13.69344],
			"rotation": {"angle": 22.5, "axis": "x", "origin": [0, 6.98954, 10.69344]},
			"faces": {
				"north": {"uv": [16, 4.01802, 8.03604, 6.01802], "texture": "#0"},
				"east": {"uv": [2, 4.01802, 4, 6.01802], "rotation": 90, "texture": "#0"},
				"south": {"uv": [16, 4.01802, 8.03604, 6.01802], "rotation": 180, "texture": "#0"},
				"west": {"uv": [0, 4.01802, 0.95495, 6.01802], "rotation": 270, "texture": "#0"},
				"up": {"uv": [0, 2.01802, 16, 4.01802], "rotation": 180, "texture": "#0"},
				"down": {"uv": [8.03604, 2.01802, 16, 4.01802], "texture": "#0"}
			}
		},
		{
			"from": [7.99, 5.38896, 10.92807],
			"to": [16, 7.38896, 12.92807],
			"rotation": {"angle": -22.5, "axis": "x", "origin": [-0.11, 8.38896, 9.92807]},
			"faces": {
				"north": {"uv": [0, 4.01802, 16, 6.01802], "texture": "#0"},
				"east": {"uv": [2, 4.01802, 4, 6.01802], "texture": "#0"},
				"south": {"uv": [0, 4.01802, 16, 6.01802], "texture": "#0"},
				"west": {"uv": [0, 4.01802, 0.95495, 6.01802], "texture": "#0"},
				"up": {"uv": [7.96396, 2.01802, 16, 4.01802], "texture": "#0"},
				"down": {"uv": [7.96396, 2.01802, 16, 4.01802], "texture": "#0"}
			}
		},
		{
			"from": [8.01, 1.76329, 2.30656],
			"to": [16.01, 3.76329, 4.30656],
			"rotation": {"angle": -22.5, "axis": "x", "origin": [0.01, 0.76329, 5.30656]},
			"faces": {
				"north": {"uv": [8.03604, 4.01802, 16, 6.01802], "rotation": 180, "texture": "#0"},
				"east": {"uv": [2, 2.01802, 4, 4.01802], "rotation": 90, "texture": "#0"},
				"south": {"uv": [8.03604, 4.01802, 16, 6.01802], "texture": "#0"},
				"west": {"uv": [0, 2.01802, 0.91892, 4.01802], "rotation": 270, "texture": "#0"},
				"up": {"uv": [0, 4.01802, 16, 6.01802], "rotation": 180, "texture": "#0"},
				"down": {"uv": [8.03604, 4.01802, 16, 6.01802], "texture": "#0"}
			}
		},
		{
			"from": [8.02, -0.8373, 3.07193],
			"to": [16.01, 1.1627, 5.07193],
			"rotation": {"angle": 22.5, "axis": "x", "origin": [-0.08, 2.1627, 6.07193]},
			"faces": {
				"north": {"uv": [0, 4.01802, 15.99, 6.01802], "texture": "#0"},
				"east": {"uv": [0, 4.01802, 2, 6.01802], "texture": "#0"},
				"south": {"uv": [0, 4.01802, 15.99, 6.01802], "texture": "#0"},
				"west": {"uv": [0, 4.01802, 0.84685, 6.01802], "texture": "#0"},
				"up": {"uv": [8, 4.01802, 15.99, 6.01802], "texture": "#0"},
				"down": {"uv": [8.03604, 4.01802, 15.99, 6.01802], "texture": "#0"}
			}
		},
		{
			"from": [8.02, 2.38687, 1.38687],
			"to": [16.01, 5.38687, 3.38687],
			"rotation": {"angle": 0, "axis": "y", "origin": [-0.08, 7.38687, 4.38687]},
			"faces": {
				"north": {"uv": [8.03604, 2.01802, 15.99, 5.01802], "rotation": 180, "texture": "#0"},
				"east": {"uv": [0, 2.01802, 3, 4.01802], "rotation": 90, "texture": "#0"},
				"south": {"uv": [8.03604, 2.01802, 15.99, 5.01802], "texture": "#0"},
				"west": {"uv": [0, 2.01802, 1.05405, 4.01802], "rotation": 270, "texture": "#0"},
				"up": {"uv": [0, 2.01802, 15.99, 4.01802], "texture": "#0"},
				"down": {"uv": [8.03604, 2.01802, 15.99, 4.01802], "rotation": 180, "texture": "#0"}
			}
		},
		{
			"from": [7.99, 8.61313, 12.61313],
			"to": [16, 16.61313, 14.61313],
			"rotation": {"angle": 0, "axis": "y", "origin": [0.09, 7.61313, 11.61313]},
			"faces": {
				"north": {"uv": [16, 6.01802, 8.03604, 14.01802], "texture": "#0"},
				"east": {"uv": [4, 4.01802, 12, 6.01802], "rotation": 90, "texture": "#0"},
				"south": {"uv": [16, 6.01802, 8.03604, 14.01802], "rotation": 180, "texture": "#0"},
				"west": {"uv": [0, 4.01802, 0.9009, 6.01802], "rotation": 270, "texture": "#0"},
				"up": {"uv": [16, 2.01802, 8.07207, 4.01802], "rotation": 180, "texture": "#0"},
				"down": {"uv": [0, 2.01802, 16, 4.01802], "texture": "#0"}
			}
		},
		{
			"from": [0, 8.61313, 12.61313],
			"to": [8.01, 16.61313, 14.61313],
			"rotation": {"angle": 0, "axis": "y", "origin": [15.91, 7.61313, 11.61313]},
			"faces": {
				"north": {"uv": [8.03604, 6.01802, 16, 14.01802], "texture": "#0"},
				"east": {"uv": [0, 6.01802, 0.9009, 4.01802], "rotation": 270, "texture": "#0"},
				"south": {"uv": [8.03604, 6.01802, 16, 14.01802], "rotation": 180, "texture": "#0"},
				"west": {"uv": [4, 6.01802, 12, 4.01802], "rotation": 90, "texture": "#0"},
				"up": {"uv": [8.07207, 2.01802, 16, 4.01802], "rotation": 180, "texture": "#0"},
				"down": {"uv": [16, 2.01802, 0, 4.01802], "texture": "#0"}
			}
		}
	],
	"display": {
		"thirdperson_righthand": {
			"rotation": [21, 11, 0],
			"scale": [0.4, 0.4, 0.4]
		},
		"thirdperson_lefthand": {
			"rotation": [21, 11, 0],
			"scale": [0.4, 0.4, 0.4]
		},
		"firstperson_righthand": {
			"rotation": [21, 11, 0],
			"scale": [0.4, 0.4, 0.4]
		},
		"firstperson_lefthand": {
			"rotation": [21, 11, 0],
			"scale": [0.4, 0.4, 0.4]
		},
		"ground": {
			"rotation": [21, 11, 0],
			"scale": [0.4, 0.4, 0.4]
		},
		"gui": {
			"rotation": [21, 11, 0],
			"scale": [0.4, 0.4, 0.4]
		},
		"head": {
			"rotation": [21, 11, 0],
			"scale": [0.4, 0.4, 0.4]
		},
		"fixed": {
			"rotation": [-90, 0, 0],
			"translation": [0, 0, -15.5],
			"scale": [2, 2, 2]
		}
	},
	"groups": [
		{
			"name": "bench",
			"origin": [0.09, 7.61313, 11.61313],
			"color": 0,
			"children": [0, 1, 2, 3, 4, 5, 6, 7, 8, 9, 10, 11, 12, 13, 14, 15, 16, 17, 18, 19]
		}
	]
}