{
	"credit": "Made with Blockbench",
	"textures": {
		"0": "deco/chiseled_quartz_block",
		"1": "deco/stripped_oak_log",
		"2": "deco/leaves_a",
		"3": "deco/dark_oak_planks",
		"4": "deco/dirt",
		"particle": "deco/chiseled_quartz_block"
	},
	"elements": [
		{
			"from": [-1.93537, 2.23406, 4.6],
			"to": [-0.43537, 6.23406, 11.4],
			"rotation": {"angle": -22.5, "axis": "z", "origin": [5, 0, 8]},
			"faces": {
				"north": {"uv": [0, 0, 4, 13], "texture": "#1"},
				"east": {"uv": [0, 0, 8.8, 13], "texture": "#1"},
				"south": {"uv": [0, 0, 4, 13], "texture": "#1"},
				"west": {"uv": [0, 0, 8.8, 13], "texture": "#1"},
				"up": {"uv": [0, 0, 4, 15.8], "texture": "#1"},
				"down": {"uv": [0, 0, 4, 15.8], "texture": "#1"}
			}
		},
		{
			"from": [0, 0, 5.5],
			"to": [16, 7, 10.5],
			"rotation": {"angle": 0, "axis": "y", "origin": [0, 0, 4.5]},
			"faces": {
				"north": {"uv": [0, 0, 16, 9], "texture": "#0"},
				"east": {"uv": [0, 0, 5, 9], "texture": "#0"},
				"south": {"uv": [0, 0, 16, 9], "texture": "#0"},
				"west": {"uv": [0, 0, 5, 9], "texture": "#0"},
				"up": {"uv": [0, 0, 16, 7], "texture": "#0"},
				"down": {"uv": [0, 0, 16, 7], "texture": "#0"}
			}
		},
		{
			"from": [9, 7, 5.5],
			"to": [14, 7.4, 10.5],
			"rotation": {"angle": 0, "axis": "y", "origin": [0, 7, 5.5]},
			"faces": {
				"north": {"uv": [0, 0, 5, 0.4], "texture": "#0"},
				"east": {"uv": [0, 0, 5, 0.4], "texture": "#0"},
				"south": {"uv": [0, 0, 5, 0.4], "texture": "#0"},
				"west": {"uv": [0, 0, 5, 0.4], "texture": "#0"},
				"up": {"uv": [0, 0, 16, 16], "texture": "#4"},
				"down": {"uv": [0, 0, 5, 5], "texture": "#0"}
			}
		},
		{
			"from": [0.82584, -3.89277, 4.6],
			"to": [2.32584, 1.90723, 11.4],
			"rotation": {"angle": -22.5, "axis": "z", "origin": [17, 0, 8]},
			"faces": {
				"north": {"uv": [0, 0, 4, 14.8], "texture": "#1"},
				"east": {"uv": [0, 0, 8.8, 14.8], "texture": "#1"},
				"south": {"uv": [0, 0, 4, 14.8], "texture": "#1"},
				"west": {"uv": [0, 0, 8.8, 14.8], "texture": "#1"},
				"up": {"uv": [0, 0, 4, 15.8], "texture": "#1"},
				"down": {"uv": [0, 0, 4, 15.8], "texture": "#1"}
			}
		},
		{
			"from": [2.97808, -5.05814, 4.6],
			"to": [4.47808, 0.14186, 11.4],
			"rotation": {"angle": -22.5, "axis": "z", "origin": [21, 0, 8]},
			"faces": {
				"north": {"uv": [0, 0, 4, 14.2], "texture": "#1"},
				"east": {"uv": [0, 0, 8.8, 14.2], "texture": "#1"},
				"south": {"uv": [0, 0, 4, 14.2], "texture": "#1"},
				"west": {"uv": [0, 0, 8.8, 14.2], "texture": "#1"},
				"up": {"uv": [0, 0, 4, 15.8], "texture": "#1"},
				"down": {"uv": [0, 0, 4, 15.8], "texture": "#1"}
			}
		},
		{
			"from": [4.97808, -5.65814, 4.6],
			"to": [6.47808, -1.15814, 11.4],
			"rotation": {"angle": -22.5, "axis": "z", "origin": [23, 0, 8]},
			"faces": {
				"north": {"uv": [0, 0, 4, 13.5], "texture": "#1"},
				"east": {"uv": [0, 0, 8.8, 13.5], "texture": "#1"},
				"south": {"uv": [0, 0, 4, 13.5], "texture": "#1"},
				"west": {"uv": [0, 0, 8.8, 13.5], "texture": "#1"},
				"up": {"uv": [0, 0, 4, 15.8], "texture": "#1"},
				"down": {"uv": [0, 0, 4, 15.8], "texture": "#1"}
			}
		},
		{
			"from": [6.97808, -6.25814, 4.6],
			"to": [8.47808, -2.75814, 11.4],
			"rotation": {"angle": -22.5, "axis": "z", "origin": [25, 0, 8]},
			"faces": {
				"north": {"uv": [0, 0, 4, 12.5], "texture": "#1"},
				"east": {"uv": [0, 0, 8.8, 12.5], "texture": "#1"},
				"south": {"uv": [0, 0, 4, 12.5], "texture": "#1"},
				"west": {"uv": [0, 0, 8.8, 12.5], "texture": "#1"},
				"up": {"uv": [0, 0, 4, 15.8], "texture": "#1"},
				"down": {"uv": [0, 0, 4, 15.8], "texture": "#1"}
			}
		},
		{
			"from": [8.97808, -6.85814, 4.6],
			"to": [10.47808, -4.65814, 11.4],
			"rotation": {"angle": -22.5, "axis": "z", "origin": [27, 0, 8]},
			"faces": {
				"north": {"uv": [0, 0, 4, 11.2], "texture": "#1"},
				"east": {"uv": [0, 0, 8.8, 11.2], "texture": "#1"},
				"south": {"uv": [0, 0, 4, 11.2], "texture": "#1"},
				"west": {"uv": [0, 0, 8.8, 11.2], "texture": "#1"},
				"up": {"uv": [0, 0, 4, 15.8], "texture": "#1"},
				"down": {"uv": [0, 0, 4, 15.8], "texture": "#1"}
			}
		},
		{
			"from": [10.97808, -7.05814, 4.6],
			"to": [12.47808, -6.15814, 11.4],
			"rotation": {"angle": -22.5, "axis": "z", "origin": [29, 0, 8]},
			"faces": {
				"north": {"uv": [0, 0, 4, 9.9], "texture": "#1"},
				"east": {"uv": [0, 0, 8.8, 9.9], "texture": "#1"},
				"south": {"uv": [0, 0, 4, 9.9], "texture": "#1"},
				"west": {"uv": [0, 0, 8.8, 9.9], "texture": "#1"},
				"up": {"uv": [0, 0, 4, 15.8], "texture": "#1"},
				"down": {"uv": [0, 0, 4, 15.8], "texture": "#1"}
			}
		},
		{
			"from": [11.3, 7, 7.5],
			"to": [11.8, 20, 8],
			"rotation": {"angle": 0, "axis": "y", "origin": [10.8, 7, 6]},
			"faces": {
				"north": {"uv": [0, 0, 0.5, 13], "texture": "#3"},
				"east": {"uv": [0, 0, 0.5, 13], "texture": "#3"},
				"south": {"uv": [0, 0, 0.5, 13], "texture": "#3"},
				"west": {"uv": [0, 0, 0.5, 13], "texture": "#3"},
				"up": {"uv": [0, 0, 0.5, 0.5], "texture": "#3"},
				"down": {"uv": [0, 0, 0.5, 0.5], "texture": "#3"}
			}
		},
		{
			"from": [11.8, 19, 3],
			"to": [16.8, 19, 12.5],
			"rotation": {"angle": 22.5, "axis": "z", "origin": [11.8, 19, 7.5]},
			"faces": {
				"north": {"uv": [0, 0, 5, 0], "texture": "#2"},
				"east": {"uv": [0, 0, 9.5, 0], "texture": "#2"},
				"south": {"uv": [0, 0, 5, 0], "texture": "#2"},
				"west": {"uv": [0, 0, 9.5, 0], "texture": "#2"},
				"up": {"uv": [5, 9.5, 0, 0], "texture": "#2"},
				"down": {"uv": [5, 0, 0, 9.5], "texture": "#2"}
			}
		},
		{
			"from": [11.8, 19, 4.5],
			"to": [19.8, 19, 12],
			"rotation": {"angle": 45, "axis": "z", "origin": [11.8, 19, 8]},
			"faces": {
				"north": {"uv": [0, 0, 5, 0], "texture": "#2"},
				"east": {"uv": [0, 0, 9.5, 0], "texture": "#2"},
				"south": {"uv": [0, 0, 5, 0], "texture": "#2"},
				"west": {"uv": [0, 0, 9.5, 0], "texture": "#2"},
				"up": {"uv": [5, 9.5, 0, 0], "texture": "#2"},
				"down": {"uv": [5, 0, 0, 9.5], "texture": "#2"}
			}
		},
		{
			"from": [11.8, 19, 4.5],
			"to": [11.8, 28, 12],
			"rotation": {"angle": -22.5, "axis": "z", "origin": [11.8, 19, 8]},
			"faces": {
				"north": {"uv": [0, 0, 5, 0], "rotation": 90, "texture": "#2"},
				"east": {"uv": [5, 0, 0, 9.5], "rotation": 270, "texture": "#2"},
				"south": {"uv": [0, 0, 5, 0], "rotation": 270, "texture": "#2"},
				"west": {"uv": [5, 9.5, 0, 0], "rotation": 270, "texture": "#2"},
				"up": {"uv": [0, 0, 9.5, 0], "rotation": 270, "texture": "#2"},
				"down": {"uv": [0, 0, 9.5, 0], "rotation": 270, "texture": "#2"}
			}
		},
		{
			"from": [6.3, 19, 3],
			"to": [11.3, 19, 12.5],
			"rotation": {"angle": -22.5, "axis": "z", "origin": [11.3, 19, 7.5]},
			"faces": {
				"north": {"uv": [0, 0, 5, 0], "rotation": 180, "texture": "#2"},
				"east": {"uv": [0, 0, 9.5, 0], "rotation": 180, "texture": "#2"},
				"south": {"uv": [0, 0, 5, 0], "rotation": 180, "texture": "#2"},
				"west": {"uv": [0, 0, 9.5, 0], "rotation": 180, "texture": "#2"},
				"up": {"uv": [5, 0, 0, 9.5], "rotation": 180, "texture": "#2"},
				"down": {"uv": [5, 9.5, 0, 0], "rotation": 180, "texture": "#2"}
			}
		},
		{
			"from": [3.3, 19, 4.5],
			"to": [11.3, 19, 12],
			"rotation": {"angle": -45, "axis": "z", "origin": [11.3, 19, 8]},
			"faces": {
				"north": {"uv": [0, 0, 5, 0], "rotation": 180, "texture": "#2"},
				"east": {"uv": [0, 0, 9.5, 0], "rotation": 180, "texture": "#2"},
				"south": {"uv": [0, 0, 5, 0], "rotation": 180, "texture": "#2"},
				"west": {"uv": [0, 0, 9.5, 0], "rotation": 180, "texture": "#2"},
				"up": {"uv": [5, 0, 0, 9.5], "rotation": 180, "texture": "#2"},
				"down": {"uv": [5, 9.5, 0, 0], "rotation": 180, "texture": "#2"}
			}
		},
		{
			"from": [11.3, 19, 4.5],
			"to": [11.3, 28, 12],
			"rotation": {"angle": 22.5, "axis": "z", "origin": [11.3, 19, 8]},
			"faces": {
				"north": {"uv": [0, 0, 5, 0], "rotation": 90, "texture": "#2"},
				"east": {"uv": [5, 0, 0, 9.5], "rotation": 270, "texture": "#2"},
				"south": {"uv": [0, 0, 5, 0], "rotation": 270, "texture": "#2"},
				"west": {"uv": [5, 9.5, 0, 0], "rotation": 270, "texture": "#2"},
				"up": {"uv": [0, 0, 9.5, 0], "rotation": 270, "texture": "#2"},
				"down": {"uv": [0, 0, 9.5, 0], "rotation": 270, "texture": "#2"}
			}
		},
		{
			"from": [3.3, 19, 4.5],
			"to": [11.3, 19, 12],
			"rotation": {"angle": -45, "axis": "z", "origin": [11.3, 19, 8]},
			"faces": {
				"north": {"uv": [0, 0, 5, 0], "rotation": 180, "texture": "#2"},
				"east": {"uv": [0, 0, 9.5, 0], "rotation": 180, "texture": "#2"},
				"south": {"uv": [0, 0, 5, 0], "rotation": 180, "texture": "#2"},
				"west": {"uv": [0, 0, 9.5, 0], "rotation": 180, "texture": "#2"},
				"up": {"uv": [5, 0, 0, 9.5], "rotation": 180, "texture": "#2"},
				"down": {"uv": [5, 9.5, 0, 0], "rotation": 180, "texture": "#2"}
			}
		},
		{
			"from": [6.8, 19, 2.5],
			"to": [16.3, 19, 7.5],
			"rotation": {"angle": 22.5, "axis": "x", "origin": [11.8, 19, 7.5]},
			"faces": {
				"north": {"uv": [0, 0, 9.5, 0], "rotation": 180, "texture": "#2"},
				"east": {"uv": [0, 0, 5, 0], "rotation": 180, "texture": "#2"},
				"south": {"uv": [0, 0, 9.5, 0], "rotation": 180, "texture": "#2"},
				"west": {"uv": [0, 0, 5, 0], "rotation": 180, "texture": "#2"},
				"up": {"uv": [5, 0, 0, 9.5], "rotation": 270, "texture": "#2"},
				"down": {"uv": [5, 9.5, 0, 0], "rotation": 90, "texture": "#2"}
			}
		},
		{
			"from": [7.8, 19, -0.5],
			"to": [15.3, 19, 7.5],
			"rotation": {"angle": 45, "axis": "x", "origin": [11.8, 19, 7.5]},
			"faces": {
				"north": {"uv": [0, 0, 9.5, 0], "rotation": 180, "texture": "#2"},
				"east": {"uv": [0, 0, 5, 0], "rotation": 180, "texture": "#2"},
				"south": {"uv": [0, 0, 9.5, 0], "rotation": 180, "texture": "#2"},
				"west": {"uv": [0, 0, 5, 0], "rotation": 180, "texture": "#2"},
				"up": {"uv": [5, 0, 0, 9.5], "rotation": 270, "texture": "#2"},
				"down": {"uv": [5, 9.5, 0, 0], "rotation": 90, "texture": "#2"}
			}
		},
		{
			"from": [7.8, 19, 7.5],
			"to": [15.3, 28, 7.5],
			"rotation": {"angle": -22.5, "axis": "x", "origin": [11.8, 19, 7.5]},
			"faces": {
				"north": {"uv": [5, 9.5, 0, 0], "rotation": 270, "texture": "#2"},
				"east": {"uv": [0, 0, 5, 0], "rotation": 90, "texture": "#2"},
				"south": {"uv": [5, 0, 0, 9.5], "rotation": 270, "texture": "#2"},
				"west": {"uv": [0, 0, 5, 0], "rotation": 270, "texture": "#2"},
				"up": {"uv": [0, 0, 9.5, 0], "texture": "#2"},
				"down": {"uv": [0, 0, 9.5, 0], "rotation": 180, "texture": "#2"}
			}
		},
		{
			"from": [6.8, 19, 8],
			"to": [16.3, 19, 13],
			"rotation": {"angle": -22.5, "axis": "x", "origin": [11.8, 19, 8]},
			"faces": {
				"north": {"uv": [0, 0, 9.5, 0], "texture": "#2"},
				"east": {"uv": [0, 0, 5, 0], "texture": "#2"},
				"south": {"uv": [0, 0, 9.5, 0], "texture": "#2"},
				"west": {"uv": [0, 0, 5, 0], "texture": "#2"},
				"up": {"uv": [5, 9.5, 0, 0], "rotation": 90, "texture": "#2"},
				"down": {"uv": [5, 0, 0, 9.5], "rotation": 270, "texture": "#2"}
			}
		},
		{
			"from": [7.8, 19, 8],
			"to": [15.3, 19, 16],
			"rotation": {"angle": -45, "axis": "x", "origin": [11.8, 19, 8]},
			"faces": {
				"north": {"uv": [0, 0, 9.5, 0], "texture": "#2"},
				"east": {"uv": [0, 0, 5, 0], "texture": "#2"},
				"south": {"uv": [0, 0, 9.5, 0], "texture": "#2"},
				"west": {"uv": [0, 0, 5, 0], "texture": "#2"},
				"up": {"uv": [5, 9.5, 0, 0], "rotation": 90, "texture": "#2"},
				"down": {"uv": [5, 0, 0, 9.5], "rotation": 270, "texture": "#2"}
			}
		},
		{
			"from": [7.8, 19, 8],
			"to": [15.3, 28, 8],
			"rotation": {"angle": 22.5, "axis": "x", "origin": [11.8, 19, 8]},
			"faces": {
				"north": {"uv": [5, 9.5, 0, 0], "rotation": 270, "texture": "#2"},
				"east": {"uv": [0, 0, 5, 0], "rotation": 90, "texture": "#2"},
				"south": {"uv": [5, 0, 0, 9.5], "rotation": 270, "texture": "#2"},
				"west": {"uv": [0, 0, 5, 0], "rotation": 270, "texture": "#2"},
				"up": {"uv": [0, 0, 9.5, 0], "texture": "#2"},
				"down": {"uv": [0, 0, 9.5, 0], "rotation": 180, "texture": "#2"}
			}
		},
		{
			"from": [7.8, 19, 8],
			"to": [15.3, 32, 8],
			"rotation": {"angle": 0, "axis": "y", "origin": [11.8, 19, 8]},
			"faces": {
				"north": {"uv": [5, 9.5, 0, 0], "rotation": 270, "texture": "#2"},
				"east": {"uv": [0, 0, 5, 0], "rotation": 90, "texture": "#2"},
				"south": {"uv": [5, 0, 0, 9.5], "rotation": 270, "texture": "#2"},
				"west": {"uv": [0, 0, 5, 0], "rotation": 270, "texture": "#2"},
				"up": {"uv": [0, 0, 9.5, 0], "texture": "#2"},
				"down": {"uv": [0, 0, 9.5, 0], "rotation": 180, "texture": "#2"}
			}
		}
	],
	"display": {
		"thirdperson_righthand": {
			"rotation": [21, 11, 0],
			"scale": [0.4, 0.4, 0.4]
		},
		"thirdperson_lefthand": {
			"rotation": [21, 11, 0],
			"scale": [0.4, 0.4, 0.4]
		},
		"firstperson_righthand": {
			"rotation": [21, 11, 0],
			"scale": [0.4, 0.4, 0.4]
		},
		"firstperson_lefthand": {
			"rotation": [21, 11, 0],
			"scale": [0.4, 0.4, 0.4]
		},
		"ground": {
			"rotation": [21, 11, 0],
			"scale": [0.4, 0.4, 0.4]
		},
		"gui": {
			"rotation": [21, 11, 0],
			"scale": [0.4, 0.4, 0.4]
		},
		"head": {
			"rotation": [21, 11, 0],
			"translation": [0, 5.5, 0],
			"scale": [0.4, 0.4, 0.4]
		},
		"fixed": {
			"rotation": [-90, 0, 0],
			"translation": [0, 0, -15],
			"scale": [2, 2, 2]
		}
	},
	"groups": [
		{
			"name": "bench",
			"origin": [30, 0, 8],
			"color": 0,
			"children": [0, 1, 2, 3, 4, 5, 6, 7, 8]
		},
		9,
		10,
		11,
		12,
		13,
		14,
		15,
		16,
		17,
		18,
		19,
		20,
		21,
		22,
		23
	]
}