{
	"credit": "Made with Blockbench",
	"texture_size": [64, 64],
	"textures": {
		"0": "deco/smooth_stone",
		"particle": "deco/smooth_stone"
	},
	"elements": [
		{
			"from": [0, 7, 1],
			"to": [16, 9, 10],
			"faces": {
				"north": {"uv": [4.5, 4.5, 9, 5], "texture": "#0"},
				"east": {"uv": [14.90991, 2.57883, 5.70495, 4.84459], "texture": "#0"},
				"south": {"uv": [16, 1.2455, 1.04505, 2.97072], "texture": "#0"},
				"west": {"uv": [5.71396, 2.54279, 14.91892, 4.9527], "texture": "#0"},
				"up": {"uv": [13.94991, 15.2191, 1.04901, 0.22811], "texture": "#0"},
				"down": {"uv": [13.86991, 0.32, 0.8564, 15.36279], "texture": "#0"}
			}
		},
		{
			"from": [-0.1, 8.1, -3],
			"to": [16, 10, -1.6],
			"rotation": {"angle": 22.5, "axis": "x", "origin": [0, 1, -3]},
			"faces": {
				"north": {"uv": [1.18468, 1.1205, 15.06306, 3.04279], "texture": "#0"},
				"east": {"uv": [7.375, 1.625, 7, 2.125], "texture": "#0"},
				"south": {"uv": [0, 5.5, 4.5, 6], "texture": "#0"},
				"west": {"uv": [7, 1.625, 7.375, 2.125], "texture": "#0"},
				"up": {"uv": [15.13514, 3.02365, 1.01351, 1.02703], "texture": "#0"},
				"down": {"uv": [15.06306, 1.08221, 1.13176, 3.04279], "texture": "#0"}
			}
		},
		{
			"from": [0, 8, 8],
			"to": [16, 18, 10],
			"rotation": {"angle": 22.5, "axis": "x", "origin": [0, 8, 17]},
			"faces": {
				"north": {"uv": [1.94595, 0.16, 13.90991, 14.17802], "texture": "#0"},
				"east": {"uv": [12.10811, 2.59459, 15.02252, 15.0045], "texture": "#0"},
				"south": {"uv": [13.86991, 0.12, 1.98252, 14.2236], "texture": "#0"},
				"west": {"uv": [12.10811, 2.59459, 14.99099, 15.02703], "texture": "#0"},
				"up": {"uv": [14.98649, 9.14865, 1.11712, 6.27027], "texture": "#0"},
				"down": {"uv": [5.1, 1.68, 0.6, 2.18], "texture": "#0"}
			}
		}
	],
	"display": {
		"thirdperson_righthand": {
			"rotation": [21, 11, 0],
			"scale": [0.4, 0.4, 0.4]
		},
		"thirdperson_lefthand": {
			"rotation": [21, 11, 0],
			"scale": [0.4, 0.4, 0.4]
		},
		"firstperson_righthand": {
			"rotation": [21, 11, 0],
			"scale": [0.4, 0.4, 0.4]
		},
		"firstperson_lefthand": {
			"rotation": [21, 11, 0],
			"scale": [0.4, 0.4, 0.4]
		},
		"ground": {
			"rotation": [21, 11, 0],
			"scale": [0.4, 0.4, 0.4]
		},
		"gui": {
			"rotation": [21, 11, 0],
			"scale": [0.4, 0.4, 0.4]
		},
		"head": {
			"rotation": [21, 11, 0],
			"scale": [0.4, 0.4, 0.4]
		},
		"fixed": {
			"rotation": [-90, 0, 0],
			"translation": [0, 0, -15],
			"scale": [2, 2, 2]
		}
	},
	"groups": [
		{
			"name": "bench",
			"origin": [4, -6, 6.4],
			"color": 0,
			"children": [0, 1, 2]
		}
	]
}