{
	"credit": "Made with Blockbench",
	"texture_size": [32, 32],
	"textures": {
		"0": "deco/acacia_planks",
		"1": "deco/bar_2",
		"2": "deco/decoration_a",
		"particle": "deco/acacia_planks"
	},
	"elements": [
		{
			"from": [0, 8, 2],
			"to": [16, 9, 5],
			"rotation": {"angle": 0, "axis": "y", "origin": [16, 8, 2]},
			"faces": {
				"north": {"uv": [16, 0, 0, 3], "texture": "#0"},
				"east": {"uv": [3, 0, 0, 3], "texture": "#0"},
				"south": {"uv": [16, 0, 0, 3], "texture": "#0"},
				"west": {"uv": [3, 0, 0, 3], "texture": "#0"},
				"up": {"uv": [16, 0, 0, 5], "texture": "#0"},
				"down": {"uv": [16, 0, 0, 5], "texture": "#0"}
			}
		},
		{
			"from": [0, 8, 5.5],
			"to": [16, 9, 8.5],
			"rotation": {"angle": 0, "axis": "y", "origin": [16, 8, 5.5]},
			"faces": {
				"north": {"uv": [16, 0, 0, 3], "texture": "#0"},
				"east": {"uv": [3, 0, 0, 3], "texture": "#0"},
				"south": {"uv": [16, 0, 0, 3], "texture": "#0"},
				"west": {"uv": [3, 0, 0, 3], "texture": "#0"},
				"up": {"uv": [16, 0, 0, 5], "texture": "#0"},
				"down": {"uv": [16, 0, 0, 5], "texture": "#0"}
			}
		},
		{
			"from": [0, 8, 9],
			"to": [16, 9, 12],
			"rotation": {"angle": 0, "axis": "y", "origin": [16, 8, 9]},
			"faces": {
				"north": {"uv": [16, 0, 0, 3], "texture": "#0"},
				"east": {"uv": [3, 0, 0, 3], "texture": "#0"},
				"south": {"uv": [16, 0, 0, 3], "texture": "#0"},
				"west": {"uv": [3, 0, 0, 3], "texture": "#0"},
				"up": {"uv": [16, 0, 0, 5], "texture": "#0"},
				"down": {"uv": [16, 0, 0, 5], "texture": "#0"}
			}
		},
		{
			"from": [16, 8, 2],
			"to": [17, 9, 12],
			"rotation": {"angle": 0, "axis": "y", "origin": [17, 8, 9]},
			"faces": {
				"north": {"uv": [4, 7, 3.5, 7.5], "texture": "#1"},
				"east": {"uv": [8, 1.5, 3, 2], "texture": "#1"},
				"south": {"uv": [7.5, 3.5, 7, 4], "texture": "#1"},
				"west": {"uv": [8, 1, 3, 1.5], "texture": "#1"},
				"up": {"uv": [3, 7, 3.5, 2], "texture": "#1"},
				"down": {"uv": [3.5, 2, 4, 7], "texture": "#1"}
			}
		},
		{
			"from": [16, 10.37222, 0.92596],
			"to": [17, 11.37222, 1.92596],
			"rotation": {"angle": -22.5, "axis": "x", "origin": [17, 10.37222, 7.92596]},
			"faces": {
				"north": {"uv": [7.5, 4, 7, 4.5], "texture": "#1"},
				"east": {"uv": [7.5, 5.5, 7, 6], "texture": "#1"},
				"south": {"uv": [7.5, 5, 7, 5.5], "texture": "#1"},
				"west": {"uv": [7.5, 4.5, 7, 5], "texture": "#1"},
				"up": {"uv": [6, 7.5, 6.5, 7], "texture": "#1"},
				"down": {"uv": [7, 6, 7.5, 6.5], "texture": "#1"}
			}
		},
		{
			"from": [16, 12.15285, -0.97413],
			"to": [17, 13.15285, 0.02587],
			"rotation": {"angle": -45, "axis": "x", "origin": [17, 12.15285, 6.02587]},
			"faces": {
				"north": {"uv": [7, 7, 6.5, 7.5], "texture": "#1"},
				"east": {"uv": [0.5, 7.5, 0, 8], "texture": "#1"},
				"south": {"uv": [7.5, 7, 7, 7.5], "texture": "#1"},
				"west": {"uv": [7.5, 6.5, 7, 7], "texture": "#1"},
				"up": {"uv": [7.5, 0.5, 8, 0], "texture": "#1"},
				"down": {"uv": [0.5, 7.5, 1, 8], "texture": "#1"}
			}
		},
		{
			"from": [16, 6.0708, 2.58899],
			"to": [17, 7.0708, 3.58899],
			"rotation": {"angle": 22.5, "axis": "x", "origin": [17, 13.0708, 3.58899]},
			"faces": {
				"north": {"uv": [8, 0.5, 7.5, 1], "texture": "#1"},
				"east": {"uv": [2.5, 7.5, 2, 8], "texture": "#1"},
				"south": {"uv": [2, 7.5, 1.5, 8], "texture": "#1"},
				"west": {"uv": [1.5, 7.5, 1, 8], "texture": "#1"},
				"up": {"uv": [7.5, 2.5, 8, 2], "texture": "#1"},
				"down": {"uv": [2.5, 7.5, 3, 8], "texture": "#1"}
			}
		},
		{
			"from": [16, 5.62778, 12.07404],
			"to": [17, 6.62778, 13.07404],
			"rotation": {"angle": -22.5, "axis": "x", "origin": [17, 6.62778, 6.07404]},
			"faces": {
				"north": {"uv": [7, 2.5, 6.5, 3], "texture": "#1"},
				"east": {"uv": [7, 4, 6.5, 4.5], "texture": "#1"},
				"south": {"uv": [7, 3.5, 6.5, 4], "texture": "#1"},
				"west": {"uv": [7, 3, 6.5, 3.5], "texture": "#1"},
				"up": {"uv": [6.5, 5, 7, 4.5], "texture": "#1"},
				"down": {"uv": [6.5, 5, 7, 5.5], "texture": "#1"}
			}
		},
		{
			"from": [16, 3.84715, 13.97413],
			"to": [17, 4.84715, 14.97413],
			"rotation": {"angle": -45, "axis": "x", "origin": [17, 4.84715, 7.97413]},
			"faces": {
				"north": {"uv": [6.5, 4, 6, 4.5], "texture": "#1"},
				"east": {"uv": [6.5, 5.5, 6, 6], "texture": "#1"},
				"south": {"uv": [6.5, 5, 6, 5.5], "texture": "#1"},
				"west": {"uv": [6.5, 4.5, 6, 5], "texture": "#1"},
				"up": {"uv": [6, 6.5, 6.5, 6], "texture": "#1"},
				"down": {"uv": [6.5, 0, 7, 0.5], "texture": "#1"}
			}
		},
		{
			"from": [16, 9.9292, 10.41101],
			"to": [17, 20.9292, 11.41101],
			"rotation": {"angle": 22.5, "axis": "x", "origin": [17, 3.9292, 10.41101]},
			"faces": {
				"north": {"uv": [1.5, 1, 1, 6.5], "texture": "#1"},
				"east": {"uv": [3, 1, 2.5, 6.5], "texture": "#1"},
				"south": {"uv": [2.5, 1, 2, 6.5], "texture": "#1"},
				"west": {"uv": [2, 1, 1.5, 6.5], "texture": "#1"},
				"up": {"uv": [6, 2.5, 6.5, 2], "texture": "#1"},
				"down": {"uv": [6, 2.5, 6.5, 3], "texture": "#1"}
			}
		},
		{
			"from": [0, 10.9292, 10.41101],
			"to": [16, 12.9292, 11.41101],
			"rotation": {"angle": 22.5, "axis": "x", "origin": [16, 3.9292, 10.41101]},
			"faces": {
				"north": {"uv": [16, 1, 0, 5], "texture": "#0"},
				"east": {"uv": [1, 4, 3, 1], "rotation": 270, "texture": "#0"},
				"south": {"uv": [16, 1, 0, 5], "rotation": 180, "texture": "#0"},
				"west": {"uv": [1, 4, 3, 1], "rotation": 90, "texture": "#0"},
				"up": {"uv": [16, 0, 0, 3], "rotation": 180, "texture": "#0"},
				"down": {"uv": [16, 0, 0, 3], "texture": "#0"}
			}
		},
		{
			"from": [0, 18.9292, 10.41101],
			"to": [16, 20.9292, 11.41101],
			"rotation": {"angle": 22.5, "axis": "x", "origin": [16, 3.9292, 10.41101]},
			"faces": {
				"north": {"uv": [16, 1, 0, 5], "texture": "#0"},
				"east": {"uv": [1, 4, 3, 1], "rotation": 270, "texture": "#0"},
				"south": {"uv": [16, 1, 0, 5], "rotation": 180, "texture": "#0"},
				"west": {"uv": [1, 4, 3, 1], "rotation": 90, "texture": "#0"},
				"up": {"uv": [16, 0, 0, 3], "rotation": 180, "texture": "#0"},
				"down": {"uv": [16, 0, 0, 3], "texture": "#0"}
			}
		},
		{
			"from": [0, 12.9292, 10.91101],
			"to": [16, 18.9292, 10.91101],
			"rotation": {"angle": 22.5, "axis": "x", "origin": [16, 3.9292, 10.41101]},
			"faces": {
				"north": {"uv": [8, 0, 0, 3], "texture": "#2"},
				"east": {"uv": [0, 0, 0, 3], "texture": "#2"},
				"south": {"uv": [0, 0, 8, 3], "texture": "#2"},
				"west": {"uv": [0, 0, 0, 3], "texture": "#2"},
				"up": {"uv": [0, 0, 8, 0], "texture": "#2"},
				"down": {"uv": [0, 0, 8, 0], "texture": "#2"}
			}
		},
		{
			"from": [16, 13.9292, 4.01101],
			"to": [17, 14.9292, 15.01101],
			"rotation": {"angle": 0, "axis": "y", "origin": [17, 7.9292, 14.01101]},
			"faces": {
				"north": {"uv": [6.5, 3, 6, 3.5], "texture": "#1"},
				"east": {"uv": [6.5, 0.5, 0, 1], "texture": "#1"},
				"south": {"uv": [6.5, 3.5, 6, 4], "texture": "#1"},
				"west": {"uv": [6.5, 0, 0, 0.5], "texture": "#1"},
				"up": {"uv": [0, 7.5, 0.5, 1], "texture": "#1"},
				"down": {"uv": [0.5, 1, 1, 7.5], "texture": "#1"}
			}
		},
		{
			"from": [16.5, 8.9292, 2.01101],
			"to": [16.5, 13.9292, 15.01101],
			"rotation": {"angle": 0, "axis": "y", "origin": [17, 7.9292, 14.01101]},
			"faces": {
				"north": {"uv": [0, 0, 0, 2.5], "texture": "#2"},
				"east": {"uv": [13, 6, 6.5, 8.5], "texture": "#2"},
				"south": {"uv": [0, 0, 0, 2.5], "texture": "#2"},
				"west": {"uv": [6.5, 6, 13, 8.5], "texture": "#2"},
				"up": {"uv": [0, 6.5, 0, 0], "texture": "#2"},
				"down": {"uv": [0, 0, 0, 6.5], "texture": "#2"}
			}
		},
		{
			"from": [16, -0.01367, -0.01367],
			"to": [17, 6.98633, 0.98633],
			"rotation": {"angle": 0, "axis": "y", "origin": [17, 12.98633, 0.98633]},
			"faces": {
				"north": {"uv": [4.5, 5.5, 4, 9], "texture": "#1"},
				"east": {"uv": [6, 5.5, 5.5, 9], "texture": "#1"},
				"south": {"uv": [5.5, 5.5, 5, 9], "texture": "#1"},
				"west": {"uv": [5, 5.5, 4.5, 9], "texture": "#1"},
				"up": {"uv": [7.5, 3, 8, 2.5], "texture": "#1"},
				"down": {"uv": [3, 7.5, 3.5, 8], "texture": "#1"}
			}
		},
		{
			"from": [16, 10.37222, 12.07404],
			"to": [17, 11.37222, 13.07404],
			"rotation": {"angle": 22.5, "axis": "x", "origin": [17, 10.37222, 6.07404]},
			"faces": {
				"north": {"uv": [7, 0.5, 6.5, 1], "texture": "#1"},
				"east": {"uv": [2.5, 6.5, 2, 7], "texture": "#1"},
				"south": {"uv": [2, 6.5, 1.5, 7], "texture": "#1"},
				"west": {"uv": [1.5, 6.5, 1, 7], "texture": "#1"},
				"up": {"uv": [6.5, 2.5, 7, 2], "texture": "#1"},
				"down": {"uv": [2.5, 6.5, 3, 7], "texture": "#1"}
			}
		},
		{
			"from": [16, 12.15285, 13.97413],
			"to": [17, 13.15285, 14.97413],
			"rotation": {"angle": 45, "axis": "x", "origin": [17, 12.15285, 7.97413]},
			"faces": {
				"north": {"uv": [7, 5.5, 6.5, 6], "texture": "#1"},
				"east": {"uv": [7, 6.5, 6.5, 7], "texture": "#1"},
				"south": {"uv": [7, 6, 6.5, 6.5], "texture": "#1"},
				"west": {"uv": [6.5, 6.5, 6, 7], "texture": "#1"},
				"up": {"uv": [7, 0.5, 7.5, 0], "texture": "#1"},
				"down": {"uv": [7, 0.5, 7.5, 1], "texture": "#1"}
			}
		},
		{
			"from": [16, 6.0708, 10.41101],
			"to": [17, 7.0708, 11.41101],
			"rotation": {"angle": -22.5, "axis": "x", "origin": [17, 13.0708, 10.41101]},
			"faces": {
				"north": {"uv": [1.5, 7, 1, 7.5], "texture": "#1"},
				"east": {"uv": [7.5, 2, 7, 2.5], "texture": "#1"},
				"south": {"uv": [2.5, 7, 2, 7.5], "texture": "#1"},
				"west": {"uv": [2, 7, 1.5, 7.5], "texture": "#1"},
				"up": {"uv": [2.5, 7.5, 3, 7], "texture": "#1"},
				"down": {"uv": [7, 2.5, 7.5, 3], "texture": "#1"}
			}
		},
		{
			"from": [16, -0.01367, 13.01367],
			"to": [17, 6.98633, 14.01367],
			"rotation": {"angle": 0, "axis": "y", "origin": [17, 12.98633, 13.01367]},
			"faces": {
				"north": {"uv": [4.5, 2, 4, 5.5], "texture": "#1"},
				"east": {"uv": [6, 2, 5.5, 5.5], "texture": "#1"},
				"south": {"uv": [5.5, 2, 5, 5.5], "texture": "#1"},
				"west": {"uv": [5, 2, 4.5, 5.5], "texture": "#1"},
				"up": {"uv": [3, 7.5, 3.5, 7], "texture": "#1"},
				"down": {"uv": [7, 3, 7.5, 3.5], "texture": "#1"}
			}
		}
	],
	"display": {
		"thirdperson_righthand": {
			"rotation": [21, 11, 0],
			"scale": [0.4, 0.4, 0.4]
		},
		"thirdperson_lefthand": {
			"rotation": [21, 11, 0],
			"scale": [0.4, 0.4, 0.4]
		},
		"firstperson_righthand": {
			"rotation": [21, 11, 0],
			"scale": [0.4, 0.4, 0.4]
		},
		"firstperson_lefthand": {
			"rotation": [21, 11, 0],
			"scale": [0.4, 0.4, 0.4]
		},
		"ground": {
			"rotation": [21, 11, 0],
			"scale": [0.4, 0.4, 0.4]
		},
		"gui": {
			"rotation": [21, 11, 0],
			"scale": [0.4, 0.4, 0.4]
		},
		"head": {
			"rotation": [21, 11, 0],
			"scale": [0.4, 0.4, 0.4]
		},
		"fixed": {
			"rotation": [-90, 0, 0],
			"translation": [0, 0, -15],
			"scale": [2, 2, 2]
		}
	},
	"groups": [
		{
			"name": "bench",
			"origin": [-1, 12.98633, 13.01367],
			"color": 0,
			"children": [0, 1, 2, 3, 4, 5, 6, 7, 8, 9, 10, 11, 12, 13, 14, 15, 16, 17, 18, 19]
		}
	]
}