{
	"credit": "Made with Blockbench",
	"textures": {
		"0": "deco/smooth_stone",
		"particle": "deco/smooth_stone"
	},
	"elements": [
		{
			"from": [0, 6, 2],
			"to": [16, 9, 14],
			"rotation": {"angle": 0, "axis": "y", "origin": [16, 0, 0]},
			"faces": {
				"north": {"uv": [14.888, 0.12, 1.04512, 3], "texture": "#0"},
				"east": {"uv": [0.12, 0.03207, 12.12, 3.03207], "texture": "#0"},
				"south": {"uv": [14.92, 0.04, 1.04, 3.04], "texture": "#0"},
				"west": {"uv": [12.04, 0.2, 1.04, 3.2], "texture": "#0"},
				"up": {"uv": [1.04905, 12.19604, 14.876, 0.16], "texture": "#0"},
				"down": {"uv": [1.04108, 0.16, 14.92, 12.16], "texture": "#0"}
			}
		}
	],
	"display": {
		"thirdperson_righthand": {
			"rotation": [21, 11, 0],
			"scale": [0.4, 0.4, 0.4]
		},
		"thirdperson_lefthand": {
			"rotation": [21, 11, 0],
			"scale": [0.4, 0.4, 0.4]
		},
		"firstperson_righthand": {
			"rotation": [21, 11, 0],
			"scale": [0.4, 0.4, 0.4]
		},
		"firstperson_lefthand": {
			"rotation": [21, 11, 0],
			"scale": [0.4, 0.4, 0.4]
		},
		"ground": {
			"rotation": [21, 11, 0],
			"scale": [0.4, 0.4, 0.4]
		},
		"gui": {
			"rotation": [21, 11, 0],
			"scale": [0.4, 0.4, 0.4]
		},
		"head": {
			"rotation": [21, 11, 0],
			"scale": [0.4, 0.4, 0.4]
		},
		"fixed": {
			"rotation": [-90, 0, 0],
			"translation": [0, 0, -15],
			"scale": [2, 2, 2]
		}
	},
	"groups": [
		{
			"name": "bench",
			"origin": [0, 0, 0],
			"color": 0,
			"children": [0]
		}
	]
}