{
	"credit": "Made with Blockbench",
	"textures": {
		"0": "deco/polished_andesite",
		"particle": "deco/polished_andesite"
	},
	"elements": [
		{
			"from": [13, 0, 2],
			"to": [16, 6, 14],
			"rotation": {"angle": 0, "axis": "y", "origin": [16, 0, 0]},
			"faces": {
				"north": {"uv": [1.15315, 1.15315, 4.15315, 7.15315], "texture": "#0"},
				"east": {"uv": [0, 1.04505, 12, 7.04505], "texture": "#0"},
				"south": {"uv": [3, 1.18919, 0, 7.18919], "texture": "#0"},
				"west": {"uv": [12, 1.08108, 0, 7.08108], "texture": "#0"},
				"up": {"uv": [3, 0, 0, 12], "texture": "#0"},
				"down": {"uv": [3, 0, 0, 12], "texture": "#0"}
			}
		},
		{
			"from": [0, 6, 2],
			"to": [16, 9, 14],
			"rotation": {"angle": 0, "axis": "y", "origin": [16, 0, 0]},
			"faces": {
				"north": {"uv": [16, 0, 1.11712, 3], "texture": "#0"},
				"east": {"uv": [0, 0.07207, 12, 3.07207], "texture": "#0"},
				"south": {"uv": [16, 0, 0, 3], "texture": "#0"},
				"west": {"uv": [12, 0, 0, 3], "texture": "#0"},
				"up": {"uv": [1.04505, 12.03604, 16, 0], "texture": "#0"},
				"down": {"uv": [1.08108, 0, 16, 12], "texture": "#0"}
			}
		}
	],
	"display": {
		"thirdperson_righthand": {
			"rotation": [21, 11, 0],
			"scale": [0.4, 0.4, 0.4]
		},
		"thirdperson_lefthand": {
			"rotation": [21, 11, 0],
			"scale": [0.4, 0.4, 0.4]
		},
		"firstperson_righthand": {
			"rotation": [21, 11, 0],
			"scale": [0.4, 0.4, 0.4]
		},
		"firstperson_lefthand": {
			"rotation": [21, 11, 0],
			"scale": [0.4, 0.4, 0.4]
		},
		"ground": {
			"rotation": [21, 11, 0],
			"scale": [0.4, 0.4, 0.4]
		},
		"gui": {
			"rotation": [21, 11, 0],
			"scale": [0.4, 0.4, 0.4]
		},
		"head": {
			"rotation": [21, 11, 0],
			"scale": [0.4, 0.4, 0.4]
		},
		"fixed": {
			"rotation": [-90, 0, 0],
			"translation": [0, 0, -15],
			"scale": [2, 2, 2]
		}
	},
	"groups": [
		{
			"name": "bench",
			"origin": [0, 0, 0],
			"color": 0,
			"children": [0, 1]
		}
	]
}