{
	"credit": "Made with Blockbench",
	"texture_size": [64, 64],
	"textures": {
		"0": "deco/smooth_stone",
		"particle": "deco/smooth_stone"
	},
	"elements": [
		{
			"from": [11, 11, 12.8],
			"to": [13, 14, 14],
			"rotation": {"angle": 22.5, "axis": "x", "origin": [11, 21, 5]},
			"faces": {
				"north": {"uv": [7.125, 1.5, 6.625, 2.25], "texture": "#0"},
				"east": {"uv": [7, 1.375, 6.75, 2.125], "texture": "#0"},
				"south": {"uv": [7.125, 1.5, 6.625, 2.25], "texture": "#0"},
				"west": {"uv": [7, 1.375, 6.75, 2.125], "texture": "#0"},
				"up": {"uv": [2.5, 9, 3, 8.75], "texture": "#0"},
				"down": {"uv": [3, 8.75, 3.5, 9], "texture": "#0"}
			}
		},
		{
			"from": [0, 7, 1],
			"to": [18, 9, 10],
			"rotation": {"angle": 0, "axis": "y", "origin": [16, 0, 0]},
			"faces": {
				"north": {"uv": [9, 4.5, 4.5, 5], "texture": "#0"},
				"east": {"uv": [14.91892, 2.54279, 5.71396, 4.9527], "texture": "#0"},
				"south": {"uv": [1.04505, 1.2455, 16, 2.97072], "texture": "#0"},
				"west": {"uv": [5.70495, 2.57883, 14.90991, 4.84459], "texture": "#0"},
				"up": {"uv": [1.00901, 15.2191, 16, 0.15604], "texture": "#0"},
				"down": {"uv": [1.0045, 0.19207, 16, 15.23486], "texture": "#0"}
			}
		},
		{
			"from": [0, 8.1, -3],
			"to": [18.1, 10, -1.6],
			"rotation": {"angle": 22.5, "axis": "x", "origin": [16, 1, -3]},
			"faces": {
				"north": {"uv": [16, 1.1205, 1.18468, 3.04279], "texture": "#0"},
				"east": {"uv": [7.375, 1.625, 7, 2.125], "texture": "#0"},
				"south": {"uv": [4.54, 5.46, 0.04, 5.96], "texture": "#0"},
				"west": {"uv": [7, 1.625, 7.375, 2.125], "texture": "#0"},
				"up": {"uv": [1.01351, 3.02365, 16, 1.02703], "texture": "#0"},
				"down": {"uv": [1.13176, 1.12221, 16, 3.08279], "texture": "#0"}
			}
		},
		{
			"from": [0, 8, 8],
			"to": [18, 18, 10],
			"rotation": {"angle": 22.5, "axis": "x", "origin": [16, 8, 17]},
			"faces": {
				"north": {"uv": [16, 0.04, 2.01802, 14.05802], "texture": "#0"},
				"east": {"uv": [14.99099, 2.59459, 12.10811, 15.02703], "texture": "#0"},
				"south": {"uv": [2.02252, 0.04, 16, 14.1436], "texture": "#0"},
				"west": {"uv": [15.02252, 2.59459, 12.10811, 15.0045], "texture": "#0"},
				"up": {"uv": [1.11712, 9.14865, 14.98649, 6.27027], "texture": "#0"},
				"down": {"uv": [0, 2, 4.5, 2.5], "texture": "#0"}
			}
		},
		{
			"from": [11, -2.7, -1],
			"to": [14, 5, 1],
			"rotation": {"angle": 22.5, "axis": "x", "origin": [12, -2, 8]},
			"faces": {
				"north": {"uv": [6.0991, 1.11486, 2.89865, 9.98086], "texture": "#0"},
				"east": {"uv": [6.13739, 1.11486, 4.08784, 9.94482], "texture": "#0"},
				"south": {"uv": [6.0991, 1.11486, 2.93468, 9.98086], "texture": "#0"},
				"west": {"uv": [6.10135, 1.11486, 4.08784, 9.98086], "texture": "#0"},
				"up": {"uv": [4.25, 9, 5, 8.5], "texture": "#0"},
				"down": {"uv": [5, 8.5, 5.75, 9], "texture": "#0"}
			}
		},
		{
			"from": [11, -1.7, 10],
			"to": [14, 5, 12],
			"rotation": {"angle": -22.5, "axis": "x", "origin": [12, -2, 3]},
			"faces": {
				"north": {"uv": [12.13851, 1.22297, 9.11824, 7.89302], "texture": "#0"},
				"east": {"uv": [12.14077, 1.11486, 10.41554, 7.92905], "texture": "#0"},
				"south": {"uv": [12.10248, 1.1509, 9.08221, 7.96509], "texture": "#0"},
				"west": {"uv": [12.03266, 1.1509, 10.48761, 7.96509], "texture": "#0"},
				"up": {"uv": [5.875, 1.875, 6.625, 1.375], "texture": "#0"},
				"down": {"uv": [5.80293, 1.375, 6.55293, 1.875], "texture": "#0"}
			}
		},
		{
			"from": [10.8, 1, 3.4],
			"to": [14.2, 4, 5.2],
			"rotation": {"angle": 45, "axis": "x", "origin": [12, -6, 6.4]},
			"faces": {
				"north": {"uv": [3.375, 7.5, 2.5, 8.25], "texture": "#0"},
				"east": {"uv": [0.5, 8.75, 0, 9.5], "texture": "#0"},
				"south": {"uv": [8.375, 7, 7.5, 7.75], "texture": "#0"},
				"west": {"uv": [9, 8, 8.5, 8.75], "texture": "#0"},
				"up": {"uv": [7.5, 8.25, 8.375, 7.75], "texture": "#0"},
				"down": {"uv": [2.5, 8.25, 3.375, 8.75], "texture": "#0"}
			}
		}
	],
	"display": {
		"thirdperson_righthand": {
			"rotation": [21, 11, 0],
			"scale": [0.4, 0.4, 0.4]
		},
		"thirdperson_lefthand": {
			"rotation": [21, 11, 0],
			"scale": [0.4, 0.4, 0.4]
		},
		"firstperson_righthand": {
			"rotation": [21, 11, 0],
			"scale": [0.4, 0.4, 0.4]
		},
		"firstperson_lefthand": {
			"rotation": [21, 11, 0],
			"scale": [0.4, 0.4, 0.4]
		},
		"ground": {
			"rotation": [21, 11, 0],
			"scale": [0.4, 0.4, 0.4]
		},
		"gui": {
			"rotation": [21, 11, 0],
			"scale": [0.4, 0.4, 0.4]
		},
		"head": {
			"rotation": [21, 11, 0],
			"scale": [0.4, 0.4, 0.4]
		},
		"fixed": {
			"rotation": [-90, 0, 0],
			"translation": [0, 0, -15],
			"scale": [2, 2, 2]
		}
	},
	"groups": [
		{
			"name": "bench",
			"origin": [4, -6, 6.4],
			"color": 0,
			"children": [0, 1, 2, 3, 4, 5, 6]
		}
	]
}