{
	"credit": "Made with Blockbench",
	"textures": {
		"0": "deco/smooth_stone",
		"particle": "deco/smooth_stone"
	},
	"elements": [
		{
			"from": [13, 0, 2],
			"to": [16, 6, 14],
			"rotation": {"angle": 0, "axis": "y", "origin": [16, 0, 0]},
			"faces": {
				"north": {"uv": [0.04, 1.07315, 3.04, 7.07315], "texture": "#0"},
				"east": {"uv": [0.28, 1.00505, 12.28, 7.00505], "texture": "#0"},
				"south": {"uv": [3.12, 1.18919, 0.12, 7.18919], "texture": "#0"},
				"west": {"uv": [12.16, 1.12108, 0.16, 7.12108], "texture": "#0"},
				"up": {"uv": [3, 0, 0, 12], "texture": "#0"},
				"down": {"uv": [3.32, 0.52, 0.32, 12.52], "texture": "#0"}
			}
		},
		{
			"from": [0, 6, 2],
			"to": [16, 9, 14],
			"rotation": {"angle": 0, "axis": "y", "origin": [16, 0, 0]},
			"faces": {
				"north": {"uv": [15.96, 0.12, 1.07712, 3], "texture": "#0"},
				"east": {"uv": [0.12, 0.07207, 12.12, 3.07207], "texture": "#0"},
				"south": {"uv": [14.96, 0.04, 0.04, 3.04], "texture": "#0"},
				"west": {"uv": [12.04, 0.2, 0.04, 3.2], "texture": "#0"},
				"up": {"uv": [1.06105, 12.19604, 15.96, 0.16], "texture": "#0"},
				"down": {"uv": [1.04108, 0.16, 15.96, 12.16], "texture": "#0"}
			}
		}
	],
	"display": {
		"thirdperson_righthand": {
			"rotation": [21, 11, 0],
			"scale": [0.4, 0.4, 0.4]
		},
		"thirdperson_lefthand": {
			"rotation": [21, 11, 0],
			"scale": [0.4, 0.4, 0.4]
		},
		"firstperson_righthand": {
			"rotation": [21, 11, 0],
			"scale": [0.4, 0.4, 0.4]
		},
		"firstperson_lefthand": {
			"rotation": [21, 11, 0],
			"scale": [0.4, 0.4, 0.4]
		},
		"ground": {
			"rotation": [21, 11, 0],
			"scale": [0.4, 0.4, 0.4]
		},
		"gui": {
			"rotation": [21, 11, 0],
			"scale": [0.4, 0.4, 0.4]
		},
		"head": {
			"rotation": [21, 11, 0],
			"scale": [0.4, 0.4, 0.4]
		},
		"fixed": {
			"rotation": [-90, 0, 0],
			"translation": [0, 0, -15],
			"scale": [2, 2, 2]
		}
	},
	"groups": [
		{
			"name": "bench",
			"origin": [0, 0, 0],
			"color": 0,
			"children": [0, 1]
		}
	]
}