{
	"credit": "Made with Blockbench",
	"textures": {
		"0": "deco/smooth_stone",
		"particle": "deco/smooth_stone"
	},
	"elements": [
		{
			"from": [0, 0, 2],
			"to": [3, 6, 14],
			"faces": {
				"north": {"uv": [3.04, 1.07315, 0.04, 7.07315], "texture": "#0"},
				"east": {"uv": [0.04, 1.08108, 12.04, 7.08108], "texture": "#0"},
				"south": {"uv": [0.12, 1.18919, 3.12, 7.18919], "texture": "#0"},
				"west": {"uv": [12.12, 1.00505, 0.12, 7.00505], "texture": "#0"},
				"up": {"uv": [0, 0, 3, 12], "texture": "#0"},
				"down": {"uv": [0.32, 0.52, 3.32, 12.52], "texture": "#0"}
			}
		},
		{
			"from": [0, 6, 2],
			"to": [16, 9, 14],
			"faces": {
				"north": {"uv": [1.07712, 0.12, 15.96, 3], "texture": "#0"},
				"east": {"uv": [0.04, 0.2, 12.04, 3.2], "texture": "#0"},
				"south": {"uv": [0.04, 0.04, 14.96, 3.04], "texture": "#0"},
				"west": {"uv": [12.12, 0.03207, 0.12, 3.03207], "texture": "#0"},
				"up": {"uv": [15.96, 12.19604, 1.06105, 0.16], "texture": "#0"},
				"down": {"uv": [15.96, 0.16, 1.04108, 12.16], "texture": "#0"}
			}
		}
	],
	"display": {
		"thirdperson_righthand": {
			"rotation": [21, 11, 0],
			"scale": [0.4, 0.4, 0.4]
		},
		"thirdperson_lefthand": {
			"rotation": [21, 11, 0],
			"scale": [0.4, 0.4, 0.4]
		},
		"firstperson_righthand": {
			"rotation": [21, 11, 0],
			"scale": [0.4, 0.4, 0.4]
		},
		"firstperson_lefthand": {
			"rotation": [21, 11, 0],
			"scale": [0.4, 0.4, 0.4]
		},
		"ground": {
			"rotation": [21, 11, 0],
			"scale": [0.4, 0.4, 0.4]
		},
		"gui": {
			"rotation": [21, 11, 0],
			"scale": [0.4, 0.4, 0.4]
		},
		"head": {
			"rotation": [21, 11, 0],
			"scale": [0.4, 0.4, 0.4]
		},
		"fixed": {
			"rotation": [-90, 0, 0],
			"translation": [0, 0, -15],
			"scale": [2, 2, 2]
		}
	},
	"groups": [
		{
			"name": "bench",
			"origin": [0, 0, 0],
			"color": 0,
			"children": [0, 1]
		}
	]
}