{
	"credit": "Made with Blockbench",
	"texture_size": [64, 64],
	"textures": {
		"0": "deco/polished_granite",
		"particle": "deco/polished_granite"
	},
	"elements": [
		{
			"from": [3, 11, 12.8],
			"to": [5, 14, 14],
			"rotation": {"angle": 22.5, "axis": "x", "origin": [5, 21, 5]},
			"faces": {
				"north": {"uv": [6.625, 1.5, 7.125, 2.25], "texture": "#0"},
				"east": {"uv": [6.75, 1.375, 7, 2.125], "texture": "#0"},
				"south": {"uv": [6.625, 1.5, 7.125, 2.25], "texture": "#0"},
				"west": {"uv": [6.75, 1.375, 7, 2.125], "texture": "#0"},
				"up": {"uv": [3, 9, 2.5, 8.75], "texture": "#0"},
				"down": {"uv": [3.5, 8.75, 3, 9], "texture": "#0"}
			}
		},
		{
			"from": [-2, 7, 1],
			"to": [16, 9, 10],
			"faces": {
				"north": {"uv": [4.5, 4.5, 9, 5], "texture": "#0"},
				"east": {"uv": [14.90991, 2.57883, 5.70495, 4.84459], "texture": "#0"},
				"south": {"uv": [16, 1.2455, 1.04505, 2.97072], "texture": "#0"},
				"west": {"uv": [5.71396, 2.54279, 14.91892, 4.9527], "texture": "#0"},
				"up": {"uv": [16, 15.0991, 1.00901, 0], "texture": "#0"},
				"down": {"uv": [16, 0, 1.0045, 15.11486], "texture": "#0"}
			}
		},
		{
			"from": [-2.1, 8.1, -3],
			"to": [16, 10, -1.6],
			"rotation": {"angle": 22.5, "axis": "x", "origin": [0, 1, -3]},
			"faces": {
				"north": {"uv": [1.18468, 1.1205, 16, 3.04279], "texture": "#0"},
				"east": {"uv": [7.375, 1.625, 7, 2.125], "texture": "#0"},
				"south": {"uv": [0, 5.5, 4.5, 6], "texture": "#0"},
				"west": {"uv": [7, 1.625, 7.375, 2.125], "texture": "#0"},
				"up": {"uv": [16, 3.02365, 1.01351, 1.02703], "texture": "#0"},
				"down": {"uv": [16, 1.08221, 1.13176, 3.04279], "texture": "#0"}
			}
		},
		{
			"from": [-2, 8, 8],
			"to": [16, 18, 10],
			"rotation": {"angle": 22.5, "axis": "x", "origin": [0, 8, 17]},
			"faces": {
				"north": {"uv": [2.01802, 0, 16, 14.01802], "texture": "#0"},
				"east": {"uv": [12.10811, 2.59459, 15.02252, 15.0045], "texture": "#0"},
				"south": {"uv": [16, 0, 2.02252, 14.1036], "texture": "#0"},
				"west": {"uv": [12.10811, 2.59459, 14.99099, 15.02703], "texture": "#0"},
				"up": {"uv": [14.98649, 9.14865, 1.11712, 6.27027], "texture": "#0"},
				"down": {"uv": [4.5, 2, 0, 2.5], "texture": "#0"}
			}
		},
		{
			"from": [2, -2.7, -1],
			"to": [5, 5, 1],
			"rotation": {"angle": 22.5, "axis": "x", "origin": [4, -2, 8]},
			"faces": {
				"north": {"uv": [2.89865, 1.11486, 6.0991, 9.98086], "texture": "#0"},
				"east": {"uv": [4.08784, 1.11486, 6.10135, 9.98086], "texture": "#0"},
				"south": {"uv": [2.93468, 1.11486, 6.0991, 9.98086], "texture": "#0"},
				"west": {"uv": [4.08784, 1.11486, 6.13739, 9.94482], "texture": "#0"},
				"up": {"uv": [5, 9, 4.25, 8.5], "texture": "#0"},
				"down": {"uv": [5.75, 8.5, 5, 9], "texture": "#0"}
			}
		},
		{
			"from": [2, -1.7, 10],
			"to": [5, 5, 12],
			"rotation": {"angle": -22.5, "axis": "x", "origin": [4, -2, 3]},
			"faces": {
				"north": {"uv": [9.11824, 1.22297, 12.13851, 7.89302], "texture": "#0"},
				"east": {"uv": [10.48761, 1.1509, 12.03266, 7.96509], "texture": "#0"},
				"south": {"uv": [9.08221, 1.1509, 12.10248, 7.96509], "texture": "#0"},
				"west": {"uv": [10.41554, 1.11486, 12.14077, 7.92905], "texture": "#0"},
				"up": {"uv": [6.625, 1.875, 5.875, 1.375], "texture": "#0"},
				"down": {"uv": [6.55293, 1.375, 5.80293, 1.875], "texture": "#0"}
			}
		},
		{
			"from": [1.8, 1, 3.4],
			"to": [5.2, 4, 5.2],
			"rotation": {"angle": 45, "axis": "x", "origin": [4, -6, 6.4]},
			"faces": {
				"north": {"uv": [2.5, 7.5, 3.375, 8.25], "texture": "#0"},
				"east": {"uv": [8.5, 8, 9, 8.75], "texture": "#0"},
				"south": {"uv": [7.5, 7, 8.375, 7.75], "texture": "#0"},
				"west": {"uv": [0, 8.75, 0.5, 9.5], "texture": "#0"},
				"up": {"uv": [8.375, 8.25, 7.5, 7.75], "texture": "#0"},
				"down": {"uv": [3.375, 8.25, 2.5, 8.75], "texture": "#0"}
			}
		}
	],
	"display": {
		"thirdperson_righthand": {
			"rotation": [21, 11, 0],
			"scale": [0.4, 0.4, 0.4]
		},
		"thirdperson_lefthand": {
			"rotation": [21, 11, 0],
			"scale": [0.4, 0.4, 0.4]
		},
		"firstperson_righthand": {
			"rotation": [21, 11, 0],
			"scale": [0.4, 0.4, 0.4]
		},
		"firstperson_lefthand": {
			"rotation": [21, 11, 0],
			"scale": [0.4, 0.4, 0.4]
		},
		"ground": {
			"rotation": [21, 11, 0],
			"scale": [0.4, 0.4, 0.4]
		},
		"gui": {
			"rotation": [21, 11, 0],
			"scale": [0.4, 0.4, 0.4]
		},
		"head": {
			"rotation": [21, 11, 0],
			"scale": [0.4, 0.4, 0.4]
		},
		"fixed": {
			"rotation": [-90, 0, 0],
			"translation": [0, 0, -15],
			"scale": [2, 2, 2]
		}
	},
	"groups": [
		{
			"name": "bench",
			"origin": [4, -6, 6.4],
			"color": 0,
			"children": [0, 1, 2, 3, 4, 5, 6]
		}
	]
}