{
	"credit": "Made with Blockbench",
	"textures": {
		"0": "deco/dark_oak_planks",
		"particle": "deco/dark_oak_planks"
	},
	"elements": [
		{
			"from": [0, 7, 2],
			"to": [16, 7.5, 5],
			"rotation": {"angle": 0, "axis": "y", "origin": [16, 0, 0]},
			"faces": {
				"north": {"uv": [14, 0, 6, 2], "texture": "#0"},
				"east": {"uv": [1, 0, 6, 2], "texture": "#0"},
				"south": {"uv": [14, 0, 6, 2], "texture": "#0"},
				"west": {"uv": [1, 0, 6, 2], "texture": "#0"},
				"up": {"uv": [6, 0, 14, 4], "texture": "#0"},
				"down": {"uv": [6, 0, 14, 4], "texture": "#0"}
			}
		},
		{
			"from": [0, 7, 5.6],
			"to": [16, 7.5, 8.6],
			"rotation": {"angle": 0, "axis": "y", "origin": [16, 0, -0.4]},
			"faces": {
				"north": {"uv": [14, 0, 6, 2], "texture": "#0"},
				"east": {"uv": [1, 0, 6, 2], "texture": "#0"},
				"south": {"uv": [14, 0, 6, 2], "texture": "#0"},
				"west": {"uv": [1, 0, 6, 2], "texture": "#0"},
				"up": {"uv": [6, 0, 14, 4], "texture": "#0"},
				"down": {"uv": [6, 0, 14, 4], "texture": "#0"}
			}
		},
		{
			"from": [0, 7, 9.2],
			"to": [16, 7.5, 12.2],
			"rotation": {"angle": 0, "axis": "y", "origin": [16, 0, -0.8]},
			"faces": {
				"north": {"uv": [14, 0, 6, 2], "texture": "#0"},
				"east": {"uv": [1, 0, 6, 2], "texture": "#0"},
				"south": {"uv": [14, 0, 6, 2], "texture": "#0"},
				"west": {"uv": [1, 0, 6, 2], "texture": "#0"},
				"up": {"uv": [6, 0, 14, 4], "texture": "#0"},
				"down": {"uv": [6, 0, 14, 4], "texture": "#0"}
			}
		},
		{
			"from": [0, 16, 15.7],
			"to": [16, 19, 16.2],
			"rotation": {"angle": 22.5, "axis": "x", "origin": [18, 14, 16.2]},
			"faces": {
				"north": {"uv": [6, 0, 14, 4], "rotation": 180, "texture": "#0"},
				"east": {"uv": [6, 2, 1, 0], "rotation": 270, "texture": "#0"},
				"south": {"uv": [6, 0, 14, 4], "texture": "#0"},
				"west": {"uv": [6, 2, 1, 0], "rotation": 90, "texture": "#0"},
				"up": {"uv": [6, 0, 14, 2], "texture": "#0"},
				"down": {"uv": [14, 0, 6, 2], "rotation": 180, "texture": "#0"}
			}
		},
		{
			"from": [0, 12.4, 15.7],
			"to": [16, 15.4, 16.2],
			"rotation": {"angle": 22.5, "axis": "x", "origin": [18, 14, 16.2]},
			"faces": {
				"north": {"uv": [6, 0, 14, 4], "rotation": 180, "texture": "#0"},
				"east": {"uv": [6, 2, 1, 0], "rotation": 270, "texture": "#0"},
				"south": {"uv": [6, 0, 14, 4], "texture": "#0"},
				"west": {"uv": [6, 2, 1, 0], "rotation": 90, "texture": "#0"},
				"up": {"uv": [6, 0, 14, 2], "texture": "#0"},
				"down": {"uv": [14, 0, 6, 2], "rotation": 180, "texture": "#0"}
			}
		},
		{
			"from": [0, 8.8, 15.7],
			"to": [16, 11.8, 16.2],
			"rotation": {"angle": 22.5, "axis": "x", "origin": [18, 14, 16.2]},
			"faces": {
				"north": {"uv": [6, 0, 14, 4], "rotation": 180, "texture": "#0"},
				"east": {"uv": [6, 2, 1, 0], "rotation": 270, "texture": "#0"},
				"south": {"uv": [6, 0, 14, 4], "texture": "#0"},
				"west": {"uv": [6, 2, 1, 0], "rotation": 90, "texture": "#0"},
				"up": {"uv": [6, 0, 14, 2], "texture": "#0"},
				"down": {"uv": [14, 0, 6, 2], "rotation": 180, "texture": "#0"}
			}
		}
	],
	"display": {
		"thirdperson_righthand": {
			"rotation": [21, 11, 0],
			"scale": [0.4, 0.4, 0.4]
		},
		"thirdperson_lefthand": {
			"rotation": [21, 11, 0],
			"scale": [0.4, 0.4, 0.4]
		},
		"firstperson_righthand": {
			"rotation": [21, 11, 0],
			"scale": [0.4, 0.4, 0.4]
		},
		"firstperson_lefthand": {
			"rotation": [21, 11, 0],
			"scale": [0.4, 0.4, 0.4]
		},
		"ground": {
			"rotation": [21, 11, 0],
			"scale": [0.4, 0.4, 0.4]
		},
		"gui": {
			"rotation": [21, 11, 0],
			"scale": [0.4, 0.4, 0.4]
		},
		"head": {
			"rotation": [21, 11, 0],
			"scale": [0.4, 0.4, 0.4]
		},
		"fixed": {
			"rotation": [-90, 0, 0],
			"translation": [0, 0, -14],
			"scale": [2, 2, 2]
		}
	},
	"groups": [
		{
			"name": "bench",
			"origin": [-2, 14, 16.2],
			"color": 0,
			"children": [0, 1, 2, 3, 4, 5]
		}
	]
}