{
	"credit": "Made with Blockbench",
	"textures": {
		"0": "deco/chiseled_quartz_block",
		"1": "deco/stripped_oak_log",
		"particle": "deco/chiseled_quartz_block"
	},
	"elements": [
		{
			"from": [12.5, 1.2, 4.6],
			"to": [14, 5.1, 11.4],
			"rotation": {"angle": -22.5, "axis": "z", "origin": [10.5, -2, 0]},
			"faces": {
				"north": {"uv": [0, 0, 3, 9.9], "texture": "#1"},
				"east": {"uv": [0, 0, 8.8, 9.9], "texture": "#1"},
				"south": {"uv": [0, 0, 3, 9.9], "texture": "#1"},
				"west": {"uv": [0, 0, 8.8, 9.9], "texture": "#1"},
				"up": {"uv": [0, 0, 3, 12.8], "texture": "#1"},
				"down": {"uv": [0, 0, 3, 12.8], "texture": "#1"}
			}
		},
		{
			"from": [0, 0, 5.5],
			"to": [16, 7, 10.5],
			"rotation": {"angle": 0, "axis": "y", "origin": [0, 0, -0.5]},
			"faces": {
				"north": {"uv": [0, 0, 16, 9], "texture": "#0"},
				"east": {"uv": [0, 0, 5, 9], "texture": "#0"},
				"south": {"uv": [0, 0, 16, 9], "texture": "#0"},
				"west": {"uv": [0, 0, 5, 9], "texture": "#0"},
				"up": {"uv": [0, 0, 16, 7], "texture": "#0"},
				"down": {"uv": [0, 0, 16, 7], "texture": "#0"}
			}
		},
		{
			"from": [-1.3, 7.5, 4.6],
			"to": [0.2, 9.5, 11.4],
			"rotation": {"angle": -22.5, "axis": "z", "origin": [-1.8, -2, 0]},
			"faces": {
				"north": {"uv": [0, 0, 3, 8], "texture": "#1"},
				"east": {"uv": [0, 0, 8.8, 8], "texture": "#1"},
				"south": {"uv": [0, 0, 3, 8], "texture": "#1"},
				"west": {"uv": [0, 0, 8.8, 8], "texture": "#1"},
				"up": {"uv": [0, 0, 3, 12.8], "texture": "#1"},
				"down": {"uv": [0, 0, 3, 12.8], "texture": "#1"}
			}
		},
		{
			"from": [0.5, 7, 4.6],
			"to": [2, 10.1, 11.4],
			"rotation": {"angle": -22.5, "axis": "z", "origin": [-1.5, -2, 0]},
			"faces": {
				"north": {"uv": [0, 0, 3, 9.1], "texture": "#1"},
				"east": {"uv": [0, 0, 8.8, 9.1], "texture": "#1"},
				"south": {"uv": [0, 0, 3, 9.1], "texture": "#1"},
				"west": {"uv": [0, 0, 8.8, 9.1], "texture": "#1"},
				"up": {"uv": [0, 0, 3, 12.8], "texture": "#1"},
				"down": {"uv": [0, 0, 3, 12.8], "texture": "#1"}
			}
		},
		{
			"from": [2.4, 5.9, 4.6],
			"to": [3.9, 10.1, 11.4],
			"rotation": {"angle": -22.5, "axis": "z", "origin": [0.4, -2, 0]},
			"faces": {
				"north": {"uv": [0, 0, 3, 10.2], "texture": "#1"},
				"east": {"uv": [0, 0, 8.8, 10.2], "texture": "#1"},
				"south": {"uv": [0, 0, 3, 10.2], "texture": "#1"},
				"west": {"uv": [0, 0, 8.8, 10.2], "texture": "#1"},
				"up": {"uv": [0, 0, 3, 12.8], "texture": "#1"},
				"down": {"uv": [0, 0, 3, 12.8], "texture": "#1"}
			}
		},
		{
			"from": [4.4, 4.7, 4.6],
			"to": [5.9, 10.1, 11.4],
			"rotation": {"angle": -22.5, "axis": "z", "origin": [2.4, -2, 0]},
			"faces": {
				"north": {"uv": [0, 0, 3, 11.4], "texture": "#1"},
				"east": {"uv": [0, 0, 8.8, 11.4], "texture": "#1"},
				"south": {"uv": [0, 0, 3, 11.4], "texture": "#1"},
				"west": {"uv": [0, 0, 8.8, 11.4], "texture": "#1"},
				"up": {"uv": [0, 0, 3, 12.8], "texture": "#1"},
				"down": {"uv": [0, 0, 3, 12.8], "texture": "#1"}
			}
		},
		{
			"from": [6.4, 3.4, 4.6],
			"to": [7.9, 10.1, 11.4],
			"rotation": {"angle": -22.5, "axis": "z", "origin": [4.4, -2, 0]},
			"faces": {
				"north": {"uv": [0, 0, 3, 12.7], "texture": "#1"},
				"east": {"uv": [0, 0, 8.8, 12.7], "texture": "#1"},
				"south": {"uv": [0, 0, 3, 12.7], "texture": "#1"},
				"west": {"uv": [0, 0, 8.8, 12.7], "texture": "#1"},
				"up": {"uv": [0, 0, 3, 12.8], "texture": "#1"},
				"down": {"uv": [0, 0, 3, 12.8], "texture": "#1"}
			}
		},
		{
			"from": [8.5, 2.2, 4.6],
			"to": [10, 10.1, 11.4],
			"rotation": {"angle": -22.5, "axis": "z", "origin": [6.5, -2, 0]},
			"faces": {
				"north": {"uv": [0, 0, 3, 13.9], "texture": "#1"},
				"east": {"uv": [0, 0, 8.8, 13.9], "texture": "#1"},
				"south": {"uv": [0, 0, 3, 13.9], "texture": "#1"},
				"west": {"uv": [0, 0, 8.8, 13.9], "texture": "#1"},
				"up": {"uv": [0, 0, 3, 12.8], "texture": "#1"},
				"down": {"uv": [0, 0, 3, 12.8], "texture": "#1"}
			}
		},
		{
			"from": [10.5, 1.4, 4.6],
			"to": [12, 10.1, 11.4],
			"rotation": {"angle": -22.5, "axis": "z", "origin": [8.5, -2, 0]},
			"faces": {
				"north": {"uv": [0, 0, 3, 14.7], "texture": "#1"},
				"east": {"uv": [0, 0, 8.8, 14.7], "texture": "#1"},
				"south": {"uv": [0, 0, 3, 14.7], "texture": "#1"},
				"west": {"uv": [0, 0, 8.8, 14.7], "texture": "#1"},
				"up": {"uv": [0, 0, 3, 12.8], "texture": "#1"},
				"down": {"uv": [0, 0, 3, 12.8], "texture": "#1"}
			}
		}
	],
	"display": {
		"thirdperson_righthand": {
			"rotation": [21, 11, 0],
			"scale": [0.4, 0.4, 0.4]
		},
		"thirdperson_lefthand": {
			"rotation": [21, 11, 0],
			"scale": [0.4, 0.4, 0.4]
		},
		"firstperson_righthand": {
			"rotation": [21, 11, 0],
			"scale": [0.4, 0.4, 0.4]
		},
		"firstperson_lefthand": {
			"rotation": [21, 11, 0],
			"scale": [0.4, 0.4, 0.4]
		},
		"ground": {
			"rotation": [21, 11, 0],
			"scale": [0.4, 0.4, 0.4]
		},
		"gui": {
			"rotation": [21, 11, 0],
			"scale": [0.4, 0.4, 0.4]
		},
		"head": {
			"rotation": [21, 11, 0],
			"scale": [0.4, 0.4, 0.4]
		},
		"fixed": {
			"rotation": [-90, 0, 0],
			"translation": [0, 0, -15],
			"scale": [2, 2, 2]
		}
	},
	"groups": [
		{
			"name": "bench",
			"origin": [8.5, -2, 0],
			"color": 0,
			"children": [0, 1, 2, 3, 4, 5, 6, 7, 8]
		}
	]
}