{
	"credit": "Made with Blockbench",
	"texture_size": [128, 128],
	"textures": {
		"0": "deco/billiard_table",
		"particle": "deco/billiard_table"
	},
	"elements": [
		{
			"from": [-12, 13, -4.5],
			"to": [28, 16, 19.5],
			"rotation": {"angle": 0, "axis": "y", "origin": [27, 0, -4.5]},
			"faces": {
				"north": {"uv": [5, 0, 10, 0.375], "texture": "#0"},
				"east": {"uv": [6.25, 4.5, 9.25, 4.875], "texture": "#0"},
				"south": {"uv": [5, 0.375, 10, 0.75], "texture": "#0"},
				"west": {"uv": [6.25, 4.875, 9.25, 5.25], "texture": "#0"},
				"up": {"uv": [5, 3, 0, 0], "texture": "#0"},
				"down": {"uv": [5, 3, 0, 6], "texture": "#0"}
			}
		},
		{
			"from": [9, 16, -4.5],
			"to": [24, 17, -2.5],
			"rotation": {"angle": 0, "axis": "y", "origin": [23, 3, -4.5]},
			"faces": {
				"north": {"uv": [6.625, 7, 10.625, 7.125], "texture": "#0"},
				"east": {"uv": [7.5, 1.875, 7.75, 2], "texture": "#0"},
				"south": {"uv": [6.625, 7.125, 10.625, 7.25], "texture": "#0"},
				"west": {"uv": [7.75, 1.875, 8, 2], "texture": "#0"},
				"up": {"uv": [10.25, 5.5, 6.25, 5.25], "texture": "#0"},
				"down": {"uv": [10.25, 5.5, 6.25, 5.75], "texture": "#0"}
			}
		},
		{
			"from": [-8, 16, -4.5],
			"to": [7, 17, -2.5],
			"rotation": {"angle": 0, "axis": "y", "origin": [6, 3, -4.5]},
			"faces": {
				"north": {"uv": [6.625, 7, 10.625, 7.125], "texture": "#0"},
				"east": {"uv": [7.5, 1.875, 7.75, 2], "texture": "#0"},
				"south": {"uv": [6.625, 7.125, 10.625, 7.25], "texture": "#0"},
				"west": {"uv": [7.75, 1.875, 8, 2], "texture": "#0"},
				"up": {"uv": [10.25, 5.5, 6.25, 5.25], "texture": "#0"},
				"down": {"uv": [10.25, 5.5, 6.25, 5.75], "texture": "#0"}
			}
		},
		{
			"from": [7, 16, -4.5],
			"to": [9, 17, -3.5],
			"rotation": {"angle": 0, "axis": "y", "origin": [8, 3, -4.5]},
			"faces": {
				"north": {"uv": [6.625, 7, 10.625, 7.125], "texture": "#0"},
				"east": {"uv": [7.5, 1.875, 7.75, 2], "texture": "#0"},
				"south": {"uv": [6.625, 7.125, 10.625, 7.25], "texture": "#0"},
				"west": {"uv": [7.75, 1.875, 8, 2], "texture": "#0"},
				"up": {"uv": [10.25, 5.5, 6.25, 5.25], "texture": "#0"},
				"down": {"uv": [10.25, 5.5, 6.25, 5.75], "texture": "#0"}
			}
		},
		{
			"from": [7, 16, 18.5],
			"to": [9, 17, 19.5],
			"rotation": {"angle": 0, "axis": "y", "origin": [8, 3, 18.5]},
			"faces": {
				"north": {"uv": [6.625, 7, 10.625, 7.125], "texture": "#0"},
				"east": {"uv": [7.5, 1.875, 7.75, 2], "texture": "#0"},
				"south": {"uv": [6.625, 7.125, 10.625, 7.25], "texture": "#0"},
				"west": {"uv": [7.75, 1.875, 8, 2], "texture": "#0"},
				"up": {"uv": [10.25, 5.5, 6.25, 5.25], "texture": "#0"},
				"down": {"uv": [10.25, 5.5, 6.25, 5.75], "texture": "#0"}
			}
		},
		{
			"from": [9, 16, 17.5],
			"to": [24, 17, 19.5],
			"rotation": {"angle": 0, "axis": "y", "origin": [23, 3, 17.5]},
			"faces": {
				"north": {"uv": [6.625, 7.25, 10.625, 7.375], "texture": "#0"},
				"east": {"uv": [8.125, 1.25, 8.375, 1.375], "texture": "#0"},
				"south": {"uv": [6.625, 7.375, 10.625, 7.5], "texture": "#0"},
				"west": {"uv": [8.375, 1.25, 8.625, 1.375], "texture": "#0"},
				"up": {"uv": [10.25, 6, 6.25, 5.75], "texture": "#0"},
				"down": {"uv": [10.25, 6, 6.25, 6.25], "texture": "#0"}
			}
		},
		{
			"from": [-8, 16, 17.5],
			"to": [7, 17, 19.5],
			"rotation": {"angle": 0, "axis": "y", "origin": [5, 3, 17.5]},
			"faces": {
				"north": {"uv": [6.625, 7.25, 10.625, 7.375], "texture": "#0"},
				"east": {"uv": [8.125, 1.25, 8.375, 1.375], "texture": "#0"},
				"south": {"uv": [6.625, 7.375, 10.625, 7.5], "texture": "#0"},
				"west": {"uv": [8.375, 1.25, 8.625, 1.375], "texture": "#0"},
				"up": {"uv": [10.25, 6, 6.25, 5.75], "texture": "#0"},
				"down": {"uv": [10.25, 6, 6.25, 6.25], "texture": "#0"}
			}
		},
		{
			"from": [24, 16, -4.5],
			"to": [26, 18, -2.5],
			"rotation": {"angle": 0, "axis": "y", "origin": [25, 3, -4.5]},
			"faces": {
				"north": {"uv": [7.375, 8.125, 7.625, 8.375], "texture": "#0"},
				"east": {"uv": [0.75, 8.25, 1, 8.5], "texture": "#0"},
				"south": {"uv": [1, 8.25, 1.25, 8.5], "texture": "#0"},
				"west": {"uv": [1.25, 8.25, 1.5, 8.5], "texture": "#0"},
				"up": {"uv": [1.75, 8.5, 1.5, 8.25], "texture": "#0"},
				"down": {"uv": [2.25, 8.25, 2, 8.5], "texture": "#0"}
			}
		},
		{
			"from": [26, 16, -4.5],
			"to": [28, 18, -0.5],
			"rotation": {"angle": 0, "axis": "y", "origin": [27, 3, -4.5]},
			"faces": {
				"north": {"uv": [2.25, 8.25, 2.5, 8.5], "texture": "#0"},
				"east": {"uv": [5.125, 7.625, 5.625, 7.875], "texture": "#0"},
				"south": {"uv": [4.5, 8.25, 4.75, 8.5], "texture": "#0"},
				"west": {"uv": [7.75, 7.5, 8.25, 7.75], "texture": "#0"},
				"up": {"uv": [8, 8.25, 7.75, 7.75], "texture": "#0"},
				"down": {"uv": [5.375, 7.875, 5.125, 8.375], "texture": "#0"}
			}
		},
		{
			"from": [24, 16, 17.5],
			"to": [26, 18, 19.5],
			"rotation": {"angle": 0, "axis": "y", "origin": [25, 3, 19.5]},
			"faces": {
				"north": {"uv": [5.625, 8.25, 5.875, 8.5], "texture": "#0"},
				"east": {"uv": [5.875, 8.25, 6.125, 8.5], "texture": "#0"},
				"south": {"uv": [8.25, 7.5, 8.5, 7.75], "texture": "#0"},
				"west": {"uv": [7.625, 8.25, 7.875, 8.5], "texture": "#0"},
				"up": {"uv": [8.5, 8.25, 8.25, 8], "texture": "#0"},
				"down": {"uv": [8.5, 8.25, 8.25, 8.5], "texture": "#0"}
			}
		},
		{
			"from": [26, 16, 15.5],
			"to": [28, 18, 19.5],
			"rotation": {"angle": 0, "axis": "y", "origin": [27, 3, 19.5]},
			"faces": {
				"north": {"uv": [8.375, 1.875, 8.625, 2.125], "texture": "#0"},
				"east": {"uv": [0.75, 8, 1.25, 8.25], "texture": "#0"},
				"south": {"uv": [8.375, 2.125, 8.625, 2.375], "texture": "#0"},
				"west": {"uv": [1.25, 8, 1.75, 8.25], "texture": "#0"},
				"up": {"uv": [5.625, 8.375, 5.375, 7.875], "texture": "#0"},
				"down": {"uv": [2, 8, 1.75, 8.5], "texture": "#0"}
			}
		},
		{
			"from": [-10, 16, 17.5],
			"to": [-8, 18, 19.5],
			"rotation": {"angle": 0, "axis": "y", "origin": [-9, 3, 19.5]},
			"faces": {
				"north": {"uv": [8.375, 2.375, 8.625, 2.625], "texture": "#0"},
				"east": {"uv": [8.375, 2.625, 8.625, 2.875], "texture": "#0"},
				"south": {"uv": [8.375, 2.875, 8.625, 3.125], "texture": "#0"},
				"west": {"uv": [5.125, 8.375, 5.375, 8.625], "texture": "#0"},
				"up": {"uv": [5.625, 8.625, 5.375, 8.375], "texture": "#0"},
				"down": {"uv": [7.625, 8.375, 7.375, 8.625], "texture": "#0"}
			}
		},
		{
			"from": [-12, 16, 15.5],
			"to": [-10, 18, 19.5],
			"rotation": {"angle": 0, "axis": "y", "origin": [-11, 3, 19.5]},
			"faces": {
				"north": {"uv": [0.75, 8.5, 1, 8.75], "texture": "#0"},
				"east": {"uv": [2, 8, 2.5, 8.25], "texture": "#0"},
				"south": {"uv": [1, 8.5, 1.25, 8.75], "texture": "#0"},
				"west": {"uv": [8, 7.75, 8.5, 8], "texture": "#0"},
				"up": {"uv": [2.75, 8.5, 2.5, 8], "texture": "#0"},
				"down": {"uv": [8.25, 8, 8, 8.5], "texture": "#0"}
			}
		},
		{
			"from": [-12, 16, -0.5],
			"to": [-10, 17, 15.5],
			"rotation": {"angle": 0, "axis": "y", "origin": [-11, 3, 15.5]},
			"faces": {
				"north": {"uv": [8.5, 3.625, 8.75, 3.75], "texture": "#0"},
				"east": {"uv": [7.5, 1.375, 9.5, 1.5], "texture": "#0"},
				"south": {"uv": [8.5, 3.75, 8.75, 3.875], "texture": "#0"},
				"west": {"uv": [7.5, 1.5, 9.5, 1.625], "texture": "#0"},
				"up": {"uv": [3, 8.625, 2.75, 6.625], "texture": "#0"},
				"down": {"uv": [3.25, 6.625, 3, 8.625], "texture": "#0"}
			}
		},
		{
			"from": [26, 16, -0.5],
			"to": [28, 17, 15.5],
			"rotation": {"angle": 0, "axis": "y", "origin": [27, 3, 15.5]},
			"faces": {
				"north": {"uv": [8.5, 3.875, 8.75, 4], "texture": "#0"},
				"east": {"uv": [7.5, 1.625, 9.5, 1.75], "texture": "#0"},
				"south": {"uv": [8.5, 4, 8.75, 4.125], "texture": "#0"},
				"west": {"uv": [7.5, 1.75, 9.5, 1.875], "texture": "#0"},
				"up": {"uv": [3.5, 8.625, 3.25, 6.625], "texture": "#0"},
				"down": {"uv": [3.75, 6.625, 3.5, 8.625], "texture": "#0"}
			}
		},
		{
			"from": [-12, 16, -4.5],
			"to": [-10, 18, -0.5],
			"rotation": {"angle": 0, "axis": "y", "origin": [-11, 3, -4.5]},
			"faces": {
				"north": {"uv": [1.25, 8.5, 1.5, 8.75], "texture": "#0"},
				"east": {"uv": [8.125, 0.75, 8.625, 1], "texture": "#0"},
				"south": {"uv": [1.5, 8.5, 1.75, 8.75], "texture": "#0"},
				"west": {"uv": [8.125, 1, 8.625, 1.25], "texture": "#0"},
				"up": {"uv": [8.375, 2.375, 8.125, 1.875], "texture": "#0"},
				"down": {"uv": [8.375, 2.375, 8.125, 2.875], "texture": "#0"}
			}
		},
		{
			"from": [-10, 16, -4.5],
			"to": [-8, 18, -2.5],
			"rotation": {"angle": 0, "axis": "y", "origin": [-9, 3, -4.5]},
			"faces": {
				"north": {"uv": [1.75, 8.5, 2, 8.75], "texture": "#0"},
				"east": {"uv": [2, 8.5, 2.25, 8.75], "texture": "#0"},
				"south": {"uv": [2.25, 8.5, 2.5, 8.75], "texture": "#0"},
				"west": {"uv": [2.5, 8.5, 2.75, 8.75], "texture": "#0"},
				"up": {"uv": [8.75, 3.375, 8.5, 3.125], "texture": "#0"},
				"down": {"uv": [8.75, 3.375, 8.5, 3.625], "texture": "#0"}
			}
		},
		{
			"from": [-5, 0, -0.5],
			"to": [-3, 3, 15.5],
			"rotation": {"angle": 0, "axis": "y", "origin": [-7, -10, 15.5]},
			"faces": {
				"north": {"uv": [8.125, 2.875, 8.375, 3.25], "texture": "#0"},
				"east": {"uv": [0.75, 6.625, 2.75, 7], "texture": "#0"},
				"south": {"uv": [6.625, 8.125, 6.875, 8.5], "texture": "#0"},
				"west": {"uv": [6.625, 6.25, 8.625, 6.625], "texture": "#0"},
				"up": {"uv": [4, 8.625, 3.75, 6.625], "texture": "#0"},
				"down": {"uv": [4.25, 6.625, 4, 8.625], "texture": "#0"}
			}
		},
		{
			"from": [-6, 3, -1.5],
			"to": [-3, 8, 16.5],
			"rotation": {"angle": 0, "axis": "y", "origin": [-7, -5, 15.5]},
			"faces": {
				"north": {"uv": [5.125, 7, 5.5, 7.625], "texture": "#0"},
				"east": {"uv": [0, 6, 2.25, 6.625], "texture": "#0"},
				"south": {"uv": [6.625, 7.5, 7, 8.125], "texture": "#0"},
				"west": {"uv": [2.25, 6, 4.5, 6.625], "texture": "#0"},
				"up": {"uv": [4.875, 8.25, 4.5, 6], "texture": "#0"},
				"down": {"uv": [6.625, 6.25, 6.25, 8.5], "texture": "#0"}
			}
		},
		{
			"from": [-7, 8, -2.5],
			"to": [-2, 13, 17.5],
			"rotation": {"angle": 0, "axis": "y", "origin": [-7, 0, 15.5]},
			"faces": {
				"north": {"uv": [0.75, 7.375, 1.375, 8], "texture": "#0"},
				"east": {"uv": [5, 0.75, 7.5, 1.375], "texture": "#0"},
				"south": {"uv": [1.375, 7.375, 2, 8], "texture": "#0"},
				"west": {"uv": [5, 1.375, 7.5, 2], "texture": "#0"},
				"up": {"uv": [5.625, 4.5, 5, 2], "texture": "#0"},
				"down": {"uv": [5.625, 4.5, 5, 7], "texture": "#0"}
			}
		},
		{
			"from": [18, 8, -2.5],
			"to": [23, 13, 17.5],
			"rotation": {"angle": 0, "axis": "y", "origin": [23, 0, 15.5]},
			"faces": {
				"north": {"uv": [2, 7.375, 2.625, 8], "texture": "#0"},
				"east": {"uv": [5.625, 2, 8.125, 2.625], "texture": "#0"},
				"south": {"uv": [7.5, 0.75, 8.125, 1.375], "texture": "#0"},
				"west": {"uv": [5.625, 2.625, 8.125, 3.25], "texture": "#0"},
				"up": {"uv": [6.25, 5.75, 5.625, 3.25], "texture": "#0"},
				"down": {"uv": [6.25, 5.75, 5.625, 8.25], "texture": "#0"}
			}
		},
		{
			"from": [19, 3, -1.5],
			"to": [22, 8, 16.5],
			"rotation": {"angle": 0, "axis": "y", "origin": [23, -5, 15.5]},
			"faces": {
				"north": {"uv": [7, 7.5, 7.375, 8.125], "texture": "#0"},
				"east": {"uv": [6.25, 3.25, 8.5, 3.875], "texture": "#0"},
				"south": {"uv": [7.375, 7.5, 7.75, 8.125], "texture": "#0"},
				"west": {"uv": [6.25, 3.875, 8.5, 4.5], "texture": "#0"},
				"up": {"uv": [0.375, 8.875, 0, 6.625], "texture": "#0"},
				"down": {"uv": [0.75, 6.625, 0.375, 8.875], "texture": "#0"}
			}
		},
		{
			"from": [19, 0, -0.5],
			"to": [21, 3, 15.5],
			"rotation": {"angle": 0, "axis": "y", "origin": [23, -10, 15.5]},
			"faces": {
				"north": {"uv": [6.875, 8.125, 7.125, 8.5], "texture": "#0"},
				"east": {"uv": [6.625, 6.625, 8.625, 7], "texture": "#0"},
				"south": {"uv": [7.125, 8.125, 7.375, 8.5], "texture": "#0"},
				"west": {"uv": [0.75, 7, 2.75, 7.375], "texture": "#0"},
				"up": {"uv": [4.5, 8.625, 4.25, 6.625], "texture": "#0"},
				"down": {"uv": [5.125, 7, 4.875, 9], "texture": "#0"}
			}
		}
	],
	"display": {
		"thirdperson_righthand": {
			"scale": [0.2, 0.1, 0.2]
		},
		"thirdperson_lefthand": {
			"scale": [0.2, 0.1, 0.2]
		},
		"firstperson_righthand": {
			"scale": [0.2, 0.1, 0.1]
		},
		"firstperson_lefthand": {
			"scale": [0.2, 0.1, 0.1]
		},
		"ground": {
			"scale": [0.5, 0.2, 0.5]
		},
		"gui": {
			"rotation": [28.29, 42.48, -10.75],
			"scale": [0.3, 0.1, 0.3]
		},
		"head": {
			"scale": [0, 0, 0]
		},
		"fixed": {
			"rotation": [-90, 0, 0],
			"translation": [-64, 34, -16],
			"scale": [4, 2, 4]
		}
	},
	"groups": [
		{
			"name": "group",
			"origin": [8, 8, 3.5],
			"color": 0,
			"children": [0, 1, 2, 3, 4, 5, 6, 7, 8, 9, 10, 11, 12, 13, 14, 15, 16, 17, 18, 19, 20, 21, 22]
		}
	]
}