{
	"credit": "Made with Blockbench",
	"texture_size": [8, 8],
	"textures": {
		"0": "deco/blackjack_table",
		"1": "deco/blackjack_surface",
		"2": "deco/decoration_blackjack",
		"particle": "deco/blackjack_table"
	},
	"elements": [
		{
			"from": [3, 0, -5],
			"to": [13, 13, 11],
			"rotation": {"angle": 0, "axis": "y", "origin": [0, 0, -5]},
			"faces": {
				"north": {"uv": [5.75, 3.75, 7, 5.375], "texture": "#0"},
				"east": {"uv": [0, 4, 2, 5.625], "texture": "#0"},
				"south": {"uv": [4.25, 6.125, 5.5, 7.75], "texture": "#0"},
				"west": {"uv": [2, 4, 4, 5.625], "texture": "#0"},
				"up": {"uv": [3, 7.625, 1.75, 5.625], "texture": "#0"},
				"down": {"uv": [4.25, 5.625, 3, 7.625], "texture": "#0"}
			}
		},
		{
			"from": [-12, 13, -5],
			"to": [28, 16, 11],
			"rotation": {"angle": 0, "axis": "y", "origin": [0, 0, -5]},
			"faces": {
				"north": {"uv": [5.5, 6.125, 10.5, 6.5], "texture": "#0"},
				"east": {"uv": [6.75, 2.5, 8.75, 2.875], "texture": "#0"},
				"south": {"uv": [5.5, 6.5, 10.5, 6.875], "texture": "#0"},
				"west": {"uv": [6.75, 2.875, 8.75, 3.25], "texture": "#0"},
				"up": {"uv": [5, 2, 0, 0], "texture": "#0"},
				"down": {"uv": [5, 2, 0, 4], "texture": "#0"}
			}
		},
		{
			"from": [3.5, 13, 8],
			"to": [12.5, 17, 12],
			"rotation": {"angle": 0, "axis": "y", "origin": [0.5, 0, -5]},
			"faces": {
				"north": {"uv": [7, 4.5, 8.25, 5], "texture": "#0"},
				"east": {"uv": [4.5, 8.125, 5, 8.625], "texture": "#0"},
				"south": {"uv": [7, 7.125, 8.25, 7.625], "texture": "#0"},
				"west": {"uv": [5, 8.125, 5.5, 8.625], "texture": "#0"},
				"up": {"uv": [1.25, 7.75, 0.125, 7.25], "texture": "#0"},
				"down": {"uv": [2.5, 7.625, 1.25, 8.125], "texture": "#0"}
			}
		},
		{
			"from": [28, 13, -2],
			"to": [29.2, 16, 9],
			"rotation": {"angle": 0, "axis": "y", "origin": [0, 0, -5]},
			"faces": {
				"north": {"uv": [5.375, 7.75, 5.5, 8.125], "texture": "#0"},
				"east": {"uv": [7, 5, 8.375, 5.375], "texture": "#0"},
				"south": {"uv": [4.75, 8.625, 4.875, 9], "texture": "#0"},
				"west": {"uv": [7, 7.625, 8.375, 8], "texture": "#0"},
				"up": {"uv": [2.5, 9.5, 2.375, 8.125], "texture": "#0"},
				"down": {"uv": [7.125, 8.375, 7, 9.75], "texture": "#0"}
			}
		},
		{
			"from": [-13.2, 13, -2],
			"to": [-12, 16, 9],
			"rotation": {"angle": 0, "axis": "y", "origin": [16, 0, -5]},
			"faces": {
				"north": {"uv": [4.875, 8.625, 5, 9], "texture": "#0"},
				"east": {"uv": [4, 7.75, 5.375, 8.125], "texture": "#0"},
				"south": {"uv": [5, 8.625, 5.125, 9], "texture": "#0"},
				"west": {"uv": [7, 8, 8.375, 8.375], "texture": "#0"},
				"up": {"uv": [7.25, 9.75, 7.125, 8.375], "texture": "#0"},
				"down": {"uv": [7.375, 8.375, 7.25, 9.75], "texture": "#0"}
			}
		},
		{
			"from": [-9, 13, -9],
			"to": [25, 16, -5],
			"rotation": {"angle": 0, "axis": "y", "origin": [0, 0, -5]},
			"faces": {
				"north": {"uv": [6.75, 0, 11, 0.375], "texture": "#0"},
				"east": {"uv": [1.25, 7.25, 1.75, 7.625], "texture": "#0"},
				"south": {"uv": [6.75, 0.375, 11, 0.75], "texture": "#0"},
				"west": {"uv": [0, 7.75, 0.5, 8.125], "texture": "#0"},
				"up": {"uv": [9.25, 3.75, 5, 3.25], "texture": "#0"},
				"down": {"uv": [8.5, 5.625, 4.25, 6.125], "texture": "#0"}
			}
		},
		{
			"from": [-9, 16, -9],
			"to": [-6, 16.4, -7],
			"rotation": {"angle": 0, "axis": "y", "origin": [0, 0, -5]},
			"faces": {
				"north": {"uv": [0.5, 8, 0.875, 8.125], "texture": "#0"},
				"east": {"uv": [4, 7.625, 4.25, 7.75], "texture": "#0"},
				"south": {"uv": [0.875, 8, 1.25, 8.125], "texture": "#0"},
				"west": {"uv": [8.75, 3.125, 9, 3.25], "texture": "#0"},
				"up": {"uv": [5.375, 4, 5, 3.75], "texture": "#0"},
				"down": {"uv": [5.75, 3.75, 5.375, 4], "texture": "#0"}
			}
		},
		{
			"from": [-9, 16, -7],
			"to": [-7, 16.4, -5],
			"rotation": {"angle": 0, "axis": "y", "origin": [0, 0, -5]},
			"faces": {
				"north": {"uv": [5.125, 8.75, 5.375, 8.875], "texture": "#0"},
				"east": {"uv": [7.375, 8.75, 7.625, 8.875], "texture": "#0"},
				"south": {"uv": [8.75, 7.75, 9, 7.875], "texture": "#0"},
				"west": {"uv": [8.75, 7.875, 9, 8], "texture": "#0"},
				"up": {"uv": [8.25, 8.75, 8, 8.5], "texture": "#0"},
				"down": {"uv": [8.5, 8.5, 8.25, 8.75], "texture": "#0"}
			}
		},
		{
			"from": [-12, 16, -5],
			"to": [-9, 16.4, -3],
			"rotation": {"angle": 0, "axis": "y", "origin": [0, 0, -5]},
			"faces": {
				"north": {"uv": [8.375, 8.25, 8.75, 8.375], "texture": "#0"},
				"east": {"uv": [8, 8.75, 8.25, 8.875], "texture": "#0"},
				"south": {"uv": [5.125, 8.625, 5.5, 8.75], "texture": "#0"},
				"west": {"uv": [8.75, 8, 9, 8.125], "texture": "#0"},
				"up": {"uv": [0.875, 8, 0.5, 7.75], "texture": "#0"},
				"down": {"uv": [1.25, 7.75, 0.875, 8], "texture": "#0"}
			}
		},
		{
			"from": [-12, 16, -3],
			"to": [-10, 16.4, -2],
			"rotation": {"angle": 0, "axis": "y", "origin": [0, 0, -5]},
			"faces": {
				"north": {"uv": [8.75, 8.125, 9, 8.25], "texture": "#0"},
				"east": {"uv": [5.375, 8.75, 5.5, 8.875], "texture": "#0"},
				"south": {"uv": [8.25, 8.75, 8.5, 8.875], "texture": "#0"},
				"west": {"uv": [7.625, 8.75, 7.75, 8.875], "texture": "#0"},
				"up": {"uv": [9, 8.375, 8.75, 8.25], "texture": "#0"},
				"down": {"uv": [9, 8.375, 8.75, 8.5], "texture": "#0"}
			}
		},
		{
			"from": [-13.2, 16, -2],
			"to": [-11, 16.4, 9],
			"rotation": {"angle": 0, "axis": "y", "origin": [0, 0, -5]},
			"faces": {
				"north": {"uv": [8.5, 8.75, 8.75, 8.875], "texture": "#0"},
				"east": {"uv": [8.375, 5.125, 9.75, 5.25], "texture": "#0"},
				"south": {"uv": [8.75, 8.5, 9, 8.625], "texture": "#0"},
				"west": {"uv": [8.375, 5.25, 9.75, 5.375], "texture": "#0"},
				"up": {"uv": [2.125, 9.5, 1.875, 8.125], "texture": "#0"},
				"down": {"uv": [2.375, 8.125, 2.125, 9.5], "texture": "#0"}
			}
		},
		{
			"from": [-12, 16, 9],
			"to": [3.5, 16.4, 11],
			"rotation": {"angle": 0, "axis": "y", "origin": [0, 0, -5]},
			"faces": {
				"north": {"uv": [8.25, 7.375, 10.125, 7.5], "texture": "#0"},
				"east": {"uv": [8.75, 8.625, 9, 8.75], "texture": "#0"},
				"south": {"uv": [8.25, 7.5, 10.125, 7.625], "texture": "#0"},
				"west": {"uv": [8.75, 8.75, 9, 8.875], "texture": "#0"},
				"up": {"uv": [1.875, 8.375, 0, 8.125], "texture": "#0"},
				"down": {"uv": [10.125, 4.5, 8.25, 4.75], "texture": "#0"}
			}
		},
		{
			"from": [12.5, 16, 9],
			"to": [28, 16.4, 11],
			"rotation": {"angle": 0, "axis": "y", "origin": [16, 0, -5]},
			"faces": {
				"north": {"uv": [0, 8.375, 1.875, 8.5], "texture": "#0"},
				"east": {"uv": [0, 8.875, 0.25, 9], "texture": "#0"},
				"south": {"uv": [8.375, 5, 10.25, 5.125], "texture": "#0"},
				"west": {"uv": [0.25, 8.875, 0.5, 9], "texture": "#0"},
				"up": {"uv": [10.125, 5, 8.25, 4.75], "texture": "#0"},
				"down": {"uv": [10.125, 6.875, 8.25, 7.125], "texture": "#0"}
			}
		},
		{
			"from": [27, 16, -2],
			"to": [29.2, 16.4, 9],
			"rotation": {"angle": 0, "axis": "y", "origin": [16, 0, -5]},
			"faces": {
				"north": {"uv": [0.5, 8.875, 0.75, 9], "texture": "#0"},
				"east": {"uv": [7.375, 8.375, 8.75, 8.5], "texture": "#0"},
				"south": {"uv": [0.75, 8.875, 1, 9], "texture": "#0"},
				"west": {"uv": [8.375, 7.625, 9.75, 7.75], "texture": "#0"},
				"up": {"uv": [4.25, 9.5, 4, 8.125], "texture": "#0"},
				"down": {"uv": [4.5, 8.125, 4.25, 9.5], "texture": "#0"}
			}
		},
		{
			"from": [26, 16, -3],
			"to": [28, 16.4, -2],
			"rotation": {"angle": 0, "axis": "y", "origin": [16, 0, -5]},
			"faces": {
				"north": {"uv": [1, 8.875, 1.25, 9], "texture": "#0"},
				"east": {"uv": [1.75, 8.875, 1.875, 9], "texture": "#0"},
				"south": {"uv": [1.25, 8.875, 1.5, 9], "texture": "#0"},
				"west": {"uv": [6.875, 8.875, 7, 9], "texture": "#0"},
				"up": {"uv": [1.75, 9, 1.5, 8.875], "texture": "#0"},
				"down": {"uv": [4.75, 8.875, 4.5, 9], "texture": "#0"}
			}
		},
		{
			"from": [25, 16, -5],
			"to": [28, 16.4, -3],
			"rotation": {"angle": 0, "axis": "y", "origin": [16, 0, -5]},
			"faces": {
				"north": {"uv": [0, 8.75, 0.375, 8.875], "texture": "#0"},
				"east": {"uv": [5.125, 8.875, 5.375, 9], "texture": "#0"},
				"south": {"uv": [0.375, 8.75, 0.75, 8.875], "texture": "#0"},
				"west": {"uv": [5.375, 8.875, 5.625, 9], "texture": "#0"},
				"up": {"uv": [8.75, 8, 8.375, 7.75], "texture": "#0"},
				"down": {"uv": [8.75, 8, 8.375, 8.25], "texture": "#0"}
			}
		},
		{
			"from": [23, 16, -7],
			"to": [25, 16.4, -5],
			"rotation": {"angle": 0, "axis": "y", "origin": [16, 0, -5]},
			"faces": {
				"north": {"uv": [5.625, 8.875, 5.875, 9], "texture": "#0"},
				"east": {"uv": [8.875, 5.625, 9.125, 5.75], "texture": "#0"},
				"south": {"uv": [8.875, 5.75, 9.125, 5.875], "texture": "#0"},
				"west": {"uv": [5.875, 8.875, 6.125, 9], "texture": "#0"},
				"up": {"uv": [8.75, 8.75, 8.5, 8.5], "texture": "#0"},
				"down": {"uv": [4.75, 8.625, 4.5, 8.875], "texture": "#0"}
			}
		},
		{
			"from": [22, 16, -9],
			"to": [25, 16.4, -7],
			"rotation": {"angle": 0, "axis": "y", "origin": [16, 0, -5]},
			"faces": {
				"north": {"uv": [1.25, 8.75, 1.625, 8.875], "texture": "#0"},
				"east": {"uv": [8.875, 5.875, 9.125, 6], "texture": "#0"},
				"south": {"uv": [8.75, 2.5, 9.125, 2.625], "texture": "#0"},
				"west": {"uv": [8.875, 6, 9.125, 6.125], "texture": "#0"},
				"up": {"uv": [0.375, 8.75, 0, 8.5], "texture": "#0"},
				"down": {"uv": [0.75, 8.5, 0.375, 8.75], "texture": "#0"}
			}
		},
		{
			"from": [-6, 13, -11],
			"to": [22, 16, -9],
			"rotation": {"angle": 0, "axis": "y", "origin": [0, 0, -5]},
			"faces": {
				"north": {"uv": [6.75, 0.75, 10.25, 1.125], "texture": "#0"},
				"east": {"uv": [0.75, 8.5, 1, 8.875], "texture": "#0"},
				"south": {"uv": [6.75, 1.125, 10.25, 1.5], "texture": "#0"},
				"west": {"uv": [1, 8.5, 1.25, 8.875], "texture": "#0"},
				"up": {"uv": [9.25, 5.625, 5.75, 5.375], "texture": "#0"},
				"down": {"uv": [10.25, 2.25, 6.75, 2.5], "texture": "#0"}
			}
		},
		{
			"from": [-6, 16, -11],
			"to": [-3, 16.4, -9],
			"rotation": {"angle": 0, "axis": "y", "origin": [0, 0, -5]},
			"faces": {
				"north": {"uv": [8.75, 2.625, 9.125, 2.75], "texture": "#0"},
				"east": {"uv": [6.125, 8.875, 6.375, 9], "texture": "#0"},
				"south": {"uv": [8.75, 2.75, 9.125, 2.875], "texture": "#0"},
				"west": {"uv": [6.375, 8.875, 6.625, 9], "texture": "#0"},
				"up": {"uv": [1.625, 8.75, 1.25, 8.5], "texture": "#0"},
				"down": {"uv": [8.875, 5.625, 8.5, 5.875], "texture": "#0"}
			}
		},
		{
			"from": [19, 16, -11],
			"to": [22, 16.4, -9],
			"rotation": {"angle": 0, "axis": "y", "origin": [0, 0, -5]},
			"faces": {
				"north": {"uv": [8.75, 2.875, 9.125, 3], "texture": "#0"},
				"east": {"uv": [6.625, 8.875, 6.875, 9], "texture": "#0"},
				"south": {"uv": [8.75, 3, 9.125, 3.125], "texture": "#0"},
				"west": {"uv": [7.375, 8.875, 7.625, 9], "texture": "#0"},
				"up": {"uv": [8.875, 6.125, 8.5, 5.875], "texture": "#0"},
				"down": {"uv": [7.75, 8.5, 7.375, 8.75], "texture": "#0"}
			}
		},
		{
			"from": [-3, 13, -12.6],
			"to": [19, 16, -11],
			"rotation": {"angle": 0, "axis": "y", "origin": [0, 0, -5]},
			"faces": {
				"north": {"uv": [6.75, 1.5, 9.5, 1.875], "texture": "#0"},
				"east": {"uv": [1.625, 8.5, 1.875, 8.875], "texture": "#0"},
				"south": {"uv": [6.75, 1.875, 9.5, 2.25], "texture": "#0"},
				"west": {"uv": [7.75, 8.5, 8, 8.875], "texture": "#0"},
				"up": {"uv": [8.25, 7.125, 5.5, 6.875], "texture": "#0"},
				"down": {"uv": [9.75, 3.75, 7, 4], "texture": "#0"}
			}
		},
		{
			"from": [-3, 16, -12.6],
			"to": [19, 16.4, -11],
			"rotation": {"angle": 0, "axis": "y", "origin": [0, 0, -5]},
			"faces": {
				"north": {"uv": [8.25, 7.125, 11, 7.25], "texture": "#0"},
				"east": {"uv": [7.625, 8.875, 7.875, 9], "texture": "#0"},
				"south": {"uv": [8.25, 7.25, 11, 7.375], "texture": "#0"},
				"west": {"uv": [7.875, 8.875, 8.125, 9], "texture": "#0"},
				"up": {"uv": [9.75, 4.25, 7, 4], "texture": "#0"},
				"down": {"uv": [9.75, 4.25, 7, 4.5], "texture": "#0"}
			}
		},
		{
			"from": [13, 0, -3],
			"to": [16, 13, 11],
			"rotation": {"angle": 0, "axis": "y", "origin": [0, 0, -5]},
			"faces": {
				"north": {"uv": [2.5, 7.625, 2.875, 9.25], "texture": "#0"},
				"east": {"uv": [4, 4, 5.75, 5.625], "texture": "#0"},
				"south": {"uv": [2.875, 7.625, 3.25, 9.25], "texture": "#0"},
				"west": {"uv": [5, 0, 6.75, 1.625], "texture": "#0"},
				"up": {"uv": [5.875, 8.875, 5.5, 7.125], "texture": "#0"},
				"down": {"uv": [6.25, 7.125, 5.875, 8.875], "texture": "#0"}
			}
		},
		{
			"from": [0, 0, -3],
			"to": [3, 13, 11],
			"rotation": {"angle": 0, "axis": "y", "origin": [0, 0, -5]},
			"faces": {
				"north": {"uv": [3.25, 7.625, 3.625, 9.25], "texture": "#0"},
				"east": {"uv": [5, 1.625, 6.75, 3.25], "texture": "#0"},
				"south": {"uv": [3.625, 7.625, 4, 9.25], "texture": "#0"},
				"west": {"uv": [0, 5.625, 1.75, 7.25], "texture": "#0"},
				"up": {"uv": [6.625, 8.875, 6.25, 7.125], "texture": "#0"},
				"down": {"uv": [7, 7.125, 6.625, 8.875], "texture": "#0"}
			}
		},
		{
			"from": [-10.5, 16.05, -5],
			"to": [26.5, 16.05, 6],
			"rotation": {"angle": 0, "axis": "y", "origin": [-0.5, 0, -5]},
			"faces": {
				"north": {"uv": [0, 0, 14.5, 0], "texture": "#1"},
				"east": {"uv": [0, 0, 6.5, 0], "texture": "#1"},
				"south": {"uv": [0, 0, 14.5, 0], "texture": "#1"},
				"west": {"uv": [0, 0, 6.5, 0], "texture": "#1"},
				"up": {"uv": [14.5, 6.5, 0, 0], "texture": "#1"},
				"down": {"uv": [14.5, 6.5, 0, 13], "texture": "#1"}
			}
		},
		{
			"from": [6.5, 16.05, -10],
			"to": [9.5, 16.05, -6],
			"rotation": {"angle": 0, "axis": "y", "origin": [8, 16, 10]},
			"faces": {
				"north": {"uv": [0, 0, 6, 0], "texture": "#2"},
				"east": {"uv": [0, 0, 8, 0], "texture": "#2"},
				"south": {"uv": [0, 0, 6, 0], "texture": "#2"},
				"west": {"uv": [0, 0, 8, 0], "texture": "#2"},
				"up": {"uv": [6, 8, 0, 0], "texture": "#2"},
				"down": {"uv": [12, 0, 6, 8], "texture": "#2"}
			}
		},
		{
			"from": [6.5, 16.05, -10],
			"to": [9.5, 16.05, -6],
			"rotation": {"angle": 22.5, "axis": "y", "origin": [8, 16, 10]},
			"faces": {
				"north": {"uv": [0, 0, 6, 0], "texture": "#2"},
				"east": {"uv": [0, 0, 8, 0], "texture": "#2"},
				"south": {"uv": [0, 0, 6, 0], "texture": "#2"},
				"west": {"uv": [0, 0, 8, 0], "texture": "#2"},
				"up": {"uv": [6, 8, 0, 0], "texture": "#2"},
				"down": {"uv": [12, 0, 6, 8], "texture": "#2"}
			}
		},
		{
			"from": [6.5, 16.05, -10],
			"to": [9.5, 16.05, -6],
			"rotation": {"angle": -22.5, "axis": "y", "origin": [8, 16, 10]},
			"faces": {
				"north": {"uv": [0, 0, 6, 0], "texture": "#2"},
				"east": {"uv": [0, 0, 8, 0], "texture": "#2"},
				"south": {"uv": [0, 0, 6, 0], "texture": "#2"},
				"west": {"uv": [0, 0, 8, 0], "texture": "#2"},
				"up": {"uv": [6, 8, 0, 0], "texture": "#2"},
				"down": {"uv": [12, 0, 6, 8], "texture": "#2"}
			}
		},
		{
			"from": [6.5, 16.05, -10],
			"to": [9.5, 16.05, -6],
			"rotation": {"angle": -45, "axis": "y", "origin": [8, 16, 10]},
			"faces": {
				"north": {"uv": [0, 0, 6, 0], "texture": "#2"},
				"east": {"uv": [0, 0, 8, 0], "texture": "#2"},
				"south": {"uv": [0, 0, 6, 0], "texture": "#2"},
				"west": {"uv": [0, 0, 8, 0], "texture": "#2"},
				"up": {"uv": [6, 8, 0, 0], "texture": "#2"},
				"down": {"uv": [12, 0, 6, 8], "texture": "#2"}
			}
		},
		{
			"from": [6.5, 16.05, -10],
			"to": [9.5, 16.05, -6],
			"rotation": {"angle": 45, "axis": "y", "origin": [8, 16, 10]},
			"faces": {
				"north": {"uv": [0, 0, 6, 0], "texture": "#2"},
				"east": {"uv": [0, 0, 8, 0], "texture": "#2"},
				"south": {"uv": [0, 0, 6, 0], "texture": "#2"},
				"west": {"uv": [0, 0, 8, 0], "texture": "#2"},
				"up": {"uv": [6, 8, 0, 0], "texture": "#2"},
				"down": {"uv": [12, 0, 6, 8], "texture": "#2"}
			}
		}
	],
	"display": {
		"thirdperson_righthand": {
			"scale": [0.2, 0.2, 0.2]
		},
		"thirdperson_lefthand": {
			"scale": [0.2, 0.2, 0.2]
		},
		"firstperson_righthand": {
			"scale": [0.2, 0.2, 0.2]
		},
		"firstperson_lefthand": {
			"scale": [0.2, 0.2, 0.2]
		},
		"ground": {
			"scale": [0.4, 0.4, 0.4]
		},
		"gui": {
			"rotation": [-132.29, 49.3, 156.47],
			"translation": [2.5, 0, 0],
			"scale": [0.4, 0.4, 0.4]
		},
		"head": {
			"scale": [0, 0, 0]
		},
		"fixed": {
			"rotation": [-90, 0, 0],
			"translation": [0, 0, -15.5],
			"scale": [2, 2, 2]
		}
	},
	"groups": [
		{
			"name": "group",
			"origin": [8, 8, 8],
			"color": 0,
			"children": [
				0,
				1,
				2,
				3,
				4,
				5,
				6,
				7,
				8,
				9,
				10,
				11,
				12,
				13,
				14,
				15,
				16,
				17,
				18,
				19,
				20,
				21,
				22,
				23,
				24,
				{
					"name": "blackjack_surface",
					"origin": [8, 8, 8],
					"color": 0,
					"children": [25, 26, 27, 28, 29, 30]
				}
			]
		}
	]
}