{
	"credit": "Made with Blockbench",
	"textures": {
		"0": "deco/stripped_spruce_log",
		"particle": "deco/stripped_spruce_log"
	},
	"elements": [
		{
			"from": [2, 7, 1],
			"to": [14, 9, 12],
			"faces": {
				"north": {"uv": [0, 0, 12, 2], "texture": "#0"},
				"east": {"uv": [0, 0, 11, 2], "texture": "#0"},
				"south": {"uv": [0, 0, 12, 2], "texture": "#0"},
				"west": {"uv": [0, 0, 11, 2], "texture": "#0"},
				"up": {"uv": [0, 0, 16, 16], "texture": "#0"},
				"down": {"uv": [0, 0, 12, 11], "texture": "#0"}
			}
		},
		{
			"from": [13, 13, 1],
			"to": [15, 14, 12],
			"faces": {
				"north": {"uv": [0, 0, 2, 1], "texture": "#0"},
				"east": {"uv": [0, 0, 11, 1], "texture": "#0"},
				"south": {"uv": [0, 0, 2, 1], "texture": "#0"},
				"west": {"uv": [0, 0, 11, 1], "texture": "#0"},
				"up": {"uv": [0, 0, 2, 11], "texture": "#0"},
				"down": {"uv": [0, 0, 2, 11], "texture": "#0"}
			}
		},
		{
			"from": [1, 13, 1],
			"to": [3, 14, 12],
			"rotation": {"angle": 0, "axis": "y", "origin": [16, 0, 0]},
			"faces": {
				"north": {"uv": [2, 0, 0, 1], "texture": "#0"},
				"east": {"uv": [11, 0, 0, 1], "texture": "#0"},
				"south": {"uv": [2, 0, 0, 1], "texture": "#0"},
				"west": {"uv": [11, 0, 0, 1], "texture": "#0"},
				"up": {"uv": [2, 0, 0, 11], "texture": "#0"},
				"down": {"uv": [2, 0, 0, 11], "texture": "#0"}
			}
		},
		{
			"from": [2, 9, 2],
			"to": [3, 13, 3],
			"rotation": {"angle": 0, "axis": "y", "origin": [16, 0, 0]},
			"faces": {
				"north": {"uv": [2, 0, 3, 4], "texture": "#0"},
				"east": {"uv": [5, 0, 6, 4], "texture": "#0"},
				"south": {"uv": [2, 0, 3, 4], "texture": "#0"},
				"west": {"uv": [5, 0, 6, 4], "texture": "#0"},
				"up": {"uv": [2, 0, 3, 1], "texture": "#0"},
				"down": {"uv": [2, 0, 3, 1], "texture": "#0"}
			}
		},
		{
			"from": [13, 9, 2],
			"to": [14, 13, 3],
			"faces": {
				"north": {"uv": [3, 0, 2, 4], "texture": "#0"},
				"east": {"uv": [6, 0, 5, 4], "texture": "#0"},
				"south": {"uv": [3, 0, 2, 4], "texture": "#0"},
				"west": {"uv": [6, 0, 5, 4], "texture": "#0"},
				"up": {"uv": [3, 0, 2, 1], "texture": "#0"},
				"down": {"uv": [3, 0, 2, 1], "texture": "#0"}
			}
		},
		{
			"from": [6.5, 9, 11],
			"to": [9.5, 14, 12],
			"rotation": {"angle": 0, "axis": "y", "origin": [0.5, 0, 0]},
			"faces": {
				"north": {"uv": [0, 0, 3, 5], "texture": "#0"},
				"east": {"uv": [0, 0, 1, 5], "texture": "#0"},
				"south": {"uv": [0, 0, 3, 5], "texture": "#0"},
				"west": {"uv": [0, 0, 1, 5], "texture": "#0"},
				"up": {"uv": [0, 0, 3, 1], "texture": "#0"},
				"down": {"uv": [0, 0, 3, 1], "texture": "#0"}
			}
		},
		{
			"from": [3, 9, 11],
			"to": [5, 14, 12],
			"faces": {
				"north": {"uv": [0, 0, 2, 5], "texture": "#0"},
				"east": {"uv": [0, 0, 1, 5], "texture": "#0"},
				"south": {"uv": [0, 0, 2, 5], "texture": "#0"},
				"west": {"uv": [0, 0, 1, 5], "texture": "#0"},
				"up": {"uv": [0, 0, 2, 1], "texture": "#0"},
				"down": {"uv": [0, 0, 2, 1], "texture": "#0"}
			}
		},
		{
			"from": [11, 9, 11],
			"to": [13, 14, 12],
			"faces": {
				"north": {"uv": [0, 0, 2, 5], "texture": "#0"},
				"east": {"uv": [0, 0, 1, 5], "texture": "#0"},
				"south": {"uv": [0, 0, 2, 5], "texture": "#0"},
				"west": {"uv": [0, 0, 1, 5], "texture": "#0"},
				"up": {"uv": [0, 0, 2, 1], "texture": "#0"},
				"down": {"uv": [0, 0, 2, 1], "texture": "#0"}
			}
		},
		{
			"from": [6.5, 19.24846, 6.6142],
			"to": [9.5, 30.24846, 7.6142],
			"rotation": {"angle": 22.5, "axis": "x", "origin": [0.5, 5.59979, -4.3858]},
			"faces": {
				"north": {"uv": [0, 0, 3, 11], "texture": "#0"},
				"east": {"uv": [0, 0, 1, 11], "texture": "#0"},
				"south": {"uv": [0, 0, 3, 11], "texture": "#0"},
				"west": {"uv": [0, 0, 1, 11], "texture": "#0"},
				"up": {"uv": [0, 0, 3, 1], "texture": "#0"},
				"down": {"uv": [0, 0, 3, 1], "texture": "#0"}
			}
		},
		{
			"from": [3.5, 28.24846, 6.6142],
			"to": [12.5, 31.24846, 7.6142],
			"rotation": {"angle": 22.5, "axis": "x", "origin": [0.5, 6.59979, -4.3858]},
			"faces": {
				"north": {"uv": [0, 0, 9, 3], "texture": "#0"},
				"east": {"uv": [0, 0, 1, 3], "texture": "#0"},
				"south": {"uv": [0, 0, 9, 3], "texture": "#0"},
				"west": {"uv": [0, 0, 1, 3], "texture": "#0"},
				"up": {"uv": [0, 0, 9, 1], "texture": "#0"},
				"down": {"uv": [0, 0, 9, 1], "texture": "#0"}
			}
		},
		{
			"from": [2, 19.24846, 6.6142],
			"to": [5, 30.24846, 7.6142],
			"rotation": {"angle": 22.5, "axis": "x", "origin": [0.5, 5.59979, -4.3858]},
			"faces": {
				"north": {"uv": [0, 0, 3, 11], "texture": "#0"},
				"east": {"uv": [0, 0, 1, 11], "texture": "#0"},
				"south": {"uv": [0, 0, 3, 11], "texture": "#0"},
				"west": {"uv": [0, 0, 1, 11], "texture": "#0"},
				"up": {"uv": [0, 0, 3, 1], "texture": "#0"},
				"down": {"uv": [0, 0, 3, 1], "texture": "#0"}
			}
		},
		{
			"from": [11, 19.24846, 6.6142],
			"to": [14, 30.24846, 7.6142],
			"rotation": {"angle": 22.5, "axis": "x", "origin": [0.5, 5.59979, -4.3858]},
			"faces": {
				"north": {"uv": [0, 0, 3, 11], "texture": "#0"},
				"east": {"uv": [0, 0, 1, 11], "texture": "#0"},
				"south": {"uv": [0, 0, 3, 11], "texture": "#0"},
				"west": {"uv": [0, 0, 1, 11], "texture": "#0"},
				"up": {"uv": [0, 0, 3, 1], "texture": "#0"},
				"down": {"uv": [0, 0, 3, 1], "texture": "#0"}
			}
		},
		{
			"from": [3, 0, 2],
			"to": [4, 8, 3],
			"faces": {
				"north": {"uv": [0, 0, 1, 8], "texture": "#0"},
				"east": {"uv": [0, 0, 1, 8], "texture": "#0"},
				"south": {"uv": [0, 0, 1, 8], "texture": "#0"},
				"west": {"uv": [0, 0, 1, 8], "texture": "#0"},
				"up": {"uv": [0, 0, 1, 1], "texture": "#0"},
				"down": {"uv": [0, 0, 1, 1], "texture": "#0"}
			}
		},
		{
			"from": [3, 0, 10],
			"to": [4, 8, 11],
			"faces": {
				"north": {"uv": [0, 0, 1, 8], "texture": "#0"},
				"east": {"uv": [0, 0, 1, 8], "texture": "#0"},
				"south": {"uv": [0, 0, 1, 8], "texture": "#0"},
				"west": {"uv": [0, 0, 1, 8], "texture": "#0"},
				"up": {"uv": [0, 0, 1, 1], "texture": "#0"},
				"down": {"uv": [0, 0, 1, 1], "texture": "#0"}
			}
		},
		{
			"from": [12, 0, 10],
			"to": [13, 8, 11],
			"rotation": {"angle": 0, "axis": "y", "origin": [16, 0, 0]},
			"faces": {
				"north": {"uv": [1, 0, 0, 8], "texture": "#0"},
				"east": {"uv": [1, 0, 0, 8], "texture": "#0"},
				"south": {"uv": [1, 0, 0, 8], "texture": "#0"},
				"west": {"uv": [1, 0, 0, 8], "texture": "#0"},
				"up": {"uv": [1, 0, 0, 1], "texture": "#0"},
				"down": {"uv": [1, 0, 0, 1], "texture": "#0"}
			}
		},
		{
			"from": [12, 0, 2],
			"to": [13, 8, 3],
			"rotation": {"angle": 0, "axis": "y", "origin": [16, 0, 0]},
			"faces": {
				"north": {"uv": [1, 0, 0, 8], "texture": "#0"},
				"east": {"uv": [1, 0, 0, 8], "texture": "#0"},
				"south": {"uv": [1, 0, 0, 8], "texture": "#0"},
				"west": {"uv": [1, 0, 0, 8], "texture": "#0"},
				"up": {"uv": [1, 0, 0, 1], "texture": "#0"},
				"down": {"uv": [1, 0, 0, 1], "texture": "#0"}
			}
		}
	],
	"display": {
		"thirdperson_righthand": {
			"scale": [0.2, 0.2, 0.2]
		},
		"thirdperson_lefthand": {
			"scale": [0.2, 0.2, 0.2]
		},
		"firstperson_righthand": {
			"rotation": [0, -180, 0],
			"scale": [0.2, 0.2, 0.2]
		},
		"firstperson_lefthand": {
			"rotation": [0, -180, 0],
			"scale": [0.2, 0.2, 0.2]
		},
		"ground": {
			"scale": [0.4, 0.4, 0.4]
		},
		"gui": {
			"rotation": [-148.54, 20.95, 170.28],
			"translation": [0, -2, 0],
			"scale": [0.5, 0.5, 0.5]
		},
		"head": {
			"scale": [0, 0, 0]
		},
		"fixed": {
			"rotation": [-90, 0, 0],
			"translation": [0, 0, -15.75],
			"scale": [2, 2, 2]
		}
	},
	"groups": [
		{
			"name": "group",
			"origin": [8, 8, 8],
			"color": 0,
			"children": [0, 1, 2, 3, 4, 5, 6, 7, 8, 9, 10, 11, 12, 13, 14, 15]
		}
	]
}