{
	"credit": "Made with Blockbench",
	"texture_size": [64, 64],
	"textures": {
		"1": "deco/chair_1_under",
		"2": "deco/chair_2",
		"particle": "deco/chair_2"
	},
	"elements": [
		{
			"from": [2, 7, 2],
			"to": [14, 10, 14],
			"faces": {
				"north": {"uv": [3, 5, 6, 5.75], "texture": "#2"},
				"east": {"uv": [3, 5.75, 6, 6.5], "texture": "#2"},
				"south": {"uv": [0, 6, 3, 6.75], "texture": "#2"},
				"west": {"uv": [6, 0, 9, 0.75], "texture": "#2"},
				"up": {"uv": [3, 3, 0, 0], "texture": "#2"},
				"down": {"uv": [3, 3, 0, 6], "texture": "#2"}
			}
		},
		{
			"from": [7, 5, 7],
			"to": [9, 7, 9],
			"faces": {
				"north": {"uv": [6, 9.5, 7, 10.5], "texture": "#1"},
				"east": {"uv": [9, 9.5, 10, 10.5], "texture": "#1"},
				"south": {"uv": [0, 10, 1, 11], "texture": "#1"},
				"west": {"uv": [1, 10, 2, 11], "texture": "#1"},
				"up": {"uv": [3, 11, 2, 10], "texture": "#1"},
				"down": {"uv": [4, 10, 3, 11], "texture": "#1"}
			}
		},
		{
			"from": [7.5, 2, 7.5],
			"to": [8.5, 5, 8.5],
			"rotation": {"angle": 0, "axis": "y", "origin": [-0.5, 0, 0]},
			"faces": {
				"north": {"uv": [9, 11, 9.5, 12.5], "texture": "#1"},
				"east": {"uv": [9.5, 11, 10, 12.5], "texture": "#1"},
				"south": {"uv": [10, 11, 10.5, 12.5], "texture": "#1"},
				"west": {"uv": [10.5, 11, 11, 12.5], "texture": "#1"},
				"up": {"uv": [7.5, 10, 7, 9.5], "texture": "#1"},
				"down": {"uv": [9, 10, 8.5, 10.5], "texture": "#1"}
			}
		},
		{
			"from": [7.3, 0, 12.2],
			"to": [8.7, 1, 13.3],
			"rotation": {"angle": 0, "axis": "y", "origin": [-0.5, -2, 5]},
			"faces": {
				"north": {"uv": [11.5, 8, 12, 8.5], "texture": "#1"},
				"east": {"uv": [8.5, 11.5, 9, 12], "texture": "#1"},
				"south": {"uv": [11.5, 8.5, 12, 9], "texture": "#1"},
				"west": {"uv": [11.5, 9, 12, 9.5], "texture": "#1"},
				"up": {"uv": [12, 10, 11.5, 9.5], "texture": "#1"},
				"down": {"uv": [12, 10, 11.5, 10.5], "texture": "#1"}
			}
		},
		{
			"from": [7.3, 0, 2.7],
			"to": [8.7, 1, 3.8],
			"rotation": {"angle": 0, "axis": "y", "origin": [-0.5, -2, 11]},
			"faces": {
				"north": {"uv": [1, 11.5, 1.5, 12], "texture": "#1"},
				"east": {"uv": [1.5, 11.5, 2, 12], "texture": "#1"},
				"south": {"uv": [2, 11.5, 2.5, 12], "texture": "#1"},
				"west": {"uv": [11.5, 2, 12, 2.5], "texture": "#1"},
				"up": {"uv": [3, 12, 2.5, 11.5], "texture": "#1"},
				"down": {"uv": [12, 2.5, 11.5, 3], "texture": "#1"}
			}
		},
		{
			"from": [12.2, 0, 7.3],
			"to": [13.3, 1, 8.7],
			"rotation": {"angle": 0, "axis": "y", "origin": [8, 0, 8]},
			"faces": {
				"north": {"uv": [11.5, 3.5, 12, 4], "texture": "#1"},
				"east": {"uv": [4, 11.5, 4.5, 12], "texture": "#1"},
				"south": {"uv": [11.5, 4, 12, 4.5], "texture": "#1"},
				"west": {"uv": [4.5, 11.5, 5, 12], "texture": "#1"},
				"up": {"uv": [12, 5, 11.5, 4.5], "texture": "#1"},
				"down": {"uv": [12, 5, 11.5, 5.5], "texture": "#1"}
			}
		},
		{
			"from": [2.7, 0, 7.3],
			"to": [3.8, 1, 8.7],
			"rotation": {"angle": 0, "axis": "y", "origin": [8, 0, 8]},
			"faces": {
				"north": {"uv": [11.5, 6, 12, 6.5], "texture": "#1"},
				"east": {"uv": [6.5, 11.5, 7, 12], "texture": "#1"},
				"south": {"uv": [11.5, 6.5, 12, 7], "texture": "#1"},
				"west": {"uv": [7, 11.5, 7.5, 12], "texture": "#1"},
				"up": {"uv": [12, 7.5, 11.5, 7], "texture": "#1"},
				"down": {"uv": [8, 11.5, 7.5, 12], "texture": "#1"}
			}
		},
		{
			"from": [7.5, 1.92388, 2.51732],
			"to": [8.5, 2.92388, 7.51732],
			"rotation": {"angle": -22.5, "axis": "x", "origin": [8.5, 2.92388, 6.51732]},
			"faces": {
				"north": {"uv": [0, 11.5, 0.5, 12], "texture": "#1"},
				"east": {"uv": [9, 2, 11.5, 2.5], "texture": "#1"},
				"south": {"uv": [0.5, 11.5, 1, 12], "texture": "#1"},
				"west": {"uv": [9, 2.5, 11.5, 3], "texture": "#1"},
				"up": {"uv": [9.5, 5.5, 9, 3], "texture": "#1"},
				"down": {"uv": [5, 9, 4.5, 11.5], "texture": "#1"}
			}
		},
		{
			"from": [7.5, 1.92388, 8.48268],
			"to": [8.5, 2.92388, 13.48268],
			"rotation": {"angle": 22.5, "axis": "x", "origin": [8.5, 2.92388, 9.48268]},
			"faces": {
				"north": {"uv": [11.5, 7.5, 12, 8], "texture": "#1"},
				"east": {"uv": [9, 9, 11.5, 9.5], "texture": "#1"},
				"south": {"uv": [8, 11.5, 8.5, 12], "texture": "#1"},
				"west": {"uv": [9.5, 3, 12, 3.5], "texture": "#1"},
				"up": {"uv": [5.5, 12, 5, 9.5], "texture": "#1"},
				"down": {"uv": [6, 9.5, 5.5, 12], "texture": "#1"}
			}
		},
		{
			"from": [2.5, 1.92388, 7.48268],
			"to": [7.5, 2.92388, 8.48268],
			"rotation": {"angle": 22.5, "axis": "z", "origin": [6.5, 2.92388, 8.48268]},
			"faces": {
				"north": {"uv": [9, 7, 11.5, 7.5], "texture": "#1"},
				"east": {"uv": [11.5, 5.5, 12, 6], "texture": "#1"},
				"south": {"uv": [9, 7.5, 11.5, 8], "texture": "#1"},
				"west": {"uv": [6, 11.5, 6.5, 12], "texture": "#1"},
				"up": {"uv": [11.5, 8.5, 9, 8], "texture": "#1"},
				"down": {"uv": [11.5, 8.5, 9, 9], "texture": "#1"}
			}
		},
		{
			"from": [8.5, 1.92388, 7.48268],
			"to": [13.5, 2.92388, 8.48268],
			"rotation": {"angle": -22.5, "axis": "z", "origin": [9.5, 2.92388, 8.48268]},
			"faces": {
				"north": {"uv": [5, 9, 7.5, 9.5], "texture": "#1"},
				"east": {"uv": [3, 11.5, 3.5, 12], "texture": "#1"},
				"south": {"uv": [9, 5.5, 11.5, 6], "texture": "#1"},
				"west": {"uv": [3.5, 11.5, 4, 12], "texture": "#1"},
				"up": {"uv": [11.5, 6.5, 9, 6], "texture": "#1"},
				"down": {"uv": [11.5, 6.5, 9, 7], "texture": "#1"}
			}
		},
		{
			"from": [4, 7, 1.5],
			"to": [12, 10, 2],
			"rotation": {"angle": 0, "axis": "y", "origin": [0, 0, -1]},
			"faces": {
				"north": {"uv": [2, 7.25, 4, 8], "texture": "#2"},
				"east": {"uv": [8, 8, 8.125, 8.75], "texture": "#2"},
				"south": {"uv": [0, 7.5, 2, 8.25], "texture": "#2"},
				"west": {"uv": [0, 8.25, 0.125, 9], "texture": "#2"},
				"up": {"uv": [7, 8.125, 5, 8], "texture": "#2"},
				"down": {"uv": [10, 5, 8, 5.125], "texture": "#2"}
			}
		},
		{
			"from": [4, 7, 14],
			"to": [12, 10, 15],
			"rotation": {"angle": 0, "axis": "y", "origin": [0, 0, 1]},
			"faces": {
				"north": {"uv": [6, 5.25, 8, 6], "texture": "#2"},
				"east": {"uv": [8, 5.25, 8.25, 6], "texture": "#2"},
				"south": {"uv": [6, 6, 8, 6.75], "texture": "#2"},
				"west": {"uv": [8, 6, 8.25, 6.75], "texture": "#2"},
				"up": {"uv": [10, 4, 8, 3.75], "texture": "#2"},
				"down": {"uv": [10, 4, 8, 4.25], "texture": "#2"}
			}
		},
		{
			"from": [6, 8, 15],
			"to": [10, 13, 16.3],
			"rotation": {"angle": 0, "axis": "y", "origin": [0, 1, 2]},
			"faces": {
				"north": {"uv": [4.5, 5, 6.5, 7.5], "texture": "#1"},
				"east": {"uv": [7.5, 7.5, 8, 10], "texture": "#1"},
				"south": {"uv": [5.5, 0, 7.5, 2.5], "texture": "#1"},
				"west": {"uv": [8, 7.5, 8.5, 10], "texture": "#1"},
				"up": {"uv": [11.5, 5, 9.5, 4.5], "texture": "#1"},
				"down": {"uv": [11.5, 5, 9.5, 5.5], "texture": "#1"}
			}
		},
		{
			"from": [5.9, 18.50773, 13.31078],
			"to": [10.1, 28.50773, 14.71078],
			"rotation": {"angle": 22.5, "axis": "x", "origin": [0, 11.50773, 0.31078]},
			"faces": {
				"north": {"uv": [0, 0, 2, 5], "texture": "#1"},
				"east": {"uv": [6.5, 2.5, 7, 7.5], "texture": "#1"},
				"south": {"uv": [2, 0, 4, 5], "texture": "#1"},
				"west": {"uv": [7, 2.5, 7.5, 7.5], "texture": "#1"},
				"up": {"uv": [11.5, 4, 9.5, 3.5], "texture": "#1"},
				"down": {"uv": [11.5, 4, 9.5, 4.5], "texture": "#1"}
			}
		},
		{
			"from": [4, 15.15016, 13.37647],
			"to": [12, 19, 15.37647],
			"rotation": {"angle": 22.5, "axis": "x", "origin": [12, 11.50773, 14.31078]},
			"faces": {
				"north": {"uv": [6, 0.75, 8, 1.75], "texture": "#2"},
				"east": {"uv": [8, 1.75, 8.5, 2.75], "texture": "#2"},
				"south": {"uv": [6, 1.75, 8, 2.75], "texture": "#2"},
				"west": {"uv": [2, 8, 2.5, 9], "texture": "#2"},
				"up": {"uv": [10, 1.25, 8, 0.75], "texture": "#2"},
				"down": {"uv": [10, 1.25, 8, 1.75], "texture": "#2"}
			}
		},
		{
			"from": [2, 18.93531, 13.70169],
			"to": [14, 28.78515, 15.70169],
			"rotation": {"angle": 22.5, "axis": "x", "origin": [12, 12.29288, 14.636]},
			"faces": {
				"north": {"uv": [3, 0, 6, 2.5], "texture": "#2"},
				"east": {"uv": [4, 7.25, 4.5, 9.75], "texture": "#2"},
				"south": {"uv": [3, 2.5, 6, 5], "texture": "#2"},
				"west": {"uv": [4.5, 7.25, 5, 9.75], "texture": "#2"},
				"up": {"uv": [9, 3.25, 6, 2.75], "texture": "#2"},
				"down": {"uv": [9, 3.25, 6, 3.75], "texture": "#2"}
			}
		},
		{
			"from": [4, 28.79658, 13.64422],
			"to": [12, 31.64642, 15.64422],
			"rotation": {"angle": 22.5, "axis": "x", "origin": [12, 12.15415, 14.57854]},
			"faces": {
				"north": {"uv": [6, 3.75, 8, 4.5], "texture": "#2"},
				"east": {"uv": [3.5, 8, 4, 8.75], "texture": "#2"},
				"south": {"uv": [6, 4.5, 8, 5.25], "texture": "#2"},
				"west": {"uv": [8, 4.25, 8.5, 5], "texture": "#2"},
				"up": {"uv": [7, 8, 5, 7.5], "texture": "#2"},
				"down": {"uv": [9, 7.5, 7, 8], "texture": "#2"}
			}
		},
		{
			"from": [1, 7, 4],
			"to": [2, 10, 12],
			"rotation": {"angle": 0, "axis": "y", "origin": [-1, 0, 0]},
			"faces": {
				"north": {"uv": [7, 8, 7.25, 8.75], "texture": "#2"},
				"east": {"uv": [3, 6.5, 5, 7.25], "texture": "#2"},
				"south": {"uv": [7.25, 8, 7.5, 8.75], "texture": "#2"},
				"west": {"uv": [0, 6.75, 2, 7.5], "texture": "#2"},
				"up": {"uv": [2.75, 10, 2.5, 8], "texture": "#2"},
				"down": {"uv": [3, 8, 2.75, 10], "texture": "#2"}
			}
		},
		{
			"from": [0, 9, 6],
			"to": [1, 14, 8],
			"rotation": {"angle": 0, "axis": "y", "origin": [-2, 3, 0]},
			"faces": {
				"north": {"uv": [0, 0, 0.5, 2.5], "texture": "#1"},
				"east": {"uv": [0, 0, 1, 2.5], "texture": "#1"},
				"south": {"uv": [0, 0, 0.5, 2.5], "texture": "#1"},
				"west": {"uv": [0, 0, 1, 2.5], "texture": "#1"},
				"up": {"uv": [0, 0, 0.5, 1], "texture": "#1"},
				"down": {"uv": [0, 0, 0.5, 1], "texture": "#1"}
			}
		},
		{
			"from": [-1, 14, 3],
			"to": [2, 15, 13],
			"rotation": {"angle": 0, "axis": "y", "origin": [-2, 7, 0]},
			"faces": {
				"north": {"uv": [7, 10, 8.5, 10.5], "texture": "#1"},
				"east": {"uv": [7.5, 0, 12.5, 0.5], "texture": "#1"},
				"south": {"uv": [10, 9.5, 11.5, 10], "texture": "#1"},
				"west": {"uv": [7.5, 0.5, 12.5, 1], "texture": "#1"},
				"up": {"uv": [5.5, 5, 4, 0], "texture": "#1"},
				"down": {"uv": [1.5, 5, 0, 10], "texture": "#1"}
			}
		},
		{
			"from": [-1, 12.31286, 3.51819],
			"to": [2, 13.31286, 6.51819],
			"rotation": {"angle": -22.5, "axis": "x", "origin": [-2, 5.31286, 0.51819]},
			"faces": {
				"north": {"uv": [10, 10, 11.5, 10.5], "texture": "#1"},
				"east": {"uv": [6, 10.5, 7.5, 11], "texture": "#1"},
				"south": {"uv": [7.5, 10.5, 9, 11], "texture": "#1"},
				"west": {"uv": [9, 10.5, 10.5, 11], "texture": "#1"},
				"up": {"uv": [6, 9, 4.5, 7.5], "texture": "#1"},
				"down": {"uv": [9, 4.5, 7.5, 6], "texture": "#1"}
			}
		},
		{
			"from": [15, 9, 6],
			"to": [16, 14, 8],
			"rotation": {"angle": 0, "axis": "y", "origin": [18, 3, 0]},
			"faces": {
				"north": {"uv": [8.5, 2, 9, 4.5], "texture": "#1"},
				"east": {"uv": [5.5, 2.5, 6.5, 5], "texture": "#1"},
				"south": {"uv": [8.5, 7.5, 9, 10], "texture": "#1"},
				"west": {"uv": [7.5, 2, 8.5, 4.5], "texture": "#1"},
				"up": {"uv": [4.5, 11, 4, 10], "texture": "#1"},
				"down": {"uv": [11.5, 11, 11, 12], "texture": "#1"}
			}
		},
		{
			"from": [14, 14, 3],
			"to": [17, 15, 13],
			"rotation": {"angle": 0, "axis": "y", "origin": [18, 7, 0]},
			"faces": {
				"north": {"uv": [10.5, 10.5, 12, 11], "texture": "#1"},
				"east": {"uv": [7.5, 1, 12.5, 1.5], "texture": "#1"},
				"south": {"uv": [0, 11, 1.5, 11.5], "texture": "#1"},
				"west": {"uv": [7.5, 1.5, 12.5, 2], "texture": "#1"},
				"up": {"uv": [3, 10, 1.5, 5], "texture": "#1"},
				"down": {"uv": [4.5, 5, 3, 10], "texture": "#1"}
			}
		},
		{
			"from": [14, 12.31286, 3.51819],
			"to": [17, 13.31286, 6.51819],
			"rotation": {"angle": -22.5, "axis": "x", "origin": [18, 5.31286, 0.51819]},
			"faces": {
				"north": {"uv": [1.5, 11, 3, 11.5], "texture": "#1"},
				"east": {"uv": [3, 11, 4.5, 11.5], "texture": "#1"},
				"south": {"uv": [6, 11, 7.5, 11.5], "texture": "#1"},
				"west": {"uv": [7.5, 11, 9, 11.5], "texture": "#1"},
				"up": {"uv": [7.5, 9, 6, 7.5], "texture": "#1"},
				"down": {"uv": [9, 6, 7.5, 7.5], "texture": "#1"}
			}
		},
		{
			"from": [14, 7, 4],
			"to": [15, 10, 12],
			"rotation": {"angle": 0, "axis": "y", "origin": [17, 0, 0]},
			"faces": {
				"north": {"uv": [7.5, 8, 7.75, 8.75], "texture": "#2"},
				"east": {"uv": [5, 6.75, 7, 7.5], "texture": "#2"},
				"south": {"uv": [7.75, 8, 8, 8.75], "texture": "#2"},
				"west": {"uv": [7, 6.75, 9, 7.5], "texture": "#2"},
				"up": {"uv": [3.25, 10, 3, 8], "texture": "#2"},
				"down": {"uv": [3.5, 8, 3.25, 10], "texture": "#2"}
			}
		}
	],
	"display": {
		"thirdperson_righthand": {
			"rotation": [21, 11, 0],
			"scale": [0.4, 0.4, 0.4]
		},
		"thirdperson_lefthand": {
			"rotation": [21, 11, 0],
			"scale": [0.4, 0.4, 0.4]
		},
		"firstperson_righthand": {
			"rotation": [21, 11, 0],
			"scale": [0.4, 0.4, 0.4]
		},
		"firstperson_lefthand": {
			"rotation": [21, 11, 0],
			"scale": [0.4, 0.4, 0.4]
		},
		"ground": {
			"rotation": [21, 11, 0],
			"scale": [0.4, 0.4, 0.4]
		},
		"gui": {
			"rotation": [21, 11, 0],
			"scale": [0.4, 0.4, 0.4]
		},
		"head": {
			"rotation": [21, 11, 0],
			"translation": [0, 0, -0.5],
			"scale": [0.3, 0.3, 0.3]
		},
		"fixed": {
			"rotation": [-90, 0, 0],
			"translation": [0, 0, -16],
			"scale": [2, 2, 2]
		}
	}
}