{
	"credit": "Made with Blockbench",
	"texture_size": [32, 32],
	"textures": {
		"0": "deco/chair_5",
		"particle": "deco/chair_5"
	},
	"elements": [
		{
			"from": [3, 8, 3],
			"to": [13, 9, 13],
			"rotation": {"angle": 0, "axis": "y", "origin": [0, 8, 3]},
			"faces": {
				"north": {"uv": [5, 5, 10, 5.5], "texture": "#0"},
				"east": {"uv": [5, 5.5, 10, 6], "texture": "#0"},
				"south": {"uv": [5, 6, 10, 6.5], "texture": "#0"},
				"west": {"uv": [5, 6.5, 10, 7], "texture": "#0"},
				"up": {"uv": [5, 5, 0, 0], "texture": "#0"},
				"down": {"uv": [5, 5, 0, 10], "texture": "#0"}
			}
		},
		{
			"from": [2, 0, 3],
			"to": [3, 9, 4],
			"rotation": {"angle": 0, "axis": "y", "origin": [0, 8, 3]},
			"faces": {
				"north": {"uv": [9, 8, 9.5, 12.5], "texture": "#0"},
				"east": {"uv": [9.5, 8, 10, 12.5], "texture": "#0"},
				"south": {"uv": [0, 10, 0.5, 14.5], "texture": "#0"},
				"west": {"uv": [10, 0, 10.5, 4.5], "texture": "#0"},
				"up": {"uv": [10.5, 7, 10, 6.5], "texture": "#0"},
				"down": {"uv": [11, 6.5, 10.5, 7], "texture": "#0"}
			}
		},
		{
			"from": [2, 0, 12],
			"to": [3, 9, 13],
			"rotation": {"angle": 0, "axis": "y", "origin": [0, 8, 12]},
			"faces": {
				"north": {"uv": [0.5, 10, 1, 14.5], "texture": "#0"},
				"east": {"uv": [1, 10, 1.5, 14.5], "texture": "#0"},
				"south": {"uv": [1.5, 10, 2, 14.5], "texture": "#0"},
				"west": {"uv": [2, 10, 2.5, 14.5], "texture": "#0"},
				"up": {"uv": [11.5, 4.5, 11, 4], "texture": "#0"},
				"down": {"uv": [11.5, 6.5, 11, 7], "texture": "#0"}
			}
		},
		{
			"from": [2, 8, 12.9],
			"to": [3, 9, 13.9],
			"rotation": {"angle": -45, "axis": "x", "origin": [0, 8, 12.9]},
			"faces": {
				"north": {"uv": [11.5, 4, 12, 4.5], "texture": "#0"},
				"east": {"uv": [11.5, 6.5, 12, 7], "texture": "#0"},
				"south": {"uv": [12, 2.5, 12.5, 3], "texture": "#0"},
				"west": {"uv": [12, 3, 12.5, 3.5], "texture": "#0"},
				"up": {"uv": [12.5, 4, 12, 3.5], "texture": "#0"},
				"down": {"uv": [12.5, 4, 12, 4.5], "texture": "#0"}
			}
		},
		{
			"from": [2, 8.70711, 12.60711],
			"to": [3, 9.70711, 13.60711],
			"rotation": {"angle": 22.5, "axis": "x", "origin": [0, 8.70711, 13.60711]},
			"faces": {
				"north": {"uv": [5.5, 12, 6, 12.5], "texture": "#0"},
				"east": {"uv": [6, 12, 6.5, 12.5], "texture": "#0"},
				"south": {"uv": [6.5, 12, 7, 12.5], "texture": "#0"},
				"west": {"uv": [12, 6.5, 12.5, 7], "texture": "#0"},
				"up": {"uv": [7.5, 12.5, 7, 12], "texture": "#0"},
				"down": {"uv": [8, 12, 7.5, 12.5], "texture": "#0"}
			}
		},
		{
			"from": [13, 8.70711, 12.60711],
			"to": [14, 9.70711, 13.60711],
			"rotation": {"angle": 22.5, "axis": "x", "origin": [16, 8.70711, 13.60711]},
			"faces": {
				"north": {"uv": [8, 12, 8.5, 12.5], "texture": "#0"},
				"east": {"uv": [12, 8, 12.5, 8.5], "texture": "#0"},
				"south": {"uv": [8.5, 12, 9, 12.5], "texture": "#0"},
				"west": {"uv": [12, 8.5, 12.5, 9], "texture": "#0"},
				"up": {"uv": [12.5, 9.5, 12, 9], "texture": "#0"},
				"down": {"uv": [12.5, 9.5, 12, 10], "texture": "#0"}
			}
		},
		{
			"from": [13, 8, 12.9],
			"to": [14, 9, 13.9],
			"rotation": {"angle": -45, "axis": "x", "origin": [16, 8, 12.9]},
			"faces": {
				"north": {"uv": [12, 10, 12.5, 10.5], "texture": "#0"},
				"east": {"uv": [12, 10.5, 12.5, 11], "texture": "#0"},
				"south": {"uv": [11, 12, 11.5, 12.5], "texture": "#0"},
				"west": {"uv": [12, 11, 12.5, 11.5], "texture": "#0"},
				"up": {"uv": [12, 12.5, 11.5, 12], "texture": "#0"},
				"down": {"uv": [12.5, 11.5, 12, 12], "texture": "#0"}
			}
		},
		{
			"from": [2, 9.6, 13],
			"to": [3, 20, 14],
			"rotation": {"angle": 0, "axis": "y", "origin": [0, 18, 13]},
			"faces": {
				"north": {"uv": [5, 7, 5.5, 12], "texture": "#0"},
				"east": {"uv": [5.5, 7, 6, 12], "texture": "#0"},
				"south": {"uv": [6, 7, 6.5, 12], "texture": "#0"},
				"west": {"uv": [6.5, 7, 7, 12], "texture": "#0"},
				"up": {"uv": [12.5, 12.5, 12, 12], "texture": "#0"},
				"down": {"uv": [13, 0, 12.5, 0.5], "texture": "#0"}
			}
		},
		{
			"from": [13, 9.6, 13],
			"to": [14, 20, 14],
			"rotation": {"angle": 0, "axis": "y", "origin": [16, 18, 13]},
			"faces": {
				"north": {"uv": [7, 7, 7.5, 12], "texture": "#0"},
				"east": {"uv": [7.5, 7, 8, 12], "texture": "#0"},
				"south": {"uv": [8, 7, 8.5, 12], "texture": "#0"},
				"west": {"uv": [8.5, 7, 9, 12], "texture": "#0"},
				"up": {"uv": [13, 1, 12.5, 0.5], "texture": "#0"},
				"down": {"uv": [13, 1, 12.5, 1.5], "texture": "#0"}
			}
		},
		{
			"from": [3, 15, 13],
			"to": [13, 20, 14],
			"rotation": {"angle": 0, "axis": "y", "origin": [14.9, 18, 13]},
			"faces": {
				"north": {"uv": [5, 0, 10, 2.5], "texture": "#0"},
				"east": {"uv": [12, 0, 12.5, 2.5], "texture": "#0"},
				"south": {"uv": [5, 2.5, 10, 5], "texture": "#0"},
				"west": {"uv": [5, 12, 5.5, 14.5], "texture": "#0"},
				"up": {"uv": [14, 7.5, 9, 7], "texture": "#0"},
				"down": {"uv": [14, 7.5, 9, 8], "texture": "#0"}
			}
		},
		{
			"from": [2, 8, 4],
			"to": [3, 9, 12],
			"rotation": {"angle": 0, "axis": "y", "origin": [0, 8, 4]},
			"faces": {
				"north": {"uv": [12.5, 1.5, 13, 2], "texture": "#0"},
				"east": {"uv": [10, 4.5, 14, 5], "texture": "#0"},
				"south": {"uv": [12.5, 2, 13, 2.5], "texture": "#0"},
				"west": {"uv": [10, 5, 14, 5.5], "texture": "#0"},
				"up": {"uv": [11.5, 4, 11, 0], "texture": "#0"},
				"down": {"uv": [11.5, 8, 11, 12], "texture": "#0"}
			}
		},
		{
			"from": [13, 0, 12],
			"to": [14, 9, 13],
			"rotation": {"angle": 0, "axis": "y", "origin": [16, 8, 12]},
			"faces": {
				"north": {"uv": [2.5, 10, 3, 14.5], "texture": "#0"},
				"east": {"uv": [3, 10, 3.5, 14.5], "texture": "#0"},
				"south": {"uv": [3.5, 10, 4, 14.5], "texture": "#0"},
				"west": {"uv": [4, 10, 4.5, 14.5], "texture": "#0"},
				"up": {"uv": [13, 3, 12.5, 2.5], "texture": "#0"},
				"down": {"uv": [13, 3, 12.5, 3.5], "texture": "#0"}
			}
		},
		{
			"from": [13, 8, 4],
			"to": [14, 9, 12],
			"rotation": {"angle": 0, "axis": "y", "origin": [16, 8, 4]},
			"faces": {
				"north": {"uv": [12.5, 3.5, 13, 4], "texture": "#0"},
				"east": {"uv": [10, 5.5, 14, 6], "texture": "#0"},
				"south": {"uv": [12.5, 4, 13, 4.5], "texture": "#0"},
				"west": {"uv": [10, 6, 14, 6.5], "texture": "#0"},
				"up": {"uv": [12, 4, 11.5, 0], "texture": "#0"},
				"down": {"uv": [12, 8, 11.5, 12], "texture": "#0"}
			}
		},
		{
			"from": [13, 0, 3],
			"to": [14, 9, 4],
			"rotation": {"angle": 0, "axis": "y", "origin": [16, 8, 3]},
			"faces": {
				"north": {"uv": [4.5, 10, 5, 14.5], "texture": "#0"},
				"east": {"uv": [10, 8, 10.5, 12.5], "texture": "#0"},
				"south": {"uv": [10.5, 0, 11, 4.5], "texture": "#0"},
				"west": {"uv": [10.5, 8, 11, 12.5], "texture": "#0"},
				"up": {"uv": [6, 13, 5.5, 12.5], "texture": "#0"},
				"down": {"uv": [6.5, 12.5, 6, 13], "texture": "#0"}
			}
		}
	],
	"display": {
		"thirdperson_righthand": {
			"scale": [0.2, 0.2, 0.2]
		},
		"thirdperson_lefthand": {
			"scale": [0.2, 0.2, 0.2]
		},
		"firstperson_righthand": {
			"rotation": [0, -180, 0],
			"scale": [0.3, 0.3, 0.3]
		},
		"firstperson_lefthand": {
			"rotation": [0, -180, 0],
			"scale": [0.3, 0.3, 0.3]
		},
		"ground": {
			"translation": [0, 1.5, 0],
			"scale": [0.4, 0.4, 0.4]
		},
		"gui": {
			"rotation": [-148.39, 42.93, 172.67],
			"scale": [0.4, 0.4, 0.4]
		},
		"head": {
			"scale": [0, 0, 0]
		},
		"fixed": {
			"rotation": [-90, 0, 0],
			"translation": [0, 0, -16],
			"scale": [2, 2, 2]
		}
	},
	"groups": [
		{
			"name": "group",
			"origin": [8, 8, 8],
			"color": 0,
			"children": [0, 1, 2, 3, 4, 5, 6, 7, 8, 9, 10, 11, 12, 13]
		}
	]
}