{
	"credit": "Made with Blockbench",
	"texture_size": [64, 64],
	"textures": {
		"0": "deco/chair_11",
		"particle": "deco/chair_11"
	},
	"elements": [
		{
			"from": [2, 6, 3],
			"to": [14, 8, 13],
			"rotation": {"angle": 0, "axis": "y", "origin": [1, 0, 1]},
			"faces": {
				"north": {"uv": [7.5, 2, 10.5, 2.5], "texture": "#0"},
				"east": {"uv": [7.5, 3, 10, 3.5], "texture": "#0"},
				"south": {"uv": [7.5, 2.5, 10.5, 3], "texture": "#0"},
				"west": {"uv": [7.5, 3.5, 10, 4], "texture": "#0"},
				"up": {"uv": [3, 2.5, 0, 0], "texture": "#0"},
				"down": {"uv": [3, 2.5, 0, 5], "texture": "#0"}
			}
		},
		{
			"from": [2.3, 8, 5],
			"to": [3.3, 10, 7],
			"rotation": {"angle": 0, "axis": "y", "origin": [1, 0, 1]},
			"faces": {
				"north": {"uv": [2.75, 5, 3, 5.5], "texture": "#0"},
				"east": {"uv": [10, 4.5, 10.5, 5], "texture": "#0"},
				"south": {"uv": [10.5, 8.5, 10.75, 9], "texture": "#0"},
				"west": {"uv": [10, 10, 10.5, 10.5], "texture": "#0"},
				"up": {"uv": [5.25, 11.25, 5, 10.75], "texture": "#0"},
				"down": {"uv": [5.5, 10.75, 5.25, 11.25], "texture": "#0"}
			}
		},
		{
			"from": [2.3, 11, 4],
			"to": [3.3, 12, 10],
			"rotation": {"angle": 0, "axis": "y", "origin": [1, 0, 1]},
			"faces": {
				"north": {"uv": [9.75, 10.75, 10, 11], "texture": "#0"},
				"east": {"uv": [9, 1.5, 10.5, 1.75], "texture": "#0"},
				"south": {"uv": [10.75, 10, 11, 10.25], "texture": "#0"},
				"west": {"uv": [9, 1.75, 10.5, 2], "texture": "#0"},
				"up": {"uv": [9.25, 10.5, 9, 9], "texture": "#0"},
				"down": {"uv": [9.5, 9, 9.25, 10.5], "texture": "#0"}
			}
		},
		{
			"from": [2.3, 10, 5],
			"to": [3.3, 11, 9],
			"rotation": {"angle": 0, "axis": "y", "origin": [1, 0, 1]},
			"faces": {
				"north": {"uv": [10.75, 10.25, 11, 10.5], "texture": "#0"},
				"east": {"uv": [0, 10.25, 1, 10.5], "texture": "#0"},
				"south": {"uv": [10.5, 10.75, 10.75, 11], "texture": "#0"},
				"west": {"uv": [10.25, 0.5, 11.25, 0.75], "texture": "#0"},
				"up": {"uv": [1.25, 11.25, 1, 10.25], "texture": "#0"},
				"down": {"uv": [1.5, 10.25, 1.25, 11.25], "texture": "#0"}
			}
		},
		{
			"from": [1.3, 12, 4],
			"to": [4.3, 13, 15],
			"rotation": {"angle": 0, "axis": "y", "origin": [1, 0, 1]},
			"faces": {
				"north": {"uv": [10.5, 2, 11.25, 2.25], "texture": "#0"},
				"east": {"uv": [8.5, 6.5, 11.25, 6.75], "texture": "#0"},
				"south": {"uv": [10.5, 2.25, 11.25, 2.5], "texture": "#0"},
				"west": {"uv": [8.5, 6.75, 11.25, 7], "texture": "#0"},
				"up": {"uv": [4.25, 8.25, 3.5, 5.5], "texture": "#0"},
				"down": {"uv": [5, 5.5, 4.25, 8.25], "texture": "#0"}
			}
		},
		{
			"from": [1.3, 11.07615, 7.35549],
			"to": [4.3, 12.07615, 9.35549],
			"rotation": {"angle": -22.5, "axis": "x", "origin": [1, -0.92385, 4.35549]},
			"faces": {
				"north": {"uv": [10.5, 2.5, 11.25, 2.75], "texture": "#0"},
				"east": {"uv": [1.5, 9.75, 2, 10], "texture": "#0"},
				"south": {"uv": [10.5, 2.75, 11.25, 3], "texture": "#0"},
				"west": {"uv": [4, 9.75, 4.5, 10], "texture": "#0"},
				"up": {"uv": [2.75, 5.5, 2, 5], "texture": "#0"},
				"down": {"uv": [10.25, 0.5, 9.5, 1], "texture": "#0"}
			}
		},
		{
			"from": [11.7, 12, 4],
			"to": [14.7, 13, 15],
			"rotation": {"angle": 0, "axis": "y", "origin": [15, 0, 1]},
			"faces": {
				"north": {"uv": [10.5, 3.75, 11.25, 4], "texture": "#0"},
				"east": {"uv": [8.5, 7, 11.25, 7.25], "texture": "#0"},
				"south": {"uv": [10.5, 4, 11.25, 4.25], "texture": "#0"},
				"west": {"uv": [8.5, 7.25, 11.25, 7.5], "texture": "#0"},
				"up": {"uv": [0.75, 9.75, 0, 7], "texture": "#0"},
				"down": {"uv": [1.5, 7, 0.75, 9.75], "texture": "#0"}
			}
		},
		{
			"from": [12.7, 11, 4],
			"to": [13.7, 12, 10],
			"rotation": {"angle": 0, "axis": "y", "origin": [15, 0, 1]},
			"faces": {
				"north": {"uv": [10.75, 10.5, 11, 10.75], "texture": "#0"},
				"east": {"uv": [9, 8.5, 10.5, 8.75], "texture": "#0"},
				"south": {"uv": [10.75, 10.75, 11, 11], "texture": "#0"},
				"west": {"uv": [9.5, 1, 11, 1.25], "texture": "#0"},
				"up": {"uv": [5.75, 11, 5.5, 9.5], "texture": "#0"},
				"down": {"uv": [6, 9.5, 5.75, 11], "texture": "#0"}
			}
		},
		{
			"from": [11.7, 11.07615, 7.35549],
			"to": [14.7, 12.07615, 9.35549],
			"rotation": {"angle": -22.5, "axis": "x", "origin": [15, -0.92385, 4.35549]},
			"faces": {
				"north": {"uv": [10.5, 4.25, 11.25, 4.5], "texture": "#0"},
				"east": {"uv": [10.5, 6.25, 11, 6.5], "texture": "#0"},
				"south": {"uv": [10.5, 4.5, 11.25, 4.75], "texture": "#0"},
				"west": {"uv": [10.75, 5.5, 11.25, 5.75], "texture": "#0"},
				"up": {"uv": [10.25, 8, 9.5, 7.5], "texture": "#0"},
				"down": {"uv": [10.25, 8, 9.5, 8.5], "texture": "#0"}
			}
		},
		{
			"from": [12.7, 10, 5],
			"to": [13.7, 11, 9],
			"rotation": {"angle": 0, "axis": "y", "origin": [15, 0, 1]},
			"faces": {
				"north": {"uv": [0, 11, 0.25, 11.25], "texture": "#0"},
				"east": {"uv": [10.25, 0.75, 11.25, 1], "texture": "#0"},
				"south": {"uv": [11, 0, 11.25, 0.25], "texture": "#0"},
				"west": {"uv": [1.5, 10.25, 2.5, 10.5], "texture": "#0"},
				"up": {"uv": [2.75, 11.25, 2.5, 10.25], "texture": "#0"},
				"down": {"uv": [3, 10.25, 2.75, 11.25], "texture": "#0"}
			}
		},
		{
			"from": [12.7, 8, 5],
			"to": [13.7, 10, 7],
			"rotation": {"angle": 0, "axis": "y", "origin": [15, 0, 1]},
			"faces": {
				"north": {"uv": [10.75, 5.75, 11, 6.25], "texture": "#0"},
				"east": {"uv": [3, 10.25, 3.5, 10.75], "texture": "#0"},
				"south": {"uv": [6.5, 10.75, 6.75, 11.25], "texture": "#0"},
				"west": {"uv": [3.5, 10.25, 4, 10.75], "texture": "#0"},
				"up": {"uv": [7, 11.25, 6.75, 10.75], "texture": "#0"},
				"down": {"uv": [7.25, 10.75, 7, 11.25], "texture": "#0"}
			}
		},
		{
			"from": [4, 8, 4],
			"to": [12, 8.7, 12],
			"rotation": {"angle": 0, "axis": "y", "origin": [1, 1, 1]},
			"faces": {
				"north": {"uv": [2, 8.75, 4, 9], "texture": "#0"},
				"east": {"uv": [8.5, 8.75, 10.5, 9], "texture": "#0"},
				"south": {"uv": [9, 0, 11, 0.25], "texture": "#0"},
				"west": {"uv": [9, 0.25, 11, 0.5], "texture": "#0"},
				"up": {"uv": [2, 7, 0, 5], "texture": "#0"},
				"down": {"uv": [7, 0, 5, 2], "texture": "#0"}
			}
		},
		{
			"from": [5, 8, 3.3],
			"to": [11, 8.5, 4],
			"rotation": {"angle": 0, "axis": "y", "origin": [1, 1, 0.7]},
			"faces": {
				"north": {"uv": [9.5, 1.25, 11, 1.5], "texture": "#0"},
				"east": {"uv": [0.25, 11, 0.5, 11.25], "texture": "#0"},
				"south": {"uv": [9.5, 9, 11, 9.25], "texture": "#0"},
				"west": {"uv": [11, 0.25, 11.25, 0.5], "texture": "#0"},
				"up": {"uv": [11, 9.5, 9.5, 9.25], "texture": "#0"},
				"down": {"uv": [11, 9.5, 9.5, 9.75], "texture": "#0"}
			}
		},
		{
			"from": [5, 8, 12],
			"to": [11, 8.5, 12.7],
			"rotation": {"angle": 0, "axis": "y", "origin": [1, 1, 9.4]},
			"faces": {
				"north": {"uv": [0, 9.75, 1.5, 10], "texture": "#0"},
				"east": {"uv": [0.5, 11, 0.75, 11.25], "texture": "#0"},
				"south": {"uv": [9.5, 9.75, 11, 10], "texture": "#0"},
				"west": {"uv": [0.75, 11, 1, 11.25], "texture": "#0"},
				"up": {"uv": [1.5, 10.25, 0, 10], "texture": "#0"},
				"down": {"uv": [3, 10, 1.5, 10.25], "texture": "#0"}
			}
		},
		{
			"from": [3.3, 8, 4.4],
			"to": [4, 8.5, 10.4],
			"rotation": {"angle": 0, "axis": "y", "origin": [5.6, 1, 0.4]},
			"faces": {
				"north": {"uv": [11, 1, 11.25, 1.25], "texture": "#0"},
				"east": {"uv": [3, 10, 4.5, 10.25], "texture": "#0"},
				"south": {"uv": [11, 1.25, 11.25, 1.5], "texture": "#0"},
				"west": {"uv": [10, 3, 11.5, 3.25], "texture": "#0"},
				"up": {"uv": [6.25, 11, 6, 9.5], "texture": "#0"},
				"down": {"uv": [6.5, 9.5, 6.25, 11], "texture": "#0"}
			}
		},
		{
			"from": [12, 8, 4.4],
			"to": [12.7, 8.5, 10.4],
			"rotation": {"angle": 0, "axis": "y", "origin": [16.3, 1, 0.4]},
			"faces": {
				"north": {"uv": [1.5, 11, 1.75, 11.25], "texture": "#0"},
				"east": {"uv": [10, 3.25, 11.5, 3.5], "texture": "#0"},
				"south": {"uv": [11, 1.5, 11.25, 1.75], "texture": "#0"},
				"west": {"uv": [10, 3.5, 11.5, 3.75], "texture": "#0"},
				"up": {"uv": [4.75, 11.25, 4.5, 9.75], "texture": "#0"},
				"down": {"uv": [5, 9.75, 4.75, 11.25], "texture": "#0"}
			}
		},
		{
			"from": [4, 3, 4],
			"to": [6, 6, 6],
			"rotation": {"angle": 0, "axis": "y", "origin": [1, -3, 0]},
			"faces": {
				"north": {"uv": [8, 9.75, 8.5, 10.5], "texture": "#0"},
				"east": {"uv": [10, 3.75, 10.5, 4.5], "texture": "#0"},
				"south": {"uv": [5, 10, 5.5, 10.75], "texture": "#0"},
				"west": {"uv": [6.5, 10, 7, 10.75], "texture": "#0"},
				"up": {"uv": [4.5, 10.75, 4, 10.25], "texture": "#0"},
				"down": {"uv": [10.75, 7.5, 10.25, 8], "texture": "#0"}
			}
		},
		{
			"from": [4.3, 0, 4.3],
			"to": [5.7, 3, 5.7],
			"rotation": {"angle": 0, "axis": "y", "origin": [1, -6, 0]},
			"faces": {
				"north": {"uv": [10.5, 4.75, 10.75, 5.5], "texture": "#0"},
				"east": {"uv": [10.5, 5.5, 10.75, 6.25], "texture": "#0"},
				"south": {"uv": [8, 10.5, 8.25, 11.25], "texture": "#0"},
				"west": {"uv": [8.25, 10.5, 8.5, 11.25], "texture": "#0"},
				"up": {"uv": [2, 11.25, 1.75, 11], "texture": "#0"},
				"down": {"uv": [11.25, 1.75, 11, 2], "texture": "#0"}
			}
		},
		{
			"from": [10.3, 0, 4.3],
			"to": [11.7, 3, 5.7],
			"rotation": {"angle": 0, "axis": "y", "origin": [15, -6, 0]},
			"faces": {
				"north": {"uv": [9, 10.5, 9.25, 11.25], "texture": "#0"},
				"east": {"uv": [9.25, 10.5, 9.5, 11.25], "texture": "#0"},
				"south": {"uv": [10, 10.5, 10.25, 11.25], "texture": "#0"},
				"west": {"uv": [10.5, 10, 10.75, 10.75], "texture": "#0"},
				"up": {"uv": [2.25, 11.25, 2, 11], "texture": "#0"},
				"down": {"uv": [2.5, 11, 2.25, 11.25], "texture": "#0"}
			}
		},
		{
			"from": [4.3, 0, 12.4],
			"to": [5.7, 3, 13.8],
			"rotation": {"angle": 0, "axis": "y", "origin": [1, -6, 9]},
			"faces": {
				"north": {"uv": [10.25, 10.5, 10.5, 11.25], "texture": "#0"},
				"east": {"uv": [3, 10.75, 3.25, 11.5], "texture": "#0"},
				"south": {"uv": [3.25, 10.75, 3.5, 11.5], "texture": "#0"},
				"west": {"uv": [3.5, 10.75, 3.75, 11.5], "texture": "#0"},
				"up": {"uv": [11.25, 5, 11, 4.75], "texture": "#0"},
				"down": {"uv": [11.25, 5, 11, 5.25], "texture": "#0"}
			}
		},
		{
			"from": [10.3, 0, 12.4],
			"to": [11.7, 3, 13.8],
			"rotation": {"angle": 0, "axis": "y", "origin": [15, -6, 9]},
			"faces": {
				"north": {"uv": [3.75, 10.75, 4, 11.5], "texture": "#0"},
				"east": {"uv": [4, 10.75, 4.25, 11.5], "texture": "#0"},
				"south": {"uv": [4.25, 10.75, 4.5, 11.5], "texture": "#0"},
				"west": {"uv": [10.75, 4.75, 11, 5.5], "texture": "#0"},
				"up": {"uv": [11.25, 5.5, 11, 5.25], "texture": "#0"},
				"down": {"uv": [5.75, 11, 5.5, 11.25], "texture": "#0"}
			}
		},
		{
			"from": [10, 3, 4],
			"to": [12, 6, 6],
			"rotation": {"angle": 0, "axis": "y", "origin": [15, -3, 0]},
			"faces": {
				"north": {"uv": [7, 10, 7.5, 10.75], "texture": "#0"},
				"east": {"uv": [7.5, 10, 8, 10.75], "texture": "#0"},
				"south": {"uv": [8.5, 10, 9, 10.75], "texture": "#0"},
				"west": {"uv": [9.5, 10, 10, 10.75], "texture": "#0"},
				"up": {"uv": [10.75, 8.5, 10.25, 8], "texture": "#0"},
				"down": {"uv": [0.5, 10.5, 0, 11], "texture": "#0"}
			}
		},
		{
			"from": [4, 3, 12.1],
			"to": [6, 6.9, 14.1],
			"rotation": {"angle": 0, "axis": "y", "origin": [3, 0, 1]},
			"faces": {
				"north": {"uv": [9, 0.5, 9.5, 1.5], "texture": "#0"},
				"east": {"uv": [2, 9, 2.5, 10], "texture": "#0"},
				"south": {"uv": [2.5, 9, 3, 10], "texture": "#0"},
				"west": {"uv": [3, 9, 3.5, 10], "texture": "#0"},
				"up": {"uv": [1, 11, 0.5, 10.5], "texture": "#0"},
				"down": {"uv": [2, 10.5, 1.5, 11], "texture": "#0"}
			}
		},
		{
			"from": [4, 14.7, 13.5],
			"to": [12, 19, 15.2],
			"rotation": {"angle": 0, "axis": "y", "origin": [3, 10, 1.5]},
			"faces": {
				"north": {"uv": [7, 0, 9, 1], "texture": "#0"},
				"east": {"uv": [3.5, 9, 4, 10], "texture": "#0"},
				"south": {"uv": [7, 1, 9, 2], "texture": "#0"},
				"west": {"uv": [6.5, 9, 7, 10], "texture": "#0"},
				"up": {"uv": [8.5, 8, 6.5, 7.5], "texture": "#0"},
				"down": {"uv": [8.5, 8, 6.5, 8.5], "texture": "#0"}
			}
		},
		{
			"from": [5, 6.9, 13],
			"to": [11, 16, 14.6],
			"rotation": {"angle": 0, "axis": "y", "origin": [3, 7, 1]},
			"faces": {
				"north": {"uv": [5, 5, 6.5, 7.25], "texture": "#0"},
				"east": {"uv": [5.5, 7.25, 6, 9.5], "texture": "#0"},
				"south": {"uv": [2, 5.5, 3.5, 7.75], "texture": "#0"},
				"west": {"uv": [6, 7.25, 6.5, 9.5], "texture": "#0"},
				"up": {"uv": [3.5, 8.25, 2, 7.75], "texture": "#0"},
				"down": {"uv": [8, 8.5, 6.5, 9], "texture": "#0"}
			}
		},
		{
			"from": [11, 12, 13],
			"to": [11.7, 13, 14.6],
			"rotation": {"angle": 0, "axis": "y", "origin": [3, 7, 1]},
			"faces": {
				"north": {"uv": [5.75, 11, 6, 11.25], "texture": "#0"},
				"east": {"uv": [7.25, 10.75, 7.75, 11], "texture": "#0"},
				"south": {"uv": [11, 5.75, 11.25, 6], "texture": "#0"},
				"west": {"uv": [10.75, 7.5, 11.25, 7.75], "texture": "#0"},
				"up": {"uv": [8, 11.25, 7.75, 10.75], "texture": "#0"},
				"down": {"uv": [11, 7.75, 10.75, 8.25], "texture": "#0"}
			}
		},
		{
			"from": [4.3, 12, 13],
			"to": [5, 13, 14.6],
			"rotation": {"angle": 0, "axis": "y", "origin": [13, 7, 1]},
			"faces": {
				"north": {"uv": [6, 11, 6.25, 11.25], "texture": "#0"},
				"east": {"uv": [10.75, 8.25, 11.25, 8.5], "texture": "#0"},
				"south": {"uv": [11, 6, 11.25, 6.25], "texture": "#0"},
				"west": {"uv": [8.5, 10.75, 9, 11], "texture": "#0"},
				"up": {"uv": [11, 9, 10.75, 8.5], "texture": "#0"},
				"down": {"uv": [9.75, 10.75, 9.5, 11.25], "texture": "#0"}
			}
		},
		{
			"from": [3, 18.1, 14.1],
			"to": [13, 24, 16],
			"rotation": {"angle": 0, "axis": "y", "origin": [3, 13, 2.1]},
			"faces": {
				"north": {"uv": [5, 2, 7.5, 3.5], "texture": "#0"},
				"east": {"uv": [4, 8.25, 4.5, 9.75], "texture": "#0"},
				"south": {"uv": [5, 3.5, 7.5, 5], "texture": "#0"},
				"west": {"uv": [4.5, 8.25, 5, 9.75], "texture": "#0"},
				"up": {"uv": [10, 4.5, 7.5, 4], "texture": "#0"},
				"down": {"uv": [10, 4.5, 7.5, 5], "texture": "#0"}
			}
		},
		{
			"from": [4.1, 15.1, 12.9],
			"to": [11.9, 26, 15],
			"rotation": {"angle": 0, "axis": "y", "origin": [3, 13, 2.1]},
			"faces": {
				"north": {"uv": [3, 0, 5, 2.75], "texture": "#0"},
				"east": {"uv": [1.5, 7, 2, 9.75], "texture": "#0"},
				"south": {"uv": [3, 2.75, 5, 5.5], "texture": "#0"},
				"west": {"uv": [5, 7.25, 5.5, 10], "texture": "#0"},
				"up": {"uv": [4, 8.75, 2, 8.25], "texture": "#0"},
				"down": {"uv": [10.5, 5, 8.5, 5.5], "texture": "#0"}
			}
		},
		{
			"from": [4, 22.4, 14.8],
			"to": [12, 27, 16.8],
			"rotation": {"angle": 0, "axis": "y", "origin": [3, 18, 2.8]},
			"faces": {
				"north": {"uv": [6.5, 5, 8.5, 6.25], "texture": "#0"},
				"east": {"uv": [8.5, 7.5, 9, 8.75], "texture": "#0"},
				"south": {"uv": [6.5, 6.25, 8.5, 7.5], "texture": "#0"},
				"west": {"uv": [8, 8.5, 8.5, 9.75], "texture": "#0"},
				"up": {"uv": [10.5, 6, 8.5, 5.5], "texture": "#0"},
				"down": {"uv": [10.5, 6, 8.5, 6.5], "texture": "#0"}
			}
		},
		{
			"from": [10, 3, 12.1],
			"to": [12, 6.9, 14.1],
			"rotation": {"angle": 0, "axis": "y", "origin": [9, 0, 1]},
			"faces": {
				"north": {"uv": [7, 9, 7.5, 10], "texture": "#0"},
				"east": {"uv": [7.5, 9, 8, 10], "texture": "#0"},
				"south": {"uv": [9, 7.5, 9.5, 8.5], "texture": "#0"},
				"west": {"uv": [8.5, 9, 9, 10], "texture": "#0"},
				"up": {"uv": [11, 2, 10.5, 1.5], "texture": "#0"},
				"down": {"uv": [2.5, 10.5, 2, 11], "texture": "#0"}
			}
		}
	],
	"display": {
		"thirdperson_righthand": {
			"scale": [0.2, 0.2, 0.2]
		},
		"thirdperson_lefthand": {
			"scale": [0.2, 0.2, 0.2]
		},
		"firstperson_righthand": {
			"rotation": [0, -180, 0],
			"scale": [0.4, 0.4, 0.2]
		},
		"firstperson_lefthand": {
			"rotation": [0, -180, 0],
			"scale": [0.4, 0.4, 0.2]
		},
		"ground": {
			"scale": [0.4, 0.4, 0.4]
		},
		"gui": {
			"rotation": [-156.83, 23.78, 176.24],
			"translation": [0, -3, 0],
			"scale": [0.5, 0.5, 0.5]
		},
		"head": {
			"scale": [0, 0, 0]
		},
		"fixed": {
			"rotation": [-90, 0, 0],
			"translation": [0, 0, -16],
			"scale": [2, 2, 2]
		}
	},
	"groups": [
		{
			"name": "group",
			"origin": [8, 8, 8],
			"color": 0,
			"children": [0, 1, 2, 3, 4, 5, 6, 7, 8, 9, 10, 11, 12, 13, 14, 15, 16, 17, 18, 19, 20, 21, 22, 23, 24, 25, 26, 27, 28, 29, 30]
		}
	]
}