{
	"credit": "Made with Blockbench",
	"texture_size": [64, 64],
	"textures": {
		"1": "deco/chair_3_under",
		"2": "deco/chair_4",
		"particle": "deco/chair_4"
	},
	"elements": [
		{
			"from": [7, 5, 7],
			"to": [9, 11, 9],
			"rotation": {"angle": 0, "axis": "y", "origin": [-1, 1, 1]},
			"faces": {
				"north": {"uv": [4, 7, 5, 9], "texture": "#1"},
				"east": {"uv": [7, 4.5, 8, 6.5], "texture": "#1"},
				"south": {"uv": [7, 6.5, 8, 8.5], "texture": "#1"},
				"west": {"uv": [0, 7.5, 1, 9.5], "texture": "#1"},
				"up": {"uv": [2, 8.5, 1, 7.5], "texture": "#1"},
				"down": {"uv": [3, 7.5, 2, 8.5], "texture": "#1"}
			}
		},
		{
			"from": [7.25, 5, 1.5],
			"to": [8.75, 6, 8.5],
			"rotation": {"angle": -45, "axis": "x", "origin": [7.75, 5, 7.5]},
			"faces": {
				"north": {"uv": [7, 9.5, 8, 10], "texture": "#1"},
				"east": {"uv": [8, 5.5, 11.5, 6], "texture": "#1"},
				"south": {"uv": [8, 9.5, 9, 10], "texture": "#1"},
				"west": {"uv": [8, 6, 11.5, 6.5], "texture": "#1"},
				"up": {"uv": [5, 3.5, 4, 0], "texture": "#1"},
				"down": {"uv": [5, 3.5, 4, 7], "texture": "#1"}
			}
		},
		{
			"from": [7.25, 5, 7.5],
			"to": [8.75, 6, 14.5],
			"rotation": {"angle": 45, "axis": "x", "origin": [7.75, 5, 8.5]},
			"faces": {
				"north": {"uv": [10, 8.5, 11, 9], "texture": "#1"},
				"east": {"uv": [8.5, 0, 12, 0.5], "texture": "#1"},
				"south": {"uv": [9, 10, 10, 10.5], "texture": "#1"},
				"west": {"uv": [8.5, 0.5, 12, 1], "texture": "#1"},
				"up": {"uv": [6, 7.5, 5, 4], "texture": "#1"},
				"down": {"uv": [7, 4, 6, 7.5], "texture": "#1"}
			}
		},
		{
			"from": [1.5, 5, 7.25],
			"to": [8.5, 6, 8.75],
			"rotation": {"angle": 45, "axis": "z", "origin": [7.5, 5, 7.75]},
			"faces": {
				"north": {"uv": [8, 6.5, 11.5, 7], "texture": "#1"},
				"east": {"uv": [9, 9.5, 10, 10], "texture": "#1"},
				"south": {"uv": [8, 7, 11.5, 7.5], "texture": "#1"},
				"west": {"uv": [4, 10, 5, 10.5], "texture": "#1"},
				"up": {"uv": [8.5, 1, 5, 0], "texture": "#1"},
				"down": {"uv": [8.5, 1, 5, 2], "texture": "#1"}
			}
		},
		{
			"from": [7.5, 5, 7.25],
			"to": [14.5, 6, 8.75],
			"rotation": {"angle": -45, "axis": "z", "origin": [8.5, 5, 7.75]},
			"faces": {
				"north": {"uv": [8, 7.5, 11.5, 8], "texture": "#1"},
				"east": {"uv": [7, 10, 8, 10.5], "texture": "#1"},
				"south": {"uv": [8, 8, 11.5, 8.5], "texture": "#1"},
				"west": {"uv": [8, 10, 9, 10.5], "texture": "#1"},
				"up": {"uv": [8.5, 3, 5, 2], "texture": "#1"},
				"down": {"uv": [8.5, 3, 5, 4], "texture": "#1"}
			}
		},
		{
			"from": [12, 0, 7],
			"to": [14, 2, 9],
			"rotation": {"angle": 0, "axis": "y", "origin": [12, 0, 8]},
			"faces": {
				"north": {"uv": [2, 9.5, 3, 10.5], "texture": "#1"},
				"east": {"uv": [9.5, 2, 10.5, 3], "texture": "#1"},
				"south": {"uv": [3, 9.5, 4, 10.5], "texture": "#1"},
				"west": {"uv": [9.5, 3, 10.5, 4], "texture": "#1"},
				"up": {"uv": [6, 10.5, 5, 9.5], "texture": "#1"},
				"down": {"uv": [7, 9.5, 6, 10.5], "texture": "#1"}
			}
		},
		{
			"from": [2, 0, 7],
			"to": [4, 2, 9],
			"rotation": {"angle": 0, "axis": "y", "origin": [2, 0, 8]},
			"faces": {
				"north": {"uv": [8.5, 2, 9.5, 3], "texture": "#1"},
				"east": {"uv": [3, 8.5, 4, 9.5], "texture": "#1"},
				"south": {"uv": [8.5, 3, 9.5, 4], "texture": "#1"},
				"west": {"uv": [5, 8.5, 6, 9.5], "texture": "#1"},
				"up": {"uv": [7, 9.5, 6, 8.5], "texture": "#1"},
				"down": {"uv": [8, 8.5, 7, 9.5], "texture": "#1"}
			}
		},
		{
			"from": [7, 0, 2],
			"to": [9, 2, 4],
			"rotation": {"angle": 0, "axis": "y", "origin": [7, 0, 3]},
			"faces": {
				"north": {"uv": [8, 8.5, 9, 9.5], "texture": "#1"},
				"east": {"uv": [4, 9, 5, 10], "texture": "#1"},
				"south": {"uv": [9, 8.5, 10, 9.5], "texture": "#1"},
				"west": {"uv": [0, 9.5, 1, 10.5], "texture": "#1"},
				"up": {"uv": [2, 10.5, 1, 9.5], "texture": "#1"},
				"down": {"uv": [10.5, 1, 9.5, 2], "texture": "#1"}
			}
		},
		{
			"from": [7, 0, 12],
			"to": [9, 2, 14],
			"rotation": {"angle": 0, "axis": "y", "origin": [7, 0, 13]},
			"faces": {
				"north": {"uv": [3, 7.5, 4, 8.5], "texture": "#1"},
				"east": {"uv": [5, 7.5, 6, 8.5], "texture": "#1"},
				"south": {"uv": [6, 7.5, 7, 8.5], "texture": "#1"},
				"west": {"uv": [1, 8.5, 2, 9.5], "texture": "#1"},
				"up": {"uv": [9.5, 2, 8.5, 1], "texture": "#1"},
				"down": {"uv": [3, 8.5, 2, 9.5], "texture": "#1"}
			}
		},
		{
			"from": [2, 10.8, 0.8],
			"to": [14, 12, 12.8],
			"rotation": {"angle": 0, "axis": "y", "origin": [6.8, 10.8, 6.8]},
			"faces": {
				"north": {"uv": [6, 4, 9, 4.25], "texture": "#2"},
				"east": {"uv": [6, 4.25, 9, 4.5], "texture": "#2"},
				"south": {"uv": [6, 4.5, 9, 4.75], "texture": "#2"},
				"west": {"uv": [6, 4.75, 9, 5], "texture": "#2"},
				"up": {"uv": [3, 3, 0, 0], "texture": "#2"},
				"down": {"uv": [3, 3, 0, 6], "texture": "#2"}
			}
		},
		{
			"from": [3.2, 10.32, 3.2],
			"to": [12.8, 10.8, 11.6],
			"rotation": {"angle": 0, "axis": "y", "origin": [6.8, 9.6, 8]},
			"faces": {
				"north": {"uv": [0, 7, 4, 7.5], "texture": "#1"},
				"east": {"uv": [8, 4.5, 11.5, 5], "texture": "#1"},
				"south": {"uv": [7, 4, 11, 4.5], "texture": "#1"},
				"west": {"uv": [8, 5, 11.5, 5.5], "texture": "#1"},
				"up": {"uv": [4, 3.5, 0, 0], "texture": "#1"},
				"down": {"uv": [4, 3.5, 0, 7], "texture": "#1"}
			}
		},
		{
			"from": [14, 12, 3.2],
			"to": [16.4, 13.2, 14],
			"rotation": {"angle": 0, "axis": "y", "origin": [18.8, 12, 6.8]},
			"faces": {
				"north": {"uv": [7.5, 3.75, 8, 4], "texture": "#2"},
				"east": {"uv": [6, 5.5, 8.75, 5.75], "texture": "#2"},
				"south": {"uv": [7, 7.5, 7.5, 7.75], "texture": "#2"},
				"west": {"uv": [6, 5.75, 8.75, 6], "texture": "#2"},
				"up": {"uv": [4.5, 6.25, 4, 3.5], "texture": "#2"},
				"down": {"uv": [5, 3.5, 4.5, 6.25], "texture": "#2"}
			}
		},
		{
			"from": [15.85766, 13.67462, 13.90866],
			"to": [17.05766, 17.27462, 15.10866],
			"rotation": {"angle": -22.5, "axis": "y", "origin": [17.05766, 12.47462, 15.10866]},
			"faces": {
				"north": {"uv": [6.5, 6.75, 6.75, 7.75], "texture": "#2"},
				"east": {"uv": [6.75, 6.75, 7, 7.75], "texture": "#2"},
				"south": {"uv": [7, 2, 7.25, 3], "texture": "#2"},
				"west": {"uv": [3, 7, 3.25, 8], "texture": "#2"},
				"up": {"uv": [0.25, 8, 0, 7.75], "texture": "#2"},
				"down": {"uv": [8, 0, 7.75, 0.25], "texture": "#2"}
			}
		},
		{
			"from": [-1.05766, 13.67462, 13.90866],
			"to": [0.14234, 17.27462, 15.10866],
			"rotation": {"angle": 22.5, "axis": "y", "origin": [-1.05766, 12.47462, 15.10866]},
			"faces": {
				"north": {"uv": [0, 6.75, 0.25, 7.75], "texture": "#2"},
				"east": {"uv": [0.25, 6.75, 0.5, 7.75], "texture": "#2"},
				"south": {"uv": [0.5, 6.75, 0.75, 7.75], "texture": "#2"},
				"west": {"uv": [0.75, 6.75, 1, 7.75], "texture": "#2"},
				"up": {"uv": [7.75, 7.5, 7.5, 7.25], "texture": "#2"},
				"down": {"uv": [7.75, 7.5, 7.5, 7.75], "texture": "#2"}
			}
		},
		{
			"from": [15.00913, 16.07462, 14.75718],
			"to": [16.20913, 17.99462, 17.03718],
			"rotation": {"angle": -45, "axis": "y", "origin": [16.20913, 13.67462, 15.95718]},
			"faces": {
				"north": {"uv": [7.5, 1, 7.75, 1.5], "texture": "#2"},
				"east": {"uv": [5.5, 6.75, 6, 7.25], "texture": "#2"},
				"south": {"uv": [7.5, 1.5, 7.75, 2], "texture": "#2"},
				"west": {"uv": [6, 6.75, 6.5, 7.25], "texture": "#2"},
				"up": {"uv": [7.75, 2.75, 7.5, 2.25], "texture": "#2"},
				"down": {"uv": [2.75, 7.5, 2.5, 8], "texture": "#2"}
			}
		},
		{
			"from": [11.9368, 19.55462, 15.98008],
			"to": [14.3368, 21.47462, 17.18008],
			"rotation": {"angle": 22.5, "axis": "y", "origin": [14.3368, 17.15462, 17.18008]},
			"faces": {
				"north": {"uv": [5.5, 6.25, 6, 6.75], "texture": "#2"},
				"east": {"uv": [7, 6.75, 7.25, 7.25], "texture": "#2"},
				"south": {"uv": [6, 6.25, 6.5, 6.75], "texture": "#2"},
				"west": {"uv": [2, 7.25, 2.25, 7.75], "texture": "#2"},
				"up": {"uv": [7.5, 4, 7, 3.75], "texture": "#2"},
				"down": {"uv": [7.75, 2, 7.25, 2.25], "texture": "#2"}
			}
		},
		{
			"from": [11.9368, 16.43462, 15.98008],
			"to": [15.5368, 19.55462, 17.18008],
			"rotation": {"angle": 22.5, "axis": "y", "origin": [14.3368, 14.03462, 17.18008]},
			"faces": {
				"north": {"uv": [5, 4, 6, 4.75], "texture": "#2"},
				"east": {"uv": [7, 3, 7.25, 3.75], "texture": "#2"},
				"south": {"uv": [5, 4.75, 6, 5.5], "texture": "#2"},
				"west": {"uv": [3.25, 7, 3.5, 7.75], "texture": "#2"},
				"up": {"uv": [3, 6.25, 2, 6], "texture": "#2"},
				"down": {"uv": [3, 6.5, 2, 6.75], "texture": "#2"}
			}
		},
		{
			"from": [-0.20913, 16.07462, 14.75718],
			"to": [0.99087, 17.99462, 17.03718],
			"rotation": {"angle": 45, "axis": "y", "origin": [-0.20913, 13.67462, 15.95718]},
			"faces": {
				"north": {"uv": [5.75, 7.25, 6, 7.75], "texture": "#2"},
				"east": {"uv": [2, 6.75, 2.5, 7.25], "texture": "#2"},
				"south": {"uv": [6, 7.25, 6.25, 7.75], "texture": "#2"},
				"west": {"uv": [2.5, 6.75, 3, 7.25], "texture": "#2"},
				"up": {"uv": [6.5, 7.75, 6.25, 7.25], "texture": "#2"},
				"down": {"uv": [7.5, 6.75, 7.25, 7.25], "texture": "#2"}
			}
		},
		{
			"from": [0.4632, 16.43462, 15.98008],
			"to": [4.0632, 19.55462, 17.18008],
			"rotation": {"angle": -22.5, "axis": "y", "origin": [1.6632, 14.03462, 17.18008]},
			"faces": {
				"north": {"uv": [5, 5.5, 6, 6.25], "texture": "#2"},
				"east": {"uv": [3.5, 7, 3.75, 7.75], "texture": "#2"},
				"south": {"uv": [0, 6, 1, 6.75], "texture": "#2"},
				"west": {"uv": [3.75, 7, 4, 7.75], "texture": "#2"},
				"up": {"uv": [7.5, 6.5, 6.5, 6.25], "texture": "#2"},
				"down": {"uv": [7.5, 6.5, 6.5, 6.75], "texture": "#2"}
			}
		},
		{
			"from": [1.6632, 19.55462, 15.98008],
			"to": [4.0632, 21.47462, 17.18008],
			"rotation": {"angle": -22.5, "axis": "y", "origin": [1.6632, 17.15462, 17.18008]},
			"faces": {
				"north": {"uv": [3, 6.5, 3.5, 7], "texture": "#2"},
				"east": {"uv": [2.25, 7.25, 2.5, 7.75], "texture": "#2"},
				"south": {"uv": [3.5, 6.5, 4, 7], "texture": "#2"},
				"west": {"uv": [7.25, 2.25, 7.5, 2.75], "texture": "#2"},
				"up": {"uv": [3, 7.5, 2.5, 7.25], "texture": "#2"},
				"down": {"uv": [7.75, 2.75, 7.25, 3], "texture": "#2"}
			}
		},
		{
			"from": [3.80684, 16.43462, 16.89852],
			"to": [12.08684, 23.15462, 18.09852],
			"rotation": {"angle": 0, "axis": "y", "origin": [12.44684, 14.03462, 18.09852]},
			"faces": {
				"north": {"uv": [3, 0, 5, 1.75], "texture": "#2"},
				"east": {"uv": [5, 6.25, 5.25, 8], "texture": "#2"},
				"south": {"uv": [3, 1.75, 5, 3.5], "texture": "#2"},
				"west": {"uv": [5.25, 6.25, 5.5, 8], "texture": "#2"},
				"up": {"uv": [8, 6.25, 6, 6], "texture": "#2"},
				"down": {"uv": [4, 6.25, 2, 6.5], "texture": "#2"}
			}
		},
		{
			"from": [16.31688, 14.87462, 5.6],
			"to": [17.51688, 17.27462, 14],
			"rotation": {"angle": 0, "axis": "y", "origin": [17.51688, 12.47462, 6.8]},
			"faces": {
				"north": {"uv": [7.5, 6.25, 7.75, 6.75], "texture": "#2"},
				"east": {"uv": [5, 3, 7, 3.5], "texture": "#2"},
				"south": {"uv": [7.5, 6.75, 7.75, 7.25], "texture": "#2"},
				"west": {"uv": [5, 3.5, 7, 4], "texture": "#2"},
				"up": {"uv": [4.75, 8.25, 4.5, 6.25], "texture": "#2"},
				"down": {"uv": [5, 6.25, 4.75, 8.25], "texture": "#2"}
			}
		},
		{
			"from": [14.48, 12.84, 4.4],
			"to": [15.68, 15.24, 14.24],
			"rotation": {"angle": -22.5, "axis": "z", "origin": [15.68, 10.44, 6.8]},
			"faces": {
				"north": {"uv": [2.75, 7.5, 3, 8], "texture": "#2"},
				"east": {"uv": [5, 1, 7.5, 1.5], "texture": "#2"},
				"south": {"uv": [7.5, 3, 7.75, 3.5], "texture": "#2"},
				"west": {"uv": [5, 1.5, 7.5, 2], "texture": "#2"},
				"up": {"uv": [1.75, 8.5, 1.5, 6], "texture": "#2"},
				"down": {"uv": [2, 6, 1.75, 8.5], "texture": "#2"}
			}
		},
		{
			"from": [-0.4, 12, 3.2],
			"to": [2, 13.2, 14],
			"rotation": {"angle": 0, "axis": "y", "origin": [-2.8, 12, 6.8]},
			"faces": {
				"north": {"uv": [7.25, 3.5, 7.75, 3.75], "texture": "#2"},
				"east": {"uv": [6, 5, 8.75, 5.25], "texture": "#2"},
				"south": {"uv": [7, 7.25, 7.5, 7.5], "texture": "#2"},
				"west": {"uv": [6, 5.25, 8.75, 5.5], "texture": "#2"},
				"up": {"uv": [3.5, 6.25, 3, 3.5], "texture": "#2"},
				"down": {"uv": [4, 3.5, 3.5, 6.25], "texture": "#2"}
			}
		},
		{
			"from": [0.32, 12.84, 4.4],
			"to": [1.52, 15.24, 14.24],
			"rotation": {"angle": 22.5, "axis": "z", "origin": [0.32, 10.44, 6.8]},
			"faces": {
				"north": {"uv": [7.5, 0, 7.75, 0.5], "texture": "#2"},
				"east": {"uv": [5, 0, 7.5, 0.5], "texture": "#2"},
				"south": {"uv": [7.5, 0.5, 7.75, 1], "texture": "#2"},
				"west": {"uv": [5, 0.5, 7.5, 1], "texture": "#2"},
				"up": {"uv": [1.25, 8.5, 1, 6], "texture": "#2"},
				"down": {"uv": [1.5, 6, 1.25, 8.5], "texture": "#2"}
			}
		},
		{
			"from": [-1.51688, 14.87462, 5.6],
			"to": [-0.31688, 17.27462, 14],
			"rotation": {"angle": 0, "axis": "y", "origin": [-1.51688, 12.47462, 6.8]},
			"faces": {
				"north": {"uv": [7.25, 3, 7.5, 3.5], "texture": "#2"},
				"east": {"uv": [5, 2, 7, 2.5], "texture": "#2"},
				"south": {"uv": [5.5, 7.25, 5.75, 7.75], "texture": "#2"},
				"west": {"uv": [5, 2.5, 7, 3], "texture": "#2"},
				"up": {"uv": [4.25, 8.25, 4, 6.25], "texture": "#2"},
				"down": {"uv": [4.5, 6.25, 4.25, 8.25], "texture": "#2"}
			}
		}
	],
	"display": {
		"thirdperson_righthand": {
			"rotation": [21, 11, 0],
			"scale": [0.4, 0.4, 0.4]
		},
		"thirdperson_lefthand": {
			"rotation": [21, 11, 0],
			"scale": [0.4, 0.4, 0.4]
		},
		"firstperson_righthand": {
			"rotation": [21, 11, 0],
			"scale": [0.4, 0.4, 0.4]
		},
		"firstperson_lefthand": {
			"rotation": [21, 11, 0],
			"scale": [0.4, 0.4, 0.4]
		},
		"ground": {
			"rotation": [21, 11, 0],
			"scale": [0.4, 0.4, 0.4]
		},
		"gui": {
			"rotation": [21, 11, 0],
			"scale": [0.4, 0.4, 0.4]
		},
		"head": {
			"rotation": [21, 11, 0],
			"scale": [0.4, 0.4, 0.4]
		},
		"fixed": {
			"rotation": [-90, 0, 0],
			"translation": [1.25, 0, -16],
			"scale": [2, 2, 2]
		}
	}
}