{
	"credit": "Made with Blockbench",
	"texture_size": [64, 64],
	"textures": {
		"0": "deco/chair_12",
		"particle": "deco/chair_12"
	},
	"elements": [
		{
			"from": [2.1, 12, 6],
			"to": [13.9, 23, 7],
			"rotation": {"angle": 22.5, "axis": "x", "origin": [0.5, 2, 2]},
			"faces": {
				"north": {"uv": [0, 0, 3, 2.75], "texture": "#0"},
				"east": {"uv": [8, 6.75, 8.25, 9.5], "texture": "#0"},
				"south": {"uv": [0, 2.75, 3, 5.5], "texture": "#0"},
				"west": {"uv": [0, 8.25, 0.25, 11], "texture": "#0"},
				"up": {"uv": [11, 6, 8, 5.75], "texture": "#0"},
				"down": {"uv": [11, 6, 8, 6.25], "texture": "#0"}
			}
		},
		{
			"from": [3.6, 11.9, 14],
			"to": [12.4, 19, 14.4],
			"rotation": {"angle": 0, "axis": "x", "origin": [0, 2, 2]},
			"faces": {
				"north": {"uv": [5.75, 5, 8, 7], "texture": "#0"},
				"east": {"uv": [7.75, 8.25, 8, 10.25], "texture": "#0"},
				"south": {"uv": [6, 0, 8.25, 2], "texture": "#0"},
				"west": {"uv": [8.25, 8.25, 8.5, 10.25], "texture": "#0"},
				"up": {"uv": [10.5, 8, 8.25, 7.75], "texture": "#0"},
				"down": {"uv": [10.5, 8, 8.25, 8.25], "texture": "#0"}
			}
		},
		{
			"from": [3.1, 11.1, 13],
			"to": [12.9, 17.9, 14],
			"rotation": {"angle": 0, "axis": "x", "origin": [0.5, 2, 2]},
			"faces": {
				"north": {"uv": [6, 2, 8.5, 3.75], "texture": "#0"},
				"east": {"uv": [0.75, 8.5, 1, 10.25], "texture": "#0"},
				"south": {"uv": [2.75, 7, 5.25, 8.75], "texture": "#0"},
				"west": {"uv": [1, 8.5, 1.25, 10.25], "texture": "#0"},
				"up": {"uv": [2.75, 8.5, 0.25, 8.25], "texture": "#0"},
				"down": {"uv": [10.75, 1.5, 8.25, 1.75], "texture": "#0"}
			}
		},
		{
			"from": [2.6, 10, 12.6],
			"to": [13.4, 17, 13.6],
			"rotation": {"angle": 0, "axis": "x", "origin": [1, 2, 2]},
			"faces": {
				"north": {"uv": [3, 5, 5.75, 7], "texture": "#0"},
				"east": {"uv": [0.25, 8.5, 0.5, 10.5], "texture": "#0"},
				"south": {"uv": [0, 5.5, 2.75, 7.5], "texture": "#0"},
				"west": {"uv": [0.5, 8.5, 0.75, 10.5], "texture": "#0"},
				"up": {"uv": [11, 0.25, 8.25, 0], "texture": "#0"},
				"down": {"uv": [11, 0.25, 8.25, 0.5], "texture": "#0"}
			}
		},
		{
			"from": [2.4, 9.4, 11.7],
			"to": [13.6, 14.6, 12.6],
			"rotation": {"angle": 0, "axis": "x", "origin": [1, 2, 2]},
			"faces": {
				"north": {"uv": [6, 3.75, 8.75, 5], "texture": "#0"},
				"east": {"uv": [2.75, 5.5, 3, 6.75], "texture": "#0"},
				"south": {"uv": [5.25, 7, 8, 8.25], "texture": "#0"},
				"west": {"uv": [1.25, 8.5, 1.5, 9.75], "texture": "#0"},
				"up": {"uv": [11, 0.75, 8.25, 0.5], "texture": "#0"},
				"down": {"uv": [11, 0.75, 8.25, 1], "texture": "#0"}
			}
		},
		{
			"from": [2.4, 9.4, 10.8],
			"to": [13.6, 12.4, 11.7],
			"rotation": {"angle": 0, "axis": "x", "origin": [1, 2, 2]},
			"faces": {
				"north": {"uv": [0, 7.5, 2.75, 8.25], "texture": "#0"},
				"east": {"uv": [9, 4, 9.25, 4.75], "texture": "#0"},
				"south": {"uv": [8, 5, 10.75, 5.75], "texture": "#0"},
				"west": {"uv": [9, 8.25, 9.25, 9], "texture": "#0"},
				"up": {"uv": [11, 1.25, 8.25, 1], "texture": "#0"},
				"down": {"uv": [11, 1.25, 8.25, 1.5], "texture": "#0"}
			}
		},
		{
			"from": [2.2, 9, 11],
			"to": [13.8, 10, 12],
			"rotation": {"angle": 0, "axis": "y", "origin": [0.5, 2, 3]},
			"faces": {
				"north": {"uv": [8, 6.25, 11, 6.5], "texture": "#0"},
				"east": {"uv": [8.25, 1.75, 10.75, 2], "texture": "#0"},
				"south": {"uv": [8, 6.5, 11, 6.75], "texture": "#0"},
				"west": {"uv": [5.25, 8.25, 7.75, 8.5], "texture": "#0"},
				"up": {"uv": [6, 2.5, 3, 0], "texture": "#0"},
				"down": {"uv": [6, 2.5, 3, 5], "texture": "#0"}
			}
		},
		{
			"from": [2, 9, 3],
			"to": [14, 10, 11],
			"rotation": {"angle": 0, "axis": "y", "origin": [0, 2, 2]},
			"faces": {
				"north": {"uv": [8, 6.25, 11, 6.5], "texture": "#0"},
				"east": {"uv": [8.25, 1.75, 10.75, 2], "texture": "#0"},
				"south": {"uv": [8, 6.5, 11, 6.75], "texture": "#0"},
				"west": {"uv": [5.25, 8.25, 7.75, 8.5], "texture": "#0"},
				"up": {"uv": [6, 2.5, 3, 0], "texture": "#0"},
				"down": {"uv": [6, 2.5, 3, 5], "texture": "#0"}
			}
		},
		{
			"from": [3, 9, 2],
			"to": [13, 10, 3],
			"rotation": {"angle": 0, "axis": "y", "origin": [0, 2, 1]},
			"faces": {
				"north": {"uv": [8.25, 6.75, 10.75, 7], "texture": "#0"},
				"east": {"uv": [2.75, 6.75, 3, 7], "texture": "#0"},
				"south": {"uv": [8.25, 7, 10.75, 7.25], "texture": "#0"},
				"west": {"uv": [8.5, 3.25, 8.75, 3.5], "texture": "#0"},
				"up": {"uv": [10.75, 7.5, 8.25, 7.25], "texture": "#0"},
				"down": {"uv": [10.75, 7.5, 8.25, 7.75], "texture": "#0"}
			}
		},
		{
			"from": [3, 5, 4],
			"to": [4, 9, 5],
			"rotation": {"angle": 0, "axis": "y", "origin": [-1, 0, 2]},
			"faces": {
				"north": {"uv": [4, 8.75, 4.25, 9.75], "texture": "#0"},
				"east": {"uv": [4.25, 8.75, 4.5, 9.75], "texture": "#0"},
				"south": {"uv": [4.5, 8.75, 4.75, 9.75], "texture": "#0"},
				"west": {"uv": [4.75, 8.75, 5, 9.75], "texture": "#0"},
				"up": {"uv": [8.75, 3.75, 8.5, 3.5], "texture": "#0"},
				"down": {"uv": [9, 4.5, 8.75, 4.75], "texture": "#0"}
			}
		},
		{
			"from": [3.2, 0, 4.2],
			"to": [3.8, 5, 4.8],
			"rotation": {"angle": 0, "axis": "y", "origin": [-1, 0, 2]},
			"faces": {
				"north": {"uv": [1.5, 8.5, 1.75, 9.75], "texture": "#0"},
				"east": {"uv": [1.75, 8.5, 2, 9.75], "texture": "#0"},
				"south": {"uv": [2, 8.5, 2.25, 9.75], "texture": "#0"},
				"west": {"uv": [8.5, 2, 8.75, 3.25], "texture": "#0"},
				"up": {"uv": [9, 5, 8.75, 4.75], "texture": "#0"},
				"down": {"uv": [9.25, 4.75, 9, 5], "texture": "#0"}
			}
		},
		{
			"from": [12.2, 0, 4.2],
			"to": [12.8, 5, 4.8],
			"rotation": {"angle": 0, "axis": "y", "origin": [17, 0, 2]},
			"faces": {
				"north": {"uv": [2.25, 8.5, 2.5, 9.75], "texture": "#0"},
				"east": {"uv": [2.5, 8.5, 2.75, 9.75], "texture": "#0"},
				"south": {"uv": [5.25, 8.5, 5.5, 9.75], "texture": "#0"},
				"west": {"uv": [5.5, 8.5, 5.75, 9.75], "texture": "#0"},
				"up": {"uv": [9.25, 9.25, 9, 9], "texture": "#0"},
				"down": {"uv": [9.5, 2, 9.25, 2.25], "texture": "#0"}
			}
		},
		{
			"from": [12, 5, 4],
			"to": [13, 9, 5],
			"rotation": {"angle": 0, "axis": "y", "origin": [17, 0, 2]},
			"faces": {
				"north": {"uv": [5, 8.75, 5.25, 9.75], "texture": "#0"},
				"east": {"uv": [8.75, 8.25, 9, 9.25], "texture": "#0"},
				"south": {"uv": [9, 2, 9.25, 3], "texture": "#0"},
				"west": {"uv": [9, 3, 9.25, 4], "texture": "#0"},
				"up": {"uv": [9.5, 2.5, 9.25, 2.25], "texture": "#0"},
				"down": {"uv": [9.5, 2.5, 9.25, 2.75], "texture": "#0"}
			}
		},
		{
			"from": [11, 1, 13],
			"to": [12, 6, 14],
			"rotation": {"angle": -22.5, "axis": "x", "origin": [0, 0, 3]},
			"faces": {
				"north": {"uv": [5.75, 8.5, 6, 9.75], "texture": "#0"},
				"east": {"uv": [6, 8.5, 6.25, 9.75], "texture": "#0"},
				"south": {"uv": [6.25, 8.5, 6.5, 9.75], "texture": "#0"},
				"west": {"uv": [6.5, 8.5, 6.75, 9.75], "texture": "#0"},
				"up": {"uv": [9.5, 3, 9.25, 2.75], "texture": "#0"},
				"down": {"uv": [9.5, 3, 9.25, 3.25], "texture": "#0"}
			}
		},
		{
			"from": [11.2, -4.4, 13.2],
			"to": [11.8, 1, 13.8],
			"rotation": {"angle": -22.5, "axis": "x", "origin": [0, 0, 3]},
			"faces": {
				"north": {"uv": [6.75, 8.5, 7, 9.75], "texture": "#0"},
				"east": {"uv": [7, 8.5, 7.25, 9.75], "texture": "#0"},
				"south": {"uv": [7.25, 8.5, 7.5, 9.75], "texture": "#0"},
				"west": {"uv": [7.5, 8.5, 7.75, 9.75], "texture": "#0"},
				"up": {"uv": [9.5, 3.5, 9.25, 3.25], "texture": "#0"},
				"down": {"uv": [9.5, 3.5, 9.25, 3.75], "texture": "#0"}
			}
		},
		{
			"from": [4, 1, 13],
			"to": [5, 6, 14],
			"rotation": {"angle": -22.5, "axis": "x", "origin": [16, 0, 3]},
			"faces": {
				"north": {"uv": [8.5, 8.25, 8.75, 9.5], "texture": "#0"},
				"east": {"uv": [8.75, 2, 9, 3.25], "texture": "#0"},
				"south": {"uv": [2.75, 8.75, 3, 10], "texture": "#0"},
				"west": {"uv": [3, 8.75, 3.25, 10], "texture": "#0"},
				"up": {"uv": [9.5, 4, 9.25, 3.75], "texture": "#0"},
				"down": {"uv": [9.5, 4, 9.25, 4.25], "texture": "#0"}
			}
		},
		{
			"from": [4.2, -4.4, 13.2],
			"to": [4.8, 1, 13.8],
			"rotation": {"angle": -22.5, "axis": "x", "origin": [16, 0, 3]},
			"faces": {
				"north": {"uv": [3.25, 8.75, 3.5, 10], "texture": "#0"},
				"east": {"uv": [8.75, 3.25, 9, 4.5], "texture": "#0"},
				"south": {"uv": [3.5, 8.75, 3.75, 10], "texture": "#0"},
				"west": {"uv": [3.75, 8.75, 4, 10], "texture": "#0"},
				"up": {"uv": [9.5, 4.5, 9.25, 4.25], "texture": "#0"},
				"down": {"uv": [9.5, 4.5, 9.25, 4.75], "texture": "#0"}
			}
		}
	],
	"display": {
		"thirdperson_righthand": {
			"scale": [0.2, 0.2, 0.2]
		},
		"thirdperson_lefthand": {
			"scale": [0.2, 0.2, 0.2]
		},
		"firstperson_righthand": {
			"rotation": [0, -180, 0],
			"translation": [0, 3, 0],
			"scale": [0.4, 0.4, 0.2]
		},
		"firstperson_lefthand": {
			"rotation": [0, -180, 0],
			"translation": [0, 3, 0],
			"scale": [0.4, 0.4, 0.2]
		},
		"ground": {
			"scale": [0.4, 0.4, 0.4]
		},
		"gui": {
			"rotation": [-155.85, 31.77, 177.78],
			"translation": [0, -1.25, 0],
			"scale": [0.5, 0.5, 0.5]
		},
		"head": {
			"scale": [0, 0, 0]
		},
		"fixed": {
			"rotation": [-90, 0, 0],
			"translation": [0, 0, -16],
			"scale": [2, 2, 2]
		}
	},
	"groups": [
		{
			"name": "group",
			"origin": [8, 8, 8],
			"color": 0,
			"children": [0, 1, 2, 3, 4, 5, 6, 7, 8, 9, 10, 11, 12, 13, 14, 15, 16]
		}
	]
}