{
	"credit": "Made with Blockbench",
	"textures": {
		"0": "deco/chips",
		"particle": "deco/chips"
	},
	"elements": [
		{
			"from": [1, 0, 1],
			"to": [4, 3, 4],
			"faces": {
				"north": {"uv": [7.5, 0, 9, 1.25], "texture": "#0"},
				"east": {"uv": [1.5, 6.5, 3, 7.75], "texture": "#0"},
				"south": {"uv": [1.5, 6.5, 3, 7.75], "texture": "#0"},
				"west": {"uv": [7.5, 0, 9, 1.25], "texture": "#0"},
				"up": {"uv": [7.5, 4, 9, 5.5], "texture": "#0"},
				"down": {"uv": [7.5, 4, 9, 5.5], "texture": "#0"}
			}
		},
		{
			"from": [8, 0, 4],
			"to": [11, 6, 7],
			"faces": {
				"north": {"uv": [1.5, 0, 3, 2.5], "texture": "#0"},
				"east": {"uv": [0, 0, 1.5, 2.5], "texture": "#0"},
				"south": {"uv": [3, 0, 4.5, 2.5], "texture": "#0"},
				"west": {"uv": [0, 0, 1.5, 2.5], "texture": "#0"},
				"up": {"uv": [7.5, 5.5, 9, 7], "texture": "#0"},
				"down": {"uv": [7.5, 5.5, 9, 7], "texture": "#0"}
			}
		},
		{
			"from": [12, 0, 0],
			"to": [15, 2, 3],
			"faces": {
				"north": {"uv": [9, 6, 10.5, 7], "texture": "#0"},
				"east": {"uv": [9, 6, 10.5, 7], "texture": "#0"},
				"south": {"uv": [9, 6, 10.5, 7], "texture": "#0"},
				"west": {"uv": [9, 6, 10.5, 7], "texture": "#0"},
				"up": {"uv": [7.5, 7, 9, 8.5], "texture": "#0"},
				"down": {"uv": [7.5, 7, 9, 8.5], "texture": "#0"}
			}
		},
		{
			"from": [2, 0, 12],
			"to": [5, 3, 15],
			"faces": {
				"north": {"uv": [0, 10.5, 1.5, 11.5], "texture": "#0"},
				"east": {"uv": [7.5, 10, 9, 11], "texture": "#0"},
				"south": {"uv": [6, 10, 7.5, 11], "texture": "#0"},
				"west": {"uv": [9, 10, 10.5, 11], "texture": "#0"},
				"up": {"uv": [4.5, 9, 6, 10.5], "texture": "#0"},
				"down": {"uv": [4.5, 9, 6, 10.5], "texture": "#0"}
			}
		},
		{
			"from": [11, 0, 11],
			"to": [14, 4, 14],
			"faces": {
				"north": {"uv": [6, 0, 7.5, 1.75], "texture": "#0"},
				"east": {"uv": [6, 0, 7.5, 1.75], "texture": "#0"},
				"south": {"uv": [4.5, 0, 6, 1.75], "texture": "#0"},
				"west": {"uv": [4.5, 0, 6, 1.75], "texture": "#0"},
				"up": {"uv": [7.5, 8.5, 9, 10], "texture": "#0"},
				"down": {"uv": [1.5, 8.5, 3, 10], "texture": "#0"}
			}
		}
	],
	"display": {
		"thirdperson_righthand": {
			"translation": [0, 4, 3.25],
			"scale": [0.5, 0.5, 0.5]
		},
		"thirdperson_lefthand": {
			"translation": [0, 4, 3.25],
			"scale": [0.5, 0.5, 0.5]
		},
		"firstperson_righthand": {
			"translation": [0, 4, 3.25],
			"scale": [0.5, 0.5, 0.5]
		},
		"firstperson_lefthand": {
			"translation": [0, 4, 3.25],
			"scale": [0.5, 0.5, 0.5]
		},
		"ground": {
			"translation": [0, 1, 0],
			"scale": [0.5, 0.5, 0.5]
		},
		"gui": {
			"rotation": [37.34, -25.29, 18.08],
			"translation": [-1.5, 4, 0],
			"scale": [0.7, 0.7, 0.7]
		},
		"head": {
			"scale": [0, 0, 0]
		},
		"fixed": {
			"rotation": [-90, 0, 0],
			"translation": [0, 0, -16],
			"scale": [2, 2, 2]
		}
	},
	"groups": [
		{
			"name": "group",
			"origin": [0, 0, 0],
			"color": 0,
			"children": [0, 1, 2, 3, 4]
		}
	]
}