{
	"credit": "Made with Blockbench",
	"texture_size": [64, 64],
	"textures": {
		"1": "deco/desk_4",
		"2": "deco/iron_wood",
		"3": "deco/desk_4_decoration_b",
		"particle": "deco/iron_wood"
	},
	"elements": [
		{
			"from": [-16, 15, -3],
			"to": [16, 16, 19],
			"rotation": {"angle": 0, "axis": "y", "origin": [-15, 15, 0]},
			"faces": {
				"north": {"uv": [0, 0, 16, 8.875], "texture": "#2"},
				"east": {"uv": [0, 0, 16, 8.875], "texture": "#2"},
				"south": {"uv": [0, 0, 16, 8.875], "texture": "#2"},
				"west": {"uv": [0, 0, 16, 8.875], "texture": "#2"},
				"up": {"uv": [0, 0, 16, 8.875], "texture": "#2"},
				"down": {"uv": [0, 0, 16, 8.875], "texture": "#2"}
			}
		},
		{
			"from": [11, 0, 1],
			"to": [13, 1, 15],
			"rotation": {"angle": 0, "axis": "y", "origin": [-15, 15, 0]},
			"faces": {
				"north": {"uv": [8.5, 4.5, 9.5, 5], "texture": "#1"},
				"east": {"uv": [6.5, 8, 13.5, 8.5], "texture": "#1"},
				"south": {"uv": [8.5, 5, 9.5, 5.5], "texture": "#1"},
				"west": {"uv": [8.5, 0, 15.5, 0.5], "texture": "#1"},
				"up": {"uv": [8, 7, 7, 0], "texture": "#1"},
				"down": {"uv": [2, 7, 1, 14], "texture": "#1"}
			}
		},
		{
			"from": [11, 1, 14],
			"to": [13, 15, 15],
			"rotation": {"angle": 0, "axis": "y", "origin": [-15, 15, 0]},
			"faces": {
				"north": {"uv": [2, 7, 3, 14], "texture": "#1"},
				"east": {"uv": [6.5, 8.5, 7, 15.5], "texture": "#1"},
				"south": {"uv": [3, 7, 4, 14], "texture": "#1"},
				"west": {"uv": [7, 8.5, 7.5, 15.5], "texture": "#1"},
				"up": {"uv": [9.5, 6, 8.5, 5.5], "texture": "#1"},
				"down": {"uv": [9.5, 6, 8.5, 6.5], "texture": "#1"}
			}
		},
		{
			"from": [11, 1, 1],
			"to": [13, 15, 2],
			"rotation": {"angle": 0, "axis": "y", "origin": [-15, 15, 0]},
			"faces": {
				"north": {"uv": [6, 0, 7, 7], "texture": "#1"},
				"east": {"uv": [8, 0, 8.5, 7], "texture": "#1"},
				"south": {"uv": [0, 7, 1, 14], "texture": "#1"},
				"west": {"uv": [6, 8, 6.5, 15], "texture": "#1"},
				"up": {"uv": [9.5, 4, 8.5, 3.5], "texture": "#1"},
				"down": {"uv": [9.5, 4, 8.5, 4.5], "texture": "#1"}
			}
		},
		{
			"from": [-13, 1, 1],
			"to": [-11, 15, 2],
			"rotation": {"angle": 0, "axis": "y", "origin": [15, 15, 0]},
			"faces": {
				"north": {"uv": [0, 0, 1, 7], "texture": "#1"},
				"east": {"uv": [4, 7, 4.5, 14], "texture": "#1"},
				"south": {"uv": [1, 0, 2, 7], "texture": "#1"},
				"west": {"uv": [4.5, 7, 5, 14], "texture": "#1"},
				"up": {"uv": [9.5, 1, 8.5, 0.5], "texture": "#1"},
				"down": {"uv": [9.5, 1, 8.5, 1.5], "texture": "#1"}
			}
		},
		{
			"from": [-13, 0, 1],
			"to": [-11, 1, 15],
			"rotation": {"angle": 0, "axis": "y", "origin": [15, 15, 0]},
			"faces": {
				"north": {"uv": [8.5, 2.5, 9.5, 3], "texture": "#1"},
				"east": {"uv": [6, 7, 13, 7.5], "texture": "#1"},
				"south": {"uv": [8.5, 3, 9.5, 3.5], "texture": "#1"},
				"west": {"uv": [6, 7.5, 13, 8], "texture": "#1"},
				"up": {"uv": [5, 7, 4, 0], "texture": "#1"},
				"down": {"uv": [6, 0, 5, 7], "texture": "#1"}
			}
		},
		{
			"from": [-13, 1, 14],
			"to": [-11, 15, 15],
			"rotation": {"angle": 0, "axis": "y", "origin": [15, 15, 0]},
			"faces": {
				"north": {"uv": [2, 0, 3, 7], "texture": "#1"},
				"east": {"uv": [5, 7, 5.5, 14], "texture": "#1"},
				"south": {"uv": [3, 0, 4, 7], "texture": "#1"},
				"west": {"uv": [5.5, 7, 6, 14], "texture": "#1"},
				"up": {"uv": [9.5, 2, 8.5, 1.5], "texture": "#1"},
				"down": {"uv": [9.5, 2, 8.5, 2.5], "texture": "#1"}
			}
		},
		{
			"from": [4, 16, 0],
			"to": [10, 18, 8],
			"rotation": {"angle": 0, "axis": "y", "origin": [-8, 0, 0]},
			"faces": {
				"north": {"uv": [6, 2.25, 7.5, 2.75], "texture": "#3"},
				"east": {"uv": [5.75, 5.25, 7.75, 5.75], "texture": "#3"},
				"south": {"uv": [6, 2.75, 7.5, 3.25], "texture": "#3"},
				"west": {"uv": [6, 1.75, 8, 2.25], "texture": "#3"},
				"up": {"uv": [5, 2, 3.5, 0], "texture": "#3"},
				"down": {"uv": [5, 2, 3.5, 4], "texture": "#3"}
			}
		},
		{
			"from": [3.9, 18, -0.1],
			"to": [10.1, 18.1, 8.1],
			"rotation": {"angle": 0, "axis": "y", "origin": [-8, 0, 0]},
			"faces": {
				"north": {"uv": [2.5, 6.5, 4.0625, 6.5625], "texture": "#3"},
				"east": {"uv": [6.25, 1, 8.3125, 1.0625], "texture": "#3"},
				"south": {"uv": [4.25, 6.5, 5.8125, 6.5625], "texture": "#3"},
				"west": {"uv": [6.25, 1.25, 8.3125, 1.3125], "texture": "#3"},
				"up": {"uv": [1.5625, 2.0625, 0, 0], "texture": "#3"},
				"down": {"uv": [3.3125, 0, 1.75, 2.0625], "texture": "#3"}
			}
		},
		{
			"from": [10, 16.1, -0.1],
			"to": [10.2, 18, 8.1],
			"rotation": {"angle": 0, "axis": "y", "origin": [-8, 0, 0]},
			"faces": {
				"north": {"uv": [5, 3.25, 5.0625, 3.75], "texture": "#3"},
				"east": {"uv": [4.5, 5.75, 6.5625, 6.25], "texture": "#3"},
				"south": {"uv": [5.25, 3.25, 5.3125, 3.75], "texture": "#3"},
				"west": {"uv": [5.75, 4.75, 7.8125, 5.25], "texture": "#3"},
				"up": {"uv": [2.0625, 8.3125, 2, 6.25], "texture": "#3"},
				"down": {"uv": [2.3125, 6.25, 2.25, 8.3125], "texture": "#3"}
			}
		},
		{
			"from": [3.9, 16, -0.1],
			"to": [10.1, 16.1, 8.1],
			"rotation": {"angle": 0, "axis": "y", "origin": [-8, 0, 0]},
			"faces": {
				"north": {"uv": [6, 6.5, 7.5625, 6.5625], "texture": "#3"},
				"east": {"uv": [6.25, 1.5, 8.3125, 1.5625], "texture": "#3"},
				"south": {"uv": [0, 6.75, 1.5625, 6.8125], "texture": "#3"},
				"west": {"uv": [2.5, 6.25, 4.5625, 6.3125], "texture": "#3"},
				"up": {"uv": [1.5625, 4.3125, 0, 2.25], "texture": "#3"},
				"down": {"uv": [3.3125, 2.25, 1.75, 4.3125], "texture": "#3"}
			}
		},
		{
			"from": [4, 18.2, 1],
			"to": [8, 19.2, 7],
			"rotation": {"angle": 0, "axis": "y", "origin": [7, 18.2, 1]},
			"faces": {
				"north": {"uv": [3.5, 6, 4.5, 6.25], "texture": "#3"},
				"east": {"uv": [6.25, 0.5, 7.75, 0.75], "texture": "#3"},
				"south": {"uv": [1, 6.25, 2, 6.5], "texture": "#3"},
				"west": {"uv": [6.25, 0.75, 7.75, 1], "texture": "#3"},
				"up": {"uv": [6, 3.25, 5, 1.75], "texture": "#3"},
				"down": {"uv": [6.75, 3.25, 5.75, 4.75], "texture": "#3"}
			}
		},
		{
			"from": [3.9, 18.1, 0.9],
			"to": [8.1, 18.2, 7.1],
			"rotation": {"angle": 0, "axis": "y", "origin": [7, 18.1, 1]},
			"faces": {
				"north": {"uv": [6.75, 4, 7.8125, 4.0625], "texture": "#3"},
				"east": {"uv": [2.5, 6.75, 4.0625, 6.8125], "texture": "#3"},
				"south": {"uv": [6.75, 4.25, 7.8125, 4.3125], "texture": "#3"},
				"west": {"uv": [6.75, 3.25, 8.3125, 3.3125], "texture": "#3"},
				"up": {"uv": [2.0625, 6.0625, 1, 4.5], "texture": "#3"},
				"down": {"uv": [3.3125, 4.5, 2.25, 6.0625], "texture": "#3"}
			}
		},
		{
			"from": [3.9, 19.2, 0.9],
			"to": [8.1, 19.3, 7.1],
			"rotation": {"angle": 0, "axis": "y", "origin": [7, 19.2, 1]},
			"faces": {
				"north": {"uv": [4.5, 6.75, 5.5625, 6.8125], "texture": "#3"},
				"east": {"uv": [6.75, 3.5, 8.3125, 3.5625], "texture": "#3"},
				"south": {"uv": [6.75, 4.5, 7.8125, 4.5625], "texture": "#3"},
				"west": {"uv": [6.75, 3.75, 8.3125, 3.8125], "texture": "#3"},
				"up": {"uv": [5.5625, 5.5625, 4.5, 4], "texture": "#3"},
				"down": {"uv": [6.0625, 0, 5, 1.5625], "texture": "#3"}
			}
		},
		{
			"from": [8, 18.2, 0.9],
			"to": [8.2, 19.2, 7.1],
			"rotation": {"angle": 0, "axis": "y", "origin": [7.1, 19.2, 1]},
			"faces": {
				"north": {"uv": [5, 3.75, 5.0625, 4], "texture": "#3"},
				"east": {"uv": [6.25, 0, 7.8125, 0.25], "texture": "#3"},
				"south": {"uv": [5.25, 3.75, 5.3125, 4], "texture": "#3"},
				"west": {"uv": [6.25, 0.25, 7.8125, 0.5], "texture": "#3"},
				"up": {"uv": [1.8125, 8.3125, 1.75, 6.75], "texture": "#3"},
				"down": {"uv": [4.3125, 6.75, 4.25, 8.3125], "texture": "#3"}
			}
		},
		{
			"from": [-5, 16, 7],
			"to": [-1, 16.3, 15],
			"rotation": {"angle": -45, "axis": "y", "origin": [-2, 16, 7]},
			"faces": {
				"north": {"uv": [5.75, 6.75, 6.75, 6.8125], "texture": "#3"},
				"east": {"uv": [4.75, 6.25, 6.75, 6.3125], "texture": "#3"},
				"south": {"uv": [6.75, 5.75, 7.75, 5.8125], "texture": "#3"},
				"west": {"uv": [0, 6.5, 2, 6.5625], "texture": "#3"},
				"up": {"uv": [4.5, 6, 3.5, 4], "texture": "#3"},
				"down": {"uv": [1, 4.5, 0, 6.5], "texture": "#3"}
			}
		}
	],
	"display": {
		"thirdperson_righthand": {
			"rotation": [21, 11, 0],
			"translation": [3.5, 0, 0],
			"scale": [0.4, 0.4, 0.4]
		},
		"thirdperson_lefthand": {
			"rotation": [21, 11, 0],
			"translation": [-3.5, 0, 0],
			"scale": [0.4, 0.4, 0.4]
		},
		"firstperson_righthand": {
			"rotation": [21, 11, 0],
			"translation": [3.5, 0, 0],
			"scale": [0.4, 0.4, 0.4]
		},
		"firstperson_lefthand": {
			"rotation": [21, 11, 0],
			"translation": [3.5, 0, 0],
			"scale": [0.4, 0.4, 0.4]
		},
		"ground": {
			"rotation": [21, 11, 0],
			"translation": [3.5, 3.5, 0],
			"scale": [0.4, 0.4, 0.4]
		},
		"gui": {
			"rotation": [-158.52, 35.02, -179.73],
			"translation": [-1.75, -0.75, 0],
			"scale": [0.4, 0.4, 0.4]
		},
		"head": {
			"rotation": [21, 11, 0],
			"scale": [0, 0, 0]
		},
		"fixed": {
			"rotation": [-90, 0, 0],
			"translation": [0, 0, -15],
			"scale": [2, 2, 2]
		}
	},
	"groups": [
		{
			"name": "group",
			"origin": [23, 15, 0],
			"color": 0,
			"children": [
				0,
				1,
				2,
				3,
				4,
				5,
				6,
				{
					"name": "decoration",
					"origin": [0, 0, 0],
					"color": 0,
					"children": [7, 8, 9, 10, 11, 12, 13, 14, 15]
				}
			]
		}
	]
}