{
	"credit": "Made with Blockbench",
	"texture_size": [128, 128],
	"textures": {
		"0": "deco/desk_3",
		"particle": "deco/desk_3"
	},
	"elements": [
		{
			"from": [-16, 0, 0],
			"to": [11, 1, 16],
			"rotation": {"angle": 0, "axis": "y", "origin": [-11, 0, 0]},
			"faces": {
				"north": {"uv": [4.625, 6.25, 8.5, 6.375], "texture": "#0"},
				"east": {"uv": [6.75, 4, 8.75, 4.125], "texture": "#0"},
				"south": {"uv": [4.625, 6.375, 8.5, 6.5], "texture": "#0"},
				"west": {"uv": [6.75, 4.125, 8.75, 4.25], "texture": "#0"},
				"up": {"uv": [3.875, 2, 0, 0], "texture": "#0"},
				"down": {"uv": [3.875, 2, 0, 4], "texture": "#0"}
			}
		},
		{
			"from": [5, 1, 4],
			"to": [10, 12, 11],
			"rotation": {"angle": 0, "axis": "y", "origin": [-5, 1, 4]},
			"faces": {
				"north": {"uv": [3.375, 5.25, 4, 6.625], "texture": "#0"},
				"east": {"uv": [0, 5.25, 0.875, 6.625], "texture": "#0"},
				"south": {"uv": [6.125, 4, 6.75, 5.375], "texture": "#0"},
				"west": {"uv": [0.875, 5.25, 1.75, 6.625], "texture": "#0"},
				"up": {"uv": [6.75, 6.25, 6.125, 5.375], "texture": "#0"},
				"down": {"uv": [4.625, 6.25, 4, 7.125], "texture": "#0"}
			}
		},
		{
			"from": [-16, 15, 0],
			"to": [11, 16, 16],
			"rotation": {"angle": 0, "axis": "y", "origin": [-11, 15, 0]},
			"faces": {
				"north": {"uv": [4.625, 6.5, 8.5, 6.625], "texture": "#0"},
				"east": {"uv": [6.75, 4.25, 8.75, 4.375], "texture": "#0"},
				"south": {"uv": [0, 6.625, 3.875, 6.75], "texture": "#0"},
				"west": {"uv": [6.75, 4.375, 8.75, 4.5], "texture": "#0"},
				"up": {"uv": [7.75, 2, 3.875, 0], "texture": "#0"},
				"down": {"uv": [7.75, 2, 3.875, 4], "texture": "#0"}
			}
		},
		{
			"from": [-4, 16, 2],
			"to": [9, 16.4, 7],
			"rotation": {"angle": 0, "axis": "y", "origin": [-11, 16, 0]},
			"faces": {
				"north": {"uv": [1.75, 6.5, 3.375, 6.5625], "texture": "#0"},
				"east": {"uv": [1.375, 6.875, 2, 6.9375], "texture": "#0"},
				"south": {"uv": [6.75, 5.5, 8.375, 5.5625], "texture": "#0"},
				"west": {"uv": [6.125, 6.875, 6.75, 6.9375], "texture": "#0"},
				"up": {"uv": [3.375, 5.875, 1.75, 5.25], "texture": "#0"},
				"down": {"uv": [3.375, 5.875, 1.75, 6.5], "texture": "#0"}
			}
		},
		{
			"from": [-10, 16, 4],
			"to": [-8, 16.4, 7],
			"rotation": {"angle": 22.5, "axis": "y", "origin": [-9, 16, 6]},
			"faces": {
				"north": {"uv": [0.875, 7, 1.125, 7.0625], "texture": "#0"},
				"east": {"uv": [0.5, 7, 0.875, 7.0625], "texture": "#0"},
				"south": {"uv": [1.75, 7, 2, 7.0625], "texture": "#0"},
				"west": {"uv": [1.375, 7, 1.75, 7.0625], "texture": "#0"},
				"up": {"uv": [7, 6, 6.75, 5.625], "texture": "#0"},
				"down": {"uv": [6.125, 6.75, 5.875, 7.125], "texture": "#0"}
			}
		},
		{
			"from": [-3, 16, 12],
			"to": [2, 17, 15.7],
			"rotation": {"angle": 0, "axis": "y", "origin": [-7, 16, 0]},
			"faces": {
				"north": {"uv": [6.75, 6, 7.375, 6.125], "texture": "#0"},
				"east": {"uv": [6.75, 6.125, 7.21875, 6.25], "texture": "#0"},
				"south": {"uv": [6.125, 6.75, 6.75, 6.875], "texture": "#0"},
				"west": {"uv": [6.75, 6.75, 7.21875, 6.875], "texture": "#0"},
				"up": {"uv": [5.25, 7.09375, 4.625, 6.625], "texture": "#0"},
				"down": {"uv": [5.875, 6.625, 5.25, 7.09375], "texture": "#0"}
			}
		},
		{
			"from": [-9, 20, 10],
			"to": [8, 29, 11],
			"rotation": {"angle": 0, "axis": "y", "origin": [-7, 20, -4]},
			"faces": {
				"north": {"uv": [4, 4, 6.125, 5.125], "texture": "#0"},
				"east": {"uv": [3.5, 6.75, 3.625, 7.875], "texture": "#0"},
				"south": {"uv": [4, 5.125, 6.125, 6.25], "texture": "#0"},
				"west": {"uv": [3.625, 6.75, 3.75, 7.875], "texture": "#0"},
				"up": {"uv": [8, 6.75, 5.875, 6.625], "texture": "#0"},
				"down": {"uv": [2.125, 6.75, 0, 6.875], "texture": "#0"}
			}
		},
		{
			"from": [-1, 17, 14],
			"to": [0, 19, 15],
			"rotation": {"angle": 0, "axis": "y", "origin": [-1, 17, 15]},
			"faces": {
				"north": {"uv": [2, 6.875, 2.125, 7.125], "texture": "#0"},
				"east": {"uv": [6.75, 6.875, 6.875, 7.125], "texture": "#0"},
				"south": {"uv": [6.875, 6.875, 7, 7.125], "texture": "#0"},
				"west": {"uv": [0.375, 7, 0.5, 7.25], "texture": "#0"},
				"up": {"uv": [7.125, 5.75, 7, 5.625], "texture": "#0"},
				"down": {"uv": [7.125, 5.75, 7, 5.875], "texture": "#0"}
			}
		},
		{
			"from": [-5, 15.48181, 15.68714],
			"to": [-4, 18.48181, 16.68714],
			"rotation": {"angle": -22.5, "axis": "x", "origin": [-13, 13, 7]},
			"faces": {
				"north": {"uv": [3.75, 6.75, 3.875, 7.125], "texture": "#0"},
				"east": {"uv": [0, 6.875, 0.125, 7.25], "texture": "#0"},
				"south": {"uv": [0.125, 6.875, 0.25, 7.25], "texture": "#0"},
				"west": {"uv": [0.25, 6.875, 0.375, 7.25], "texture": "#0"},
				"up": {"uv": [7.125, 6, 7, 5.875], "texture": "#0"},
				"down": {"uv": [6.25, 7, 6.125, 7.125], "texture": "#0"}
			}
		},
		{
			"from": [-5, 20.55928, 6.95593],
			"to": [-4, 21.55928, 9.95593],
			"rotation": {"angle": 22.5, "axis": "x", "origin": [-13, 11.87214, 12.43774]},
			"faces": {
				"north": {"uv": [6.25, 7, 6.375, 7.125], "texture": "#0"},
				"east": {"uv": [0.375, 6.875, 0.75, 7], "texture": "#0"},
				"south": {"uv": [6.375, 7, 6.5, 7.125], "texture": "#0"},
				"west": {"uv": [0.75, 6.875, 1.125, 7], "texture": "#0"},
				"up": {"uv": [1.25, 7.25, 1.125, 6.875], "texture": "#0"},
				"down": {"uv": [1.375, 6.875, 1.25, 7.25], "texture": "#0"}
			}
		},
		{
			"from": [11, 14, 0],
			"to": [12, 15, 16],
			"rotation": {"angle": 0, "axis": "y", "origin": [-10, 14, 0]},
			"faces": {
				"north": {"uv": [6.5, 7, 6.625, 7.125], "texture": "#0"},
				"east": {"uv": [6.75, 4.5, 8.75, 4.625], "texture": "#0"},
				"south": {"uv": [6.625, 7, 6.75, 7.125], "texture": "#0"},
				"west": {"uv": [6.75, 4.625, 8.75, 4.75], "texture": "#0"},
				"up": {"uv": [4, 8.625, 3.875, 6.625], "texture": "#0"},
				"down": {"uv": [2.25, 6.75, 2.125, 8.75], "texture": "#0"}
			}
		},
		{
			"from": [11, 1, 0],
			"to": [12, 2, 16],
			"rotation": {"angle": 0, "axis": "y", "origin": [-10, 1, 0]},
			"faces": {
				"north": {"uv": [7, 6.875, 7.125, 7], "texture": "#0"},
				"east": {"uv": [6.75, 4.75, 8.75, 4.875], "texture": "#0"},
				"south": {"uv": [7, 7, 7.125, 7.125], "texture": "#0"},
				"west": {"uv": [6.75, 4.875, 8.75, 5], "texture": "#0"},
				"up": {"uv": [2.375, 8.75, 2.25, 6.75], "texture": "#0"},
				"down": {"uv": [2.5, 6.75, 2.375, 8.75], "texture": "#0"}
			}
		},
		{
			"from": [12, 2, 0],
			"to": [13, 3, 16],
			"rotation": {"angle": 0, "axis": "y", "origin": [-9, 2, 0]},
			"faces": {
				"north": {"uv": [0.5, 7.125, 0.625, 7.25], "texture": "#0"},
				"east": {"uv": [6.75, 5, 8.75, 5.125], "texture": "#0"},
				"south": {"uv": [0.625, 7.125, 0.75, 7.25], "texture": "#0"},
				"west": {"uv": [6.75, 5.125, 8.75, 5.25], "texture": "#0"},
				"up": {"uv": [2.625, 8.75, 2.5, 6.75], "texture": "#0"},
				"down": {"uv": [2.75, 6.75, 2.625, 8.75], "texture": "#0"}
			}
		},
		{
			"from": [12, 13, 0],
			"to": [13, 14, 16],
			"rotation": {"angle": 0, "axis": "y", "origin": [-9, 13, 0]},
			"faces": {
				"north": {"uv": [0.75, 7.125, 0.875, 7.25], "texture": "#0"},
				"east": {"uv": [6.75, 5.25, 8.75, 5.375], "texture": "#0"},
				"south": {"uv": [0.875, 7.125, 1, 7.25], "texture": "#0"},
				"west": {"uv": [6.75, 5.375, 8.75, 5.5], "texture": "#0"},
				"up": {"uv": [2.875, 8.75, 2.75, 6.75], "texture": "#0"},
				"down": {"uv": [3, 6.75, 2.875, 8.75], "texture": "#0"}
			}
		},
		{
			"from": [13, 3, 0],
			"to": [14, 13, 16],
			"rotation": {"angle": 0, "axis": "y", "origin": [-8, 3, 0]},
			"faces": {
				"north": {"uv": [3.25, 6.75, 3.375, 8], "texture": "#0"},
				"east": {"uv": [0, 4, 2, 5.25], "texture": "#0"},
				"south": {"uv": [3.375, 6.75, 3.5, 8], "texture": "#0"},
				"west": {"uv": [2, 4, 4, 5.25], "texture": "#0"},
				"up": {"uv": [3.125, 8.75, 3, 6.75], "texture": "#0"},
				"down": {"uv": [3.25, 6.75, 3.125, 8.75], "texture": "#0"}
			}
		}
	],
	"display": {
		"thirdperson_righthand": {
			"rotation": [21, 11, 0],
			"translation": [3.5, 0, 0],
			"scale": [0.4, 0.4, 0.4]
		},
		"thirdperson_lefthand": {
			"rotation": [21, 11, 0],
			"translation": [-3.5, 0, 0],
			"scale": [0.4, 0.4, 0.4]
		},
		"firstperson_righthand": {
			"rotation": [21, 11, 0],
			"scale": [0.4, 0.4, 0.4]
		},
		"firstperson_lefthand": {
			"rotation": [21, 11, 0],
			"scale": [0.4, 0.4, 0.4]
		},
		"ground": {
			"rotation": [21, 11, 0],
			"translation": [3.5, 3, 0],
			"scale": [0.4, 0.4, 0.4]
		},
		"gui": {
			"rotation": [-158.52, 35.02, -179.73],
			"translation": [-1.75, -0.75, 0],
			"scale": [0.4, 0.4, 0.4]
		},
		"head": {
			"rotation": [21, 11, 0],
			"scale": [0, 0, 0]
		},
		"fixed": {
			"rotation": [-90, 0, 0],
			"translation": [0, 0, -15],
			"scale": [2, 2, 2]
		}
	},
	"groups": [
		{
			"name": "desk",
			"origin": [3, 3, 0],
			"color": 0,
			"children": [0, 1, 2, 3, 4, 5, 6, 7, 8, 9, 10, 11, 12, 13, 14]
		}
	]
}