{
	"credit": "Made with Blockbench",
	"texture_size": [8, 8],
	"textures": {
		"0": "deco/desk_2",
		"1": "deco/pen",
		"particle": "deco/desk_2"
	},
	"elements": [
		{
			"from": [-14, 0, 0],
			"to": [-13, 16, 16],
			"rotation": {"angle": 0, "axis": "y", "origin": [-8, 0, 0]},
			"faces": {
				"north": {"uv": [2.75, 6, 2.875, 8], "texture": "#0"},
				"east": {"uv": [0, 0, 2, 2], "texture": "#0"},
				"south": {"uv": [2.875, 6, 3, 8], "texture": "#0"},
				"west": {"uv": [0, 2, 2, 4], "texture": "#0"},
				"up": {"uv": [3.125, 8, 3, 6], "texture": "#0"},
				"down": {"uv": [3.25, 6, 3.125, 8], "texture": "#0"}
			}
		},
		{
			"from": [-13, 15, 0],
			"to": [3, 16, 16],
			"rotation": {"angle": 0, "axis": "y", "origin": [-8, 0, 0]},
			"faces": {
				"north": {"uv": [6.125, 5.625, 8.125, 5.75], "texture": "#0"},
				"east": {"uv": [6.625, 3.5, 8.625, 3.625], "texture": "#0"},
				"south": {"uv": [6.75, 0, 8.75, 0.125], "texture": "#0"},
				"west": {"uv": [6.75, 0.125, 8.75, 0.25], "texture": "#0"},
				"up": {"uv": [4, 2, 2, 0], "texture": "#0"},
				"down": {"uv": [4, 2, 2, 4], "texture": "#0"}
			}
		},
		{
			"from": [3, 1, 0],
			"to": [14, 16, 16],
			"rotation": {"angle": 0, "axis": "y", "origin": [-8, 0, 0]},
			"faces": {
				"north": {"uv": [3.375, 4, 4.75, 5.875], "texture": "#0"},
				"east": {"uv": [0, 4, 2, 5.875], "texture": "#0"},
				"south": {"uv": [4.75, 3.875, 6.125, 5.75], "texture": "#0"},
				"west": {"uv": [4, 0, 6, 1.875], "texture": "#0"},
				"up": {"uv": [5.375, 3.875, 4, 1.875], "texture": "#0"},
				"down": {"uv": [3.375, 4, 2, 6], "texture": "#0"}
			}
		},
		{
			"from": [7, 16, 7],
			"to": [13, 18, 15],
			"rotation": {"angle": 0, "axis": "y", "origin": [10, 16, 11]},
			"faces": {
				"north": {"uv": [5.375, 3.625, 6.125, 3.875], "texture": "#0"},
				"east": {"uv": [0, 6.75, 1, 7], "texture": "#0"},
				"south": {"uv": [6.75, 0.5, 7.5, 0.75], "texture": "#0"},
				"west": {"uv": [6.75, 0.25, 7.75, 0.5], "texture": "#0"},
				"up": {"uv": [2, 6.875, 1.25, 5.875], "texture": "#0"},
				"down": {"uv": [4.125, 5.875, 3.375, 6.875], "texture": "#0"}
			}
		},
		{
			"from": [-11, 16, 4],
			"to": [-5, 16.5, 12],
			"rotation": {"angle": 0, "axis": "y", "origin": [-8, 15, 8]},
			"faces": {
				"north": {"uv": [4, 3.875, 4.75, 3.9375], "texture": "#0"},
				"east": {"uv": [6.75, 0.75, 7.75, 0.8125], "texture": "#0"},
				"south": {"uv": [6.875, 4.75, 7.625, 4.8125], "texture": "#0"},
				"west": {"uv": [6.75, 0.875, 7.75, 0.9375], "texture": "#0"},
				"up": {"uv": [6.75, 1, 6, 0], "texture": "#0"},
				"down": {"uv": [2.75, 6, 2, 7], "texture": "#0"}
			}
		},
		{
			"from": [0, 16.1, 2],
			"to": [6, 16.1, 10],
			"rotation": {"angle": -45, "axis": "y", "origin": [3, 15.1, 6]},
			"faces": {
				"north": {"uv": [0, 0, 0.75, 0], "texture": "#0"},
				"east": {"uv": [0, 0, 1, 0], "texture": "#0"},
				"south": {"uv": [0, 0, 0.75, 0], "texture": "#0"},
				"west": {"uv": [0, 0, 1, 0], "texture": "#0"},
				"up": {"uv": [6.75, 6.75, 6, 5.75], "texture": "#0"},
				"down": {"uv": [6.875, 3.625, 6.125, 4.625], "texture": "#0"}
			}
		},
		{
			"from": [7, 17, 7],
			"to": [13, 17, 15],
			"rotation": {"angle": 22.5, "axis": "y", "origin": [10, 16, 11]},
			"faces": {
				"north": {"uv": [0, 0, 0.75, 0], "texture": "#0"},
				"east": {"uv": [0, 0, 1, 0], "texture": "#0"},
				"south": {"uv": [0, 0, 0.75, 0], "texture": "#0"},
				"west": {"uv": [0, 0, 1, 0], "texture": "#0"},
				"up": {"uv": [6.875, 5.625, 6.125, 4.625], "texture": "#0"},
				"down": {"uv": [7.375, 1, 6.625, 2], "texture": "#0"}
			}
		},
		{
			"from": [7, 4, -1],
			"to": [10, 5, 0],
			"rotation": {"angle": 0, "axis": "y", "origin": [-8, 0, 0]},
			"faces": {
				"north": {"uv": [6, 1.625, 6.375, 1.75], "texture": "#0"},
				"east": {"uv": [5.875, 6.625, 6, 6.75], "texture": "#0"},
				"south": {"uv": [6, 1.75, 6.375, 1.875], "texture": "#0"},
				"west": {"uv": [3.25, 6.75, 3.375, 6.875], "texture": "#0"},
				"up": {"uv": [4.5, 6.625, 4.125, 6.5], "texture": "#0"},
				"down": {"uv": [7.25, 4.875, 6.875, 5], "texture": "#0"}
			}
		},
		{
			"from": [7, 8, -1],
			"to": [10, 9, 0],
			"rotation": {"angle": 0, "axis": "y", "origin": [-8, 0, 0]},
			"faces": {
				"north": {"uv": [6.875, 5, 7.25, 5.125], "texture": "#0"},
				"east": {"uv": [2.375, 7.125, 2.5, 7.25], "texture": "#0"},
				"south": {"uv": [6.875, 5.125, 7.25, 5.25], "texture": "#0"},
				"west": {"uv": [4, 7.125, 4.125, 7.25], "texture": "#0"},
				"up": {"uv": [7.25, 5.375, 6.875, 5.25], "texture": "#0"},
				"down": {"uv": [7.25, 5.375, 6.875, 5.5], "texture": "#0"}
			}
		},
		{
			"from": [7, 12, -5],
			"to": [10, 13, -4],
			"rotation": {"angle": 0, "axis": "y", "origin": [-8, 0, -4]},
			"faces": {
				"north": {"uv": [6.875, 5.5, 7.25, 5.625], "texture": "#0"},
				"east": {"uv": [7.125, 6.125, 7.25, 6.25], "texture": "#0"},
				"south": {"uv": [0, 7, 0.375, 7.125], "texture": "#0"},
				"west": {"uv": [6.25, 7.125, 6.375, 7.25], "texture": "#0"},
				"up": {"uv": [0.75, 7.125, 0.375, 7], "texture": "#0"},
				"down": {"uv": [2.125, 7, 1.75, 7.125], "texture": "#0"}
			}
		},
		{
			"from": [12, 0, 1],
			"to": [13, 1, 3],
			"rotation": {"angle": 0, "axis": "y", "origin": [-8, 0, 0]},
			"faces": {
				"north": {"uv": [7.125, 6.25, 7.25, 6.375], "texture": "#0"},
				"east": {"uv": [6.375, 1, 6.625, 1.125], "texture": "#0"},
				"south": {"uv": [6.375, 7.125, 6.5, 7.25], "texture": "#0"},
				"west": {"uv": [6.375, 1.125, 6.625, 1.25], "texture": "#0"},
				"up": {"uv": [3.375, 6.25, 3.25, 6], "texture": "#0"},
				"down": {"uv": [3.375, 6.25, 3.25, 6.5], "texture": "#0"}
			}
		},
		{
			"from": [12, 0, 13],
			"to": [13, 1, 15],
			"rotation": {"angle": 0, "axis": "y", "origin": [-8, 0, 0]},
			"faces": {
				"north": {"uv": [7.125, 6.375, 7.25, 6.5], "texture": "#0"},
				"east": {"uv": [6.375, 1.25, 6.625, 1.375], "texture": "#0"},
				"south": {"uv": [6.5, 7.125, 6.625, 7.25], "texture": "#0"},
				"west": {"uv": [6.375, 1.375, 6.625, 1.5], "texture": "#0"},
				"up": {"uv": [6.5, 1.75, 6.375, 1.5], "texture": "#0"},
				"down": {"uv": [4.625, 6.375, 4.5, 6.625], "texture": "#0"}
			}
		},
		{
			"from": [4, 0, 1],
			"to": [5, 1, 3],
			"rotation": {"angle": 0, "axis": "y", "origin": [-8, 0, 0]},
			"faces": {
				"north": {"uv": [7.125, 6.5, 7.25, 6.625], "texture": "#0"},
				"east": {"uv": [6.375, 1.75, 6.625, 1.875], "texture": "#0"},
				"south": {"uv": [6.625, 7.125, 6.75, 7.25], "texture": "#0"},
				"west": {"uv": [1, 6.75, 1.25, 6.875], "texture": "#0"},
				"up": {"uv": [4.75, 6.625, 4.625, 6.375], "texture": "#0"},
				"down": {"uv": [6.625, 1.5, 6.5, 1.75], "texture": "#0"}
			}
		},
		{
			"from": [4, 0, 13],
			"to": [5, 1, 15],
			"rotation": {"angle": 0, "axis": "y", "origin": [-8, 0, 0]},
			"faces": {
				"north": {"uv": [7.125, 6.625, 7.25, 6.75], "texture": "#0"},
				"east": {"uv": [1.75, 6.875, 2, 7], "texture": "#0"},
				"south": {"uv": [6.75, 7.125, 6.875, 7.25], "texture": "#0"},
				"west": {"uv": [0.75, 7, 1, 7.125], "texture": "#0"},
				"up": {"uv": [3.375, 6.75, 3.25, 6.5], "texture": "#0"},
				"down": {"uv": [4.125, 6.875, 4, 7.125], "texture": "#0"}
			}
		},
		{
			"from": [3.3, 10.5, -3],
			"to": [4.3, 14.8, 1],
			"rotation": {"angle": 0, "axis": "y", "origin": [3.3, 10.5, 0]},
			"faces": {
				"north": {"uv": [0, 0, 2, 4.1], "texture": "#0"},
				"east": {"uv": [0, 0.0625, 1.375, 3.94375], "texture": "#0"},
				"south": {"uv": [0, 0.0625, 2, 4.06875], "texture": "#0"},
				"west": {"uv": [0, 0, 2.0625, 4.44375], "texture": "#0"},
				"up": {"uv": [0, 0, 2, 4.25], "texture": "#0"},
				"down": {"uv": [0, 0, 2, 4.34375], "texture": "#0"}
			}
		},
		{
			"from": [12.7, 10.5, -3],
			"to": [13.7, 14.8, 1],
			"rotation": {"angle": 0, "axis": "y", "origin": [12.7, 10.5, 0]},
			"faces": {
				"north": {"uv": [0, 0, 2, 2.31875], "texture": "#0"},
				"east": {"uv": [0, 0, 1.9375, 2.31875], "texture": "#0"},
				"south": {"uv": [0, 0, 2, 2.31875], "texture": "#0"},
				"west": {"uv": [0, 0, 1.9375, 2.38125], "texture": "#0"},
				"up": {"uv": [0, 0, 2, 2.34375], "texture": "#0"},
				"down": {"uv": [0, 0, 2, 2.375], "texture": "#0"}
			}
		},
		{
			"from": [3.3, 10.5, -4],
			"to": [13.7, 14.8, -3],
			"rotation": {"angle": 0, "axis": "y", "origin": [4.3, 10.5, 0]},
			"faces": {
				"north": {"uv": [3.40625, 4.65625, 4.70625, 5.1625], "texture": "#0"},
				"east": {"uv": [0, 0, 0.125, 0.5375], "texture": "#0"},
				"south": {"uv": [0, 0, 1.3, 0.5375], "texture": "#0"},
				"west": {"uv": [0, 0, 0.125, 0.5375], "texture": "#0"},
				"up": {"uv": [0, 0, 1.3, 0.125], "texture": "#0"},
				"down": {"uv": [0, 0, 1.3, 0.125], "texture": "#0"}
			}
		},
		{
			"from": [4.3, 10.5, -3],
			"to": [12.7, 10.8, 1],
			"rotation": {"angle": 0, "axis": "y", "origin": [4.3, 10.5, 1]},
			"faces": {
				"north": {"uv": [0, 0.125, 1.75, 3.31875], "texture": "#0"},
				"east": {"uv": [0, 0, 8, 0.6], "texture": "#0"},
				"south": {"uv": [0, 0.0625, 1.75, 3.56875], "texture": "#0"},
				"west": {"uv": [0, 0, 8, 0.6], "texture": "#0"},
				"up": {"uv": [0, 0, 1.90625, 3.34375], "texture": "#0"},
				"down": {"uv": [0, 0, 1.625, 3.5], "texture": "#0"}
			}
		},
		{
			"from": [-13, 16, 7],
			"to": [-12.5, 16.5, 8],
			"rotation": {"angle": 22.5, "axis": "y", "origin": [-12.5, 16, 7]},
			"faces": {
				"north": {"uv": [0, 10, 2, 12], "texture": "#1"},
				"east": {"uv": [0, 8, 4, 10], "texture": "#1"},
				"south": {"uv": [8, 8, 10, 10], "texture": "#1"},
				"west": {"uv": [8, 0, 12, 2], "texture": "#1"},
				"up": {"uv": [12, 4, 8, 2], "rotation": 90, "texture": "#1"},
				"down": {"uv": [8, 8, 4, 10], "rotation": 270, "texture": "#1"}
			}
		},
		{
			"from": [-13.05, 15.95, 5],
			"to": [-12.45, 16.55, 7],
			"rotation": {"angle": 22.5, "axis": "y", "origin": [-12.5, 16, 7]},
			"faces": {
				"north": {"uv": [8, 6, 10, 8], "texture": "#1"},
				"east": {"uv": [0, 0, 8, 2], "texture": "#1"},
				"south": {"uv": [8, 4, 10, 6], "texture": "#1"},
				"west": {"uv": [0, 2, 8, 4], "texture": "#1"},
				"up": {"uv": [8, 6, 0, 4], "rotation": 90, "texture": "#1"},
				"down": {"uv": [8, 6, 0, 8], "rotation": 270, "texture": "#1"}
			}
		},
		{
			"from": [-12.9, 16.15, 8],
			"to": [-12.6, 16.35, 8.35],
			"rotation": {"angle": 22.5, "axis": "y", "origin": [-12.5, 16, 7]},
			"faces": {
				"north": {"uv": [6, 10, 7, 11], "texture": "#1"},
				"east": {"uv": [2, 10, 3, 11], "texture": "#1"},
				"south": {"uv": [4, 10, 5, 11], "texture": "#1"},
				"west": {"uv": [10, 4, 11, 5], "texture": "#1"},
				"up": {"uv": [11, 7, 10, 6], "rotation": 90, "texture": "#1"},
				"down": {"uv": [9, 10, 8, 11], "rotation": 270, "texture": "#1"}
			}
		}
	],
	"display": {
		"thirdperson_righthand": {
			"rotation": [21, 11, 0],
			"translation": [3.5, 0, 0],
			"scale": [0.4, 0.4, 0.4]
		},
		"thirdperson_lefthand": {
			"rotation": [21, 11, 0],
			"translation": [-3.5, 0, 0],
			"scale": [0.4, 0.4, 0.4]
		},
		"firstperson_righthand": {
			"rotation": [21, 11, 0],
			"scale": [0.4, 0.4, 0.4]
		},
		"firstperson_lefthand": {
			"rotation": [21, 11, 0],
			"scale": [0.4, 0.4, 0.4]
		},
		"ground": {
			"rotation": [21, 11, 0],
			"translation": [3.5, 0, 0],
			"scale": [0.4, 0.4, 0.4]
		},
		"gui": {
			"rotation": [-158.52, 35.02, -179.73],
			"translation": [-2.25, -0.75, 0],
			"scale": [0.4, 0.4, 0.4]
		},
		"head": {
			"rotation": [21, 11, 0],
			"scale": [0.4, 0.4, 0.4]
		},
		"fixed": {
			"rotation": [-90, 0, 0],
			"translation": [1.25, 0, -15],
			"scale": [2, 2, 2]
		}
	},
	"groups": [
		{
			"name": "desk",
			"origin": [19, 17, 3],
			"color": 0,
			"children": [0, 1, 2, 3, 4, 5, 6, 7, 8, 9, 10, 11, 12, 13, 14, 15, 16, 17, 18, 19, 20]
		}
	]
}