{
	"credit": "Made with Blockbench",
	"texture_size": [128, 128],
	"textures": {
		"0": "deco/desk_1",
		"particle": "deco/desk_1"
	},
	"elements": [
		{
			"from": [-14, 0, 0],
			"to": [-13, 16, 16],
			"rotation": {"angle": 0, "axis": "y", "origin": [-8, 0, 0]},
			"faces": {
				"north": {"uv": [2.75, 6, 2.875, 8], "texture": "#0"},
				"east": {"uv": [0, 0, 2, 2], "texture": "#0"},
				"south": {"uv": [2.875, 6, 3, 8], "texture": "#0"},
				"west": {"uv": [0, 2, 2, 4], "texture": "#0"},
				"up": {"uv": [3.125, 8, 3, 6], "texture": "#0"},
				"down": {"uv": [3.25, 6, 3.125, 8], "texture": "#0"}
			}
		},
		{
			"from": [-13, 15, 0],
			"to": [3, 16, 16],
			"rotation": {"angle": 0, "axis": "y", "origin": [-8, 0, 0]},
			"faces": {
				"north": {"uv": [6.125, 5.625, 8.125, 5.75], "texture": "#0"},
				"east": {"uv": [6.625, 3.5, 8.625, 3.625], "texture": "#0"},
				"south": {"uv": [6.75, 0, 8.75, 0.125], "texture": "#0"},
				"west": {"uv": [6.75, 0.125, 8.75, 0.25], "texture": "#0"},
				"up": {"uv": [4, 2, 2, 0], "texture": "#0"},
				"down": {"uv": [4, 2, 2, 4], "texture": "#0"}
			}
		},
		{
			"from": [-12.8, 16, 12.2],
			"to": [-10.2, 18.8, 14.8],
			"rotation": {"angle": 0, "axis": "y", "origin": [-9, 1, -1]},
			"faces": {
				"north": {"uv": [6.875, 3.625, 7.1875, 3.96875], "texture": "#0"},
				"east": {"uv": [6.875, 3.625, 7.1875, 3.96875], "texture": "#0"},
				"south": {"uv": [6.875, 3.625, 7.1875, 3.96875], "texture": "#0"},
				"west": {"uv": [6.875, 3.625, 7.1875, 3.96875], "texture": "#0"},
				"up": {"uv": [7.1875, 4.3125, 6.875, 4], "texture": "#0"},
				"down": {"uv": [7.1875, 4.375, 6.875, 4.6875], "texture": "#0"}
			}
		},
		{
			"from": [-12.9, 18.8, 12.1],
			"to": [-10.1, 19.6, 14.9],
			"rotation": {"angle": 0, "axis": "y", "origin": [-9, 3.8, -1]},
			"faces": {
				"north": {"uv": [2.125, 7, 2.46875, 7.09375], "texture": "#0"},
				"east": {"uv": [0, 7.125, 0.34375, 7.21875], "texture": "#0"},
				"south": {"uv": [0.375, 7.125, 0.71875, 7.21875], "texture": "#0"},
				"west": {"uv": [1.75, 7.125, 2.09375, 7.21875], "texture": "#0"},
				"up": {"uv": [6.96875, 7.09375, 6.625, 6.75], "texture": "#0"},
				"down": {"uv": [1.34375, 6.875, 1, 7.21875], "texture": "#0"}
			}
		},
		{
			"from": [-14.9, 19.6, 13.5],
			"to": [-8.1, 25.4, 13.5],
			"rotation": {"angle": 0, "axis": "y", "origin": [-9, 4.6, 0.4]},
			"faces": {
				"north": {"uv": [6.625, 2, 7.46875, 2.71875], "texture": "#0"},
				"east": {"uv": [0, 0, 0, 0.71875], "texture": "#0"},
				"south": {"uv": [6.625, 2, 7.46875, 2.71875], "texture": "#0"},
				"west": {"uv": [0, 0, 0, 0.71875], "texture": "#0"},
				"up": {"uv": [0.84375, 0, 0, 0], "texture": "#0"},
				"down": {"uv": [0.84375, 0, 0, 0], "texture": "#0"}
			}
		},
		{
			"from": [-11.5, 19.6, 10.1],
			"to": [-11.5, 25.4, 16.9],
			"rotation": {"angle": 0, "axis": "y", "origin": [-11.5, 19.6, 13.5]},
			"faces": {
				"north": {"uv": [0, 0, 0, 0.71875], "texture": "#0"},
				"east": {"uv": [6.625, 2, 7.46875, 2.71875], "texture": "#0"},
				"south": {"uv": [0, 0, 0, 0.71875], "texture": "#0"},
				"west": {"uv": [6.625, 2, 7.46875, 2.71875], "texture": "#0"},
				"up": {"uv": [0, 0.84375, 0, 0], "texture": "#0"},
				"down": {"uv": [0, 0, 0, 0.84375], "texture": "#0"}
			}
		},
		{
			"from": [3, 1, 0],
			"to": [14, 16, 16],
			"rotation": {"angle": 0, "axis": "y", "origin": [-8, 0, 0]},
			"faces": {
				"north": {"uv": [3.375, 4, 4.75, 5.875], "texture": "#0"},
				"east": {"uv": [0, 4, 2, 5.875], "texture": "#0"},
				"south": {"uv": [4.75, 3.875, 6.125, 5.75], "texture": "#0"},
				"west": {"uv": [4, 0, 6, 1.875], "texture": "#0"},
				"up": {"uv": [5.375, 3.875, 4, 1.875], "texture": "#0"},
				"down": {"uv": [3.375, 4, 2, 6], "texture": "#0"}
			}
		},
		{
			"from": [7, 16, 7],
			"to": [13, 18, 15],
			"rotation": {"angle": 0, "axis": "y", "origin": [10, 16, 11]},
			"faces": {
				"north": {"uv": [5.375, 3.625, 6.125, 3.875], "texture": "#0"},
				"east": {"uv": [0, 6.75, 1, 7], "texture": "#0"},
				"south": {"uv": [6.75, 0.5, 7.5, 0.75], "texture": "#0"},
				"west": {"uv": [6.75, 0.25, 7.75, 0.5], "texture": "#0"},
				"up": {"uv": [2, 6.875, 1.25, 5.875], "texture": "#0"},
				"down": {"uv": [4.125, 5.875, 3.375, 6.875], "texture": "#0"}
			}
		},
		{
			"from": [7, 18, 7],
			"to": [13, 18.5, 15],
			"rotation": {"angle": -22.5, "axis": "y", "origin": [10, 17, 11]},
			"faces": {
				"north": {"uv": [4, 3.875, 4.75, 3.9375], "texture": "#0"},
				"east": {"uv": [6.75, 0.75, 7.75, 0.8125], "texture": "#0"},
				"south": {"uv": [6.875, 4.75, 7.625, 4.8125], "texture": "#0"},
				"west": {"uv": [6.75, 0.875, 7.75, 0.9375], "texture": "#0"},
				"up": {"uv": [6.75, 1, 6, 0], "texture": "#0"},
				"down": {"uv": [2.75, 6, 2, 7], "texture": "#0"}
			}
		},
		{
			"from": [7, 17.6, 7],
			"to": [13, 17.6, 15],
			"rotation": {"angle": -45, "axis": "y", "origin": [10, 16.6, 11]},
			"faces": {
				"north": {"uv": [0, 0, 0.75, 0], "texture": "#0"},
				"east": {"uv": [0, 0, 1, 0], "texture": "#0"},
				"south": {"uv": [0, 0, 0.75, 0], "texture": "#0"},
				"west": {"uv": [0, 0, 1, 0], "texture": "#0"},
				"up": {"uv": [6.75, 6.75, 6, 5.75], "texture": "#0"},
				"down": {"uv": [6.875, 3.625, 6.125, 4.625], "texture": "#0"}
			}
		},
		{
			"from": [7, 17, 7],
			"to": [13, 17, 15],
			"rotation": {"angle": 22.5, "axis": "y", "origin": [10, 16, 11]},
			"faces": {
				"north": {"uv": [0, 0, 0.75, 0], "texture": "#0"},
				"east": {"uv": [0, 0, 1, 0], "texture": "#0"},
				"south": {"uv": [0, 0, 0.75, 0], "texture": "#0"},
				"west": {"uv": [0, 0, 1, 0], "texture": "#0"},
				"up": {"uv": [6.875, 5.625, 6.125, 4.625], "texture": "#0"},
				"down": {"uv": [7.375, 1, 6.625, 2], "texture": "#0"}
			}
		},
		{
			"from": [7, 4, -1],
			"to": [10, 5, 0],
			"rotation": {"angle": 0, "axis": "y", "origin": [-8, 0, 0]},
			"faces": {
				"north": {"uv": [6, 1.625, 6.375, 1.75], "texture": "#0"},
				"east": {"uv": [5.875, 6.625, 6, 6.75], "texture": "#0"},
				"south": {"uv": [6, 1.75, 6.375, 1.875], "texture": "#0"},
				"west": {"uv": [3.25, 6.75, 3.375, 6.875], "texture": "#0"},
				"up": {"uv": [4.5, 6.625, 4.125, 6.5], "texture": "#0"},
				"down": {"uv": [7.25, 4.875, 6.875, 5], "texture": "#0"}
			}
		},
		{
			"from": [7, 8, -1],
			"to": [10, 9, 0],
			"rotation": {"angle": 0, "axis": "y", "origin": [-8, 0, 0]},
			"faces": {
				"north": {"uv": [6.875, 5, 7.25, 5.125], "texture": "#0"},
				"east": {"uv": [2.375, 7.125, 2.5, 7.25], "texture": "#0"},
				"south": {"uv": [6.875, 5.125, 7.25, 5.25], "texture": "#0"},
				"west": {"uv": [4, 7.125, 4.125, 7.25], "texture": "#0"},
				"up": {"uv": [7.25, 5.375, 6.875, 5.25], "texture": "#0"},
				"down": {"uv": [7.25, 5.375, 6.875, 5.5], "texture": "#0"}
			}
		},
		{
			"from": [7, 12, -1],
			"to": [10, 13, 0],
			"rotation": {"angle": 0, "axis": "y", "origin": [-8, 0, 0]},
			"faces": {
				"north": {"uv": [6.875, 5.5, 7.25, 5.625], "texture": "#0"},
				"east": {"uv": [7.125, 6.125, 7.25, 6.25], "texture": "#0"},
				"south": {"uv": [0, 7, 0.375, 7.125], "texture": "#0"},
				"west": {"uv": [6.25, 7.125, 6.375, 7.25], "texture": "#0"},
				"up": {"uv": [0.75, 7.125, 0.375, 7], "texture": "#0"},
				"down": {"uv": [2.125, 7, 1.75, 7.125], "texture": "#0"}
			}
		},
		{
			"from": [12, 0, 1],
			"to": [13, 1, 3],
			"rotation": {"angle": 0, "axis": "y", "origin": [-8, 0, 0]},
			"faces": {
				"north": {"uv": [7.125, 6.25, 7.25, 6.375], "texture": "#0"},
				"east": {"uv": [6.375, 1, 6.625, 1.125], "texture": "#0"},
				"south": {"uv": [6.375, 7.125, 6.5, 7.25], "texture": "#0"},
				"west": {"uv": [6.375, 1.125, 6.625, 1.25], "texture": "#0"},
				"up": {"uv": [3.375, 6.25, 3.25, 6], "texture": "#0"},
				"down": {"uv": [3.375, 6.25, 3.25, 6.5], "texture": "#0"}
			}
		},
		{
			"from": [12, 0, 13],
			"to": [13, 1, 15],
			"rotation": {"angle": 0, "axis": "y", "origin": [-8, 0, 0]},
			"faces": {
				"north": {"uv": [7.125, 6.375, 7.25, 6.5], "texture": "#0"},
				"east": {"uv": [6.375, 1.25, 6.625, 1.375], "texture": "#0"},
				"south": {"uv": [6.5, 7.125, 6.625, 7.25], "texture": "#0"},
				"west": {"uv": [6.375, 1.375, 6.625, 1.5], "texture": "#0"},
				"up": {"uv": [6.5, 1.75, 6.375, 1.5], "texture": "#0"},
				"down": {"uv": [4.625, 6.375, 4.5, 6.625], "texture": "#0"}
			}
		},
		{
			"from": [4, 0, 1],
			"to": [5, 1, 3],
			"rotation": {"angle": 0, "axis": "y", "origin": [-8, 0, 0]},
			"faces": {
				"north": {"uv": [7.125, 6.5, 7.25, 6.625], "texture": "#0"},
				"east": {"uv": [6.375, 1.75, 6.625, 1.875], "texture": "#0"},
				"south": {"uv": [6.625, 7.125, 6.75, 7.25], "texture": "#0"},
				"west": {"uv": [1, 6.75, 1.25, 6.875], "texture": "#0"},
				"up": {"uv": [4.75, 6.625, 4.625, 6.375], "texture": "#0"},
				"down": {"uv": [6.625, 1.5, 6.5, 1.75], "texture": "#0"}
			}
		},
		{
			"from": [4, 0, 13],
			"to": [5, 1, 15],
			"rotation": {"angle": 0, "axis": "y", "origin": [-8, 0, 0]},
			"faces": {
				"north": {"uv": [7.125, 6.625, 7.25, 6.75], "texture": "#0"},
				"east": {"uv": [1.75, 6.875, 2, 7], "texture": "#0"},
				"south": {"uv": [6.75, 7.125, 6.875, 7.25], "texture": "#0"},
				"west": {"uv": [0.75, 7, 1, 7.125], "texture": "#0"},
				"up": {"uv": [3.375, 6.75, 3.25, 6.5], "texture": "#0"},
				"down": {"uv": [4.125, 6.875, 4, 7.125], "texture": "#0"}
			}
		},
		{
			"from": [-5, 16, 10.7],
			"to": [5, 23, 10.9],
			"rotation": {"angle": 22.5, "axis": "x", "origin": [4, 16, 11]},
			"faces": {
				"north": {"uv": [5.375, 1.875, 6.625, 2.75], "texture": "#0"},
				"east": {"uv": [2.5, 7, 2.53125, 7.875], "texture": "#0"},
				"south": {"uv": [5.375, 2.75, 6.625, 3.625], "texture": "#0"},
				"west": {"uv": [2.625, 7, 2.65625, 7.875], "texture": "#0"},
				"up": {"uv": [8.25, 6.78125, 7, 6.75], "texture": "#0"},
				"down": {"uv": [8.25, 6.875, 7, 6.90625], "texture": "#0"}
			}
		},
		{
			"from": [-5, 16, 4],
			"to": [5, 16.3, 11],
			"rotation": {"angle": 0, "axis": "y", "origin": [4, 16, 11]},
			"faces": {
				"north": {"uv": [7, 7, 8.25, 7.03125], "texture": "#0"},
				"east": {"uv": [7.125, 5.875, 8, 5.90625], "texture": "#0"},
				"south": {"uv": [7.125, 5.75, 8.375, 5.78125], "texture": "#0"},
				"west": {"uv": [7.125, 6, 8, 6.03125], "texture": "#0"},
				"up": {"uv": [6, 6.625, 4.75, 5.75], "texture": "#0"},
				"down": {"uv": [1.25, 5.875, 0, 6.75], "texture": "#0"}
			}
		},
		{
			"from": [-5.8, 16, 4],
			"to": [-4.6, 16.5, 6],
			"rotation": {"angle": -22.5, "axis": "y", "origin": [-8, 0, 0]},
			"faces": {
				"north": {"uv": [0, 7.25, 0.15625, 7.3125], "texture": "#0"},
				"east": {"uv": [6.875, 7.125, 7.125, 7.1875], "texture": "#0"},
				"south": {"uv": [0.25, 7.25, 0.40625, 7.3125], "texture": "#0"},
				"west": {"uv": [7.125, 7.125, 7.375, 7.1875], "texture": "#0"},
				"up": {"uv": [4.65625, 6.125, 4.5, 5.875], "texture": "#0"},
				"down": {"uv": [4.65625, 6.125, 4.5, 6.375], "texture": "#0"}
			}
		},
		{
			"from": [9, 16, 2],
			"to": [12, 21, 5],
			"rotation": {"angle": 45, "axis": "y", "origin": [11, 17, 3]},
			"faces": {
				"north": {"uv": [4.125, 5.875, 4.5, 6.5], "texture": "#0"},
				"east": {"uv": [6, 1, 6.375, 1.625], "texture": "#0"},
				"south": {"uv": [6, 1, 6.375, 1.625], "texture": "#0"},
				"west": {"uv": [6, 1, 6.375, 1.625], "texture": "#0"},
				"up": {"uv": [6.625, 7.125, 6.25, 6.75], "texture": "#0"},
				"down": {"uv": [7.125, 6.375, 6.75, 6.75], "texture": "#0"}
			}
		},
		{
			"from": [12, 19.9, 3.2],
			"to": [13, 20.4, 3.7],
			"rotation": {"angle": 45, "axis": "y", "origin": [11, 17, 3]},
			"faces": {
				"north": {"uv": [0.5, 7.25, 0.625, 7.3125], "texture": "#0"},
				"east": {"uv": [1.75, 7.25, 1.8125, 7.3125], "texture": "#0"},
				"south": {"uv": [0.625, 7.25, 0.75, 7.3125], "texture": "#0"},
				"west": {"uv": [1.875, 7.25, 1.9375, 7.3125], "texture": "#0"},
				"up": {"uv": [1.125, 7.3125, 1, 7.25], "texture": "#0"},
				"down": {"uv": [1.25, 7.25, 1.125, 7.3125], "texture": "#0"}
			}
		},
		{
			"from": [12, 16.9, 3.2],
			"to": [13, 17.4, 3.7],
			"rotation": {"angle": 45, "axis": "y", "origin": [11, 17, 3]},
			"faces": {
				"north": {"uv": [1.25, 7.25, 1.375, 7.3125], "texture": "#0"},
				"east": {"uv": [2, 7.25, 2.0625, 7.3125], "texture": "#0"},
				"south": {"uv": [1.375, 7.25, 1.5, 7.3125], "texture": "#0"},
				"west": {"uv": [2.375, 7.25, 2.4375, 7.3125], "texture": "#0"},
				"up": {"uv": [1.625, 7.3125, 1.5, 7.25], "texture": "#0"},
				"down": {"uv": [1.75, 7.25, 1.625, 7.3125], "texture": "#0"}
			}
		},
		{
			"from": [13, 16.9, 3.2],
			"to": [13.4, 20.4, 3.7],
			"rotation": {"angle": 45, "axis": "y", "origin": [11, 17, 3]},
			"faces": {
				"north": {"uv": [0.75, 7.125, 0.8125, 7.5625], "texture": "#0"},
				"east": {"uv": [0.875, 7.125, 0.9375, 7.5625], "texture": "#0"},
				"south": {"uv": [2.125, 7.125, 2.1875, 7.5625], "texture": "#0"},
				"west": {"uv": [2.25, 7.125, 2.3125, 7.5625], "texture": "#0"},
				"up": {"uv": [3.3125, 7.3125, 3.25, 7.25], "texture": "#0"},
				"down": {"uv": [3.4375, 7.25, 3.375, 7.3125], "texture": "#0"}
			}
		}
	],
	"display": {
		"thirdperson_righthand": {
			"rotation": [21, 11, 0],
			"translation": [3.5, 0, 0],
			"scale": [0.4, 0.4, 0.4]
		},
		"thirdperson_lefthand": {
			"rotation": [21, 11, 0],
			"translation": [-3.5, 0, 0],
			"scale": [0.4, 0.4, 0.4]
		},
		"firstperson_righthand": {
			"rotation": [21, 11, 0],
			"translation": [3.5, 0, 0],
			"scale": [0.4, 0.4, 0.4]
		},
		"firstperson_lefthand": {
			"rotation": [21, 11, 0],
			"translation": [-3.5, 0, 0],
			"scale": [0.4, 0.4, 0.4]
		},
		"ground": {
			"rotation": [21, 11, 0],
			"translation": [3.5, 1.75, 0],
			"scale": [0.4, 0.4, 0.4]
		},
		"gui": {
			"rotation": [-158.52, 35.02, -179.73],
			"translation": [-2.25, -0.75, 0],
			"scale": [0.4, 0.4, 0.4]
		},
		"head": {
			"rotation": [21, 11, 0],
			"translation": [3, 0, -0.75],
			"scale": [0.4, 0.4, 0.4]
		},
		"fixed": {
			"rotation": [-90, 0, 0],
			"translation": [1.25, 0, -15],
			"scale": [2, 2, 2]
		}
	},
	"groups": [
		{
			"name": "desk",
			"origin": [19, 17, 3],
			"color": 0,
			"children": [0, 1, 2, 3, 4, 5, 6, 7, 8, 9, 10, 11, 12, 13, 14, 15, 16, 17, 18, 19, 20, 21, 22, 23, 24]
		}
	]
}