{
	"credit": "Made with Blockbench",
	"texture_size": [64, 64],
	"textures": {
		"1": "deco/desk_4",
		"2": "deco/iron_wood",
		"3": "deco/desk_4_decoration_a",
		"particle": "deco/iron_wood"
	},
	"elements": [
		{
			"from": [-16, 15, -3],
			"to": [16, 16, 19],
			"rotation": {"angle": 0, "axis": "y", "origin": [-15, 15, 0]},
			"faces": {
				"north": {"uv": [0, 0, 16, 8.875], "texture": "#2"},
				"east": {"uv": [0, 0, 16, 8.875], "texture": "#2"},
				"south": {"uv": [0, 0, 16, 8.875], "texture": "#2"},
				"west": {"uv": [0, 0, 16, 8.875], "texture": "#2"},
				"up": {"uv": [0, 0, 16, 8.875], "texture": "#2"},
				"down": {"uv": [0, 0, 16, 8.875], "texture": "#2"}
			}
		},
		{
			"from": [11, 0, 1],
			"to": [13, 1, 15],
			"rotation": {"angle": 0, "axis": "y", "origin": [-15, 15, 0]},
			"faces": {
				"north": {"uv": [8.5, 4.5, 9.5, 5], "texture": "#1"},
				"east": {"uv": [6.5, 8, 13.5, 8.5], "texture": "#1"},
				"south": {"uv": [8.5, 5, 9.5, 5.5], "texture": "#1"},
				"west": {"uv": [8.5, 0, 15.5, 0.5], "texture": "#1"},
				"up": {"uv": [8, 7, 7, 0], "texture": "#1"},
				"down": {"uv": [2, 7, 1, 14], "texture": "#1"}
			}
		},
		{
			"from": [11, 1, 14],
			"to": [13, 15, 15],
			"rotation": {"angle": 0, "axis": "y", "origin": [-15, 15, 0]},
			"faces": {
				"north": {"uv": [2, 7, 3, 14], "texture": "#1"},
				"east": {"uv": [6.5, 8.5, 7, 15.5], "texture": "#1"},
				"south": {"uv": [3, 7, 4, 14], "texture": "#1"},
				"west": {"uv": [7, 8.5, 7.5, 15.5], "texture": "#1"},
				"up": {"uv": [9.5, 6, 8.5, 5.5], "texture": "#1"},
				"down": {"uv": [9.5, 6, 8.5, 6.5], "texture": "#1"}
			}
		},
		{
			"from": [11, 1, 1],
			"to": [13, 15, 2],
			"rotation": {"angle": 0, "axis": "y", "origin": [-15, 15, 0]},
			"faces": {
				"north": {"uv": [6, 0, 7, 7], "texture": "#1"},
				"east": {"uv": [8, 0, 8.5, 7], "texture": "#1"},
				"south": {"uv": [0, 7, 1, 14], "texture": "#1"},
				"west": {"uv": [6, 8, 6.5, 15], "texture": "#1"},
				"up": {"uv": [9.5, 4, 8.5, 3.5], "texture": "#1"},
				"down": {"uv": [9.5, 4, 8.5, 4.5], "texture": "#1"}
			}
		},
		{
			"from": [-13, 1, 1],
			"to": [-11, 15, 2],
			"rotation": {"angle": 0, "axis": "y", "origin": [15, 15, 0]},
			"faces": {
				"north": {"uv": [0, 0, 1, 7], "texture": "#1"},
				"east": {"uv": [4, 7, 4.5, 14], "texture": "#1"},
				"south": {"uv": [1, 0, 2, 7], "texture": "#1"},
				"west": {"uv": [4.5, 7, 5, 14], "texture": "#1"},
				"up": {"uv": [9.5, 1, 8.5, 0.5], "texture": "#1"},
				"down": {"uv": [9.5, 1, 8.5, 1.5], "texture": "#1"}
			}
		},
		{
			"from": [-13, 0, 1],
			"to": [-11, 1, 15],
			"rotation": {"angle": 0, "axis": "y", "origin": [15, 15, 0]},
			"faces": {
				"north": {"uv": [8.5, 2.5, 9.5, 3], "texture": "#1"},
				"east": {"uv": [6, 7, 13, 7.5], "texture": "#1"},
				"south": {"uv": [8.5, 3, 9.5, 3.5], "texture": "#1"},
				"west": {"uv": [6, 7.5, 13, 8], "texture": "#1"},
				"up": {"uv": [5, 7, 4, 0], "texture": "#1"},
				"down": {"uv": [6, 0, 5, 7], "texture": "#1"}
			}
		},
		{
			"from": [-13, 1, 14],
			"to": [-11, 15, 15],
			"rotation": {"angle": 0, "axis": "y", "origin": [15, 15, 0]},
			"faces": {
				"north": {"uv": [2, 0, 3, 7], "texture": "#1"},
				"east": {"uv": [5, 7, 5.5, 14], "texture": "#1"},
				"south": {"uv": [3, 0, 4, 7], "texture": "#1"},
				"west": {"uv": [5.5, 7, 6, 14], "texture": "#1"},
				"up": {"uv": [9.5, 2, 8.5, 1.5], "texture": "#1"},
				"down": {"uv": [9.5, 2, 8.5, 2.5], "texture": "#1"}
			}
		},
		{
			"from": [-1, 16, 13],
			"to": [2, 17, 16],
			"rotation": {"angle": 0, "axis": "y", "origin": [8, 0, 16]},
			"faces": {
				"north": {"uv": [8.75, 4.75, 9.5, 5], "texture": "#3"},
				"east": {"uv": [8.75, 5, 9.5, 5.25], "texture": "#3"},
				"south": {"uv": [2.25, 7, 3, 7.25], "texture": "#3"},
				"west": {"uv": [8.75, 4.5, 9.5, 4.75], "texture": "#3"},
				"up": {"uv": [2.25, 6.25, 3, 7], "texture": "#3"},
				"down": {"uv": [1.5, 8.75, 2.25, 8], "texture": "#3"}
			}
		},
		{
			"from": [0, 17, 14],
			"to": [1, 19, 15],
			"rotation": {"angle": 0, "axis": "y", "origin": [8, 0, 16]},
			"faces": {
				"north": {"uv": [2, 8.75, 2.25, 9.25], "texture": "#3"},
				"east": {"uv": [2, 9.25, 2.25, 9.75], "texture": "#3"},
				"south": {"uv": [3, 6.25, 3.25, 6.75], "texture": "#3"},
				"west": {"uv": [3, 6.75, 3.25, 7.25], "texture": "#3"},
				"up": {"uv": [3.25, 5.25, 3.5, 5.5], "texture": "#3"},
				"down": {"uv": [3.5, 5.5, 3.75, 5.25], "texture": "#3"}
			}
		},
		{
			"from": [-7, 18, 13],
			"to": [8, 27, 14],
			"rotation": {"angle": 0, "axis": "y", "origin": [8, 0, 16]},
			"faces": {
				"north": {"uv": [0, 2.25, 3.75, 4.5], "texture": "#3"},
				"east": {"uv": [3, 9.75, 3.25, 12], "texture": "#3"},
				"south": {"uv": [0, 0, 3.75, 2.25], "texture": "#3"},
				"west": {"uv": [2.75, 9.75, 3, 12], "texture": "#3"},
				"up": {"uv": [10.25, 0, 14, 0.25], "texture": "#3"},
				"down": {"uv": [10.25, 0.5, 14, 0.25], "texture": "#3"}
			}
		},
		{
			"from": [-6, 19, 14],
			"to": [7, 26, 15],
			"rotation": {"angle": 0, "axis": "y", "origin": [8, 0, 16]},
			"faces": {
				"north": {"uv": [3.25, 5.5, 6.5, 7.25], "texture": "#3"},
				"east": {"uv": [8.5, 3.5, 8.75, 5.25], "texture": "#3"},
				"south": {"uv": [0, 4.5, 3.25, 6.25], "texture": "#3"},
				"west": {"uv": [8.25, 3.5, 8.5, 5.25], "texture": "#3"},
				"up": {"uv": [10.25, 0.5, 13.5, 0.75], "texture": "#3"},
				"down": {"uv": [10.25, 1, 13.5, 0.75], "texture": "#3"}
			}
		},
		{
			"from": [-3, 16, 1],
			"to": [8, 16.1, 6],
			"rotation": {"angle": 0, "axis": "y", "origin": [8, 16, 6]},
			"faces": {
				"north": {"uv": [10.5, 7.5, 13.25, 7.5625], "texture": "#3"},
				"east": {"uv": [10.5, 9.25, 11.75, 9.3125], "texture": "#3"},
				"south": {"uv": [10.25, 4.25, 13, 4.3125], "texture": "#3"},
				"west": {"uv": [9.25, 10.5, 10.5, 10.5625], "texture": "#3"},
				"up": {"uv": [3.75, 7.25, 6.5, 8.5], "texture": "#3"},
				"down": {"uv": [6.5, 9, 9.25, 7.75], "texture": "#3"}
			}
		},
		{
			"from": [-8, 16, 1],
			"to": [-6, 16.5, 4],
			"rotation": {"angle": 0, "axis": "y", "origin": [-6, 16, 4]},
			"faces": {
				"north": {"uv": [1.5, 9.5, 2, 9.625], "texture": "#3"},
				"east": {"uv": [10.5, 9, 11.25, 9.125], "texture": "#3"},
				"south": {"uv": [6, 5.25, 6.5, 5.375], "texture": "#3"},
				"west": {"uv": [10.5, 8.75, 11.25, 8.875], "texture": "#3"},
				"up": {"uv": [3.25, 4.5, 3.75, 5.25], "texture": "#3"},
				"down": {"uv": [1.5, 9.5, 2, 8.75], "texture": "#3"}
			}
		},
		{
			"from": [3, 0, 11],
			"to": [8, 10, 17],
			"rotation": {"angle": 0, "axis": "y", "origin": [8, 0, 17]},
			"faces": {
				"north": {"uv": [8, 9, 9.25, 11.5], "texture": "#3"},
				"east": {"uv": [2.25, 7.25, 3.75, 9.75], "texture": "#3"},
				"south": {"uv": [6.75, 9, 8, 11.5], "texture": "#3"},
				"west": {"uv": [6.5, 5.25, 8, 7.75], "texture": "#3"},
				"up": {"uv": [9.25, 7.5, 10.5, 9], "texture": "#3"},
				"down": {"uv": [9.25, 10.5, 10.5, 9], "texture": "#3"}
			}
		},
		{
			"from": [-1, 3, 16.6],
			"to": [8, 14, 16.6],
			"rotation": {"angle": 22.5, "axis": "x", "origin": [8, 3, 22.6]},
			"faces": {
				"north": {"uv": [6, 0, 3.75, 2.75], "texture": "#3"},
				"east": {"uv": [0, 0, 0, 2.75], "texture": "#3"},
				"south": {"uv": [3.75, 0, 6, 2.75], "texture": "#3"},
				"west": {"uv": [0, 0, 0, 2.75], "texture": "#3"},
				"up": {"uv": [0, 0, 2.25, 0], "texture": "#3"},
				"down": {"uv": [0, 0, 2.25, 0], "texture": "#3"}
			}
		},
		{
			"from": [-1, 15.00151, 15.56103],
			"to": [8, 15.00151, 23.56103],
			"rotation": {"angle": 22.5, "axis": "x", "origin": [8, 21.00151, 23.56103]},
			"faces": {
				"north": {"uv": [0, 0, 2.25, 0], "texture": "#3"},
				"east": {"uv": [0, 0, 1.75, 0], "texture": "#3"},
				"south": {"uv": [0, 0, 2.25, 0], "texture": "#3"},
				"west": {"uv": [0, 0, 1.75, 0], "texture": "#3"},
				"up": {"uv": [6, 3.5, 8.25, 5.25], "texture": "#3"},
				"down": {"uv": [6, 5.25, 8.25, 3.5], "texture": "#3"}
			}
		},
		{
			"from": [12, 16, 6],
			"to": [17, 17, 12],
			"rotation": {"angle": 45, "axis": "y", "origin": [11, 16, 12]},
			"faces": {
				"north": {"uv": [5.25, 8.5, 6.5, 8.75], "texture": "#3"},
				"east": {"uv": [10.25, 1.25, 11.75, 1.5], "texture": "#3"},
				"south": {"uv": [8, 7.5, 9.25, 7.75], "texture": "#3"},
				"west": {"uv": [10.25, 1, 11.75, 1.25], "texture": "#3"},
				"up": {"uv": [9.5, 4.5, 10.75, 6], "texture": "#3"},
				"down": {"uv": [9.5, 7.5, 10.75, 6], "texture": "#3"}
			}
		},
		{
			"from": [6.8, 16, 6],
			"to": [11.8, 17, 12],
			"rotation": {"angle": 45, "axis": "y", "origin": [11, 16, 12]},
			"faces": {
				"north": {"uv": [10.25, 2, 11.5, 2.25], "texture": "#3"},
				"east": {"uv": [10.25, 1.75, 11.75, 2], "texture": "#3"},
				"south": {"uv": [5.25, 8.75, 6.5, 9], "texture": "#3"},
				"west": {"uv": [10.25, 1.5, 11.75, 1.75], "texture": "#3"},
				"up": {"uv": [1.5, 9.75, 2.75, 11.25], "texture": "#3"},
				"down": {"uv": [0, 11.75, 1.25, 10.25], "texture": "#3"}
			}
		},
		{
			"from": [6.6, 16, 5.8],
			"to": [17.2, 16.1, 12.2],
			"rotation": {"angle": 45, "axis": "y", "origin": [11, 16, 12]},
			"faces": {
				"north": {"uv": [10.5, 8, 13.125, 8.0625], "texture": "#3"},
				"east": {"uv": [10.5, 8.5, 12.125, 8.5625], "texture": "#3"},
				"south": {"uv": [10.5, 7.75, 13.125, 7.8125], "texture": "#3"},
				"west": {"uv": [10.5, 8.25, 12.125, 8.3125], "texture": "#3"},
				"up": {"uv": [6, 0, 8.625, 1.625], "texture": "#3"},
				"down": {"uv": [6, 3.375, 8.625, 1.75], "texture": "#3"}
			}
		},
		{
			"from": [7, 16, -8],
			"to": [7.2, 16.2, -3],
			"rotation": {"angle": -22.5, "axis": "y", "origin": [-10, 16, 4]},
			"faces": {
				"north": {"uv": [1.25, 10.5, 1.3125, 10.5625], "texture": "#3"},
				"east": {"uv": [10.5, 9.75, 11.75, 9.8125], "texture": "#3"},
				"south": {"uv": [1.25, 10.25, 1.3125, 10.3125], "texture": "#3"},
				"west": {"uv": [10.5, 9.5, 11.75, 9.5625], "texture": "#3"},
				"up": {"uv": [3.25, 9.75, 3.3125, 11], "texture": "#3"},
				"down": {"uv": [3.5, 11, 3.5625, 9.75], "texture": "#3"}
			}
		},
		{
			"from": [7.05, 16.05, -3],
			"to": [7.15, 16.15, -2.7],
			"rotation": {"angle": -22.5, "axis": "y", "origin": [-10, 16, 4]},
			"faces": {
				"north": {"uv": [10.5, 10.5, 10.5625, 10.5625], "texture": "#3"},
				"east": {"uv": [1.25, 10.75, 1.3125, 10.8125], "texture": "#3"},
				"south": {"uv": [10.5, 10, 10.5625, 10.0625], "texture": "#3"},
				"west": {"uv": [10.5, 10.25, 10.5625, 10.3125], "texture": "#3"},
				"up": {"uv": [3.75, 10.75, 3.8125, 10.8125], "texture": "#3"},
				"down": {"uv": [4, 10.8125, 4.0625, 10.75], "texture": "#3"}
			}
		},
		{
			"from": [-15, 16, 8],
			"to": [-9, 16.4, 17],
			"rotation": {"angle": 0, "axis": "y", "origin": [-9, 16, 16]},
			"faces": {
				"north": {"uv": [10.25, 3.5, 11.75, 3.625], "texture": "#3"},
				"east": {"uv": [10.25, 2.5, 12.5, 2.625], "texture": "#3"},
				"south": {"uv": [10.25, 3.25, 11.75, 3.375], "texture": "#3"},
				"west": {"uv": [10.25, 2.25, 12.5, 2.375], "texture": "#3"},
				"up": {"uv": [0, 8, 1.5, 10.25], "texture": "#3"},
				"down": {"uv": [8, 7.5, 9.5, 5.25], "texture": "#3"}
			}
		},
		{
			"from": [-14.4, 16.4, 8],
			"to": [-8.4, 16.8, 17],
			"rotation": {"angle": 22.5, "axis": "y", "origin": [-8.4, 16.4, 16]},
			"faces": {
				"north": {"uv": [10.25, 4, 11.75, 4.125], "texture": "#3"},
				"east": {"uv": [10.25, 3, 12.5, 3.125], "texture": "#3"},
				"south": {"uv": [10.25, 3.75, 11.75, 3.875], "texture": "#3"},
				"west": {"uv": [10.25, 2.75, 12.5, 2.875], "texture": "#3"},
				"up": {"uv": [3.75, 8.5, 5.25, 10.75], "texture": "#3"},
				"down": {"uv": [8.75, 2.25, 10.25, 0], "texture": "#3"}
			}
		},
		{
			"from": [-16, 16.5, 9],
			"to": [-10, 16.5, 18],
			"rotation": {"angle": -22.5, "axis": "y", "origin": [-10, 16.1, 17]},
			"faces": {
				"north": {"uv": [0, 0, 1.5, 0], "texture": "#3"},
				"east": {"uv": [0, 0, 2.25, 0], "texture": "#3"},
				"south": {"uv": [0, 0, 1.5, 0], "texture": "#3"},
				"west": {"uv": [0, 0, 2.25, 0], "texture": "#3"},
				"up": {"uv": [8.75, 2.25, 10.25, 4.5], "texture": "#3"},
				"down": {"uv": [5.25, 11.25, 6.75, 9], "texture": "#3"}
			}
		}
	],
	"display": {
		"thirdperson_righthand": {
			"rotation": [21, 11, 0],
			"translation": [3.5, 0, 0],
			"scale": [0.4, 0.4, 0.4]
		},
		"thirdperson_lefthand": {
			"rotation": [21, 11, 0],
			"translation": [-3.5, 0, 0],
			"scale": [0.4, 0.4, 0.4]
		},
		"firstperson_righthand": {
			"rotation": [21, 11, 0],
			"translation": [3.5, 0, 0],
			"scale": [0.4, 0.4, 0.4]
		},
		"firstperson_lefthand": {
			"rotation": [21, 11, 0],
			"translation": [-3.5, 0, 0],
			"scale": [0.4, 0.4, 0.4]
		},
		"ground": {
			"rotation": [21, 11, 0],
			"translation": [3.5, 3, 0],
			"scale": [0.4, 0.4, 0.4]
		},
		"gui": {
			"rotation": [-158.52, 35.02, -179.73],
			"translation": [-1.75, -0.75, 0],
			"scale": [0.4, 0.4, 0.4]
		},
		"head": {
			"rotation": [21, 11, 0],
			"scale": [0, 0, 0]
		},
		"fixed": {
			"rotation": [-90, 0, 0],
			"translation": [0, 0, -15],
			"scale": [2, 2, 2]
		}
	},
	"groups": [
		{
			"name": "group",
			"origin": [23, 15, 0],
			"color": 0,
			"children": [
				0,
				1,
				2,
				3,
				4,
				5,
				6,
				{
					"name": "decoration",
					"origin": [0, 0, 0],
					"color": 0,
					"children": [7, 8, 9, 10, 11, 12, 13, 14, 15, 16, 17, 18, 19, 20, 21, 22, 23]
				}
			]
		}
	]
}