{
	"credit": "Made with Blockbench",
	"texture_size": [64, 64],
	"textures": {
		"0": "deco/dj_table",
		"1": "deco/dj_table_skin",
		"2": "deco/dj_table_skin_2",
		"3": "deco/dj_table_skin_3",
		"4": "deco/dj_table_2",
		"5": "deco/dj_table_light",
		"particle": "deco/dj_table"
	},
	"elements": [
		{
			"from": [19, 15, 4],
			"to": [29, 16, 14],
			"rotation": {"angle": 0, "axis": "y", "origin": [8, 0, 8]},
			"faces": {
				"north": {"uv": [11, 3.375, 9.75, 3.5], "texture": "#0"},
				"east": {"uv": [6.25, 10.25, 5, 10.375], "texture": "#0"},
				"south": {"uv": [10.25, 10.125, 9, 10.25], "texture": "#0"},
				"west": {"uv": [11.25, 9.625, 10, 9.75], "texture": "#0"},
				"up": {"uv": [4.875, 8.5, 6.125, 7.25], "texture": "#0"},
				"down": {"uv": [6.125, 7.25, 7.375, 8.5], "texture": "#0"}
			}
		},
		{
			"from": [20, 15, 5],
			"to": [28, 16, 13],
			"rotation": {"angle": 0, "axis": "y", "origin": [8, 0, 8]},
			"faces": {
				"north": {"uv": [2.25, 10.5, 1.25, 10.625], "texture": "#0"},
				"east": {"uv": [5.25, 10.5, 4.25, 10.625], "texture": "#0"},
				"south": {"uv": [4.25, 10.5, 3.25, 10.625], "texture": "#0"},
				"west": {"uv": [3.25, 10.5, 2.25, 10.625], "texture": "#0"},
				"up": {"uv": [8.625, 8.25, 9.625, 7.25], "texture": "#0"},
				"down": {"uv": [0, 8.75, 1, 9.75], "texture": "#0"}
			}
		},
		{
			"from": [21, 15, 4],
			"to": [27, 16, 14],
			"rotation": {"angle": 0, "axis": "y", "origin": [8, 0, 8]},
			"faces": {
				"north": {"uv": [7, 10.25, 6.25, 10.375], "texture": "#0"},
				"east": {"uv": [11.5, 10.125, 10.25, 10.25], "texture": "#0"},
				"south": {"uv": [10, 10.5, 9.25, 10.625], "texture": "#0"},
				"west": {"uv": [10.25, 10.25, 9, 10.375], "texture": "#0"},
				"up": {"uv": [8.75, 4.75, 9.5, 3.5], "texture": "#0"},
				"down": {"uv": [8.75, 4.75, 9.5, 6], "texture": "#0"}
			}
		},
		{
			"from": [19, 15, 6],
			"to": [29, 16, 12],
			"rotation": {"angle": 0, "axis": "y", "origin": [8, 0, 8]},
			"faces": {
				"north": {"uv": [11.5, 10.25, 10.25, 10.375], "texture": "#0"},
				"east": {"uv": [0.75, 10.625, 0, 10.75], "texture": "#0"},
				"south": {"uv": [1.25, 10.375, 0, 10.5], "texture": "#0"},
				"west": {"uv": [10.75, 10.5, 10, 10.625], "texture": "#0"},
				"up": {"uv": [8.75, 9, 10, 8.25], "texture": "#0"},
				"down": {"uv": [1, 9, 2.25, 9.75], "texture": "#0"}
			}
		},
		{
			"from": [-13, 15, 4],
			"to": [-3, 16, 14],
			"rotation": {"angle": 0, "axis": "y", "origin": [8, 0, 8]},
			"faces": {
				"north": {"uv": [9.75, 3.375, 11, 3.5], "texture": "#0"},
				"east": {"uv": [10, 9.625, 11.25, 9.75], "texture": "#0"},
				"south": {"uv": [9, 10.125, 10.25, 10.25], "texture": "#0"},
				"west": {"uv": [5, 10.25, 6.25, 10.375], "texture": "#0"},
				"up": {"uv": [7.375, 8.5, 6.125, 7.25], "texture": "#0"},
				"down": {"uv": [7.375, 7.25, 6.125, 8.5], "texture": "#0"}
			}
		},
		{
			"from": [-12, 15, 5],
			"to": [-4, 16, 13],
			"rotation": {"angle": 0, "axis": "y", "origin": [8, 0, 8]},
			"faces": {
				"north": {"uv": [1.25, 10.5, 2.25, 10.625], "texture": "#0"},
				"east": {"uv": [2.25, 10.5, 3.25, 10.625], "texture": "#0"},
				"south": {"uv": [3.25, 10.5, 4.25, 10.625], "texture": "#0"},
				"west": {"uv": [4.25, 10.5, 5.25, 10.625], "texture": "#0"},
				"up": {"uv": [9.625, 8.25, 8.625, 7.25], "texture": "#0"},
				"down": {"uv": [1, 8.75, 0, 9.75], "texture": "#0"}
			}
		},
		{
			"from": [-11, 15, 4],
			"to": [-5, 16, 14],
			"rotation": {"angle": 0, "axis": "y", "origin": [8, 0, 8]},
			"faces": {
				"north": {"uv": [6.25, 10.25, 7, 10.375], "texture": "#0"},
				"east": {"uv": [9, 10.25, 10.25, 10.375], "texture": "#0"},
				"south": {"uv": [9.25, 10.5, 10, 10.625], "texture": "#0"},
				"west": {"uv": [10.25, 10.125, 11.5, 10.25], "texture": "#0"},
				"up": {"uv": [9.5, 4.75, 8.75, 3.5], "texture": "#0"},
				"down": {"uv": [9.5, 4.75, 8.75, 6], "texture": "#0"}
			}
		},
		{
			"from": [-13, 15, 6],
			"to": [-3, 16, 12],
			"rotation": {"angle": 0, "axis": "y", "origin": [8, 0, 8]},
			"faces": {
				"north": {"uv": [10.25, 10.25, 11.5, 10.375], "texture": "#0"},
				"east": {"uv": [10, 10.5, 10.75, 10.625], "texture": "#0"},
				"south": {"uv": [0, 10.375, 1.25, 10.5], "texture": "#0"},
				"west": {"uv": [0, 10.625, 0.75, 10.75], "texture": "#0"},
				"up": {"uv": [10, 9, 8.75, 8.25], "texture": "#0"},
				"down": {"uv": [2.25, 9, 1, 9.75], "texture": "#0"}
			}
		},
		{
			"from": [-15.5, 13, 1.5],
			"to": [31.5, 15.2, 15.5],
			"rotation": {"angle": 0, "axis": "y", "origin": [-0.5, 0, 0]},
			"faces": {
				"north": {"uv": [0, 7, 11.75, 7.5], "texture": "#1"},
				"east": {"uv": [0, 8, 3.5, 8.5], "texture": "#1"},
				"south": {"uv": [0, 7.5, 11.75, 8], "texture": "#1"},
				"west": {"uv": [3.5, 8, 7, 8.5], "texture": "#1"},
				"up": {"uv": [11.75, 3.5, 0, 0], "texture": "#1"},
				"down": {"uv": [11.75, 3.5, 0, 7], "texture": "#1"}
			}
		},
		{
			"from": [-15, 13, 2],
			"to": [31, 15, 15],
			"rotation": {"angle": 0, "axis": "y", "origin": [8, 0, 8]},
			"faces": {
				"north": {"uv": [7.625, 7, 13.375, 7.25], "texture": "#0"},
				"east": {"uv": [9.75, 3.125, 11.375, 3.375], "texture": "#0"},
				"south": {"uv": [7.75, 6, 13.5, 6.25], "texture": "#0"},
				"west": {"uv": [7, 9.75, 8.625, 10], "texture": "#0"},
				"up": {"uv": [5.75, 1.625, 0, 0], "texture": "#0"},
				"down": {"uv": [5.75, 1.625, 0, 3.25], "texture": "#0"}
			}
		},
		{
			"from": [-16, 6.5, 3.5],
			"to": [0, 13.5, 16.5],
			"faces": {
				"north": {"uv": [0, 6.5, 4, 8.25], "texture": "#2"},
				"east": {"uv": [7.5, 1.75, 10.75, 3.5], "texture": "#2"},
				"south": {"uv": [7.5, 0, 11.5, 1.75], "texture": "#2"},
				"west": {"uv": [4, 7.75, 7.25, 9.5], "texture": "#2"},
				"up": {"uv": [4, 3.25, 0, 0], "texture": "#2"},
				"down": {"uv": [4, 3.25, 0, 6.5], "texture": "#2"}
			}
		},
		{
			"from": [-13.5, 2.5, 3.6],
			"to": [0, 7, 12.5],
			"faces": {
				"north": {"uv": [7.25, 7.75, 10.75, 9], "texture": "#2"},
				"east": {"uv": [8.5, 3.5, 10.75, 4.75], "texture": "#2"},
				"south": {"uv": [0, 8.25, 3.5, 9.5], "texture": "#2"},
				"west": {"uv": [8.5, 4.75, 10.75, 6], "texture": "#2"},
				"up": {"uv": [7.5, 2.25, 4, 0], "texture": "#2"},
				"down": {"uv": [7.5, 2.25, 4, 4.5], "texture": "#2"}
			}
		},
		{
			"from": [-8.5, 0, 3.8],
			"to": [0, 3.2, 16.5],
			"faces": {
				"north": {"uv": [7.25, 9, 9.5, 9.75], "texture": "#2"},
				"east": {"uv": [8.5, 6, 11.75, 6.75], "texture": "#2"},
				"south": {"uv": [0, 9.5, 2.25, 10.25], "texture": "#2"},
				"west": {"uv": [8.5, 6.75, 11.75, 7.5], "texture": "#2"},
				"up": {"uv": [6.25, 7.75, 4, 4.5], "texture": "#2"},
				"down": {"uv": [8.5, 4.5, 6.25, 7.75], "texture": "#2"}
			}
		},
		{
			"from": [16, 6.5, 3.5],
			"to": [32, 13.5, 16.5],
			"rotation": {"angle": 0, "axis": "y", "origin": [16, 0, 0]},
			"faces": {
				"north": {"uv": [4, 6.5, 0, 8.25], "texture": "#2"},
				"east": {"uv": [7.25, 7.75, 4, 9.5], "texture": "#2"},
				"south": {"uv": [11.5, 0, 7.5, 1.75], "texture": "#2"},
				"west": {"uv": [10.75, 1.75, 7.5, 3.5], "texture": "#2"},
				"up": {"uv": [0, 3.25, 4, 0], "texture": "#2"},
				"down": {"uv": [0, 3.25, 4, 6.5], "texture": "#2"}
			}
		},
		{
			"from": [16, 2.5, 3.6],
			"to": [29.5, 7, 12.5],
			"rotation": {"angle": 0, "axis": "y", "origin": [16, 0, 0]},
			"faces": {
				"north": {"uv": [10.75, 7.75, 7.25, 9], "texture": "#2"},
				"east": {"uv": [10.75, 4.75, 8.5, 6], "texture": "#2"},
				"south": {"uv": [3.5, 8.25, 0, 9.5], "texture": "#2"},
				"west": {"uv": [10.75, 3.5, 8.5, 4.75], "texture": "#2"},
				"up": {"uv": [4, 2.25, 7.5, 0], "texture": "#2"},
				"down": {"uv": [4, 2.25, 7.5, 4.5], "texture": "#2"}
			}
		},
		{
			"from": [16, 0, 3.8],
			"to": [24.5, 3.2, 16.5],
			"rotation": {"angle": 0, "axis": "y", "origin": [16, 0, 0]},
			"faces": {
				"north": {"uv": [9.5, 9, 7.25, 9.75], "texture": "#2"},
				"east": {"uv": [11.75, 6.75, 8.5, 7.5], "texture": "#2"},
				"south": {"uv": [2.25, 9.5, 0, 10.25], "texture": "#2"},
				"west": {"uv": [11.75, 6, 8.5, 6.75], "texture": "#2"},
				"up": {"uv": [4, 7.75, 6.25, 4.5], "texture": "#2"},
				"down": {"uv": [6.25, 4.5, 8.5, 7.75], "texture": "#2"}
			}
		},
		{
			"from": [0.5, 1, 1.5],
			"to": [15.5, 12, 16.5],
			"rotation": {"angle": 0, "axis": "y", "origin": [0.5, 0, 0]},
			"faces": {
				"north": {"uv": [3.75, 0, 7.5, 2.75], "texture": "#3"},
				"east": {"uv": [3.75, 2.75, 7.5, 5.5], "texture": "#3"},
				"south": {"uv": [3.75, 5.5, 7.5, 8.25], "texture": "#3"},
				"west": {"uv": [0, 7.5, 3.75, 10.25], "texture": "#3"},
				"up": {"uv": [3.75, 3.75, 0, 0], "texture": "#3"},
				"down": {"uv": [3.75, 3.75, 0, 7.5], "texture": "#3"}
			}
		},
		{
			"from": [3, 14.6, 5],
			"to": [13, 15.6, 14],
			"faces": {
				"north": {"uv": [5, 0, 10, 0.5], "texture": "#4"},
				"east": {"uv": [5, 1, 9.5, 1.5], "texture": "#4"},
				"south": {"uv": [5, 0.5, 10, 1], "texture": "#4"},
				"west": {"uv": [5, 1.5, 9.5, 2], "texture": "#4"},
				"up": {"uv": [5, 4.5, 0, 0], "texture": "#4"},
				"down": {"uv": [5, 4.5, 0, 9], "texture": "#4"}
			}
		},
		{
			"from": [0, 0, 2],
			"to": [16, 13, 16],
			"rotation": {"angle": 0, "axis": "y", "origin": [8, 0, 8]},
			"faces": {
				"north": {"uv": [4, 3.25, 6, 4.875], "texture": "#0"},
				"east": {"uv": [6, 3, 7.75, 4.625], "texture": "#0"},
				"south": {"uv": [4, 4.875, 6, 6.5], "texture": "#0"},
				"west": {"uv": [6, 4.625, 7.75, 6.25], "texture": "#0"},
				"up": {"uv": [2, 5, 0, 3.25], "texture": "#0"},
				"down": {"uv": [4, 3.25, 2, 5], "texture": "#0"}
			}
		},
		{
			"from": [0, 10, 0],
			"to": [16, 13, 2],
			"rotation": {"angle": 0, "axis": "y", "origin": [8, 0, 8]},
			"faces": {
				"north": {"uv": [9.5, 4.5, 11.5, 4.875], "texture": "#0"},
				"east": {"uv": [4.25, 7.5, 4.5, 7.875], "texture": "#0"},
				"south": {"uv": [9.5, 4.875, 11.5, 5.25], "texture": "#0"},
				"west": {"uv": [4.5, 7.5, 4.75, 7.875], "texture": "#0"},
				"up": {"uv": [11.625, 8.25, 9.625, 8], "texture": "#0"},
				"down": {"uv": [11.75, 1.125, 9.75, 1.375], "texture": "#0"}
			}
		},
		{
			"from": [0, 0, 0],
			"to": [16, 3, 2],
			"rotation": {"angle": 0, "axis": "y", "origin": [8, 0, 8]},
			"faces": {
				"north": {"uv": [9.5, 5.25, 11.5, 5.625], "texture": "#0"},
				"east": {"uv": [4.25, 7.875, 4.5, 8.25], "texture": "#0"},
				"south": {"uv": [9.5, 5.625, 11.5, 6], "texture": "#0"},
				"west": {"uv": [4.5, 7.875, 4.75, 8.25], "texture": "#0"},
				"up": {"uv": [11.75, 1.625, 9.75, 1.375], "texture": "#0"},
				"down": {"uv": [3.5, 9.75, 1.5, 10], "texture": "#0"}
			}
		},
		{
			"from": [16, 7, 4],
			"to": [31.5, 13, 16],
			"rotation": {"angle": 0, "axis": "y", "origin": [8, 0, 8]},
			"faces": {
				"north": {"uv": [1.25, 7.5, 3.25, 8.25], "texture": "#0"},
				"east": {"uv": [1.25, 8.25, 2.75, 9], "texture": "#0"},
				"south": {"uv": [7.625, 6.25, 9.625, 7], "texture": "#0"},
				"west": {"uv": [4.25, 8.5, 5.75, 9.25], "texture": "#0"},
				"up": {"uv": [2, 6.5, 0, 5], "texture": "#0"},
				"down": {"uv": [4, 5, 2, 6.5], "texture": "#0"}
			}
		},
		{
			"from": [-15, 11, 1],
			"to": [0, 13, 4],
			"rotation": {"angle": 0, "axis": "y", "origin": [8, 0, 8]},
			"faces": {
				"north": {"uv": [9.75, 1.625, 11.75, 1.875], "texture": "#0"},
				"east": {"uv": [2.75, 8.25, 3.125, 8.5], "texture": "#0"},
				"south": {"uv": [9.75, 1.875, 11.75, 2.125], "texture": "#0"},
				"west": {"uv": [4.25, 8.25, 4.625, 8.5], "texture": "#0"},
				"up": {"uv": [11.625, 6.625, 9.625, 6.25], "texture": "#0"},
				"down": {"uv": [11.625, 6.625, 9.625, 7], "texture": "#0"}
			}
		},
		{
			"from": [-8, 0, 1],
			"to": [0, 2, 4],
			"rotation": {"angle": 0, "axis": "y", "origin": [8, 0, 8]},
			"faces": {
				"north": {"uv": [4.875, 7, 5.875, 7.25], "texture": "#0"},
				"east": {"uv": [2.75, 8.5, 3.125, 8.75], "texture": "#0"},
				"south": {"uv": [10, 9.375, 11, 9.625], "texture": "#0"},
				"west": {"uv": [2.75, 8.75, 3.125, 9], "texture": "#0"},
				"up": {"uv": [9.625, 10.125, 8.625, 9.75], "texture": "#0"},
				"down": {"uv": [10.625, 9.75, 9.625, 10.125], "texture": "#0"}
			}
		},
		{
			"from": [16, 0, 1],
			"to": [24, 2, 4],
			"rotation": {"angle": 0, "axis": "y", "origin": [8, 0, 8]},
			"faces": {
				"north": {"uv": [0, 10.125, 1, 10.375], "texture": "#0"},
				"east": {"uv": [8.25, 9.25, 8.625, 9.5], "texture": "#0"},
				"south": {"uv": [8, 10.125, 9, 10.375], "texture": "#0"},
				"west": {"uv": [8.25, 9.5, 8.625, 9.75], "texture": "#0"},
				"up": {"uv": [2.5, 10.375, 1.5, 10], "texture": "#0"},
				"down": {"uv": [3.5, 10, 2.5, 10.375], "texture": "#0"}
			}
		},
		{
			"from": [16, 11, 1],
			"to": [31, 13, 4],
			"rotation": {"angle": 0, "axis": "y", "origin": [8, 0, 8]},
			"faces": {
				"north": {"uv": [9.75, 2.125, 11.75, 2.375], "texture": "#0"},
				"east": {"uv": [1, 10.125, 1.375, 10.375], "texture": "#0"},
				"south": {"uv": [9.75, 2.375, 11.75, 2.625], "texture": "#0"},
				"west": {"uv": [3.75, 10.25, 4.125, 10.5], "texture": "#0"},
				"up": {"uv": [11.625, 7.625, 9.625, 7.25], "texture": "#0"},
				"down": {"uv": [11.625, 7.625, 9.625, 8], "texture": "#0"}
			}
		},
		{
			"from": [-15.5, 7, 4],
			"to": [0, 13, 16],
			"rotation": {"angle": 0, "axis": "y", "origin": [8, 0, 8]},
			"faces": {
				"north": {"uv": [7.75, 0, 9.75, 0.75], "texture": "#0"},
				"east": {"uv": [5.75, 8.5, 7.25, 9.25], "texture": "#0"},
				"south": {"uv": [7.75, 0.75, 9.75, 1.5], "texture": "#0"},
				"west": {"uv": [7.25, 8.5, 8.75, 9.25], "texture": "#0"},
				"up": {"uv": [7.75, 1.5, 5.75, 0], "texture": "#0"},
				"down": {"uv": [7.75, 1.5, 5.75, 3], "texture": "#0"}
			}
		},
		{
			"from": [-13, 3, 4],
			"to": [0, 7, 12],
			"rotation": {"angle": 0, "axis": "y", "origin": [8, 0, 8]},
			"faces": {
				"north": {"uv": [5, 9.25, 6.625, 9.75], "texture": "#0"},
				"east": {"uv": [4.875, 6.5, 5.875, 7], "texture": "#0"},
				"south": {"uv": [6.625, 9.25, 8.25, 9.75], "texture": "#0"},
				"west": {"uv": [9.75, 2.625, 10.75, 3.125], "texture": "#0"},
				"up": {"uv": [7.625, 7.25, 6, 6.25], "texture": "#0"},
				"down": {"uv": [1.625, 6.5, 0, 7.5], "texture": "#0"}
			}
		},
		{
			"from": [16, 3, 4],
			"to": [29, 7, 12],
			"rotation": {"angle": 0, "axis": "y", "origin": [8, 0, 8]},
			"faces": {
				"north": {"uv": [9.5, 3.5, 11.125, 4], "texture": "#0"},
				"east": {"uv": [5, 9.75, 6, 10.25], "texture": "#0"},
				"south": {"uv": [9.5, 4, 11.125, 4.5], "texture": "#0"},
				"west": {"uv": [6, 9.75, 7, 10.25], "texture": "#0"},
				"up": {"uv": [3.25, 7.5, 1.625, 6.5], "texture": "#0"},
				"down": {"uv": [4.875, 6.5, 3.25, 7.5], "texture": "#0"}
			}
		},
		{
			"from": [16, 0, 4],
			"to": [24, 3, 16],
			"rotation": {"angle": 0, "axis": "y", "origin": [8, 0, 8]},
			"faces": {
				"north": {"uv": [7, 10, 8, 10.375], "texture": "#0"},
				"east": {"uv": [0, 9.75, 1.5, 10.125], "texture": "#0"},
				"south": {"uv": [10, 8.25, 11, 8.625], "texture": "#0"},
				"west": {"uv": [9.75, 0, 11.25, 0.375], "texture": "#0"},
				"up": {"uv": [4.25, 9, 3.25, 7.5], "texture": "#0"},
				"down": {"uv": [8.75, 1.5, 7.75, 3], "texture": "#0"}
			}
		},
		{
			"from": [-8, 0, 4],
			"to": [0, 3, 16],
			"rotation": {"angle": 0, "axis": "y", "origin": [8, 0, 8]},
			"faces": {
				"north": {"uv": [10, 8.625, 11, 9], "texture": "#0"},
				"east": {"uv": [9.75, 0.375, 11.25, 0.75], "texture": "#0"},
				"south": {"uv": [10, 9, 11, 9.375], "texture": "#0"},
				"west": {"uv": [9.75, 0.75, 11.25, 1.125], "texture": "#0"},
				"up": {"uv": [8.75, 4.5, 7.75, 3], "texture": "#0"},
				"down": {"uv": [8.75, 4.5, 7.75, 6], "texture": "#0"}
			}
		},
		{
			"from": [-11, 2, 3],
			"to": [0, 11, 3],
			"faces": {
				"north": {"uv": [0, 12, 2.75, 14.25], "texture": "#5"},
				"east": {"uv": [0, 0, 0, 2.25], "texture": "#5"},
				"south": {"uv": [12, 0, 14.75, 2.25], "texture": "#5"},
				"west": {"uv": [0, 0, 0, 2.25], "texture": "#5"},
				"up": {"uv": [2.75, 0, 0, 0], "texture": "#5"},
				"down": {"uv": [2.75, 0, 0, 0], "texture": "#5"}
			}
		},
		{
			"from": [16, 2, 3],
			"to": [27, 11, 3],
			"rotation": {"angle": 0, "axis": "y", "origin": [16, 0, 0]},
			"faces": {
				"north": {"uv": [2.75, 12, 0, 14.25], "texture": "#5"},
				"east": {"uv": [0, 0, 0, 2.25], "texture": "#5"},
				"south": {"uv": [14.75, 0, 12, 2.25], "texture": "#5"},
				"west": {"uv": [0, 0, 0, 2.25], "texture": "#5"},
				"up": {"uv": [0, 0, 2.75, 0], "texture": "#5"},
				"down": {"uv": [0, 0, 2.75, 0], "texture": "#5"}
			}
		},
		{
			"from": [-14, 15, 3],
			"to": [-2, 18, 3],
			"faces": {
				"north": {"uv": [12, 2.25, 15, 3], "texture": "#5"},
				"east": {"uv": [0, 0, 0, 0.75], "texture": "#5"},
				"south": {"uv": [2.75, 12, 5.75, 12.75], "texture": "#5"},
				"west": {"uv": [0, 0, 0, 0.75], "texture": "#5"},
				"up": {"uv": [3, 0, 0, 0], "texture": "#5"},
				"down": {"uv": [3, 0, 0, 0], "texture": "#5"}
			}
		},
		{
			"from": [-14, 15, 15],
			"to": [-2, 18, 15],
			"faces": {
				"north": {"uv": [12, 3, 15, 3.75], "texture": "#5"},
				"east": {"uv": [0, 0, 0, 0.75], "texture": "#5"},
				"south": {"uv": [12, 3.75, 15, 4.5], "texture": "#5"},
				"west": {"uv": [0, 0, 0, 0.75], "texture": "#5"},
				"up": {"uv": [3, 0, 0, 0], "texture": "#5"},
				"down": {"uv": [3, 0, 0, 0], "texture": "#5"}
			}
		},
		{
			"from": [-14, 15, 3],
			"to": [-14, 18, 15],
			"faces": {
				"north": {"uv": [0, 0, 0, 0.75], "texture": "#5"},
				"east": {"uv": [12, 4.5, 15, 5.25], "texture": "#5"},
				"south": {"uv": [0, 0, 0, 0.75], "texture": "#5"},
				"west": {"uv": [12, 5.25, 15, 6], "texture": "#5"},
				"up": {"uv": [0, 3, 0, 0], "texture": "#5"},
				"down": {"uv": [0, 0, 0, 3], "texture": "#5"}
			}
		},
		{
			"from": [-2, 15, 3],
			"to": [-2, 18, 15],
			"faces": {
				"north": {"uv": [0, 0, 0, 0.75], "texture": "#5"},
				"east": {"uv": [5.75, 12, 8.75, 12.75], "texture": "#5"},
				"south": {"uv": [0, 0, 0, 0.75], "texture": "#5"},
				"west": {"uv": [12, 6, 15, 6.75], "texture": "#5"},
				"up": {"uv": [0, 3, 0, 0], "texture": "#5"},
				"down": {"uv": [0, 0, 0, 3], "texture": "#5"}
			}
		},
		{
			"from": [-15, 15.3, 2],
			"to": [-1, 15.3, 16],
			"faces": {
				"north": {"uv": [0, 0, 3, 0], "texture": "#5"},
				"east": {"uv": [0, 0, 3, 0], "texture": "#5"},
				"south": {"uv": [0, 0, 3, 0], "texture": "#5"},
				"west": {"uv": [0, 0, 3, 0], "texture": "#5"},
				"up": {"uv": [3, 3, 0, 0], "texture": "#5"},
				"down": {"uv": [3, 3, 0, 6], "texture": "#5"}
			}
		},
		{
			"from": [-15, 15.7, 2],
			"to": [-1, 15.7, 16],
			"faces": {
				"north": {"uv": [0, 0, 3, 0], "texture": "#5"},
				"east": {"uv": [0, 0, 3, 0], "texture": "#5"},
				"south": {"uv": [0, 0, 3, 0], "texture": "#5"},
				"west": {"uv": [0, 0, 3, 0], "texture": "#5"},
				"up": {"uv": [6, 3, 3, 0], "texture": "#5"},
				"down": {"uv": [6, 3, 3, 6], "texture": "#5"}
			}
		},
		{
			"from": [-15, 16.2, 2],
			"to": [-1, 16.2, 16],
			"faces": {
				"north": {"uv": [0, 0, 3, 0], "texture": "#5"},
				"east": {"uv": [0, 0, 3, 0], "texture": "#5"},
				"south": {"uv": [0, 0, 3, 0], "texture": "#5"},
				"west": {"uv": [0, 0, 3, 0], "texture": "#5"},
				"up": {"uv": [3, 9, 0, 6], "texture": "#5"},
				"down": {"uv": [9, 0, 6, 3], "texture": "#5"}
			}
		},
		{
			"from": [-15, 17.1, 2],
			"to": [-1, 17.1, 16],
			"faces": {
				"north": {"uv": [0, 0, 3, 0], "texture": "#5"},
				"east": {"uv": [0, 0, 3, 0], "texture": "#5"},
				"south": {"uv": [0, 0, 3, 0], "texture": "#5"},
				"west": {"uv": [0, 0, 3, 0], "texture": "#5"},
				"up": {"uv": [6, 9, 3, 6], "texture": "#5"},
				"down": {"uv": [9, 3, 6, 6], "texture": "#5"}
			}
		},
		{
			"from": [17, 17.1, 2],
			"to": [31, 17.1, 16],
			"rotation": {"angle": 0, "axis": "y", "origin": [16, 0, 0]},
			"faces": {
				"north": {"uv": [0, 0, 3, 0], "texture": "#5"},
				"east": {"uv": [0, 0, 3, 0], "texture": "#5"},
				"south": {"uv": [0, 0, 3, 0], "texture": "#5"},
				"west": {"uv": [0, 0, 3, 0], "texture": "#5"},
				"up": {"uv": [9, 9, 6, 6], "texture": "#5"},
				"down": {"uv": [3, 9, 0, 12], "texture": "#5"}
			}
		},
		{
			"from": [17, 16.2, 2],
			"to": [31, 16.2, 16],
			"rotation": {"angle": 0, "axis": "y", "origin": [16, 0, 0]},
			"faces": {
				"north": {"uv": [0, 0, 3, 0], "texture": "#5"},
				"east": {"uv": [0, 0, 3, 0], "texture": "#5"},
				"south": {"uv": [0, 0, 3, 0], "texture": "#5"},
				"west": {"uv": [0, 0, 3, 0], "texture": "#5"},
				"up": {"uv": [12, 3, 9, 0], "texture": "#5"},
				"down": {"uv": [6, 9, 3, 12], "texture": "#5"}
			}
		},
		{
			"from": [17, 15.7, 2],
			"to": [31, 15.7, 16],
			"rotation": {"angle": 0, "axis": "y", "origin": [16, 0, 0]},
			"faces": {
				"north": {"uv": [0, 0, 3, 0], "texture": "#5"},
				"east": {"uv": [0, 0, 3, 0], "texture": "#5"},
				"south": {"uv": [0, 0, 3, 0], "texture": "#5"},
				"west": {"uv": [0, 0, 3, 0], "texture": "#5"},
				"up": {"uv": [12, 6, 9, 3], "texture": "#5"},
				"down": {"uv": [9, 9, 6, 12], "texture": "#5"}
			}
		},
		{
			"from": [17, 15.3, 2],
			"to": [31, 15.3, 16],
			"rotation": {"angle": 0, "axis": "y", "origin": [16, 0, 0]},
			"faces": {
				"north": {"uv": [0, 0, 3, 0], "texture": "#5"},
				"east": {"uv": [0, 0, 3, 0], "texture": "#5"},
				"south": {"uv": [0, 0, 3, 0], "texture": "#5"},
				"west": {"uv": [0, 0, 3, 0], "texture": "#5"},
				"up": {"uv": [12, 9, 9, 6], "texture": "#5"},
				"down": {"uv": [12, 9, 9, 12], "texture": "#5"}
			}
		},
		{
			"from": [18, 15, 15],
			"to": [30, 18, 15],
			"rotation": {"angle": 0, "axis": "y", "origin": [16, 0, 0]},
			"faces": {
				"north": {"uv": [12, 6.75, 15, 7.5], "texture": "#5"},
				"east": {"uv": [0, 0, 0, 0.75], "texture": "#5"},
				"south": {"uv": [12, 7.5, 15, 8.25], "texture": "#5"},
				"west": {"uv": [0, 0, 0, 0.75], "texture": "#5"},
				"up": {"uv": [3, 0, 0, 0], "texture": "#5"},
				"down": {"uv": [3, 0, 0, 0], "texture": "#5"}
			}
		},
		{
			"from": [30, 15, 3],
			"to": [30, 18, 15],
			"rotation": {"angle": 0, "axis": "y", "origin": [16, 0, 0]},
			"faces": {
				"north": {"uv": [0, 0, 0, 0.75], "texture": "#5"},
				"east": {"uv": [12, 8.25, 15, 9], "texture": "#5"},
				"south": {"uv": [0, 0, 0, 0.75], "texture": "#5"},
				"west": {"uv": [8.75, 12, 11.75, 12.75], "texture": "#5"},
				"up": {"uv": [0, 3, 0, 0], "texture": "#5"},
				"down": {"uv": [0, 0, 0, 3], "texture": "#5"}
			}
		},
		{
			"from": [18, 15, 3],
			"to": [30, 18, 3],
			"rotation": {"angle": 0, "axis": "y", "origin": [16, 0, 0]},
			"faces": {
				"north": {"uv": [12, 9, 15, 9.75], "texture": "#5"},
				"east": {"uv": [0, 0, 0, 0.75], "texture": "#5"},
				"south": {"uv": [12, 9.75, 15, 10.5], "texture": "#5"},
				"west": {"uv": [0, 0, 0, 0.75], "texture": "#5"},
				"up": {"uv": [3, 0, 0, 0], "texture": "#5"},
				"down": {"uv": [3, 0, 0, 0], "texture": "#5"}
			}
		},
		{
			"from": [18, 15, 3],
			"to": [18, 18, 15],
			"rotation": {"angle": 0, "axis": "y", "origin": [16, 0, 0]},
			"faces": {
				"north": {"uv": [0, 0, 0, 0.75], "texture": "#5"},
				"east": {"uv": [12, 10.5, 15, 11.25], "texture": "#5"},
				"south": {"uv": [0, 0, 0, 0.75], "texture": "#5"},
				"west": {"uv": [12, 11.25, 15, 12], "texture": "#5"},
				"up": {"uv": [0, 3, 0, 0], "texture": "#5"},
				"down": {"uv": [0, 0, 0, 3], "texture": "#5"}
			}
		}
	],
	"display": {
		"thirdperson_righthand": {
			"scale": [0.3, 0.3, 0.3]
		},
		"thirdperson_lefthand": {
			"scale": [0.3, 0.3, 0.3]
		},
		"firstperson_righthand": {
			"scale": [0.3, 0.3, 0.3]
		},
		"firstperson_lefthand": {
			"scale": [0.3, 0.3, 0.3]
		},
		"ground": {
			"scale": [0.3, 0.3, 0.3]
		},
		"gui": {
			"rotation": [-152.5, 46.75, -180],
			"scale": [0.3, 0.3, 0.3]
		},
		"head": {
			"scale": [0.3, 0.3, 0.3]
		},
		"fixed": {
			"rotation": [-90, 0, 0],
			"translation": [0, 0, -16],
			"scale": [2, 2, 2]
		}
	},
	"groups": [
		{
			"name": "group",
			"origin": [0, 0, 0],
			"color": 0,
			"children": [
				{
					"name": "main",
					"origin": [0, 0, 0],
					"color": 0,
					"children": [
						{
							"name": "group",
							"origin": [8, 0, 8],
							"color": 0,
							"children": [0, 1, 2, 3]
						},
						{
							"name": "group",
							"origin": [8, 0, 8],
							"color": 0,
							"children": [4, 5, 6, 7]
						},
						8,
						9,
						10,
						11,
						12,
						13,
						14,
						15,
						16,
						17
					]
				},
				18,
				19,
				20,
				21,
				22,
				23,
				24,
				25,
				26,
				27,
				28,
				29,
				30,
				{
					"name": "animation",
					"origin": [0, 0, 0],
					"color": 0,
					"nbt": "{}",
					"armAnimationEnabled": false,
					"children": [31, 32, 33, 34, 35, 36, 37, 38, 39, 40, 41, 42, 43, 44, 45, 46, 47, 48]
				}
			]
		}
	]
}