{
	"credit": "Made with Blockbench",
	"texture_size": [8, 8],
	"textures": {
		"0": "deco/eating_table_1",
		"1": "deco/fried_chicken",
		"2": "deco/coke",
		"particle": "deco/eating_table_1"
	},
	"elements": [
		{
			"from": [-16, 15, 0],
			"to": [16, 16, 16],
			"faces": {
				"north": {"uv": [3, 8, 11, 8.25], "texture": "#0"},
				"east": {"uv": [8, 6.75, 12, 7], "texture": "#0"},
				"south": {"uv": [8, 3, 16, 3.25], "texture": "#0"},
				"west": {"uv": [8, 7, 12, 7.25], "texture": "#0"},
				"up": {"uv": [8, 4, 0, 0], "texture": "#0"},
				"down": {"uv": [8, 4, 0, 8], "texture": "#0"}
			}
		},
		{
			"from": [9.5, 1, 7],
			"to": [11.5, 15, 9],
			"rotation": {"angle": 0, "axis": "y", "origin": [-1.5, 0, -1]},
			"faces": {
				"north": {"uv": [8, 3.25, 8.5, 6.75], "texture": "#0"},
				"east": {"uv": [3, 8.25, 3.5, 11.75], "texture": "#0"},
				"south": {"uv": [3.5, 8.25, 4, 11.75], "texture": "#0"},
				"west": {"uv": [4, 8.25, 4.5, 11.75], "texture": "#0"},
				"up": {"uv": [9, 4.5, 8.5, 4], "texture": "#0"},
				"down": {"uv": [9, 4.5, 8.5, 5], "texture": "#0"}
			}
		},
		{
			"from": [7.5, 0, 5],
			"to": [13.5, 1, 11],
			"rotation": {"angle": 0, "axis": "y", "origin": [-1.5, 0, -1]},
			"faces": {
				"north": {"uv": [8, 7.25, 9.5, 7.5], "texture": "#0"},
				"east": {"uv": [8, 7.5, 9.5, 7.75], "texture": "#0"},
				"south": {"uv": [8, 7.75, 9.5, 8], "texture": "#0"},
				"west": {"uv": [6.5, 8.25, 8, 8.5], "texture": "#0"},
				"up": {"uv": [1.5, 9.5, 0, 8], "texture": "#0"},
				"down": {"uv": [9.5, 0, 8, 1.5], "texture": "#0"}
			}
		},
		{
			"from": [-13.5, 0, 5],
			"to": [-7.5, 1, 11],
			"rotation": {"angle": 0, "axis": "y", "origin": [-1.5, 0, -1]},
			"faces": {
				"north": {"uv": [8, 8.25, 9.5, 8.5], "texture": "#0"},
				"east": {"uv": [8.5, 3.25, 10, 3.5], "texture": "#0"},
				"south": {"uv": [8.5, 3.5, 10, 3.75], "texture": "#0"},
				"west": {"uv": [8.5, 3.75, 10, 4], "texture": "#0"},
				"up": {"uv": [3, 9.5, 1.5, 8], "texture": "#0"},
				"down": {"uv": [9.5, 1.5, 8, 3], "texture": "#0"}
			}
		},
		{
			"from": [-11.5, 1, 7],
			"to": [-9.5, 15, 9],
			"rotation": {"angle": 0, "axis": "y", "origin": [-1.5, 0, -1]},
			"faces": {
				"north": {"uv": [4.5, 8.25, 5, 11.75], "texture": "#0"},
				"east": {"uv": [5, 8.25, 5.5, 11.75], "texture": "#0"},
				"south": {"uv": [5.5, 8.25, 6, 11.75], "texture": "#0"},
				"west": {"uv": [6, 8.25, 6.5, 11.75], "texture": "#0"},
				"up": {"uv": [9, 5.5, 8.5, 5], "texture": "#0"},
				"down": {"uv": [9, 5.5, 8.5, 6], "texture": "#0"}
			}
		},
		{
			"from": [14, 16, 3],
			"to": [14, 18, 7],
			"rotation": {"angle": 0, "axis": "y", "origin": [10, 16, 5]},
			"faces": {
				"north": {"uv": [0, 0, 0, 1], "texture": "#1"},
				"east": {"uv": [0, 4, 2, 5], "texture": "#1"},
				"south": {"uv": [0, 0, 0, 1], "texture": "#1"},
				"west": {"uv": [2, 4, 4, 5], "texture": "#1"},
				"up": {"uv": [0, 2, 0, 0], "texture": "#1"},
				"down": {"uv": [0, 0, 0, 2], "texture": "#1"}
			}
		},
		{
			"from": [7, 16, 3],
			"to": [7, 18, 7],
			"rotation": {"angle": 0, "axis": "y", "origin": [3, 16, 5]},
			"faces": {
				"north": {"uv": [0, 0, 0, 1], "texture": "#1"},
				"east": {"uv": [4, 4, 6, 5], "texture": "#1"},
				"south": {"uv": [0, 0, 0, 1], "texture": "#1"},
				"west": {"uv": [0, 5, 2, 6], "texture": "#1"},
				"up": {"uv": [0, 2, 0, 0], "texture": "#1"},
				"down": {"uv": [0, 0, 0, 2], "texture": "#1"}
			}
		},
		{
			"from": [7, 16, 7],
			"to": [14, 18, 7],
			"rotation": {"angle": 0, "axis": "y", "origin": [3, 16, 5]},
			"faces": {
				"north": {"uv": [3.5, 0, 7, 1], "texture": "#1"},
				"east": {"uv": [0, 0, 0, 1], "texture": "#1"},
				"south": {"uv": [3.5, 1, 7, 2], "texture": "#1"},
				"west": {"uv": [0, 0, 0, 1], "texture": "#1"},
				"up": {"uv": [3.5, 0, 0, 0], "texture": "#1"},
				"down": {"uv": [3.5, 0, 0, 0], "texture": "#1"}
			}
		},
		{
			"from": [7, 16, 3],
			"to": [14, 18, 3],
			"rotation": {"angle": 0, "axis": "y", "origin": [3, 16, 1]},
			"faces": {
				"north": {"uv": [3.5, 2, 7, 3], "texture": "#1"},
				"east": {"uv": [0, 0, 0, 1], "texture": "#1"},
				"south": {"uv": [3.5, 3, 7, 4], "texture": "#1"},
				"west": {"uv": [0, 0, 0, 1], "texture": "#1"},
				"up": {"uv": [3.5, 0, 0, 0], "texture": "#1"},
				"down": {"uv": [3.5, 0, 0, 0], "texture": "#1"}
			}
		},
		{
			"from": [7, 16.1, 3],
			"to": [14, 16.1, 7],
			"rotation": {"angle": 0, "axis": "y", "origin": [3, 16, 1]},
			"faces": {
				"north": {"uv": [0, 0, 3.5, 0], "texture": "#1"},
				"east": {"uv": [0, 0, 2, 0], "texture": "#1"},
				"south": {"uv": [0, 0, 3.5, 0], "texture": "#1"},
				"west": {"uv": [0, 0, 2, 0], "texture": "#1"},
				"up": {"uv": [3.5, 2, 0, 0], "texture": "#1"},
				"down": {"uv": [3.5, 2, 0, 4], "texture": "#1"}
			}
		},
		{
			"from": [12.5, 16.4, 3.1],
			"to": [13, 19.4, 4.8],
			"rotation": {"angle": -45, "axis": "z", "origin": [12, 17.4, 3.1]},
			"faces": {
				"north": {"uv": [3, 8, 3.25, 9.5], "texture": "#1"},
				"east": {"uv": [2, 5, 2.75, 6.5], "texture": "#1"},
				"south": {"uv": [8, 3, 8.25, 4.5], "texture": "#1"},
				"west": {"uv": [3, 5, 3.75, 6.5], "texture": "#1"},
				"up": {"uv": [9.25, 6.75, 9, 6], "texture": "#1"},
				"down": {"uv": [7.25, 9, 7, 9.75], "texture": "#1"}
			}
		},
		{
			"from": [11.5, 16.4, 3.1],
			"to": [12, 19.4, 4.8],
			"rotation": {"angle": -45, "axis": "z", "origin": [11, 17.4, 3.1]},
			"faces": {
				"north": {"uv": [3.5, 8, 3.75, 9.5], "texture": "#1"},
				"east": {"uv": [4, 5, 4.75, 6.5], "texture": "#1"},
				"south": {"uv": [4, 8, 4.25, 9.5], "texture": "#1"},
				"west": {"uv": [5, 5, 5.75, 6.5], "texture": "#1"},
				"up": {"uv": [9.25, 7.75, 9, 7], "texture": "#1"},
				"down": {"uv": [7.75, 9, 7.5, 9.75], "texture": "#1"}
			}
		},
		{
			"from": [10.5, 16.4, 3.1],
			"to": [11, 19.4, 4.8],
			"rotation": {"angle": -45, "axis": "z", "origin": [10, 17.4, 3.1]},
			"faces": {
				"north": {"uv": [4.5, 8, 4.75, 9.5], "texture": "#1"},
				"east": {"uv": [0, 6, 0.75, 7.5], "texture": "#1"},
				"south": {"uv": [8, 4.5, 8.25, 6], "texture": "#1"},
				"west": {"uv": [1, 6, 1.75, 7.5], "texture": "#1"},
				"up": {"uv": [8.25, 9.75, 8, 9], "texture": "#1"},
				"down": {"uv": [9.25, 8, 9, 8.75], "texture": "#1"}
			}
		},
		{
			"from": [9.5, 16.4, 3.1],
			"to": [10, 19.4, 4.8],
			"rotation": {"angle": -45, "axis": "z", "origin": [9, 17.4, 3.1]},
			"faces": {
				"north": {"uv": [5, 8, 5.25, 9.5], "texture": "#1"},
				"east": {"uv": [6, 4, 6.75, 5.5], "texture": "#1"},
				"south": {"uv": [5.5, 8, 5.75, 9.5], "texture": "#1"},
				"west": {"uv": [6, 5.5, 6.75, 7], "texture": "#1"},
				"up": {"uv": [8.75, 9.75, 8.5, 9], "texture": "#1"},
				"down": {"uv": [9.25, 9, 9, 9.75], "texture": "#1"}
			}
		},
		{
			"from": [8.5, 16.4, 3.1],
			"to": [9, 19.4, 4.8],
			"rotation": {"angle": -45, "axis": "z", "origin": [8, 17.4, 3.1]},
			"faces": {
				"north": {"uv": [8, 6, 8.25, 7.5], "texture": "#1"},
				"east": {"uv": [2, 6.5, 2.75, 8], "texture": "#1"},
				"south": {"uv": [8, 7.5, 8.25, 9], "texture": "#1"},
				"west": {"uv": [3, 6.5, 3.75, 8], "texture": "#1"},
				"up": {"uv": [9.75, 0.75, 9.5, 0], "texture": "#1"},
				"down": {"uv": [9.75, 1, 9.5, 1.75], "texture": "#1"}
			}
		},
		{
			"from": [7.5, 16.9, 3.1],
			"to": [8, 19.4, 4.8],
			"rotation": {"angle": -45, "axis": "z", "origin": [7, 17.4, 3.1]},
			"faces": {
				"north": {"uv": [1.5, 9, 1.75, 10.25], "texture": "#1"},
				"east": {"uv": [7, 7.5, 7.75, 8.75], "texture": "#1"},
				"south": {"uv": [9, 1.5, 9.25, 2.75], "texture": "#1"},
				"west": {"uv": [8, 0, 8.75, 1.25], "texture": "#1"},
				"up": {"uv": [2.25, 10.25, 2, 9.5], "texture": "#1"},
				"down": {"uv": [9.75, 2, 9.5, 2.75], "texture": "#1"}
			}
		},
		{
			"from": [7.5, 16.9, 5.2],
			"to": [8, 19.4, 6.9],
			"rotation": {"angle": -45, "axis": "z", "origin": [7, 17.4, 5]},
			"faces": {
				"north": {"uv": [9, 3, 9.25, 4.25], "texture": "#1"},
				"east": {"uv": [8, 1.5, 8.75, 2.75], "texture": "#1"},
				"south": {"uv": [9, 4.5, 9.25, 5.75], "texture": "#1"},
				"west": {"uv": [2, 8, 2.75, 9.25], "texture": "#1"},
				"up": {"uv": [2.75, 10.25, 2.5, 9.5], "texture": "#1"},
				"down": {"uv": [3.25, 9.5, 3, 10.25], "texture": "#1"}
			}
		},
		{
			"from": [8.5, 16.4, 5.2],
			"to": [9, 19.4, 6.9],
			"rotation": {"angle": -45, "axis": "z", "origin": [8, 17.4, 5]},
			"faces": {
				"north": {"uv": [8.5, 3, 8.75, 4.5], "texture": "#1"},
				"east": {"uv": [4, 6.5, 4.75, 8], "texture": "#1"},
				"south": {"uv": [8.5, 4.5, 8.75, 6], "texture": "#1"},
				"west": {"uv": [5, 6.5, 5.75, 8], "texture": "#1"},
				"up": {"uv": [9.75, 3.75, 9.5, 3], "texture": "#1"},
				"down": {"uv": [3.75, 9.5, 3.5, 10.25], "texture": "#1"}
			}
		},
		{
			"from": [9.5, 16.4, 5.2],
			"to": [10, 19.4, 6.9],
			"rotation": {"angle": -45, "axis": "z", "origin": [9, 17.4, 5]},
			"faces": {
				"north": {"uv": [6, 8.5, 6.25, 10], "texture": "#1"},
				"east": {"uv": [7, 0, 7.75, 1.5], "texture": "#1"},
				"south": {"uv": [8.5, 6, 8.75, 7.5], "texture": "#1"},
				"west": {"uv": [7, 1.5, 7.75, 3], "texture": "#1"},
				"up": {"uv": [4.25, 10.25, 4, 9.5], "texture": "#1"},
				"down": {"uv": [9.75, 4, 9.5, 4.75], "texture": "#1"}
			}
		},
		{
			"from": [10.5, 16.4, 5.2],
			"to": [11, 19.4, 6.9],
			"rotation": {"angle": -45, "axis": "z", "origin": [10, 17.4, 5]},
			"faces": {
				"north": {"uv": [6.5, 8.5, 6.75, 10], "texture": "#1"},
				"east": {"uv": [7, 3, 7.75, 4.5], "texture": "#1"},
				"south": {"uv": [8.5, 7.5, 8.75, 9], "texture": "#1"},
				"west": {"uv": [7, 4.5, 7.75, 6], "texture": "#1"},
				"up": {"uv": [4.75, 10.25, 4.5, 9.5], "texture": "#1"},
				"down": {"uv": [5.25, 9.5, 5, 10.25], "texture": "#1"}
			}
		},
		{
			"from": [11.5, 16.4, 5.2],
			"to": [12, 19.4, 6.9],
			"rotation": {"angle": -45, "axis": "z", "origin": [11, 17.4, 5]},
			"faces": {
				"north": {"uv": [0, 9, 0.25, 10.5], "texture": "#1"},
				"east": {"uv": [6, 7, 6.75, 8.5], "texture": "#1"},
				"south": {"uv": [9, 0, 9.25, 1.5], "texture": "#1"},
				"west": {"uv": [7, 6, 7.75, 7.5], "texture": "#1"},
				"up": {"uv": [9.75, 5.75, 9.5, 5], "texture": "#1"},
				"down": {"uv": [5.75, 9.5, 5.5, 10.25], "texture": "#1"}
			}
		},
		{
			"from": [12.5, 16.4, 5.2],
			"to": [13, 19.4, 6.9],
			"rotation": {"angle": -45, "axis": "z", "origin": [12, 17.4, 5]},
			"faces": {
				"north": {"uv": [0.5, 9, 0.75, 10.5], "texture": "#1"},
				"east": {"uv": [0, 7.5, 0.75, 9], "texture": "#1"},
				"south": {"uv": [1, 9, 1.25, 10.5], "texture": "#1"},
				"west": {"uv": [1, 7.5, 1.75, 9], "texture": "#1"},
				"up": {"uv": [9.75, 6.75, 9.5, 6], "texture": "#1"},
				"down": {"uv": [9.75, 7, 9.5, 7.75], "texture": "#1"}
			}
		},
		{
			"from": [4, 16, 1],
			"to": [6, 18, 3],
			"rotation": {"angle": -45, "axis": "y", "origin": [5, 16, 1]},
			"faces": {
				"north": {"uv": [0, 0, 4, 4], "texture": "#2"},
				"east": {"uv": [0, 4, 4, 8], "texture": "#2"},
				"south": {"uv": [4, 0, 8, 4], "texture": "#2"},
				"west": {"uv": [4, 4, 8, 8], "texture": "#2"},
				"up": {"uv": [4, 12, 0, 8], "texture": "#2"},
				"down": {"uv": [12, 0, 8, 4], "texture": "#2"}
			}
		},
		{
			"from": [3.9, 18, 0.9],
			"to": [6.1, 20, 3.1],
			"rotation": {"angle": -45, "axis": "y", "origin": [5, 18, 1]},
			"faces": {
				"north": {"uv": [4, 8, 8, 12], "texture": "#2"},
				"east": {"uv": [8, 4, 12, 8], "texture": "#2"},
				"south": {"uv": [8, 8, 12, 12], "texture": "#2"},
				"west": {"uv": [0, 12, 4, 16], "texture": "#2"},
				"up": {"uv": [16, 4, 12, 0], "texture": "#2"},
				"down": {"uv": [8, 12, 4, 16], "texture": "#2"}
			}
		},
		{
			"from": [4.9, 20, 1.9],
			"to": [5, 22, 2],
			"rotation": {"angle": -45, "axis": "y", "origin": [6, 20, 2]},
			"faces": {
				"north": {"uv": [12, 4, 13, 8], "texture": "#2"},
				"east": {"uv": [8, 12, 9, 16], "texture": "#2"},
				"south": {"uv": [12, 8, 13, 12], "texture": "#2"},
				"west": {"uv": [10, 12, 11, 16], "texture": "#2"},
				"up": {"uv": [13, 13, 12, 12], "texture": "#2"},
				"down": {"uv": [15, 4, 14, 5], "texture": "#2"}
			}
		}
	],
	"display": {
		"thirdperson_righthand": {
			"translation": [1.5, 0, 0],
			"scale": [0.2, 0.2, 0.2]
		},
		"thirdperson_lefthand": {
			"translation": [-1.5, 0, 0],
			"scale": [0.2, 0.2, 0.2]
		},
		"firstperson_righthand": {
			"rotation": [12, 0, 0],
			"translation": [0, 1.75, 0],
			"scale": [0.2, 0.2, 0.2]
		},
		"firstperson_lefthand": {
			"rotation": [12, 0, 0],
			"translation": [0, 1.75, 0],
			"scale": [0.2, 0.2, 0.2]
		},
		"ground": {
			"translation": [2.75, 0, 0],
			"scale": [0.4, 0.4, 0.4]
		},
		"gui": {
			"rotation": [27.8, -52.69, 8.23],
			"translation": [2.75, -1.75, 0],
			"scale": [0.5, 0.5, 0.5]
		},
		"head": {
			"scale": [0, 0, 0]
		},
		"fixed": {
			"rotation": [-90, 0, 0],
			"translation": [0, 0, -16],
			"scale": [2, 2, 2]
		}
	},
	"groups": [
		{
			"name": "group",
			"origin": [8, 8, 8],
			"color": 0,
			"children": [0, 1, 2, 3, 4]
		},
		{
			"name": "fried_chicken",
			"origin": [8, 8, 8],
			"color": 0,
			"children": [5, 6, 7, 8, 9, 10, 11, 12, 13, 14, 15, 16, 17, 18, 19, 20, 21]
		},
		{
			"name": "coke",
			"origin": [8, 8, 8],
			"color": 0,
			"children": [22, 23, 24]
		}
	]
}