{
	"credit": "Made with Blockbench",
	"texture_size": [32, 32],
	"textures": {
		"0": "deco/eating_table_1",
		"1": "deco/fried_potato",
		"2": "deco/hamburger",
		"3": "deco/ramen",
		"particle": "deco/eating_table_1"
	},
	"elements": [
		{
			"from": [-16, 15, 0],
			"to": [16, 16, 16],
			"faces": {
				"north": {"uv": [3, 8, 11, 8.25], "texture": "#0"},
				"east": {"uv": [8, 6.75, 12, 7], "texture": "#0"},
				"south": {"uv": [8, 3, 16, 3.25], "texture": "#0"},
				"west": {"uv": [8, 7, 12, 7.25], "texture": "#0"},
				"up": {"uv": [8, 4, 0, 0], "texture": "#0"},
				"down": {"uv": [8, 4, 0, 8], "texture": "#0"}
			}
		},
		{
			"from": [9.5, 1, 7],
			"to": [11.5, 15, 9],
			"rotation": {"angle": 0, "axis": "y", "origin": [-1.5, 0, -1]},
			"faces": {
				"north": {"uv": [8, 3.25, 8.5, 6.75], "texture": "#0"},
				"east": {"uv": [3, 8.25, 3.5, 11.75], "texture": "#0"},
				"south": {"uv": [3.5, 8.25, 4, 11.75], "texture": "#0"},
				"west": {"uv": [4, 8.25, 4.5, 11.75], "texture": "#0"},
				"up": {"uv": [9, 4.5, 8.5, 4], "texture": "#0"},
				"down": {"uv": [9, 4.5, 8.5, 5], "texture": "#0"}
			}
		},
		{
			"from": [7.5, 0, 5],
			"to": [13.5, 1, 11],
			"rotation": {"angle": 0, "axis": "y", "origin": [-1.5, 0, -1]},
			"faces": {
				"north": {"uv": [8, 7.25, 9.5, 7.5], "texture": "#0"},
				"east": {"uv": [8, 7.5, 9.5, 7.75], "texture": "#0"},
				"south": {"uv": [8, 7.75, 9.5, 8], "texture": "#0"},
				"west": {"uv": [6.5, 8.25, 8, 8.5], "texture": "#0"},
				"up": {"uv": [1.5, 9.5, 0, 8], "texture": "#0"},
				"down": {"uv": [9.5, 0, 8, 1.5], "texture": "#0"}
			}
		},
		{
			"from": [-13.5, 0, 5],
			"to": [-7.5, 1, 11],
			"rotation": {"angle": 0, "axis": "y", "origin": [-1.5, 0, -1]},
			"faces": {
				"north": {"uv": [8, 8.25, 9.5, 8.5], "texture": "#0"},
				"east": {"uv": [8.5, 3.25, 10, 3.5], "texture": "#0"},
				"south": {"uv": [8.5, 3.5, 10, 3.75], "texture": "#0"},
				"west": {"uv": [8.5, 3.75, 10, 4], "texture": "#0"},
				"up": {"uv": [3, 9.5, 1.5, 8], "texture": "#0"},
				"down": {"uv": [9.5, 1.5, 8, 3], "texture": "#0"}
			}
		},
		{
			"from": [-11.5, 1, 7],
			"to": [-9.5, 15, 9],
			"rotation": {"angle": 0, "axis": "y", "origin": [-1.5, 0, -1]},
			"faces": {
				"north": {"uv": [4.5, 8.25, 5, 11.75], "texture": "#0"},
				"east": {"uv": [5, 8.25, 5.5, 11.75], "texture": "#0"},
				"south": {"uv": [5.5, 8.25, 6, 11.75], "texture": "#0"},
				"west": {"uv": [6, 8.25, 6.5, 11.75], "texture": "#0"},
				"up": {"uv": [9, 5.5, 8.5, 5], "texture": "#0"},
				"down": {"uv": [9, 5.5, 8.5, 6], "texture": "#0"}
			}
		},
		{
			"from": [9, 16, 2],
			"to": [13, 20, 5],
			"rotation": {"angle": 45, "axis": "y", "origin": [11, 16, 3]},
			"faces": {
				"north": {"uv": [0, 7, 4, 11], "texture": "#1"},
				"east": {"uv": [8, 0, 11, 4], "texture": "#1"},
				"south": {"uv": [4, 7, 8, 11], "texture": "#1"},
				"west": {"uv": [8, 4, 11, 8], "texture": "#1"},
				"up": {"uv": [12, 11, 8, 8], "texture": "#1"},
				"down": {"uv": [4, 11, 0, 14], "texture": "#1"}
			}
		},
		{
			"from": [10, 16, 2.2],
			"to": [13, 23, 2.2],
			"rotation": {"angle": 45, "axis": "y", "origin": [11, 16, 3]},
			"faces": {
				"north": {"uv": [0, 0, 4, 7], "texture": "#1"},
				"east": {"uv": [0, 0, 0, 7], "texture": "#1"},
				"south": {"uv": [0, 0, 4, 7], "texture": "#1"},
				"west": {"uv": [0, 0, 0, 7], "texture": "#1"},
				"up": {"uv": [4, 0, 0, 0], "texture": "#1"},
				"down": {"uv": [4, 0, 0, 0], "texture": "#1"}
			}
		},
		{
			"from": [12.8, 16, 2],
			"to": [12.8, 23, 5],
			"rotation": {"angle": 45, "axis": "y", "origin": [11, 16, 3]},
			"faces": {
				"north": {"uv": [0, 0, 0, 7], "texture": "#1"},
				"east": {"uv": [0, 0, 4, 7], "texture": "#1"},
				"south": {"uv": [0, 0, 0, 7], "texture": "#1"},
				"west": {"uv": [0, 0, 4, 7], "texture": "#1"},
				"up": {"uv": [4, 0, 0, 0], "rotation": 90, "texture": "#1"},
				"down": {"uv": [4, 0, 0, 0], "rotation": 270, "texture": "#1"}
			}
		},
		{
			"from": [9.1, 16, 2],
			"to": [9.1, 23, 5],
			"rotation": {"angle": 45, "axis": "y", "origin": [11, 16, 3]},
			"faces": {
				"north": {"uv": [0, 0, 0, 7], "texture": "#1"},
				"east": {"uv": [0, 0, 4, 7], "texture": "#1"},
				"south": {"uv": [0, 0, 0, 7], "texture": "#1"},
				"west": {"uv": [0, 0, 4, 7], "texture": "#1"},
				"up": {"uv": [4, 0, 0, 0], "rotation": 90, "texture": "#1"},
				"down": {"uv": [4, 0, 0, 0], "rotation": 270, "texture": "#1"}
			}
		},
		{
			"from": [10.1, 16, 2],
			"to": [10.1, 23, 5],
			"rotation": {"angle": 45, "axis": "y", "origin": [11, 16, 3]},
			"faces": {
				"north": {"uv": [0, 0, 0, 7], "texture": "#1"},
				"east": {"uv": [0, 0, 4, 7], "texture": "#1"},
				"south": {"uv": [0, 0, 0, 7], "texture": "#1"},
				"west": {"uv": [0, 0, 4, 7], "texture": "#1"},
				"up": {"uv": [4, 0, 0, 0], "rotation": 90, "texture": "#1"},
				"down": {"uv": [4, 0, 0, 0], "rotation": 270, "texture": "#1"}
			}
		},
		{
			"from": [11.1, 16, 2],
			"to": [11.1, 23, 5],
			"rotation": {"angle": 45, "axis": "y", "origin": [11, 16, 3]},
			"faces": {
				"north": {"uv": [0, 0, 0, 7], "texture": "#1"},
				"east": {"uv": [0, 0, 4, 7], "texture": "#1"},
				"south": {"uv": [0, 0, 0, 7], "texture": "#1"},
				"west": {"uv": [0, 0, 4, 7], "texture": "#1"},
				"up": {"uv": [4, 0, 0, 0], "rotation": 90, "texture": "#1"},
				"down": {"uv": [4, 0, 0, 0], "rotation": 270, "texture": "#1"}
			}
		},
		{
			"from": [9, 16, 3.2],
			"to": [13, 22, 3.2],
			"rotation": {"angle": 45, "axis": "y", "origin": [11, 16, 3]},
			"faces": {
				"north": {"uv": [0, 0, 4, 7], "texture": "#1"},
				"east": {"uv": [0, 0, 0, 7], "texture": "#1"},
				"south": {"uv": [0, 0, 4, 7], "texture": "#1"},
				"west": {"uv": [0, 0, 0, 7], "texture": "#1"},
				"up": {"uv": [4, 0, 0, 0], "texture": "#1"},
				"down": {"uv": [4, 0, 0, 0], "texture": "#1"}
			}
		},
		{
			"from": [9, 16, 4.2],
			"to": [13, 23, 4.2],
			"rotation": {"angle": 45, "axis": "y", "origin": [11, 16, 3]},
			"faces": {
				"north": {"uv": [0, 0, 4, 7], "texture": "#1"},
				"east": {"uv": [0, 0, 0, 7], "texture": "#1"},
				"south": {"uv": [0, 0, 4, 7], "texture": "#1"},
				"west": {"uv": [0, 0, 0, 7], "texture": "#1"},
				"up": {"uv": [4, 0, 0, 0], "texture": "#1"},
				"down": {"uv": [4, 0, 0, 0], "texture": "#1"}
			}
		},
		{
			"from": [10, 16, 3.8],
			"to": [13, 24, 3.8],
			"rotation": {"angle": 45, "axis": "y", "origin": [11, 16, 3]},
			"faces": {
				"north": {"uv": [0, 0, 4, 7], "texture": "#1"},
				"east": {"uv": [0, 0, 0, 7], "texture": "#1"},
				"south": {"uv": [0, 0, 4, 7], "texture": "#1"},
				"west": {"uv": [0, 0, 0, 7], "texture": "#1"},
				"up": {"uv": [4, 0, 0, 0], "texture": "#1"},
				"down": {"uv": [4, 0, 0, 0], "texture": "#1"}
			}
		},
		{
			"from": [9, 16, 2.8],
			"to": [12, 23, 2.8],
			"rotation": {"angle": 45, "axis": "y", "origin": [11, 16, 3]},
			"faces": {
				"north": {"uv": [0, 0, 4, 7], "texture": "#1"},
				"east": {"uv": [0, 0, 0, 7], "texture": "#1"},
				"south": {"uv": [0, 0, 4, 7], "texture": "#1"},
				"west": {"uv": [0, 0, 0, 7], "texture": "#1"},
				"up": {"uv": [4, 0, 0, 0], "texture": "#1"},
				"down": {"uv": [4, 0, 0, 0], "texture": "#1"}
			}
		},
		{
			"from": [9, 16, 4.6],
			"to": [12, 23, 4.6],
			"rotation": {"angle": 45, "axis": "y", "origin": [11, 16, 3]},
			"faces": {
				"north": {"uv": [0, 0, 4, 7], "texture": "#1"},
				"east": {"uv": [0, 0, 0, 7], "texture": "#1"},
				"south": {"uv": [0, 0, 4, 7], "texture": "#1"},
				"west": {"uv": [0, 0, 0, 7], "texture": "#1"},
				"up": {"uv": [4, 0, 0, 0], "texture": "#1"},
				"down": {"uv": [4, 0, 0, 0], "texture": "#1"}
			}
		},
		{
			"from": [3, 16, 1.9],
			"to": [7, 17, 6.1],
			"rotation": {"angle": 0, "axis": "y", "origin": [6, 16, 2]},
			"faces": {
				"north": {"uv": [0, 6.5, 2, 7], "texture": "#2"},
				"east": {"uv": [0, 7, 2, 7.5], "texture": "#2"},
				"south": {"uv": [7, 0, 9, 0.5], "texture": "#2"},
				"west": {"uv": [7, 0.5, 9, 1], "texture": "#2"},
				"up": {"uv": [2, 4.5, 0, 2.5], "texture": "#2"},
				"down": {"uv": [4, 2.5, 2, 4.5], "texture": "#2"}
			}
		},
		{
			"from": [4, 16.5, 1.8],
			"to": [6, 17.1, 6.2],
			"rotation": {"angle": 0, "axis": "y", "origin": [6, 16, 2]},
			"faces": {
				"north": {"uv": [3, 7.5, 4, 7.75], "texture": "#2"},
				"east": {"uv": [0.5, 7.5, 2.75, 7.75], "texture": "#2"},
				"south": {"uv": [8.5, 8.5, 9.5, 8.75], "texture": "#2"},
				"west": {"uv": [7.5, 2.5, 9.75, 2.75], "texture": "#2"},
				"up": {"uv": [3, 6.75, 2, 4.5], "texture": "#2"},
				"down": {"uv": [4, 4.5, 3, 6.75], "texture": "#2"}
			}
		},
		{
			"from": [3.1, 18, 1.9],
			"to": [6.9, 18.8, 6.1],
			"rotation": {"angle": 0, "axis": "y", "origin": [6, 18, 2]},
			"faces": {
				"north": {"uv": [7, 1, 9, 1.5], "texture": "#2"},
				"east": {"uv": [7, 1.5, 9, 2], "texture": "#2"},
				"south": {"uv": [2, 7, 4, 7.5], "texture": "#2"},
				"west": {"uv": [7, 2, 9, 2.5], "texture": "#2"},
				"up": {"uv": [6, 2, 4, 0], "texture": "#2"},
				"down": {"uv": [6, 2, 4, 4], "texture": "#2"}
			}
		},
		{
			"from": [3.2, 18.8, 2.2],
			"to": [6.8, 19.2, 5.8],
			"rotation": {"angle": 0, "axis": "y", "origin": [6, 18.8, 2]},
			"faces": {
				"north": {"uv": [0.5, 8.5, 2.25, 8.75], "texture": "#2"},
				"east": {"uv": [2.5, 8.5, 4.25, 8.75], "texture": "#2"},
				"south": {"uv": [4.5, 8.5, 6.25, 8.75], "texture": "#2"},
				"west": {"uv": [6.5, 8.5, 8.25, 8.75], "texture": "#2"},
				"up": {"uv": [5.75, 5.75, 4, 4], "texture": "#2"},
				"down": {"uv": [1.75, 4.5, 0, 6.25], "texture": "#2"}
			}
		},
		{
			"from": [3, 17.5, 1.8],
			"to": [7, 18.1, 6.2],
			"rotation": {"angle": 0, "axis": "y", "origin": [6, 17.5, 2]},
			"faces": {
				"north": {"uv": [7.5, 4, 9.5, 4.25], "texture": "#2"},
				"east": {"uv": [7.5, 3, 9.75, 3.25], "texture": "#2"},
				"south": {"uv": [7.5, 4.5, 9.5, 4.75], "texture": "#2"},
				"west": {"uv": [7.5, 3.5, 9.75, 3.75], "texture": "#2"},
				"up": {"uv": [2, 2.25, 0, 0], "texture": "#2"},
				"down": {"uv": [4, 0, 2, 2.25], "texture": "#2"}
			}
		},
		{
			"from": [6, 16.5, 2],
			"to": [7, 17, 6],
			"rotation": {"angle": -22.5, "axis": "z", "origin": [8, 16, 2]},
			"faces": {
				"north": {"uv": [6.5, 8, 7, 8.25], "texture": "#2"},
				"east": {"uv": [7.5, 5, 9.5, 5.25], "texture": "#2"},
				"south": {"uv": [9, 2, 9.5, 2.25], "texture": "#2"},
				"west": {"uv": [7.5, 5.5, 9.5, 5.75], "texture": "#2"},
				"up": {"uv": [7.5, 4.5, 7, 2.5], "texture": "#2"},
				"down": {"uv": [7.5, 4.5, 7, 6.5], "texture": "#2"}
			}
		},
		{
			"from": [5.37955, 17.45671, 2],
			"to": [6.87955, 17.95671, 6],
			"rotation": {"angle": 22.5, "axis": "z", "origin": [7.37955, 16.95671, 2]},
			"faces": {
				"north": {"uv": [9, 0.5, 9.75, 0.75], "texture": "#2"},
				"east": {"uv": [7.5, 6, 9.5, 6.25], "texture": "#2"},
				"south": {"uv": [9, 1, 9.75, 1.25], "texture": "#2"},
				"west": {"uv": [7.5, 6.5, 9.5, 6.75], "texture": "#2"},
				"up": {"uv": [4.75, 8, 4, 6], "texture": "#2"},
				"down": {"uv": [6.75, 4, 6, 6], "texture": "#2"}
			}
		},
		{
			"from": [3.12045, 17.45671, 2],
			"to": [4.62045, 17.95671, 6],
			"rotation": {"angle": -22.5, "axis": "z", "origin": [2.62045, 16.95671, 2]},
			"faces": {
				"north": {"uv": [1.5, 9, 2.25, 9.25], "texture": "#2"},
				"east": {"uv": [7.5, 7, 9.5, 7.25], "texture": "#2"},
				"south": {"uv": [9, 1.5, 9.75, 1.75], "texture": "#2"},
				"west": {"uv": [7.5, 7.5, 9.5, 7.75], "texture": "#2"},
				"up": {"uv": [5.75, 8, 5, 6], "texture": "#2"},
				"down": {"uv": [6.75, 6, 6, 8], "texture": "#2"}
			}
		},
		{
			"from": [4.02045, 16.95671, 2.1],
			"to": [6.02045, 17.45671, 5.9],
			"rotation": {"angle": 0, "axis": "y", "origin": [3.82045, 16.45671, 2]},
			"faces": {
				"north": {"uv": [9, 0, 10, 0.25], "texture": "#2"},
				"east": {"uv": [0.5, 8, 2.5, 8.25], "texture": "#2"},
				"south": {"uv": [0.5, 9, 1.5, 9.25], "texture": "#2"},
				"west": {"uv": [2.5, 8, 4.5, 8.25], "texture": "#2"},
				"up": {"uv": [7, 2, 6, 0], "texture": "#2"},
				"down": {"uv": [7, 2, 6, 4], "texture": "#2"}
			}
		},
		{
			"from": [3, 16.5, 2],
			"to": [4, 17, 6],
			"rotation": {"angle": 22.5, "axis": "z", "origin": [2, 16, 2]},
			"faces": {
				"north": {"uv": [2.5, 9, 3, 9.25], "texture": "#2"},
				"east": {"uv": [4.5, 8, 6.5, 8.25], "texture": "#2"},
				"south": {"uv": [3, 9, 3.5, 9.25], "texture": "#2"},
				"west": {"uv": [7.5, 8, 9.5, 8.25], "texture": "#2"},
				"up": {"uv": [7.5, 8.5, 7, 6.5], "texture": "#2"},
				"down": {"uv": [0.5, 7.5, 0, 9.5], "texture": "#2"}
			}
		},
		{
			"from": [-6.3, 16, 10],
			"to": [-5.3, 19, 15],
			"rotation": {"angle": -22.5, "axis": "z", "origin": [-6.3, 17, 13]},
			"faces": {
				"north": {"uv": [4.5, 6, 5, 7.5], "texture": "#3"},
				"east": {"uv": [2.5, 0, 5, 1.5], "texture": "#3"},
				"south": {"uv": [0, 7.5, 0.5, 9], "texture": "#3"},
				"west": {"uv": [2.5, 1.5, 5, 3], "texture": "#3"},
				"up": {"uv": [3, 8.5, 2.5, 6], "texture": "#3"},
				"down": {"uv": [3.5, 6, 3, 8.5], "texture": "#3"}
			}
		},
		{
			"from": [-10.6, 16, 10],
			"to": [-9.6, 19, 15],
			"rotation": {"angle": 22.5, "axis": "z", "origin": [-9.6, 17, 13]},
			"faces": {
				"north": {"uv": [7.5, 0, 8, 1.5], "texture": "#3"},
				"east": {"uv": [2.5, 3, 5, 4.5], "texture": "#3"},
				"south": {"uv": [0.5, 7.5, 1, 9], "texture": "#3"},
				"west": {"uv": [2.5, 4.5, 5, 6], "texture": "#3"},
				"up": {"uv": [4, 8.5, 3.5, 6], "texture": "#3"},
				"down": {"uv": [4.5, 6, 4, 8.5], "texture": "#3"}
			}
		},
		{
			"from": [-10.4, 16, 9.8],
			"to": [-5.5, 19, 10.8],
			"rotation": {"angle": -22.5, "axis": "x", "origin": [-8.5, 17, 10.8]},
			"faces": {
				"north": {"uv": [0, 5, 2.5, 6.5], "texture": "#3"},
				"east": {"uv": [1, 7.5, 1.5, 9], "texture": "#3"},
				"south": {"uv": [5, 0, 7.5, 1.5], "texture": "#3"},
				"west": {"uv": [1.5, 7.5, 2, 9], "texture": "#3"},
				"up": {"uv": [8.5, 5, 6, 4.5], "texture": "#3"},
				"down": {"uv": [8.5, 5, 6, 5.5], "texture": "#3"}
			}
		},
		{
			"from": [-7, 19, 9],
			"to": [-6, 19, 16],
			"rotation": {"angle": 0, "axis": "y", "origin": [-7, 18, 15]},
			"faces": {
				"north": {"uv": [0, 0, 0.5, 0], "texture": "#3"},
				"east": {"uv": [0, 0, 3.5, 0], "texture": "#3"},
				"south": {"uv": [0, 0, 0.5, 0], "texture": "#3"},
				"west": {"uv": [0, 0, 3.5, 0], "texture": "#3"},
				"up": {"uv": [5.5, 8, 5, 4.5], "texture": "#3"},
				"down": {"uv": [6, 4.5, 5.5, 8], "texture": "#3"}
			}
		},
		{
			"from": [-10.4, 16, 14.2],
			"to": [-5.5, 19, 15.2],
			"rotation": {"angle": 22.5, "axis": "x", "origin": [-8.5, 17, 14.2]},
			"faces": {
				"north": {"uv": [5, 1.5, 7.5, 3], "texture": "#3"},
				"east": {"uv": [7.5, 1.5, 8, 3], "texture": "#3"},
				"south": {"uv": [5, 3, 7.5, 4.5], "texture": "#3"},
				"west": {"uv": [2, 7.5, 2.5, 9], "texture": "#3"},
				"up": {"uv": [8.5, 6, 6, 5.5], "texture": "#3"},
				"down": {"uv": [8.5, 6, 6, 6.5], "texture": "#3"}
			}
		},
		{
			"from": [-10.1, 17, 10],
			"to": [-5.8, 18, 15],
			"rotation": {"angle": 0, "axis": "y", "origin": [-7, 17, 11]},
			"faces": {
				"north": {"uv": [0, 7, 2.125, 7.5], "texture": "#3"},
				"east": {"uv": [0, 6.5, 2.5, 7], "texture": "#3"},
				"south": {"uv": [6, 7, 8.125, 7.5], "texture": "#3"},
				"west": {"uv": [6, 6.5, 8.5, 7], "texture": "#3"},
				"up": {"uv": [2.125, 2.5, 0, 0], "texture": "#3"},
				"down": {"uv": [2.125, 2.5, 0, 5], "texture": "#3"}
			}
		}
	],
	"display": {
		"thirdperson_righthand": {
			"translation": [1.5, 0, 0],
			"scale": [0.2, 0.2, 0.2]
		},
		"thirdperson_lefthand": {
			"translation": [-1.5, 0, 0],
			"scale": [0.2, 0.2, 0.2]
		},
		"firstperson_righthand": {
			"rotation": [12, 0, 0],
			"translation": [0, 1.75, 0],
			"scale": [0.2, 0.2, 0.2]
		},
		"firstperson_lefthand": {
			"rotation": [12, 0, 0],
			"translation": [0, 1.75, 0],
			"scale": [0.2, 0.2, 0.2]
		},
		"ground": {
			"translation": [2.75, 0, 0],
			"scale": [0.4, 0.4, 0.4]
		},
		"gui": {
			"rotation": [27.8, -52.69, 8.23],
			"translation": [2.75, -1.75, 0],
			"scale": [0.5, 0.5, 0.5]
		},
		"head": {
			"scale": [0, 0, 0]
		},
		"fixed": {
			"rotation": [-90, 0, 0],
			"translation": [0, 0, -16],
			"scale": [2, 2, 2]
		}
	},
	"groups": [
		{
			"name": "group",
			"origin": [8, 8, 8],
			"color": 0,
			"children": [0, 1, 2, 3, 4]
		},
		{
			"name": "fried_potato",
			"origin": [8, 8, 8],
			"color": 0,
			"children": [5, 6, 7, 8, 9, 10, 11, 12, 13, 14, 15]
		},
		{
			"name": "hamburger",
			"origin": [8, 8, 8],
			"color": 0,
			"children": [16, 17, 18, 19, 20, 21, 22, 23, 24, 25]
		},
		{
			"name": "ramen",
			"origin": [8, 8, 8],
			"color": 0,
			"children": [26, 27, 28, 29, 30, 31]
		}
	]
}