{
	"credit": "Made with Blockbench",
	"texture_size": [64, 64],
	"textures": {
		"0": "deco/eating_table_2",
		"particle": "deco/eating_table_2"
	},
	"elements": [
		{
			"from": [-16, 15, 0],
			"to": [16, 16, 16],
			"faces": {
				"north": {"uv": [3, 8, 11, 8.25], "texture": "#0"},
				"east": {"uv": [8, 6.75, 12, 7], "texture": "#0"},
				"south": {"uv": [8, 3, 16, 3.25], "texture": "#0"},
				"west": {"uv": [8, 7, 12, 7.25], "texture": "#0"},
				"up": {"uv": [8, 4, 0, 0], "texture": "#0"},
				"down": {"uv": [8, 0, 0, 4], "texture": "#0"}
			}
		},
		{
			"from": [9.5, 1, 7],
			"to": [11.5, 15, 9],
			"rotation": {"angle": 0, "axis": "y", "origin": [-1.5, 0, -1]},
			"faces": {
				"north": {"uv": [8, 3.25, 8.5, 6.75], "texture": "#0"},
				"east": {"uv": [3, 8.25, 3.5, 11.75], "texture": "#0"},
				"south": {"uv": [3.5, 8.25, 4, 11.75], "texture": "#0"},
				"west": {"uv": [4, 8.25, 4.5, 11.75], "texture": "#0"},
				"up": {"uv": [9, 4.5, 8.5, 4], "texture": "#0"},
				"down": {"uv": [9, 4.5, 8.5, 5], "texture": "#0"}
			}
		},
		{
			"from": [7.5, 0, 5],
			"to": [13.5, 1, 11],
			"rotation": {"angle": 0, "axis": "y", "origin": [-1.5, 0, -1]},
			"faces": {
				"north": {"uv": [8, 7.25, 9.5, 7.5], "texture": "#0"},
				"east": {"uv": [8, 7.5, 9.5, 7.75], "texture": "#0"},
				"south": {"uv": [8, 7.75, 9.5, 8], "texture": "#0"},
				"west": {"uv": [6.5, 8.25, 8, 8.5], "texture": "#0"},
				"up": {"uv": [1.5, 9.5, 0, 8], "texture": "#0"},
				"down": {"uv": [9.5, 0, 8, 1.5], "texture": "#0"}
			}
		},
		{
			"from": [-13.5, 0, 5],
			"to": [-7.5, 1, 11],
			"rotation": {"angle": 0, "axis": "y", "origin": [-1.5, 0, -1]},
			"faces": {
				"north": {"uv": [8, 8.25, 9.5, 8.5], "texture": "#0"},
				"east": {"uv": [8.5, 3.25, 10, 3.5], "texture": "#0"},
				"south": {"uv": [8.5, 3.5, 10, 3.75], "texture": "#0"},
				"west": {"uv": [8.5, 3.75, 10, 4], "texture": "#0"},
				"up": {"uv": [3, 9.5, 1.5, 8], "texture": "#0"},
				"down": {"uv": [9.5, 1.5, 8, 3], "texture": "#0"}
			}
		},
		{
			"from": [-11.5, 1, 7],
			"to": [-9.5, 15, 9],
			"rotation": {"angle": 0, "axis": "y", "origin": [-1.5, 0, -1]},
			"faces": {
				"north": {"uv": [4.5, 8.25, 5, 11.75], "texture": "#0"},
				"east": {"uv": [5, 8.25, 5.5, 11.75], "texture": "#0"},
				"south": {"uv": [5.5, 8.25, 6, 11.75], "texture": "#0"},
				"west": {"uv": [6, 8.25, 6.5, 11.75], "texture": "#0"},
				"up": {"uv": [9, 5.5, 8.5, 5], "texture": "#0"},
				"down": {"uv": [9, 5.5, 8.5, 6], "texture": "#0"}
			}
		}
	],
	"display": {
		"thirdperson_righthand": {
			"translation": [1.5, 0, 0],
			"scale": [0.2, 0.2, 0.2]
		},
		"thirdperson_lefthand": {
			"translation": [-1.5, 0, 0],
			"scale": [0.2, 0.2, 0.2]
		},
		"firstperson_righthand": {
			"rotation": [12, 0, 0],
			"translation": [0, 1.75, 0],
			"scale": [0.2, 0.2, 0.2]
		},
		"firstperson_lefthand": {
			"rotation": [12, 0, 0],
			"translation": [0, 1.75, 0],
			"scale": [0.2, 0.2, 0.2]
		},
		"ground": {
			"translation": [2.75, 0, 0],
			"scale": [0.4, 0.4, 0.4]
		},
		"gui": {
			"rotation": [27.8, -52.69, 8.23],
			"translation": [2.75, -1.75, 0],
			"scale": [0.5, 0.5, 0.5]
		},
		"head": {
			"scale": [0, 0, 0]
		},
		"fixed": {
			"rotation": [-90, 0, 0],
			"translation": [0, 0, -16],
			"scale": [2, 2, 2]
		}
	},
	"groups": [
		{
			"name": "group",
			"origin": [8, 8, 8],
			"color": 0,
			"children": [0, 1, 2, 3, 4]
		}
	]
}