{
	"credit": "Made with Blockbench",
	"texture_size": [64, 64],
	"textures": {
		"0": "deco/loudspeaker_dj",
		"1": "deco/loudspeaker_dj_skin",
		"2": "deco/sound_wave",
		"particle": "deco/loudspeaker_dj"
	},
	"elements": [
		{
			"from": [2, 0, 2],
			"to": [14, 29, 14],
			"faces": {
				"north": {"uv": [0, 0, 3, 7.25], "texture": "#0"},
				"east": {"uv": [3, 0, 6, 7.25], "texture": "#0"},
				"south": {"uv": [6, 0, 9, 7.25], "texture": "#0"},
				"west": {"uv": [0, 7.25, 3, 14.5], "texture": "#0"},
				"up": {"uv": [6, 10.25, 3, 7.25], "texture": "#0"},
				"down": {"uv": [9, 7.25, 6, 10.25], "texture": "#0"}
			}
		},
		{
			"from": [1, 15, 1.5],
			"to": [15, 32, 14.5],
			"faces": {
				"north": {"uv": [0, 0, 3.5, 4.25], "texture": "#1"},
				"east": {"uv": [0, 4.25, 3.25, 8.5], "texture": "#1"},
				"south": {"uv": [3.5, 0, 7, 4.25], "texture": "#1"},
				"west": {"uv": [3.25, 4.25, 6.5, 8.5], "texture": "#1"},
				"up": {"uv": [10, 7.5, 6.5, 4.25], "texture": "#1"},
				"down": {"uv": [10.5, 0, 7, 3.25], "texture": "#1"}
			}
		},
		{
			"from": [1.5, 1, 1.6],
			"to": [14.5, 15, 14.3],
			"faces": {
				"north": {"uv": [6.5, 7.5, 9.75, 11], "texture": "#1"},
				"east": {"uv": [3.25, 8.5, 6.25, 12], "texture": "#1"},
				"south": {"uv": [0, 8.5, 3.25, 12], "texture": "#1"},
				"west": {"uv": [9.75, 7.5, 12.75, 11], "texture": "#1"},
				"up": {"uv": [13.25, 6.25, 10, 3.25], "texture": "#1"},
				"down": {"uv": [13.75, 0, 10.5, 3], "texture": "#1"}
			}
		},
		{
			"from": [-2, 12, 1],
			"to": [18, 32, 1],
			"faces": {
				"north": {"uv": [0, 8, 4, 12], "texture": "#2"},
				"east": {"uv": [0, 0, 0, 4], "texture": "#2"},
				"south": {"uv": [0, 8, 4, 12], "texture": "#2"},
				"west": {"uv": [0, 0, 0, 4], "texture": "#2"},
				"up": {"uv": [4, 0, 0, 0], "texture": "#2"},
				"down": {"uv": [4, 0, 0, 0], "texture": "#2"}
			}
		},
		{
			"from": [1, 2, 1],
			"to": [15, 16, 1],
			"faces": {
				"north": {"uv": [4, 8, 7.5, 11.5], "texture": "#2"},
				"east": {"uv": [0, 0, 0, 3.5], "texture": "#2"},
				"south": {"uv": [4, 8, 7.5, 11.5], "texture": "#2"},
				"west": {"uv": [0, 0, 0, 3.5], "texture": "#2"},
				"up": {"uv": [3.5, 0, 0, 0], "texture": "#2"},
				"down": {"uv": [3.5, 0, 0, 0], "texture": "#2"}
			}
		},
		{
			"from": [-2, 13, -0.4],
			"to": [18, 32, -0.4],
			"faces": {
				"north": {"uv": [4, 0.125, 8, 4.125], "texture": "#2"},
				"east": {"uv": [0, 0, 0, 4], "texture": "#2"},
				"south": {"uv": [4, 0.125, 8, 4.125], "texture": "#2"},
				"west": {"uv": [0, 0, 0, 4], "texture": "#2"},
				"up": {"uv": [4, 0, 0, 0], "texture": "#2"},
				"down": {"uv": [4, 0, 0, 0], "texture": "#2"}
			}
		},
		{
			"from": [1, 0, -0.4],
			"to": [15, 14, -0.4],
			"faces": {
				"north": {"uv": [7.5, 8, 11, 11.5], "texture": "#2"},
				"east": {"uv": [0, 0, 0, 3.5], "texture": "#2"},
				"south": {"uv": [7.5, 8, 11, 11.5], "texture": "#2"},
				"west": {"uv": [0, 0, 0, 3.5], "texture": "#2"},
				"up": {"uv": [3.5, 0, 0, 0], "texture": "#2"},
				"down": {"uv": [3.5, 0, 0, 0], "texture": "#2"}
			}
		},
		{
			"from": [-2, 12, -2.9],
			"to": [18, 32, -2.9],
			"faces": {
				"north": {"uv": [0, 0.125, 4, 4.125], "texture": "#2"},
				"east": {"uv": [0, 0, 0, 4], "texture": "#2"},
				"south": {"uv": [0, 0.125, 4, 4.125], "texture": "#2"},
				"west": {"uv": [0, 0, 0, 4], "texture": "#2"},
				"up": {"uv": [4, 0, 0, 0], "texture": "#2"},
				"down": {"uv": [4, 0, 0, 0], "texture": "#2"}
			}
		},
		{
			"from": [1, -1, -2.9],
			"to": [15, 14, -2.9],
			"faces": {
				"north": {"uv": [11, 11, 14.5, 14.5], "texture": "#2"},
				"east": {"uv": [0, 0, 0, 3.5], "texture": "#2"},
				"south": {"uv": [11, 11, 14.5, 14.5], "texture": "#2"},
				"west": {"uv": [0, 0, 0, 3.5], "texture": "#2"},
				"up": {"uv": [3.5, 0, 0, 0], "texture": "#2"},
				"down": {"uv": [3.5, 0, 0, 0], "texture": "#2"}
			}
		}
	],
	"display": {
		"thirdperson_righthand": {
			"scale": [0.3, 0.3, 0.3]
		},
		"thirdperson_lefthand": {
			"scale": [0.3, 0.3, 0.3]
		},
		"firstperson_righthand": {
			"rotation": [0, -180, 0],
			"scale": [0.3, 0.3, 0.3]
		},
		"firstperson_lefthand": {
			"rotation": [0, -180, 0],
			"scale": [0.3, 0.3, 0.3]
		},
		"ground": {
			"scale": [0.3, 0.3, 0.3]
		},
		"gui": {
			"rotation": [-156.77, 36.99, 178.22],
			"translation": [0, -3, 0],
			"scale": [0.4, 0.4, 0.4]
		},
		"head": {
			"scale": [0, 0, 0]
		},
		"fixed": {
			"rotation": [-90, 0, 0],
			"translation": [0, 0, -16],
			"scale": [2, 2, 2]
		}
	},
	"groups": [
		{
			"name": "group",
			"origin": [0, 0, 0],
			"color": 0,
			"nbt": "{}",
			"armAnimationEnabled": false,
			"children": [0, 1, 2, 3, 4, 5, 6, 7, 8]
		}
	]
}