{
	"credit": "Made with Blockbench",
	"texture_size": [32, 32],
	"textures": {
		"0": "deco/mahjong_table",
		"1": "deco/mahjong",
		"particle": "deco/mahjong_table"
	},
	"elements": [
		{
			"from": [-2, 0, 14],
			"to": [2, 14, 18],
			"faces": {
				"north": {"uv": [7.25, 7, 7.75, 8.75], "texture": "#0"},
				"east": {"uv": [0, 7.5, 0.5, 9.25], "texture": "#0"},
				"south": {"uv": [0.5, 7.5, 1, 9.25], "texture": "#0"},
				"west": {"uv": [1, 7.5, 1.5, 9.25], "texture": "#0"},
				"up": {"uv": [6.625, 8, 6.125, 7.5], "texture": "#0"},
				"down": {"uv": [7.125, 7.5, 6.625, 8], "texture": "#0"}
			}
		},
		{
			"from": [-13, 0, 3],
			"to": [13, 2, 29],
			"faces": {
				"north": {"uv": [7, 5, 10.25, 5.25], "texture": "#0"},
				"east": {"uv": [7, 5.25, 10.25, 5.5], "texture": "#0"},
				"south": {"uv": [7, 5.5, 10.25, 5.75], "texture": "#0"},
				"west": {"uv": [7, 5.75, 10.25, 6], "texture": "#0"},
				"up": {"uv": [7, 3.25, 3.75, 0], "texture": "#0"},
				"down": {"uv": [7, 3.25, 3.75, 6.5], "texture": "#0"}
			}
		},
		{
			"from": [14, 18, 1],
			"to": [15, 19, 30],
			"faces": {
				"north": {"uv": [2.75, 7.875, 2.875, 8], "texture": "#0"},
				"east": {"uv": [7, 6, 10.625, 6.125], "texture": "#0"},
				"south": {"uv": [2.875, 7.875, 3, 8], "texture": "#0"},
				"west": {"uv": [7, 6.125, 10.625, 6.25], "texture": "#0"},
				"up": {"uv": [1.625, 11.125, 1.5, 7.5], "texture": "#0"},
				"down": {"uv": [1.75, 7.5, 1.625, 11.125], "texture": "#0"}
			}
		},
		{
			"from": [-15, 18, 2],
			"to": [-14, 19, 31],
			"faces": {
				"north": {"uv": [3, 7.875, 3.125, 8], "texture": "#0"},
				"east": {"uv": [7, 6.25, 10.625, 6.375], "texture": "#0"},
				"south": {"uv": [3.125, 7.875, 3.25, 8], "texture": "#0"},
				"west": {"uv": [7, 6.375, 10.625, 6.5], "texture": "#0"},
				"up": {"uv": [1.875, 11.125, 1.75, 7.5], "texture": "#0"},
				"down": {"uv": [2, 7.5, 1.875, 11.125], "texture": "#0"}
			}
		},
		{
			"from": [-15, 14, 1],
			"to": [15, 18, 31],
			"rotation": {"angle": 0, "axis": "y", "origin": [0, 18, 16]},
			"faces": {
				"north": {"uv": [3.75, 6.5, 7.5, 7], "texture": "#0"},
				"east": {"uv": [7, 0, 10.75, 0.5], "texture": "#0"},
				"south": {"uv": [7, 0.5, 10.75, 1], "texture": "#0"},
				"west": {"uv": [7, 1, 10.75, 1.5], "texture": "#0"},
				"up": {"uv": [3.75, 3.75, 0, 0], "texture": "#0"},
				"down": {"uv": [3.75, 3.75, 0, 7.5], "texture": "#0"}
			}
		},
		{
			"from": [-14, 15, 31],
			"to": [14, 19, 32],
			"faces": {
				"north": {"uv": [7, 1.5, 10.5, 2], "texture": "#0"},
				"east": {"uv": [7.125, 7.5, 7.25, 8], "texture": "#0"},
				"south": {"uv": [7, 2, 10.5, 2.5], "texture": "#0"},
				"west": {"uv": [7.75, 7.625, 7.875, 8.125], "texture": "#0"},
				"up": {"uv": [11.25, 7.25, 7.75, 7.125], "texture": "#0"},
				"down": {"uv": [11.25, 7.25, 7.75, 7.375], "texture": "#0"}
			}
		},
		{
			"from": [-14, 15, 0],
			"to": [14, 19, 1],
			"faces": {
				"north": {"uv": [7, 2.5, 10.5, 3], "texture": "#0"},
				"east": {"uv": [2, 7.875, 2.125, 8.375], "texture": "#0"},
				"south": {"uv": [7, 3, 10.5, 3.5], "texture": "#0"},
				"west": {"uv": [2.125, 7.875, 2.25, 8.375], "texture": "#0"},
				"up": {"uv": [11.25, 7.5, 7.75, 7.375], "texture": "#0"},
				"down": {"uv": [11.25, 7.5, 7.75, 7.625], "texture": "#0"}
			}
		},
		{
			"from": [-16, 15, 2],
			"to": [-15, 19, 30],
			"faces": {
				"north": {"uv": [2.25, 7.875, 2.375, 8.375], "texture": "#0"},
				"east": {"uv": [7, 3.5, 10.5, 4], "texture": "#0"},
				"south": {"uv": [2.375, 7.875, 2.5, 8.375], "texture": "#0"},
				"west": {"uv": [3.75, 7, 7.25, 7.5], "texture": "#0"},
				"up": {"uv": [5.75, 11, 5.625, 7.5], "texture": "#0"},
				"down": {"uv": [5.875, 7.5, 5.75, 11], "texture": "#0"}
			}
		},
		{
			"from": [15, 15, 2],
			"to": [16, 19, 30],
			"faces": {
				"north": {"uv": [2.5, 7.875, 2.625, 8.375], "texture": "#0"},
				"east": {"uv": [7, 4, 10.5, 4.5], "texture": "#0"},
				"south": {"uv": [2.625, 7.875, 2.75, 8.375], "texture": "#0"},
				"west": {"uv": [7, 4.5, 10.5, 5], "texture": "#0"},
				"up": {"uv": [6, 11, 5.875, 7.5], "texture": "#0"},
				"down": {"uv": [6.125, 7.5, 6, 11], "texture": "#0"}
			}
		},
		{
			"from": [-15, 18, 1],
			"to": [14, 19, 2],
			"faces": {
				"north": {"uv": [2, 7.5, 5.625, 7.625], "texture": "#0"},
				"east": {"uv": [3.25, 7.875, 3.375, 8], "texture": "#0"},
				"south": {"uv": [7.5, 6.5, 11.125, 6.625], "texture": "#0"},
				"west": {"uv": [3.375, 7.875, 3.5, 8], "texture": "#0"},
				"up": {"uv": [11.125, 6.75, 7.5, 6.625], "texture": "#0"},
				"down": {"uv": [11.125, 6.75, 7.5, 6.875], "texture": "#0"}
			}
		},
		{
			"from": [-14, 18, 30],
			"to": [15, 19, 31],
			"faces": {
				"north": {"uv": [7.5, 6.875, 11.125, 7], "texture": "#0"},
				"east": {"uv": [3.5, 7.875, 3.625, 8], "texture": "#0"},
				"south": {"uv": [2, 7.625, 5.625, 7.75], "texture": "#0"},
				"west": {"uv": [3.625, 7.875, 3.75, 8], "texture": "#0"},
				"up": {"uv": [5.625, 7.875, 2, 7.75], "texture": "#0"},
				"down": {"uv": [11.375, 7, 7.75, 7.125], "texture": "#0"}
			}
		},
		{
			"from": [9, 18, 12],
			"to": [11, 20, 21],
			"faces": {
				"north": {"uv": [2, 2, 3, 3], "texture": "#1"},
				"east": {"uv": [0, 0, 8, 1], "texture": "#1"},
				"south": {"uv": [2, 3, 3, 4], "texture": "#1"},
				"west": {"uv": [0, 1, 8, 2], "texture": "#1"},
				"up": {"uv": [1, 10, 0, 2], "texture": "#1"},
				"down": {"uv": [2, 2, 1, 10], "texture": "#1"}
			}
		},
		{
			"from": [-11, 18, 11],
			"to": [-9, 20, 20],
			"faces": {
				"north": {"uv": [2, 2, 3, 3], "texture": "#1"},
				"east": {"uv": [0, 0, 8, 1], "texture": "#1"},
				"south": {"uv": [2, 3, 3, 4], "texture": "#1"},
				"west": {"uv": [0, 1, 8, 2], "texture": "#1"},
				"up": {"uv": [1, 10, 0, 2], "texture": "#1"},
				"down": {"uv": [2, 2, 1, 10], "texture": "#1"}
			}
		},
		{
			"from": [-5, 18, 25],
			"to": [4, 20, 27],
			"faces": {
				"north": {"uv": [0, 1, 8, 2], "texture": "#1"},
				"east": {"uv": [2, 2, 3, 3], "texture": "#1"},
				"south": {"uv": [0, 0, 8, 1], "texture": "#1"},
				"west": {"uv": [2, 3, 3, 4], "texture": "#1"},
				"up": {"uv": [1, 10, 0, 2], "rotation": 90, "texture": "#1"},
				"down": {"uv": [2, 2, 1, 10], "rotation": 270, "texture": "#1"}
			}
		},
		{
			"from": [-4, 18, 5],
			"to": [5, 20, 7],
			"faces": {
				"north": {"uv": [0, 1, 8, 2], "texture": "#1"},
				"east": {"uv": [2, 2, 3, 3], "texture": "#1"},
				"south": {"uv": [0, 0, 8, 1], "texture": "#1"},
				"west": {"uv": [2, 3, 3, 4], "texture": "#1"},
				"up": {"uv": [1, 10, 0, 2], "rotation": 90, "texture": "#1"},
				"down": {"uv": [2, 2, 1, 10], "rotation": 270, "texture": "#1"}
			}
		}
	],
	"display": {
		"thirdperson_righthand": {
			"rotation": [32.18, -21.29, 12.91],
			"translation": [1.5, 2, -3],
			"scale": [0.2, 0.2, 0.2]
		},
		"thirdperson_lefthand": {
			"rotation": [32.18, -21.29, 12.91],
			"translation": [-1.5, 2, -3],
			"scale": [0.2, 0.2, 0.2]
		},
		"firstperson_righthand": {
			"rotation": [-6.4, 21.65, 22.81],
			"translation": [-5.25, 7.5, 7],
			"scale": [0.1, 0.1, 0.05]
		},
		"firstperson_lefthand": {
			"rotation": [-6.4, 21.65, 22.81],
			"translation": [-6.75, 7, 7.75],
			"scale": [0.1, 0.1, 0.05]
		},
		"ground": {
			"translation": [2.5, 0, -2],
			"scale": [0.3, 0.3, 0.3]
		},
		"gui": {
			"rotation": [32.18, -21.29, 12.91],
			"translation": [3.75, 0.5, 0],
			"scale": [0.3, 0.3, 0.3]
		},
		"head": {
			"scale": [0, 0, 0]
		},
		"fixed": {
			"rotation": [-90, 0, 0],
			"translation": [-16, 16, -15.5],
			"scale": [4, 2, 4]
		}
	},
	"groups": [
		{
			"name": "group",
			"origin": [8, 8, 8],
			"color": 0,
			"children": [
				0,
				1,
				2,
				3,
				4,
				5,
				6,
				7,
				8,
				9,
				10,
				{
					"name": "mahjong",
					"origin": [8, 8, 8],
					"color": 0,
					"children": [11]
				},
				{
					"name": "mahjong",
					"origin": [8, 8, 8],
					"color": 0,
					"children": [12]
				},
				{
					"name": "mahjong",
					"origin": [8, 8, 8],
					"color": 0,
					"children": [13]
				},
				{
					"name": "mahjong",
					"origin": [8, 8, 8],
					"color": 0,
					"children": [14]
				}
			]
		}
	]
}