{
	"credit": "Made with Blockbench",
	"texture_size": [64, 64],
	"textures": {
		"0": "deco/neon_6",
		"particle": "deco/neon_6"
	},
	"elements": [
		{
			"from": [-11, 11, 6],
			"to": [27, 13, 10],
			"faces": {
				"north": {"uv": [0, 2, 9.5, 2.5], "texture": "#0"},
				"east": {"uv": [0, 5.75, 1, 6.25], "texture": "#0"},
				"south": {"uv": [0, 2.5, 9.5, 3], "texture": "#0"},
				"west": {"uv": [1, 5.75, 2, 6.25], "texture": "#0"},
				"up": {"uv": [9.5, 1, 0, 0], "texture": "#0"},
				"down": {"uv": [9.5, 1, 0, 2], "texture": "#0"}
			}
		},
		{
			"from": [-16, 10.5, 5.5],
			"to": [-11, 13.5, 10.5],
			"faces": {
				"north": {"uv": [0, 4.25, 1.25, 5], "texture": "#0"},
				"east": {"uv": [1.25, 4.25, 2.5, 5], "texture": "#0"},
				"south": {"uv": [2.5, 4.25, 3.75, 5], "texture": "#0"},
				"west": {"uv": [3.75, 4.25, 5, 5], "texture": "#0"},
				"up": {"uv": [1.25, 4.25, 0, 3], "texture": "#0"},
				"down": {"uv": [2.5, 3, 1.25, 4.25], "texture": "#0"}
			}
		},
		{
			"from": [-14, 13.5, 5.5],
			"to": [-14, 16.5, 10.5],
			"faces": {
				"north": {"uv": [0, 0, 0, 0.75], "texture": "#0"},
				"east": {"uv": [0, 5, 1.25, 5.75], "texture": "#0"},
				"south": {"uv": [0, 0, 0, 0.75], "texture": "#0"},
				"west": {"uv": [1.25, 5, 2.5, 5.75], "texture": "#0"},
				"up": {"uv": [0, 1.25, 0, 0], "texture": "#0"},
				"down": {"uv": [0, 0, 0, 1.25], "texture": "#0"}
			}
		},
		{
			"from": [30, 13.5, 5.5],
			"to": [30, 16.5, 10.5],
			"rotation": {"angle": 0, "axis": "y", "origin": [16, 0, 0]},
			"faces": {
				"north": {"uv": [0, 0, 0, 0.75], "texture": "#0"},
				"east": {"uv": [2.5, 5, 3.75, 5.75], "texture": "#0"},
				"south": {"uv": [0, 0, 0, 0.75], "texture": "#0"},
				"west": {"uv": [5, 3, 6.25, 3.75], "texture": "#0"},
				"up": {"uv": [0, 1.25, 0, 0], "texture": "#0"},
				"down": {"uv": [0, 0, 0, 1.25], "texture": "#0"}
			}
		},
		{
			"from": [27, 10.5, 5.5],
			"to": [32, 13.5, 10.5],
			"rotation": {"angle": 0, "axis": "y", "origin": [16, 0, 0]},
			"faces": {
				"north": {"uv": [3.75, 5, 5, 5.75], "texture": "#0"},
				"east": {"uv": [5, 3.75, 6.25, 4.5], "texture": "#0"},
				"south": {"uv": [5, 4.5, 6.25, 5.25], "texture": "#0"},
				"west": {"uv": [5, 5.25, 6.25, 6], "texture": "#0"},
				"up": {"uv": [3.75, 4.25, 2.5, 3], "texture": "#0"},
				"down": {"uv": [5, 3, 3.75, 4.25], "texture": "#0"}
			}
		}
	],
	"display": {
		"thirdperson_righthand": {
			"scale": [0.2, 0.2, 0.2]
		},
		"thirdperson_lefthand": {
			"scale": [0.2, 0.2, 0.2]
		},
		"firstperson_righthand": {
			"scale": [0.2, 0.2, 0.2]
		},
		"firstperson_lefthand": {
			"scale": [0.2, 0.2, 0.2]
		},
		"ground": {
			"scale": [0.4, 0.4, 0.4]
		},
		"gui": {
			"rotation": [-158.9, 59.14, -170.65],
			"translation": [0, -2.25, 0],
			"scale": [0.5, 0.5, 0.5]
		},
		"head": {
			"scale": [0, 0, 0]
		},
		"fixed": {
			"rotation": [90, 0, 0],
			"translation": [0, 0, -15.75],
			"scale": [2, 2, 2]
		}
	},
	"groups": [
		{
			"name": "group",
			"origin": [16, 0, 0],
			"color": 0,
			"children": [0, 1, 2, 3, 4]
		}
	]
}