{
	"credit": "Made with Blockbench",
	"textures": {
		"0": "deco/oak_planks",
		"particle": "deco/oak_planks"
	},
	"elements": [
		{
			"from": [8.75, 6, 1],
			"to": [11.75, 8, 15],
			"rotation": {"angle": 0, "axis": "y", "origin": [10.75, 7, 14]},
			"faces": {
				"north": {"uv": [3, 0, 6, 2], "texture": "#0"},
				"east": {"uv": [2, 0, 16, 2], "texture": "#0"},
				"south": {"uv": [3, 0, 6, 2], "texture": "#0"},
				"west": {"uv": [2, 0, 16, 2], "texture": "#0"},
				"up": {"uv": [3, 0, 6, 14], "texture": "#0"},
				"down": {"uv": [3, 0, 6, 14], "texture": "#0"}
			}
		},
		{
			"from": [-0.25, 8, 11],
			"to": [15.75, 9, 15],
			"rotation": {"angle": 0, "axis": "y", "origin": [10.75, 9, 14]},
			"faces": {
				"north": {"uv": [0, 0, 16, 1], "texture": "#0"},
				"east": {"uv": [4, 0, 8, 1], "texture": "#0"},
				"south": {"uv": [0, 0, 16, 1], "texture": "#0"},
				"west": {"uv": [4, 0, 8, 1], "texture": "#0"},
				"up": {"uv": [0, 0, 16, 4], "texture": "#0"},
				"down": {"uv": [0, 0, 16, 4], "texture": "#0"}
			}
		},
		{
			"from": [-0.25, 8, 6],
			"to": [15.75, 9, 10],
			"rotation": {"angle": 0, "axis": "y", "origin": [10.75, 9, 9]},
			"faces": {
				"north": {"uv": [0, 0, 16, 1], "texture": "#0"},
				"east": {"uv": [4, 0, 8, 1], "texture": "#0"},
				"south": {"uv": [0, 0, 16, 1], "texture": "#0"},
				"west": {"uv": [4, 0, 8, 1], "texture": "#0"},
				"up": {"uv": [0, 0, 16, 4], "texture": "#0"},
				"down": {"uv": [0, 0, 16, 4], "texture": "#0"}
			}
		},
		{
			"from": [-0.25, 8, 1],
			"to": [15.75, 9, 5],
			"rotation": {"angle": 0, "axis": "y", "origin": [10.75, 9, 4]},
			"faces": {
				"north": {"uv": [0, 0, 16, 1], "texture": "#0"},
				"east": {"uv": [4, 0, 8, 1], "texture": "#0"},
				"south": {"uv": [0, 0, 16, 1], "texture": "#0"},
				"west": {"uv": [4, 0, 8, 1], "texture": "#0"},
				"up": {"uv": [0, 0, 16, 4], "texture": "#0"},
				"down": {"uv": [0, 0, 16, 4], "texture": "#0"}
			}
		}
	],
	"display": {
		"thirdperson_righthand": {
			"scale": [0.2, 0.2, 0.2]
		},
		"thirdperson_lefthand": {
			"scale": [0.2, 0.2, 0.2]
		},
		"firstperson_righthand": {
			"scale": [0.2, 0.2, 0.2]
		},
		"firstperson_lefthand": {
			"scale": [0.2, 0.2, 0.2]
		},
		"ground": {
			"scale": [0.4, 0.4, 0.4]
		},
		"gui": {
			"rotation": [-150.25, 20.15, 176.32],
			"scale": [0.5, 0.5, 0.5]
		},
		"head": {
			"scale": [0, 0, 0]
		},
		"fixed": {
			"rotation": [-90, 0, 0],
			"translation": [0, 0, -15.75],
			"scale": [2, 2, 2]
		}
	},
	"groups": [
		{
			"name": "group",
			"origin": [44.25, 7, -1],
			"color": 0,
			"children": [0, 1, 2, 3]
		}
	]
}