{
	"credit": "Made with Blockbench",
	"textures": {
		"0": "deco/stripped_oak_log",
		"particle": "deco/stripped_oak_log"
	},
	"elements": [
		{
			"from": [4.25, 6, 1],
			"to": [7.25, 8, 15],
			"rotation": {"angle": 0, "axis": "y", "origin": [5.25, 7, 14]},
			"faces": {
				"north": {"uv": [0, 0, 3, 2], "texture": "#0"},
				"east": {"uv": [0, 0, 14, 2], "texture": "#0"},
				"south": {"uv": [0, 0, 3, 2], "texture": "#0"},
				"west": {"uv": [0, 0, 14, 2], "texture": "#0"},
				"up": {"uv": [0, 0, 14, 3], "rotation": 90, "texture": "#0"},
				"down": {"uv": [0, 0, 3, 14], "texture": "#0"}
			}
		},
		{
			"from": [0.25, 8, 11],
			"to": [16.25, 9, 15],
			"rotation": {"angle": 0, "axis": "y", "origin": [5.25, 9, 14]},
			"faces": {
				"north": {"uv": [0, 0, 16, 1], "texture": "#0"},
				"east": {"uv": [0, 0, 4, 1], "texture": "#0"},
				"south": {"uv": [0, 0, 16, 1], "texture": "#0"},
				"west": {"uv": [0, 0, 4, 1], "texture": "#0"},
				"up": {"uv": [0, 0, 4, 16], "rotation": 90, "texture": "#0"},
				"down": {"uv": [0, 0, 16, 4], "texture": "#0"}
			}
		},
		{
			"from": [0.25, 8, 6],
			"to": [16.25, 9, 10],
			"rotation": {"angle": 0, "axis": "y", "origin": [5.25, 9, 9]},
			"faces": {
				"north": {"uv": [0, 0, 16, 1], "texture": "#0"},
				"east": {"uv": [0, 0, 4, 1], "texture": "#0"},
				"south": {"uv": [0, 0, 16, 1], "texture": "#0"},
				"west": {"uv": [0, 0, 4, 1], "texture": "#0"},
				"up": {"uv": [0, 0, 4, 16], "rotation": 90, "texture": "#0"},
				"down": {"uv": [0, 0, 16, 4], "texture": "#0"}
			}
		},
		{
			"from": [0.25, 8, 1],
			"to": [16.25, 9, 5],
			"rotation": {"angle": 0, "axis": "y", "origin": [5.25, 9, 4]},
			"faces": {
				"north": {"uv": [0, 0, 16, 1], "texture": "#0"},
				"east": {"uv": [0, 0, 4, 1], "texture": "#0"},
				"south": {"uv": [0, 0, 16, 1], "texture": "#0"},
				"west": {"uv": [0, 0, 4, 1], "texture": "#0"},
				"up": {"uv": [0, 0, 4, 16], "rotation": 90, "texture": "#0"},
				"down": {"uv": [0, 0, 16, 4], "texture": "#0"}
			}
		}
	],
	"display": {
		"thirdperson_righthand": {
			"scale": [0.2, 0.2, 0.2]
		},
		"thirdperson_lefthand": {
			"scale": [0.2, 0.2, 0.2]
		},
		"firstperson_righthand": {
			"scale": [0.2, 0.2, 0.2]
		},
		"firstperson_lefthand": {
			"scale": [0.2, 0.2, 0.2]
		},
		"ground": {
			"scale": [0.4, 0.4, 0.4]
		},
		"gui": {
			"rotation": [-150.25, 20.15, 176.32],
			"scale": [0.5, 0.5, 0.5]
		},
		"head": {
			"scale": [0, 0, 0]
		},
		"fixed": {
			"rotation": [-90, 0, 0],
			"translation": [0, 0, -15.75],
			"scale": [2, 2, 2]
		}
	},
	"groups": [
		{
			"name": "group",
			"origin": [44.25, 7, -1],
			"color": 0,
			"children": [0, 1, 2, 3]
		}
	]
}