{
	"credit": "Made with Blockbench",
	"textures": {
		"0": "deco/stripped_oak_log",
		"particle": "deco/stripped_oak_log"
	},
	"elements": [
		{
			"from": [-16, 16, 22],
			"to": [32, 17, 26],
			"rotation": {"angle": 0, "axis": "y", "origin": [0, 0, 14]},
			"faces": {
				"north": {"uv": [0, 0, 8, 13], "rotation": 90, "texture": "#0"},
				"east": {"uv": [0, 0, 2, 13], "rotation": 90, "texture": "#0"},
				"south": {"uv": [0, 0, 8, 13], "rotation": 90, "texture": "#0"},
				"west": {"uv": [0, 0, 2, 13], "rotation": 90, "texture": "#0"},
				"up": {"uv": [0, 0, 5, 16], "rotation": 90, "texture": "#0"},
				"down": {"uv": [0, 0, 5, 16], "rotation": 90, "texture": "#0"}
			}
		},
		{
			"from": [-16, 16, 27],
			"to": [32, 17, 31],
			"rotation": {"angle": 0, "axis": "y", "origin": [0, 0, 14]},
			"faces": {
				"north": {"uv": [0, 0, 8, 13], "rotation": 90, "texture": "#0"},
				"east": {"uv": [0, 0, 2, 13], "rotation": 90, "texture": "#0"},
				"south": {"uv": [0, 0, 8, 13], "rotation": 90, "texture": "#0"},
				"west": {"uv": [0, 0, 2, 13], "rotation": 90, "texture": "#0"},
				"up": {"uv": [0, 0, 5, 16], "rotation": 90, "texture": "#0"},
				"down": {"uv": [0, 0, 5, 16], "rotation": 90, "texture": "#0"}
			}
		},
		{
			"from": [-16, 16, 17],
			"to": [32, 17, 21],
			"rotation": {"angle": 0, "axis": "y", "origin": [0, 0, 14]},
			"faces": {
				"north": {"uv": [0, 0, 8, 13], "rotation": 90, "texture": "#0"},
				"east": {"uv": [0, 0, 2, 13], "rotation": 90, "texture": "#0"},
				"south": {"uv": [0, 0, 8, 13], "rotation": 90, "texture": "#0"},
				"west": {"uv": [0, 0, 2, 13], "rotation": 90, "texture": "#0"},
				"up": {"uv": [0, 0, 5, 16], "rotation": 90, "texture": "#0"},
				"down": {"uv": [0, 0, 5, 16], "rotation": 90, "texture": "#0"}
			}
		},
		{
			"from": [-16, 16, 12],
			"to": [32, 17, 16],
			"rotation": {"angle": 0, "axis": "y", "origin": [0, 0, 14]},
			"faces": {
				"north": {"uv": [0, 0, 8, 13], "rotation": 90, "texture": "#0"},
				"east": {"uv": [0, 0, 2, 13], "rotation": 90, "texture": "#0"},
				"south": {"uv": [0, 0, 8, 13], "rotation": 90, "texture": "#0"},
				"west": {"uv": [0, 0, 2, 13], "rotation": 90, "texture": "#0"},
				"up": {"uv": [0, 0, 5, 16], "rotation": 90, "texture": "#0"},
				"down": {"uv": [0, 0, 5, 16], "rotation": 90, "texture": "#0"}
			}
		},
		{
			"from": [-16, 16, 7],
			"to": [32, 17, 11],
			"rotation": {"angle": 0, "axis": "y", "origin": [0, 0, 14]},
			"faces": {
				"north": {"uv": [0, 0, 8, 13], "rotation": 90, "texture": "#0"},
				"east": {"uv": [0, 0, 2, 13], "rotation": 90, "texture": "#0"},
				"south": {"uv": [0, 0, 8, 13], "rotation": 90, "texture": "#0"},
				"west": {"uv": [0, 0, 2, 13], "rotation": 90, "texture": "#0"},
				"up": {"uv": [0, 0, 5, 16], "rotation": 90, "texture": "#0"},
				"down": {"uv": [0, 0, 5, 16], "rotation": 90, "texture": "#0"}
			}
		},
		{
			"from": [-16, 16, 2],
			"to": [32, 17, 6],
			"rotation": {"angle": 0, "axis": "y", "origin": [0, 0, 14]},
			"faces": {
				"north": {"uv": [0, 0, 8, 13], "rotation": 90, "texture": "#0"},
				"east": {"uv": [0, 0, 2, 13], "rotation": 90, "texture": "#0"},
				"south": {"uv": [0, 0, 8, 13], "rotation": 90, "texture": "#0"},
				"west": {"uv": [0, 0, 2, 13], "rotation": 90, "texture": "#0"},
				"up": {"uv": [0, 0, 5, 16], "rotation": 90, "texture": "#0"},
				"down": {"uv": [0, 0, 5, 16], "rotation": 90, "texture": "#0"}
			}
		},
		{
			"from": [-12, 14, 12],
			"to": [28, 16, 20],
			"rotation": {"angle": 0, "axis": "y", "origin": [0, 0, 14]},
			"faces": {
				"north": {"uv": [0, 0, 16, 2], "texture": "#0"},
				"east": {"uv": [0, 0, 8, 2], "texture": "#0"},
				"south": {"uv": [0, 0, 16, 2], "texture": "#0"},
				"west": {"uv": [0, 0, 8, 2], "texture": "#0"},
				"up": {"uv": [0, 0, 16, 8], "texture": "#0"},
				"down": {"uv": [0, 0, 16, 8], "texture": "#0"}
			}
		},
		{
			"from": [25, 6, 0],
			"to": [28, 8, 32],
			"rotation": {"angle": 0, "axis": "y", "origin": [0, 0, 13.5]},
			"faces": {
				"north": {"uv": [0, 0, 3, 2], "texture": "#0"},
				"east": {"uv": [0, 0, 16, 2], "texture": "#0"},
				"south": {"uv": [0, 0, 3, 2], "texture": "#0"},
				"west": {"uv": [0, 0, 16, 2], "texture": "#0"},
				"up": {"uv": [0, 0, 3, 15], "texture": "#0"},
				"down": {"uv": [0, 0, 3, 15], "texture": "#0"}
			}
		},
		{
			"from": [-12, 6, 0],
			"to": [-9, 8, 32],
			"rotation": {"angle": 0, "axis": "y", "origin": [0, 0, 13.5]},
			"faces": {
				"north": {"uv": [3, 0, 6, 2], "texture": "#0"},
				"east": {"uv": [0, 0, 16, 2], "texture": "#0"},
				"south": {"uv": [3, 0, 6, 2], "texture": "#0"},
				"west": {"uv": [0, 0, 16, 2], "texture": "#0"},
				"up": {"uv": [3, 0, 6, 15], "texture": "#0"},
				"down": {"uv": [3, 0, 6, 15], "texture": "#0"}
			}
		},
		{
			"from": [22, -1.683, 8.56631],
			"to": [25, 14.317, 10.56631],
			"rotation": {"angle": 22.5, "axis": "x", "origin": [0, 0, 14]},
			"faces": {
				"north": {"uv": [0, 0, 7, 4], "rotation": 90, "texture": "#0"},
				"east": {"uv": [0, 0, 6, 4], "rotation": 90, "texture": "#0"},
				"south": {"uv": [0, 0, 7, 4], "rotation": 90, "texture": "#0"},
				"west": {"uv": [0, 0, 6, 4], "rotation": 90, "texture": "#0"},
				"up": {"uv": [0, 0, 7, 1], "rotation": 90, "texture": "#0"},
				"down": {"uv": [0, 0, 7, 1], "rotation": 90, "texture": "#0"}
			}
		},
		{
			"from": [22, -1.84071, 21.12921],
			"to": [25, 14.15929, 23.12921],
			"rotation": {"angle": -22.5, "axis": "x", "origin": [0, 0, 14]},
			"faces": {
				"north": {"uv": [0, 0, 7, 4], "rotation": 90, "texture": "#0"},
				"east": {"uv": [0, 0, 6, 4], "rotation": 90, "texture": "#0"},
				"south": {"uv": [0, 0, 7, 4], "rotation": 90, "texture": "#0"},
				"west": {"uv": [0, 0, 6, 4], "rotation": 90, "texture": "#0"},
				"up": {"uv": [0, 0, 7, 1], "rotation": 90, "texture": "#0"},
				"down": {"uv": [0, 0, 7, 1], "rotation": 90, "texture": "#0"}
			}
		},
		{
			"from": [-9, -1.683, 8.56631],
			"to": [-6, 14.317, 10.56631],
			"rotation": {"angle": 22.5, "axis": "x", "origin": [0, 0, 14]},
			"faces": {
				"north": {"uv": [3, 0, 10, 4], "rotation": 90, "texture": "#0"},
				"east": {"uv": [2, 0, 8, 4], "rotation": 90, "texture": "#0"},
				"south": {"uv": [3, 0, 10, 4], "rotation": 90, "texture": "#0"},
				"west": {"uv": [2, 0, 8, 4], "rotation": 90, "texture": "#0"},
				"up": {"uv": [3, 0, 10, 1], "rotation": 90, "texture": "#0"},
				"down": {"uv": [3, 0, 10, 1], "rotation": 90, "texture": "#0"}
			}
		},
		{
			"from": [-9, -1.84071, 21.12921],
			"to": [-6, 14.15929, 23.12921],
			"rotation": {"angle": -22.5, "axis": "x", "origin": [0, 0, 14]},
			"faces": {
				"north": {"uv": [3, 0, 10, 4], "rotation": 90, "texture": "#0"},
				"east": {"uv": [2, 0, 8, 4], "rotation": 90, "texture": "#0"},
				"south": {"uv": [3, 0, 10, 4], "rotation": 90, "texture": "#0"},
				"west": {"uv": [2, 0, 8, 4], "rotation": 90, "texture": "#0"},
				"up": {"uv": [3, 0, 10, 1], "rotation": 90, "texture": "#0"},
				"down": {"uv": [3, 0, 10, 1], "rotation": 90, "texture": "#0"}
			}
		}
	],
	"display": {
		"thirdperson_righthand": {
			"scale": [0.2, 0.2, 0.2]
		},
		"thirdperson_lefthand": {
			"scale": [0.2, 0.2, 0.2]
		},
		"firstperson_righthand": {
			"scale": [0.2, 0.2, 0.2]
		},
		"firstperson_lefthand": {
			"scale": [0.2, 0.2, 0.2]
		},
		"ground": {
			"translation": [0, 0, -3.75],
			"scale": [0.4, 0.4, 0.4]
		},
		"gui": {
			"rotation": [26.33, -54.46, 12.05],
			"translation": [2.25, 0, 0],
			"scale": [0.3, 0.3, 0.3]
		},
		"head": {
			"scale": [0, 0, 0]
		},
		"fixed": {
			"rotation": [-90, 0, 0],
			"translation": [0, 0, -15.75],
			"scale": [2, 2, 2]
		}
	},
	"groups": [
		{
			"name": "group",
			"origin": [8, 8, -0.5],
			"color": 0,
			"children": [0, 1, 2, 3, 4, 5, 6, 7, 8, 9, 10, 11, 12]
		}
	]
}