{
	"credit": "Made with Blockbench",
	"textures": {
		"0": "deco/poker",
		"particle": "deco/poker"
	},
	"elements": [
		{
			"from": [11, 0, 5],
			"to": [15, 2, 11],
			"rotation": {"angle": 0, "axis": "y", "origin": [13, 0, 10]},
			"faces": {
				"north": {"uv": [4, 12, 8, 14], "texture": "#0"},
				"east": {"uv": [8, 10, 14, 12], "texture": "#0"},
				"south": {"uv": [0, 12, 4, 14], "texture": "#0"},
				"west": {"uv": [8, 8, 14, 10], "texture": "#0"},
				"up": {"uv": [4, 6, 0, 0], "rotation": 180, "texture": "#0"},
				"down": {"uv": [8, 0, 4, 6], "rotation": 180, "texture": "#0"}
			}
		},
		{
			"from": [4, 0.1, 7],
			"to": [8, 0.1, 13],
			"rotation": {"angle": -22.5, "axis": "y", "origin": [6, 0.1, 12]},
			"faces": {
				"north": {"uv": [0, 0, 4, 0], "texture": "#0"},
				"east": {"uv": [0, 0, 6, 0], "texture": "#0"},
				"south": {"uv": [0, 0, 4, 0], "texture": "#0"},
				"west": {"uv": [0, 0, 6, 0], "texture": "#0"},
				"up": {"uv": [4, 12, 0, 6], "rotation": 180, "texture": "#0"},
				"down": {"uv": [8, 6, 4, 12], "rotation": 180, "texture": "#0"}
			}
		},
		{
			"from": [1, 0.2, 7],
			"to": [7, 0.2, 11],
			"rotation": {"angle": 22.5, "axis": "y", "origin": [2, 0.2, 9]},
			"faces": {
				"north": {"uv": [0, 0, 6, 0], "texture": "#0"},
				"east": {"uv": [0, 0, 4, 0], "texture": "#0"},
				"south": {"uv": [0, 0, 6, 0], "texture": "#0"},
				"west": {"uv": [0, 0, 4, 0], "texture": "#0"},
				"up": {"uv": [14, 4, 8, 0], "rotation": 180, "texture": "#0"},
				"down": {"uv": [14, 4, 8, 8], "rotation": 180, "texture": "#0"}
			}
		}
	],
	"display": {
		"thirdperson_righthand": {
			"rotation": [-115.7, 3.19, 177.56],
			"translation": [0, 2.25, 4.25],
			"scale": [0.5, 0.5, 0.5]
		},
		"thirdperson_lefthand": {
			"rotation": [-115.7, 3.19, 177.56],
			"translation": [0, 2.25, 4.25],
			"scale": [0.5, 0.5, 0.5]
		},
		"firstperson_righthand": {
			"rotation": [-142.45, 3.19, 177.56],
			"translation": [0, 4, 2.75],
			"scale": [0.5, 0.5, 0.5]
		},
		"firstperson_lefthand": {
			"rotation": [-142.45, 3.19, 177.56],
			"translation": [0, 4, 2.75],
			"scale": [0.5, 0.5, 0.5]
		},
		"ground": {
			"translation": [0, 4.5, 0]
		},
		"gui": {
			"rotation": [-108.82, -3.81, 172.39],
			"translation": [-0.75, 1.75, 0]
		},
		"head": {
			"translation": [0, 2.5, 0]
		},
		"fixed": {
			"rotation": [-90, 0, 0],
			"translation": [0, 0, -16],
			"scale": [2, 2, 2]
		}
	},
	"groups": [
		{
			"name": "group",
			"origin": [8, 8, 8],
			"color": 0,
			"children": [0, 1, 2]
		}
	]
}