{
	"credit": "Made with Blockbench",
	"texture_size": [128, 128],
	"textures": {
		"0": "deco/sofa_1",
		"particle": "deco/sofa_1"
	},
	"elements": [
		{
			"from": [0, 0, 1],
			"to": [16, 8.5, 12],
			"faces": {
				"north": {"uv": [6, 4.125, 4.625, 5.25], "texture": "#0"},
				"east": {"uv": [7.375, 0, 6, 1.125], "texture": "#0"},
				"south": {"uv": [4.375, 5.625, 3, 6.75], "texture": "#0"},
				"west": {"uv": [6, 5.25, 4.625, 6.375], "texture": "#0"},
				"up": {"uv": [4.625, 1.375, 6, 0], "texture": "#0"},
				"down": {"uv": [4.625, 1.375, 6, 2.75], "texture": "#0"}
			}
		},
		{
			"from": [8, 0, 0],
			"to": [15.8, 8.5, 1],
			"faces": {
				"north": {"uv": [7.375, 1.125, 6.375, 2.25], "texture": "#0"},
				"east": {"uv": [1.375, 6.5, 1.25, 7.625], "texture": "#0"},
				"south": {"uv": [3, 6, 1.625, 7.125], "texture": "#0"},
				"west": {"uv": [1.25, 6.5, 1.125, 7.625], "texture": "#0"},
				"up": {"uv": [6.5, 6.125, 7.875, 6], "texture": "#0"},
				"down": {"uv": [6.5, 6.125, 7.875, 6.25], "texture": "#0"}
			}
		},
		{
			"from": [0.1, 0, 0],
			"to": [8, 8.5, 1],
			"rotation": {"angle": 0, "axis": "y", "origin": [16, 0, 0]},
			"faces": {
				"north": {"uv": [6.375, 1.125, 7.375, 2.25], "texture": "#0"},
				"east": {"uv": [1.125, 6.5, 1.25, 7.625], "texture": "#0"},
				"south": {"uv": [1.625, 6, 3, 7.125], "texture": "#0"},
				"west": {"uv": [1.25, 6.5, 1.375, 7.625], "texture": "#0"},
				"up": {"uv": [7.875, 6.125, 6.5, 6], "texture": "#0"},
				"down": {"uv": [7.875, 6.125, 6.5, 6.25], "texture": "#0"}
			}
		},
		{
			"from": [0.1, 8.5, 1],
			"to": [15.8, 9.5, 11.6],
			"faces": {
				"north": {"uv": [7.875, 6.25, 6.5, 6.375], "texture": "#0"},
				"east": {"uv": [7.875, 6.625, 6.5, 6.75], "texture": "#0"},
				"south": {"uv": [7.875, 6.5, 6.5, 6.625], "texture": "#0"},
				"west": {"uv": [7.875, 6.375, 6.5, 6.5], "texture": "#0"},
				"up": {"uv": [1.625, 6, 3, 4.625], "texture": "#0"},
				"down": {"uv": [4.625, 2.75, 6, 4.125], "texture": "#0"}
			}
		},
		{
			"from": [8, 0, 12],
			"to": [16, 18.5, 15],
			"faces": {
				"north": {"uv": [1.5, 0, 0, 2.375], "texture": "#0"},
				"east": {"uv": [6.25, 5, 6, 7.375], "texture": "#0"},
				"south": {"uv": [3, 0, 1.5, 2.375], "texture": "#0"},
				"west": {"uv": [4.625, 5.625, 4.375, 8], "texture": "#0"},
				"up": {"uv": [6.5, 5.25, 8, 5], "texture": "#0"},
				"down": {"uv": [6.5, 5.25, 8, 5.5], "texture": "#0"}
			}
		},
		{
			"from": [8, 13, 11.4],
			"to": [15.8, 18.1, 12],
			"faces": {
				"north": {"uv": [7.375, 3.75, 6, 4.375], "texture": "#0"},
				"east": {"uv": [3.25, 6.875, 3.125, 7.5], "texture": "#0"},
				"south": {"uv": [7.375, 4.375, 6, 5], "texture": "#0"},
				"west": {"uv": [3.125, 6.875, 3, 7.5], "texture": "#0"},
				"up": {"uv": [3, 6.875, 4.375, 6.75], "texture": "#0"},
				"down": {"uv": [6.5, 6.75, 7.875, 6.875], "texture": "#0"}
			}
		},
		{
			"from": [8, 12, 15],
			"to": [16, 18.2, 16],
			"faces": {
				"north": {"uv": [1.5, 2.375, 0, 4.625], "texture": "#0"},
				"east": {"uv": [4.875, 6.375, 4.625, 8.625], "texture": "#0"},
				"south": {"uv": [3, 2.375, 1.5, 4.625], "texture": "#0"},
				"west": {"uv": [6.5, 5, 6.25, 7.25], "texture": "#0"},
				"up": {"uv": [6.5, 5.75, 8, 5.5], "texture": "#0"},
				"down": {"uv": [6.5, 5.75, 8, 6], "texture": "#0"}
			}
		},
		{
			"from": [0, 0, 12],
			"to": [8, 18.5, 15],
			"rotation": {"angle": 0, "axis": "y", "origin": [16, 0, 0]},
			"faces": {
				"north": {"uv": [0, 0, 1.5, 2.375], "texture": "#0"},
				"east": {"uv": [4.375, 5.625, 4.625, 8], "texture": "#0"},
				"south": {"uv": [1.5, 0, 3, 2.375], "texture": "#0"},
				"west": {"uv": [6, 5, 6.25, 7.375], "texture": "#0"},
				"up": {"uv": [8, 5.25, 6.5, 5], "texture": "#0"},
				"down": {"uv": [8, 5.25, 6.5, 5.5], "texture": "#0"}
			}
		},
		{
			"from": [0.2, 13, 11.4],
			"to": [8, 18.1, 12],
			"rotation": {"angle": 0, "axis": "y", "origin": [16, 0, 0]},
			"faces": {
				"north": {"uv": [6, 3.75, 7.375, 4.375], "texture": "#0"},
				"east": {"uv": [3, 6.875, 3.125, 7.5], "texture": "#0"},
				"south": {"uv": [6, 4.375, 7.375, 5], "texture": "#0"},
				"west": {"uv": [3.125, 6.875, 3.25, 7.5], "texture": "#0"},
				"up": {"uv": [4.375, 6.875, 3, 6.75], "texture": "#0"},
				"down": {"uv": [7.875, 6.75, 6.5, 6.875], "texture": "#0"}
			}
		},
		{
			"from": [0, 12, 15],
			"to": [8, 18.2, 16],
			"rotation": {"angle": 0, "axis": "y", "origin": [16, 0, 0]},
			"faces": {
				"north": {"uv": [0, 2.375, 1.5, 4.625], "texture": "#0"},
				"east": {"uv": [6.25, 5, 6.5, 7.25], "texture": "#0"},
				"south": {"uv": [1.5, 2.375, 3, 4.625], "texture": "#0"},
				"west": {"uv": [4.625, 6.375, 4.875, 8.625], "texture": "#0"},
				"up": {"uv": [8, 5.75, 6.5, 5.5], "texture": "#0"},
				"down": {"uv": [8, 5.75, 6.5, 6], "texture": "#0"}
			}
		}
	],
	"display": {
		"thirdperson_righthand": {
			"rotation": [180, 84.25, -180],
			"translation": [0, 1.75, 0],
			"scale": [0.2, 0.2, 0.2]
		},
		"thirdperson_lefthand": {
			"rotation": [180, 84.25, -180],
			"translation": [0, 1.75, 0],
			"scale": [0.2, 0.2, 0.2]
		},
		"firstperson_righthand": {
			"rotation": [180, 84.25, -180],
			"translation": [0, 1.75, 0],
			"scale": [0.18, 0.2, 0.2]
		},
		"firstperson_lefthand": {
			"rotation": [180, 86, -180],
			"translation": [0, 1.75, 0],
			"scale": [0.18, 0.2, 0.2]
		},
		"ground": {
			"translation": [0, 4, 0],
			"scale": [0.4, 0.4, 0.4]
		},
		"gui": {
			"rotation": [-147, -20.5, -180],
			"translation": [0, 0.75, 0],
			"scale": [0.4, 0.4, 0.4]
		},
		"head": {
			"scale": [0, 0, 0]
		},
		"fixed": {
			"rotation": [-90, 0, 0],
			"translation": [0, 0, -16],
			"scale": [2, 2, 2]
		}
	},
	"groups": [
		{
			"name": "group",
			"origin": [8, 8, 8],
			"color": 0,
			"children": [0, 1, 2, 3, 4, 5, 6, 7, 8, 9]
		}
	]
}