{
	"credit": "Made with Blockbench",
	"texture_size": [64, 64],
	"textures": {
		"0": "deco/sofa_2",
		"particle": "deco/sofa_2"
	},
	"elements": [
		{
			"from": [5, 2, 0],
			"to": [19, 7, 12],
			"rotation": {"angle": 0, "axis": "y", "origin": [3, 0, -3]},
			"faces": {
				"north": {"uv": [3, 4.5, 6, 5.75], "texture": "#0"},
				"east": {"uv": [5.75, 0, 8.5, 1.25], "texture": "#0"},
				"south": {"uv": [0, 5.5, 3, 6.75], "texture": "#0"},
				"west": {"uv": [5.75, 1.25, 8.5, 2.5], "texture": "#0"},
				"up": {"uv": [3, 2.75, 0, 0], "texture": "#0"},
				"down": {"uv": [3, 2.75, 0, 5.5], "texture": "#0"}
			}
		},
		{
			"from": [6, 2, 2],
			"to": [7, 6, 3],
			"rotation": {"angle": -22.5, "axis": "z", "origin": [0, -1, -4]},
			"faces": {
				"north": {"uv": [5.75, 3.5, 6, 4.5], "texture": "#0"},
				"east": {"uv": [5, 7.5, 5.25, 8.5], "texture": "#0"},
				"south": {"uv": [5.25, 7.5, 5.5, 8.5], "texture": "#0"},
				"west": {"uv": [7.5, 7.25, 7.75, 8.25], "texture": "#0"},
				"up": {"uv": [7.25, 5.75, 7, 5.5], "texture": "#0"},
				"down": {"uv": [7.5, 5.5, 7.25, 5.75], "texture": "#0"}
			}
		},
		{
			"from": [6, 2, 9],
			"to": [7, 6, 10],
			"rotation": {"angle": -22.5, "axis": "z", "origin": [0, -1, 2]},
			"faces": {
				"north": {"uv": [7.75, 3.5, 8, 4.5], "texture": "#0"},
				"east": {"uv": [7.75, 4.5, 8, 5.5], "texture": "#0"},
				"south": {"uv": [7.75, 7.25, 8, 8.25], "texture": "#0"},
				"west": {"uv": [1.5, 8, 1.75, 9], "texture": "#0"},
				"up": {"uv": [8.25, 3.75, 8, 3.5], "texture": "#0"},
				"down": {"uv": [4, 8, 3.75, 8.25], "texture": "#0"}
			}
		},
		{
			"from": [4, 4, 1],
			"to": [5, 6, 11],
			"rotation": {"angle": 0, "axis": "y", "origin": [1, -3, -3]},
			"faces": {
				"north": {"uv": [3.25, 8, 3.5, 8.5], "texture": "#0"},
				"east": {"uv": [1.5, 7.5, 4, 8], "texture": "#0"},
				"south": {"uv": [3.5, 8, 3.75, 8.5], "texture": "#0"},
				"west": {"uv": [7.5, 5.5, 10, 6], "texture": "#0"},
				"up": {"uv": [5.75, 9.25, 5.5, 6.75], "texture": "#0"},
				"down": {"uv": [4.25, 7.5, 4, 10], "texture": "#0"}
			}
		}
	],
	"display": {
		"thirdperson_righthand": {
			"translation": [0, 1, 0],
			"scale": [0.2, 0.2, 0.21]
		},
		"thirdperson_lefthand": {
			"translation": [0, 1, 0],
			"scale": [0.2, 0.2, 0.21]
		},
		"firstperson_righthand": {
			"rotation": [-164.5, 0, -180],
			"translation": [0, 4.25, 0],
			"scale": [0.4, 0.4, 0.3]
		},
		"firstperson_lefthand": {
			"rotation": [-164.5, 0, -180],
			"translation": [0, 4.25, 0],
			"scale": [0.4, 0.4, 0.3]
		},
		"ground": {
			"scale": [0.4, 0.4, 0.4]
		},
		"gui": {
			"rotation": [-164.34, 23.15, 173.5],
			"translation": [0.5, 1, 0],
			"scale": [0.5, 0.5, 0.5]
		},
		"head": {
			"scale": [0, 0, 0]
		},
		"fixed": {
			"rotation": [-90, 0, 0],
			"translation": [0, 0, -16],
			"scale": [2, 2, 2]
		}
	},
	"groups": [
		{
			"name": "group",
			"origin": [8, 8, 8],
			"color": 0,
			"children": [0, 1, 2, 3]
		}
	]
}