{
	"credit": "Made with Blockbench",
	"texture_size": [64, 64],
	"textures": {
		"0": "deco/sofa_2",
		"particle": "deco/sofa_2"
	},
	"elements": [
		{
			"from": [0, 2, 3],
			"to": [16, 7, 14],
			"faces": {
				"north": {"uv": [3, 4.5, 6, 5.75], "texture": "#0"},
				"east": {"uv": [5.75, 0, 8.5, 1.25], "texture": "#0"},
				"south": {"uv": [0, 5.5, 3, 6.75], "texture": "#0"},
				"west": {"uv": [5.75, 1.25, 8.5, 2.5], "texture": "#0"},
				"up": {"uv": [3, 2.75, 0, 0], "texture": "#0"},
				"down": {"uv": [3, 2.75, 0, 5.5], "texture": "#0"}
			}
		},
		{
			"from": [0, 3, 8],
			"to": [16, 12, 12],
			"rotation": {"angle": 22.5, "axis": "x", "origin": [0, 0, 15]},
			"faces": {
				"north": {"uv": [3, 0, 5.75, 2.25], "texture": "#0"},
				"east": {"uv": [5.75, 5.75, 6.75, 8], "texture": "#0"},
				"south": {"uv": [3, 2.25, 5.75, 4.5], "texture": "#0"},
				"west": {"uv": [6, 3.5, 7, 5.75], "texture": "#0"},
				"up": {"uv": [8.5, 3.5, 5.75, 2.5], "texture": "#0"},
				"down": {"uv": [5.75, 5.75, 3, 6.75], "texture": "#0"}
			}
		}
	],
	"display": {
		"thirdperson_righthand": {
			"translation": [0, 1, 0],
			"scale": [0.2, 0.2, 0.21]
		},
		"thirdperson_lefthand": {
			"translation": [0, 1, 0],
			"scale": [0.2, 0.2, 0.21]
		},
		"firstperson_righthand": {
			"rotation": [-164.5, 0, -180],
			"translation": [0, 4.25, 0],
			"scale": [0.4, 0.4, 0.3]
		},
		"firstperson_lefthand": {
			"rotation": [-164.5, 0, -180],
			"translation": [0, 4.25, 0],
			"scale": [0.4, 0.4, 0.3]
		},
		"ground": {
			"scale": [0.4, 0.4, 0.4]
		},
		"gui": {
			"rotation": [-164.34, 23.15, 173.5],
			"translation": [-0.5, 0, 0],
			"scale": [0.5, 0.5, 0.5]
		},
		"head": {
			"scale": [0, 0, 0]
		},
		"fixed": {
			"rotation": [-90, 0, 0],
			"translation": [0, 0, -16],
			"scale": [2, 2, 2]
		}
	},
	"groups": [
		{
			"name": "group",
			"origin": [8, 8, 8],
			"color": 0,
			"children": [0, 1]
		}
	]
}