{
	"credit": "Made with Blockbench",
	"texture_size": [64, 64],
	"textures": {
		"0": "deco/sofa_2",
		"particle": "deco/sofa_2"
	},
	"elements": [
		{
			"from": [0, 2, 3],
			"to": [12, 7, 14],
			"rotation": {"angle": 0, "axis": "y", "origin": [16, 0, 0]},
			"faces": {
				"north": {"uv": [6, 4.5, 3, 5.75], "texture": "#0"},
				"east": {"uv": [8.5, 1.25, 5.75, 2.5], "texture": "#0"},
				"south": {"uv": [3, 5.5, 0, 6.75], "texture": "#0"},
				"west": {"uv": [8.5, 0, 5.75, 1.25], "texture": "#0"},
				"up": {"uv": [0, 2.75, 3, 0], "texture": "#0"},
				"down": {"uv": [0, 2.75, 3, 5.5], "texture": "#0"}
			}
		},
		{
			"from": [10, 2, 5],
			"to": [11, 6, 6],
			"rotation": {"angle": 22.5, "axis": "z", "origin": [17, -1, -1]},
			"faces": {
				"north": {"uv": [6, 3.5, 5.75, 4.5], "texture": "#0"},
				"east": {"uv": [7.75, 7.25, 7.5, 8.25], "texture": "#0"},
				"south": {"uv": [5.5, 7.5, 5.25, 8.5], "texture": "#0"},
				"west": {"uv": [5.25, 7.5, 5, 8.5], "texture": "#0"},
				"up": {"uv": [7, 5.75, 7.25, 5.5], "texture": "#0"},
				"down": {"uv": [7.25, 5.5, 7.5, 5.75], "texture": "#0"}
			}
		},
		{
			"from": [10, 2, 11],
			"to": [11, 6, 12],
			"rotation": {"angle": 22.5, "axis": "z", "origin": [17, -1, 5]},
			"faces": {
				"north": {"uv": [8, 3.5, 7.75, 4.5], "texture": "#0"},
				"east": {"uv": [1.75, 8, 1.5, 9], "texture": "#0"},
				"south": {"uv": [8, 7.25, 7.75, 8.25], "texture": "#0"},
				"west": {"uv": [8, 4.5, 7.75, 5.5], "texture": "#0"},
				"up": {"uv": [8, 3.75, 8.25, 3.5], "texture": "#0"},
				"down": {"uv": [3.75, 8, 4, 8.25], "texture": "#0"}
			}
		},
		{
			"from": [0, 3, 8],
			"to": [11, 12, 12],
			"rotation": {"angle": 22.5, "axis": "x", "origin": [16, 0, 15]},
			"faces": {
				"north": {"uv": [5.75, 0, 3, 2.25], "texture": "#0"},
				"east": {"uv": [7, 3.5, 6, 5.75], "texture": "#0"},
				"south": {"uv": [5.75, 2.25, 3, 4.5], "texture": "#0"},
				"west": {"uv": [6.75, 5.75, 5.75, 8], "texture": "#0"},
				"up": {"uv": [5.75, 3.5, 8.5, 2.5], "texture": "#0"},
				"down": {"uv": [3, 5.75, 5.75, 6.75], "texture": "#0"}
			}
		},
		{
			"from": [11, 6, 4],
			"to": [14, 9, 15],
			"rotation": {"angle": 0, "axis": "y", "origin": [16, 0, 0]},
			"faces": {
				"north": {"uv": [5, 7.5, 4.25, 8.25], "texture": "#0"},
				"east": {"uv": [5.5, 6.75, 2.75, 7.5], "texture": "#0"},
				"south": {"uv": [8.25, 6, 7.5, 6.75], "texture": "#0"},
				"west": {"uv": [2.75, 6.75, 0, 7.5], "texture": "#0"},
				"up": {"uv": [6.75, 8.5, 7.5, 5.75], "texture": "#0"},
				"down": {"uv": [0, 7.5, 0.75, 10.25], "texture": "#0"}
			}
		},
		{
			"from": [12, 4, 4],
			"to": [13, 6, 14],
			"rotation": {"angle": 0, "axis": "y", "origin": [16, -3, 0]},
			"faces": {
				"north": {"uv": [3.5, 8, 3.25, 8.5], "texture": "#0"},
				"east": {"uv": [10, 5.5, 7.5, 6], "texture": "#0"},
				"south": {"uv": [3.75, 8, 3.5, 8.5], "texture": "#0"},
				"west": {"uv": [4, 7.5, 1.5, 8], "texture": "#0"},
				"up": {"uv": [5.5, 9.25, 5.75, 6.75], "texture": "#0"},
				"down": {"uv": [4, 7.5, 4.25, 10], "texture": "#0"}
			}
		},
		{
			"from": [11, 9, 4],
			"to": [14, 10, 14],
			"rotation": {"angle": 0, "axis": "y", "origin": [16, 0, 0]},
			"faces": {
				"north": {"uv": [2.5, 8, 1.75, 8.25], "texture": "#0"},
				"east": {"uv": [9.5, 7, 7.5, 7.25], "texture": "#0"},
				"south": {"uv": [3.25, 8, 2.5, 8.25], "texture": "#0"},
				"west": {"uv": [9.5, 6.75, 7.5, 7], "texture": "#0"},
				"up": {"uv": [7, 5.5, 7.75, 3.5], "texture": "#0"},
				"down": {"uv": [0.75, 7.5, 1.5, 9.5], "texture": "#0"}
			}
		}
	],
	"display": {
		"thirdperson_righthand": {
			"translation": [0, 1, 0],
			"scale": [0.2, 0.2, 0.21]
		},
		"thirdperson_lefthand": {
			"translation": [0, 1, 0],
			"scale": [0.2, 0.2, 0.21]
		},
		"firstperson_righthand": {
			"rotation": [-164.5, 0, -180],
			"translation": [0, 4.25, 0],
			"scale": [0.4, 0.4, 0.3]
		},
		"firstperson_lefthand": {
			"rotation": [-164.5, 0, -180],
			"translation": [0, 4.25, 0],
			"scale": [0.4, 0.4, 0.3]
		},
		"ground": {
			"scale": [0.4, 0.4, 0.4]
		},
		"gui": {
			"rotation": [-164.34, 23.15, 173.5],
			"translation": [-0.5, 0, 0],
			"scale": [0.5, 0.5, 0.5]
		},
		"head": {
			"scale": [0, 0, 0]
		},
		"fixed": {
			"rotation": [-90, 0, 0],
			"translation": [0, 0, -16],
			"scale": [2, 2, 2]
		}
	},
	"groups": [
		{
			"name": "group",
			"origin": [8, 8, 8],
			"color": 0,
			"children": [0, 1, 2, 3, 4, 5, 6]
		}
	]
}