{
	"credit": "Made with Blockbench",
	"texture_size": [64, 64],
	"textures": {
		"0": "deco/table_3_b",
		"particle": "deco/table_3_b"
	},
	"elements": [
		{
			"from": [0, 12, 0],
			"to": [16, 16, 16],
			"faces": {
				"north": {"uv": [4, 0, 8, 1], "texture": "#0"},
				"east": {"uv": [4, 3, 8, 4], "texture": "#0"},
				"south": {"uv": [4, 3, 8, 4], "texture": "#0"},
				"west": {"uv": [4, 3, 8, 4], "texture": "#0"},
				"up": {"uv": [4, 3.25, 0, 0], "texture": "#0"},
				"down": {"uv": [4, 4, 0, 8], "texture": "#0"}
			}
		}
	],
	"display": {
		"thirdperson_righthand": {
			"scale": [0.2, 0.2, 0.2]
		},
		"thirdperson_lefthand": {
			"scale": [0.2, 0.2, 0.2]
		},
		"firstperson_righthand": {
			"scale": [0.3, 0.2, 0.2]
		},
		"firstperson_lefthand": {
			"scale": [0.3, 0.2, 0.2]
		},
		"ground": {
			"scale": [0.4, 0.4, 0.4]
		},
		"gui": {
			"rotation": [-144.4, 75.5, 167.43],
			"translation": [0, -1.75, 0],
			"scale": [0.5, 0.5, 0.5]
		},
		"head": {
			"scale": [0, 0, 0]
		},
		"fixed": {
			"rotation": [-90, 0, 0],
			"translation": [0, 0, -16],
			"scale": [2, 2, 2]
		}
	},
	"groups": [
		{
			"name": "group",
			"origin": [8, 8, 8],
			"color": 0,
			"children": [0]
		}
	]
}