{
	"credit": "Made with Blockbench",
	"textures": {
		"0": "deco/dark_oak_planks",
		"1": "deco/stripped_acacia_log",
		"2": "deco/acacia_log_top",
		"3": "deco/acacia_log",
		"particle": "deco/dark_oak_planks"
	},
	"elements": [
		{
			"from": [-10.92, 13.4, -0.58],
			"to": [-5.64, 14.72, 16.58],
			"rotation": {"angle": 0, "axis": "y", "origin": [-12.24, -5.08, -2.56]},
			"faces": {
				"north": {"uv": [0, 0, 5.7, 3.4], "texture": "#0"},
				"east": {"uv": [0, 0, 14.7, 3.4], "texture": "#0"},
				"south": {"uv": [0, 0, 5.7, 3.4], "texture": "#0"},
				"west": {"uv": [0, 0, 14.7, 3.4], "texture": "#0"},
				"up": {"uv": [0, 0, 5.7, 15.4], "texture": "#0"},
				"down": {"uv": [0, 0, 5.7, 15.4], "texture": "#0"}
			}
		},
		{
			"from": [-8, -15.5, 7.4],
			"to": [-7, 5.5, 8.6],
			"rotation": {"angle": -45, "axis": "x", "origin": [-10, 1, -7.5]},
			"faces": {
				"north": {"uv": [0, 0, 2.7, 16], "rotation": 180, "texture": "#0"},
				"east": {"uv": [0, 0, 16, 3.4], "rotation": 270, "texture": "#0"},
				"south": {"uv": [0, 0, 2.7, 16], "texture": "#0"},
				"west": {"uv": [0, 0, 16, 3.4], "rotation": 90, "texture": "#0"},
				"up": {"uv": [0, 0, 2.7, 3.4], "rotation": 180, "texture": "#0"},
				"down": {"uv": [0, 0, 2.7, 3.4], "texture": "#0"}
			}
		},
		{
			"from": [-9.5, -5.9, 7.5],
			"to": [9.5, -4.9, 8.5],
			"rotation": {"angle": -45, "axis": "x", "origin": [-5.5, 1, -7.5]},
			"faces": {
				"north": {"uv": [0, 0, 12.7, 3.4], "rotation": 180, "texture": "#0"},
				"east": {"uv": [0, 0, 2.7, 3.4], "rotation": 270, "texture": "#0"},
				"south": {"uv": [0, 0, 12.7, 3.4], "texture": "#0"},
				"west": {"uv": [0, 0, 2.7, 3.4], "rotation": 90, "texture": "#0"},
				"up": {"uv": [0, 0, 12.7, 3.4], "rotation": 180, "texture": "#0"},
				"down": {"uv": [0, 0, 12.7, 3.4], "texture": "#0"}
			}
		},
		{
			"from": [-9, -15.5, 7.5],
			"to": [-8, 5.5, 8.5],
			"rotation": {"angle": 45, "axis": "x", "origin": [-10, 1, 23.5]},
			"faces": {
				"north": {"uv": [2, 0, 4.7, 16], "texture": "#0"},
				"east": {"uv": [0, 3, 16, 6.4], "rotation": 270, "texture": "#0"},
				"south": {"uv": [2, 0, 4.7, 16], "rotation": 180, "texture": "#0"},
				"west": {"uv": [0, 3, 16, 6.4], "rotation": 90, "texture": "#0"},
				"up": {"uv": [0, 3, 2.7, 6.4], "rotation": 180, "texture": "#0"},
				"down": {"uv": [0, 3, 2.7, 6.4], "texture": "#0"}
			}
		},
		{
			"from": [7, -15.5, 7.4],
			"to": [8, 5.5, 8.6],
			"rotation": {"angle": -45, "axis": "x", "origin": [10, 1, -7.5]},
			"faces": {
				"north": {"uv": [2, 0, 4.7, 16], "rotation": 180, "texture": "#0"},
				"east": {"uv": [0, 1, 16, 4.4], "rotation": 90, "texture": "#0"},
				"south": {"uv": [2, 0, 4.7, 16], "texture": "#0"},
				"west": {"uv": [0, 1, 16, 4.4], "rotation": 270, "texture": "#0"},
				"up": {"uv": [2, 0, 4.7, 3.4], "rotation": 180, "texture": "#0"},
				"down": {"uv": [2, 0, 4.7, 3.4], "texture": "#0"}
			}
		},
		{
			"from": [8, -15.5, 7.5],
			"to": [9, 5.5, 8.5],
			"rotation": {"angle": 45, "axis": "x", "origin": [10, 1, 23.5]},
			"faces": {
				"north": {"uv": [4, 0, 6.7, 16], "texture": "#0"},
				"east": {"uv": [0, 4, 16, 7.4], "rotation": 90, "texture": "#0"},
				"south": {"uv": [4, 0, 6.7, 16], "rotation": 180, "texture": "#0"},
				"west": {"uv": [0, 4, 16, 7.4], "rotation": 270, "texture": "#0"},
				"up": {"uv": [2, 3, 4.7, 6.4], "rotation": 180, "texture": "#0"},
				"down": {"uv": [2, 3, 4.7, 6.4], "texture": "#0"}
			}
		},
		{
			"from": [5.64, 13.4, -0.58],
			"to": [10.92, 14.72, 16.58],
			"rotation": {"angle": 0, "axis": "y", "origin": [4.32, -5.08, -2.56]},
			"faces": {
				"north": {"uv": [0, 0, 5.7, 3.4], "texture": "#0"},
				"east": {"uv": [0, 0, 14.7, 3.4], "texture": "#0"},
				"south": {"uv": [0, 0, 5.7, 3.4], "texture": "#0"},
				"west": {"uv": [0, 0, 14.7, 3.4], "texture": "#0"},
				"up": {"uv": [0, 0, 5.7, 15.4], "texture": "#0"},
				"down": {"uv": [0, 0, 5.7, 15.4], "texture": "#0"}
			}
		},
		{
			"from": [-15.56, 13.72, 14.732],
			"to": [15.56, 15.94, 18.692],
			"rotation": {"angle": 0, "axis": "y", "origin": [-10.56, -5.08, -1.768]},
			"faces": {
				"north": {"uv": [0, 0, 8, 16], "rotation": 90, "texture": "#3"},
				"east": {"uv": [0, 1, 16, 16], "texture": "#2"},
				"south": {"uv": [0, 0, 8, 16], "rotation": 90, "texture": "#3"},
				"west": {"uv": [0, 1, 16, 16], "texture": "#2"},
				"up": {"uv": [0, 0, 16, 16], "rotation": 90, "texture": "#1"},
				"down": {"uv": [0, 0, 8, 16], "rotation": 90, "texture": "#3"}
			}
		},
		{
			"from": [-15.56, 13.72, -2.692],
			"to": [15.56, 15.94, 1.268],
			"rotation": {"angle": 0, "axis": "y", "origin": [-10.56, -5.08, 17.768]},
			"faces": {
				"north": {"uv": [0, 16, 8, 0], "rotation": 90, "texture": "#3"},
				"east": {"uv": [16, 1, 0, 16], "texture": "#2"},
				"south": {"uv": [0, 16, 8, 0], "rotation": 90, "texture": "#3"},
				"west": {"uv": [16, 1, 0, 16], "texture": "#2"},
				"up": {"uv": [16, 0, 0, 16], "rotation": 90, "texture": "#1"},
				"down": {"uv": [8, 0, 0, 16], "rotation": 90, "texture": "#3"}
			}
		},
		{
			"from": [-15.56, 13.72, 1.708],
			"to": [15.56, 15.94, 5.668],
			"rotation": {"angle": 0, "axis": "y", "origin": [-10.56, -5.08, 17.768]},
			"faces": {
				"north": {"uv": [0, 16, 8, 0], "rotation": 90, "texture": "#3"},
				"east": {"uv": [16, 1, 0, 16], "texture": "#2"},
				"south": {"uv": [0, 16, 8, 0], "rotation": 90, "texture": "#3"},
				"west": {"uv": [16, 1, 0, 16], "texture": "#2"},
				"up": {"uv": [16, 0, 0, 16], "rotation": 90, "texture": "#1"},
				"down": {"uv": [8, 0, 0, 16], "rotation": 90, "texture": "#3"}
			}
		},
		{
			"from": [-15.56, 13.72, 10.432],
			"to": [15.56, 15.94, 14.392],
			"rotation": {"angle": 0, "axis": "y", "origin": [-10.56, -5.08, -1.768]},
			"faces": {
				"north": {"uv": [0, 0, 8, 16], "rotation": 90, "texture": "#3"},
				"east": {"uv": [0, 1, 16, 16], "texture": "#2"},
				"south": {"uv": [0, 0, 8, 16], "rotation": 90, "texture": "#3"},
				"west": {"uv": [0, 1, 16, 16], "texture": "#2"},
				"up": {"uv": [0, 0, 16, 16], "rotation": 90, "texture": "#1"},
				"down": {"uv": [0, 0, 8, 16], "rotation": 90, "texture": "#3"}
			}
		},
		{
			"from": [-15.56, 13.72, 6.032],
			"to": [15.56, 15.94, 9.992],
			"rotation": {"angle": 0, "axis": "y", "origin": [-10.56, -5.08, -1.768]},
			"faces": {
				"north": {"uv": [0, 0, 8, 16], "rotation": 90, "texture": "#3"},
				"east": {"uv": [0, 1, 16, 16], "texture": "#2"},
				"south": {"uv": [0, 0, 8, 16], "rotation": 90, "texture": "#3"},
				"west": {"uv": [0, 1, 16, 16], "texture": "#2"},
				"up": {"uv": [0, 0, 16, 16], "rotation": 90, "texture": "#1"},
				"down": {"uv": [0, 0, 8, 16], "rotation": 90, "texture": "#3"}
			}
		}
	],
	"display": {
		"thirdperson_righthand": {
			"rotation": [21, 11, 0],
			"translation": [3.5, 0, 0],
			"scale": [0.4, 0.4, 0.4]
		},
		"thirdperson_lefthand": {
			"rotation": [21, 11, 0],
			"translation": [-3.5, 0, 0],
			"scale": [0.4, 0.4, 0.4]
		},
		"firstperson_righthand": {
			"rotation": [21, 11, 0],
			"translation": [3.5, 0, 0],
			"scale": [0.4, 0.4, 0.4]
		},
		"firstperson_lefthand": {
			"rotation": [21, 11, 0],
			"translation": [-3.5, 0, 0],
			"scale": [0.4, 0.4, 0.4]
		},
		"ground": {
			"rotation": [21, 11, 0],
			"translation": [3.5, 3, 0],
			"scale": [0.4, 0.4, 0.4]
		},
		"gui": {
			"rotation": [-158.52, 35.02, -179.73],
			"translation": [-2.5, -0.75, 0],
			"scale": [0.4, 0.4, 0.4]
		},
		"head": {
			"rotation": [21, 11, 0],
			"scale": [0, 0, 0]
		},
		"fixed": {
			"rotation": [-90, 0, 0],
			"translation": [0, 0, -15],
			"scale": [2, 2, 2]
		}
	},
	"groups": [
		{
			"name": "table",
			"origin": [0, 0, 0.6],
			"color": 0,
			"children": [0, 1, 2, 3, 4, 5, 6, 7, 8, 9, 10, 11]
		}
	]
}