{
	"credit": "Made with Blockbench",
	"texture_size": [64, 64],
	"textures": {
		"0": "deco/table_3_a",
		"particle": "deco/table_3_a"
	},
	"elements": [
		{
			"from": [11, 8, 11],
			"to": [16, 12, 16],
			"faces": {
				"north": {"uv": [5.25, 4, 6.5, 5], "texture": "#0"},
				"east": {"uv": [5.25, 5, 6.5, 6], "texture": "#0"},
				"south": {"uv": [5.25, 6, 6.5, 7], "texture": "#0"},
				"west": {"uv": [4, 6.5, 5.25, 7.5], "texture": "#0"},
				"up": {"uv": [5.25, 5.25, 4, 4], "texture": "#0"},
				"down": {"uv": [5.25, 5.25, 4, 6.5], "texture": "#0"}
			}
		},
		{
			"from": [13, 0, 13],
			"to": [16, 4, 16],
			"faces": {
				"north": {"uv": [4, 7.5, 4.75, 8.5], "texture": "#0"},
				"east": {"uv": [7.5, 4, 8.25, 5], "texture": "#0"},
				"south": {"uv": [7.5, 5, 8.25, 6], "texture": "#0"},
				"west": {"uv": [7.5, 6, 8.25, 7], "texture": "#0"},
				"up": {"uv": [0.75, 8.75, 0, 8], "texture": "#0"},
				"down": {"uv": [8.75, 0, 8, 0.75], "texture": "#0"}
			}
		},
		{
			"from": [12, 4, 12],
			"to": [16, 8, 16],
			"faces": {
				"north": {"uv": [6.5, 4, 7.5, 5], "texture": "#0"},
				"east": {"uv": [6.5, 5, 7.5, 6], "texture": "#0"},
				"south": {"uv": [6.5, 6, 7.5, 7], "texture": "#0"},
				"west": {"uv": [5.25, 7, 6.25, 8], "texture": "#0"},
				"up": {"uv": [7.25, 8, 6.25, 7], "texture": "#0"},
				"down": {"uv": [8.25, 7, 7.25, 8], "texture": "#0"}
			}
		},
		{
			"from": [0, 12, 0],
			"to": [16, 16, 16],
			"faces": {
				"north": {"uv": [4, 0, 8, 1], "texture": "#0"},
				"east": {"uv": [4, 3, 8, 4], "texture": "#0"},
				"south": {"uv": [4, 3, 8, 4], "texture": "#0"},
				"west": {"uv": [4, 3, 8, 4], "texture": "#0"},
				"up": {"uv": [4, 4, 0, 0], "texture": "#0"},
				"down": {"uv": [4, 4, 0, 8], "texture": "#0"}
			}
		}
	],
	"display": {
		"thirdperson_righthand": {
			"scale": [0.2, 0.2, 0.2]
		},
		"thirdperson_lefthand": {
			"scale": [0.2, 0.2, 0.2]
		},
		"firstperson_righthand": {
			"scale": [0.3, 0.2, 0.2]
		},
		"firstperson_lefthand": {
			"scale": [0.3, 0.2, 0.2]
		},
		"ground": {
			"scale": [0.4, 0.4, 0.4]
		},
		"gui": {
			"rotation": [-144.4, 75.5, 167.43],
			"translation": [0, -1.75, 0],
			"scale": [0.5, 0.5, 0.5]
		},
		"head": {
			"scale": [0, 0, 0]
		},
		"fixed": {
			"rotation": [-90, 0, 0],
			"translation": [0, 0, -16],
			"scale": [2, 2, 2]
		}
	},
	"groups": [
		{
			"name": "group",
			"origin": [8, 8, 8],
			"color": 0,
			"children": [0, 1, 2, 3]
		}
	]
}