{
	"credit": "Made with Blockbench",
	"textures": {
		"0": "deco/table_4_a",
		"1": "deco/plate",
		"2": "deco/spoon_and_folk",
		"particle": "deco/table_4_a"
	},
	"elements": [
		{
			"from": [-13, 12, 1],
			"to": [13, 16, 2],
			"rotation": {"angle": 0, "axis": "y", "origin": [8, 0, 0]},
			"faces": {
				"north": {"uv": [7.25, 2, 13.75, 3], "texture": "#0"},
				"east": {"uv": [6.25, 8.5, 6.5, 9.5], "texture": "#0"},
				"south": {"uv": [7.25, 3, 13.75, 4], "texture": "#0"},
				"west": {"uv": [2, 12, 2.25, 13], "texture": "#0"},
				"up": {"uv": [15.5, 8.25, 9, 8], "texture": "#0"},
				"down": {"uv": [15.5, 8.25, 9, 8.5], "texture": "#0"}
			}
		},
		{
			"from": [-14.5, 12, 2],
			"to": [14.5, 16, 16],
			"rotation": {"angle": 0, "axis": "y", "origin": [8, 0, 0]},
			"faces": {
				"north": {"uv": [7.25, 0, 14.5, 1], "texture": "#0"},
				"east": {"uv": [7.25, 4, 11, 5], "texture": "#0"},
				"south": {"uv": [7.25, 1, 14.5, 2], "texture": "#0"},
				"west": {"uv": [7.25, 5, 11, 6], "texture": "#0"},
				"up": {"uv": [7.25, 3.75, 0, 0], "texture": "#0"},
				"down": {"uv": [7.25, 3.75, 0, 7.5], "texture": "#0"}
			}
		},
		{
			"from": [14.5, 12, 4],
			"to": [15.5, 16, 16],
			"rotation": {"angle": 0, "axis": "y", "origin": [8, 0, 0]},
			"faces": {
				"north": {"uv": [9.75, 12.25, 10, 13.25], "texture": "#0"},
				"east": {"uv": [7.25, 6, 10.5, 7], "texture": "#0"},
				"south": {"uv": [1.25, 12.5, 1.5, 13.5], "texture": "#0"},
				"west": {"uv": [7.25, 7, 10.5, 8], "texture": "#0"},
				"up": {"uv": [5.25, 14, 5, 10.75], "texture": "#0"},
				"down": {"uv": [5.5, 10.75, 5.25, 14], "texture": "#0"}
			}
		},
		{
			"from": [-15.5, 12, 4],
			"to": [-14.5, 16, 16],
			"rotation": {"angle": 0, "axis": "y", "origin": [8, 0, 0]},
			"faces": {
				"north": {"uv": [1.5, 12.5, 1.75, 13.5], "texture": "#0"},
				"east": {"uv": [0, 7.5, 3.25, 8.5], "texture": "#0"},
				"south": {"uv": [1.75, 12.5, 2, 13.5], "texture": "#0"},
				"west": {"uv": [3.25, 7.5, 6.5, 8.5], "texture": "#0"},
				"up": {"uv": [8.25, 14, 8, 10.75], "texture": "#0"},
				"down": {"uv": [8.5, 10.75, 8.25, 14], "texture": "#0"}
			}
		},
		{
			"from": [11, 8, 0.5],
			"to": [16, 12, 6],
			"rotation": {"angle": 0, "axis": "y", "origin": [8, 0, 0]},
			"faces": {
				"north": {"uv": [9.25, 9.75, 10.5, 10.75], "texture": "#0"},
				"east": {"uv": [6.25, 9.5, 7.75, 10.5], "texture": "#0"},
				"south": {"uv": [0, 10, 1.25, 11], "texture": "#0"},
				"west": {"uv": [2.5, 9.75, 4, 10.75], "texture": "#0"},
				"up": {"uv": [7.75, 9.5, 6.5, 8], "texture": "#0"},
				"down": {"uv": [9, 8, 7.75, 9.5], "texture": "#0"}
			}
		},
		{
			"from": [10.5, 4, 1.5],
			"to": [15.5, 8, 6.5],
			"rotation": {"angle": 0, "axis": "y", "origin": [8, 0, 0]},
			"faces": {
				"north": {"uv": [1.25, 10, 2.5, 11], "texture": "#0"},
				"east": {"uv": [10.25, 8.5, 11.5, 9.5], "texture": "#0"},
				"south": {"uv": [5.5, 10.5, 6.75, 11.5], "texture": "#0"},
				"west": {"uv": [10.5, 6, 11.75, 7], "texture": "#0"},
				"up": {"uv": [3.75, 9.75, 2.5, 8.5], "texture": "#0"},
				"down": {"uv": [5, 8.5, 3.75, 9.75], "texture": "#0"}
			}
		},
		{
			"from": [10, 8, 2],
			"to": [11, 12, 5],
			"rotation": {"angle": 0, "axis": "y", "origin": [8, 0, 0]},
			"faces": {
				"north": {"uv": [12.5, 4, 12.75, 5], "texture": "#0"},
				"east": {"uv": [8.5, 10.75, 9.25, 11.75], "texture": "#0"},
				"south": {"uv": [4.5, 12.5, 4.75, 13.5], "texture": "#0"},
				"west": {"uv": [9.25, 10.75, 10, 11.75], "texture": "#0"},
				"up": {"uv": [2.5, 11.75, 2.25, 11], "texture": "#0"},
				"down": {"uv": [11, 12.5, 10.75, 13.25], "texture": "#0"}
			}
		},
		{
			"from": [12, 8, 6],
			"to": [15, 12, 7],
			"rotation": {"angle": 0, "axis": "y", "origin": [8, 0, 0]},
			"faces": {
				"north": {"uv": [0, 11, 0.75, 12], "texture": "#0"},
				"east": {"uv": [4.75, 12.5, 5, 13.5], "texture": "#0"},
				"south": {"uv": [0.75, 11, 1.5, 12], "texture": "#0"},
				"west": {"uv": [12.5, 5, 12.75, 6], "texture": "#0"},
				"up": {"uv": [8.5, 9.75, 7.75, 9.5], "texture": "#0"},
				"down": {"uv": [7.5, 10.5, 6.75, 10.75], "texture": "#0"}
			}
		},
		{
			"from": [11, 0, 3.1],
			"to": [13.8, 4, 5.9],
			"rotation": {"angle": 0, "axis": "y", "origin": [8, 0, 0]},
			"faces": {
				"north": {"uv": [1.5, 11, 2.25, 12], "texture": "#0"},
				"east": {"uv": [11, 4, 11.75, 5], "texture": "#0"},
				"south": {"uv": [11, 5, 11.75, 6], "texture": "#0"},
				"west": {"uv": [5.5, 11.5, 6.25, 12.5], "texture": "#0"},
				"up": {"uv": [6.25, 10.5, 5.5, 9.75], "texture": "#0"},
				"down": {"uv": [12.5, 5, 11.75, 5.75], "texture": "#0"}
			}
		},
		{
			"from": [8, 10, 2],
			"to": [10, 12, 5],
			"rotation": {"angle": 0, "axis": "y", "origin": [8, 0, 0]},
			"faces": {
				"north": {"uv": [5.5, 12.5, 6, 13], "texture": "#0"},
				"east": {"uv": [6.5, 7.5, 7.25, 8], "texture": "#0"},
				"south": {"uv": [6, 12.5, 6.5, 13], "texture": "#0"},
				"west": {"uv": [11.75, 6.5, 12.5, 7], "texture": "#0"},
				"up": {"uv": [10.5, 11.5, 10, 10.75], "texture": "#0"},
				"down": {"uv": [5, 11.75, 4.5, 12.5], "texture": "#0"}
			}
		},
		{
			"from": [6, 11, 2],
			"to": [8, 12, 5],
			"rotation": {"angle": 0, "axis": "y", "origin": [8, 0, 0]},
			"faces": {
				"north": {"uv": [8.5, 9.5, 9, 9.75], "texture": "#0"},
				"east": {"uv": [11.75, 7.75, 12.5, 8], "texture": "#0"},
				"south": {"uv": [6.25, 11.5, 6.75, 11.75], "texture": "#0"},
				"west": {"uv": [12.5, 7.75, 13.25, 8], "texture": "#0"},
				"up": {"uv": [7.5, 12.5, 7, 11.75], "texture": "#0"},
				"down": {"uv": [12.25, 7, 11.75, 7.75], "texture": "#0"}
			}
		},
		{
			"from": [12, 10, 7],
			"to": [15, 12, 9],
			"rotation": {"angle": 0, "axis": "y", "origin": [8, 0, 0]},
			"faces": {
				"north": {"uv": [8.5, 11.75, 9.25, 12.25], "texture": "#0"},
				"east": {"uv": [12.5, 6, 13, 6.5], "texture": "#0"},
				"south": {"uv": [9.25, 11.75, 10, 12.25], "texture": "#0"},
				"west": {"uv": [6.5, 12.5, 7, 13], "texture": "#0"},
				"up": {"uv": [12.5, 10, 11.75, 9.5], "texture": "#0"},
				"down": {"uv": [12.5, 10, 11.75, 10.5], "texture": "#0"}
			}
		},
		{
			"from": [12, 11, 9],
			"to": [15, 12, 11],
			"rotation": {"angle": 0, "axis": "y", "origin": [8, 0, 0]},
			"faces": {
				"north": {"uv": [11, 12.5, 11.75, 12.75], "texture": "#0"},
				"east": {"uv": [12.75, 4.25, 13.25, 4.5], "texture": "#0"},
				"south": {"uv": [12.5, 11, 13.25, 11.25], "texture": "#0"},
				"west": {"uv": [12.75, 4.5, 13.25, 4.75], "texture": "#0"},
				"up": {"uv": [12.5, 11, 11.75, 10.5], "texture": "#0"},
				"down": {"uv": [12.5, 11, 11.75, 11.5], "texture": "#0"}
			}
		},
		{
			"from": [-13.8, 0, 3.1],
			"to": [-11, 4, 5.9],
			"rotation": {"angle": 0, "axis": "y", "origin": [24, 0, 0]},
			"faces": {
				"north": {"uv": [11.5, 8.5, 12.25, 9.5], "texture": "#0"},
				"east": {"uv": [10, 11.5, 10.75, 12.5], "texture": "#0"},
				"south": {"uv": [10.75, 11.5, 11.5, 12.5], "texture": "#0"},
				"west": {"uv": [11.5, 11.5, 12.25, 12.5], "texture": "#0"},
				"up": {"uv": [12.5, 6.5, 11.75, 5.75], "texture": "#0"},
				"down": {"uv": [7, 11.75, 6.25, 12.5], "texture": "#0"}
			}
		},
		{
			"from": [-15.5, 4, 1.5],
			"to": [-10.5, 8, 6.5],
			"rotation": {"angle": 0, "axis": "y", "origin": [24, 0, 0]},
			"faces": {
				"north": {"uv": [10.5, 7, 11.75, 8], "texture": "#0"},
				"east": {"uv": [10.5, 9.5, 11.75, 10.5], "texture": "#0"},
				"south": {"uv": [10.5, 10.5, 11.75, 11.5], "texture": "#0"},
				"west": {"uv": [2.5, 10.75, 3.75, 11.75], "texture": "#0"},
				"up": {"uv": [6.25, 9.75, 5, 8.5], "texture": "#0"},
				"down": {"uv": [10.25, 8.5, 9, 9.75], "texture": "#0"}
			}
		},
		{
			"from": [-8, 11, 2],
			"to": [-6, 12, 5],
			"rotation": {"angle": 0, "axis": "y", "origin": [24, 0, 0]},
			"faces": {
				"north": {"uv": [12.75, 4.75, 13.25, 5], "texture": "#0"},
				"east": {"uv": [12.5, 11.25, 13.25, 11.5], "texture": "#0"},
				"south": {"uv": [12.75, 5, 13.25, 5.25], "texture": "#0"},
				"west": {"uv": [11.75, 12.5, 12.5, 12.75], "texture": "#0"},
				"up": {"uv": [8, 12.5, 7.5, 11.75], "texture": "#0"},
				"down": {"uv": [0.5, 12, 0, 12.75], "texture": "#0"}
			}
		},
		{
			"from": [-11, 8, 2],
			"to": [-10, 12, 5],
			"rotation": {"angle": 0, "axis": "y", "origin": [24, 0, 0]},
			"faces": {
				"north": {"uv": [7, 12.5, 7.25, 13.5], "texture": "#0"},
				"east": {"uv": [2.25, 11.75, 3, 12.75], "texture": "#0"},
				"south": {"uv": [7.25, 12.5, 7.5, 13.5], "texture": "#0"},
				"west": {"uv": [3, 11.75, 3.75, 12.75], "texture": "#0"},
				"up": {"uv": [12.75, 13.25, 12.5, 12.5], "texture": "#0"},
				"down": {"uv": [0.25, 12.75, 0, 13.5], "texture": "#0"}
			}
		},
		{
			"from": [-10, 10, 2],
			"to": [-8, 12, 5],
			"rotation": {"angle": 0, "axis": "y", "origin": [24, 0, 0]},
			"faces": {
				"north": {"uv": [12.5, 6.5, 13, 7], "texture": "#0"},
				"east": {"uv": [0.5, 12, 1.25, 12.5], "texture": "#0"},
				"south": {"uv": [7.5, 12.5, 8, 13], "texture": "#0"},
				"west": {"uv": [1.25, 12, 2, 12.5], "texture": "#0"},
				"up": {"uv": [12.75, 7.75, 12.25, 7], "texture": "#0"},
				"down": {"uv": [9, 12.25, 8.5, 13], "texture": "#0"}
			}
		},
		{
			"from": [-16, 8, 0.5],
			"to": [-11, 12, 6],
			"rotation": {"angle": 0, "axis": "y", "origin": [24, 0, 0]},
			"faces": {
				"north": {"uv": [3.75, 10.75, 5, 11.75], "texture": "#0"},
				"east": {"uv": [4, 9.75, 5.5, 10.75], "texture": "#0"},
				"south": {"uv": [6.75, 10.75, 8, 11.75], "texture": "#0"},
				"west": {"uv": [7.75, 9.75, 9.25, 10.75], "texture": "#0"},
				"up": {"uv": [1.25, 10, 0, 8.5], "texture": "#0"},
				"down": {"uv": [2.5, 8.5, 1.25, 10], "texture": "#0"}
			}
		},
		{
			"from": [-15, 8, 6],
			"to": [-12, 12, 7],
			"rotation": {"angle": 0, "axis": "y", "origin": [24, 0, 0]},
			"faces": {
				"north": {"uv": [3.75, 11.75, 4.5, 12.75], "texture": "#0"},
				"east": {"uv": [12.5, 9.5, 12.75, 10.5], "texture": "#0"},
				"south": {"uv": [11.75, 4, 12.5, 5], "texture": "#0"},
				"west": {"uv": [10, 12.5, 10.25, 13.5], "texture": "#0"},
				"up": {"uv": [3, 13, 2.25, 12.75], "texture": "#0"},
				"down": {"uv": [3.75, 12.75, 3, 13], "texture": "#0"}
			}
		},
		{
			"from": [-15, 10, 7],
			"to": [-12, 12, 9],
			"rotation": {"angle": 0, "axis": "y", "origin": [24, 0, 0]},
			"faces": {
				"north": {"uv": [12.25, 8.5, 13, 9], "texture": "#0"},
				"east": {"uv": [10.25, 12.5, 10.75, 13], "texture": "#0"},
				"south": {"uv": [9, 12.25, 9.75, 12.75], "texture": "#0"},
				"west": {"uv": [12.5, 10.5, 13, 11], "texture": "#0"},
				"up": {"uv": [13, 9.5, 12.25, 9], "texture": "#0"},
				"down": {"uv": [13, 11.5, 12.25, 12], "texture": "#0"}
			}
		},
		{
			"from": [-15, 11, 9],
			"to": [-12, 12, 11],
			"rotation": {"angle": 0, "axis": "y", "origin": [24, 0, 0]},
			"faces": {
				"north": {"uv": [3.75, 12.75, 4.5, 13], "texture": "#0"},
				"east": {"uv": [12.75, 5.25, 13.25, 5.5], "texture": "#0"},
				"south": {"uv": [12.75, 4, 13.5, 4.25], "texture": "#0"},
				"west": {"uv": [12.75, 5.5, 13.25, 5.75], "texture": "#0"},
				"up": {"uv": [13, 12.5, 12.25, 12], "texture": "#0"},
				"down": {"uv": [1.25, 12.5, 0.5, 13], "texture": "#0"}
			}
		},
		{
			"from": [-13, 16.4, 7],
			"to": [-7, 16.4, 13],
			"faces": {
				"north": {"uv": [0, 0, 6, 0], "texture": "#2"},
				"east": {"uv": [0, 0, 6, 0], "texture": "#2"},
				"south": {"uv": [0, 0, 6, 0], "texture": "#2"},
				"west": {"uv": [0, 0, 6, 0], "texture": "#2"},
				"up": {"uv": [6, 6, 0, 0], "rotation": 180, "texture": "#2"},
				"down": {"uv": [6, 6, 0, 12], "rotation": 180, "texture": "#2"}
			}
		},
		{
			"from": [7, 16.4, 7],
			"to": [13, 16.4, 13],
			"faces": {
				"north": {"uv": [0, 0, 6, 0], "texture": "#2"},
				"east": {"uv": [0, 0, 6, 0], "texture": "#2"},
				"south": {"uv": [0, 0, 6, 0], "texture": "#2"},
				"west": {"uv": [0, 0, 6, 0], "texture": "#2"},
				"up": {"uv": [6, 6, 0, 0], "texture": "#2"},
				"down": {"uv": [6, 6, 0, 12], "texture": "#2"}
			}
		},
		{
			"from": [-13, 16, 7],
			"to": [-7, 16.3, 13],
			"faces": {
				"north": {"uv": [6, 0, 12, 0.5], "texture": "#1"},
				"east": {"uv": [6, 1, 12, 1.5], "texture": "#1"},
				"south": {"uv": [6, 2, 12, 2.5], "texture": "#1"},
				"west": {"uv": [6, 3, 12, 3.5], "texture": "#1"},
				"up": {"uv": [6, 6, 0, 0], "texture": "#1"},
				"down": {"uv": [6, 6, 0, 12], "texture": "#1"}
			}
		},
		{
			"from": [7, 16, 7],
			"to": [13, 16.3, 13],
			"faces": {
				"north": {"uv": [6, 0, 12, 0.5], "texture": "#1"},
				"east": {"uv": [6, 1, 12, 1.5], "texture": "#1"},
				"south": {"uv": [6, 2, 12, 2.5], "texture": "#1"},
				"west": {"uv": [6, 3, 12, 3.5], "texture": "#1"},
				"up": {"uv": [6, 6, 0, 0], "texture": "#1"},
				"down": {"uv": [6, 6, 0, 12], "texture": "#1"}
			}
		}
	],
	"display": {
		"thirdperson_righthand": {
			"translation": [1.5, 0, 0],
			"scale": [0.2, 0.2, 0.2]
		},
		"thirdperson_lefthand": {
			"translation": [-1.5, 0, 0],
			"scale": [0.2, 0.2, 0.2]
		},
		"firstperson_righthand": {
			"translation": [1.5, 0, 0],
			"scale": [0.2, 0.2, 0.2]
		},
		"firstperson_lefthand": {
			"translation": [-1.5, 0, 0],
			"scale": [0.2, 0.2, 0.2]
		},
		"ground": {
			"scale": [0.4, 0.4, 0.4]
		},
		"gui": {
			"rotation": [-158.97, 42.35, -175.13],
			"translation": [-2.25, 1, 0],
			"scale": [0.4, 0.4, 0.4]
		},
		"head": {
			"scale": [0, 0, 0]
		},
		"fixed": {
			"rotation": [-90, 0, 0],
			"translation": [0, 0, -16],
			"scale": [2, 2, 2]
		}
	},
	"groups": [
		{
			"name": "group",
			"origin": [24, 0, 0],
			"color": 0,
			"children": [0, 1, 2, 3, 4, 5, 6, 7, 8, 9, 10, 11, 12, 13, 14, 15, 16, 17, 18, 19, 20, 21, 22, 23, 24, 25]
		}
	]
}