{
	"credit": "Made with Blockbench",
	"texture_size": [64, 64],
	"textures": {
		"0": "deco/table_6_a",
		"particle": "deco/table_6_a"
	},
	"elements": [
		{
			"from": [-16, 14, 0],
			"to": [16, 16, 16],
			"rotation": {"angle": 0, "axis": "y", "origin": [16, 0, 0]},
			"faces": {
				"north": {"uv": [0, 8, 8, 8.5], "texture": "#0"},
				"east": {"uv": [8, 0.5, 12, 1], "texture": "#0"},
				"south": {"uv": [8, 0, 16, 0.5], "texture": "#0"},
				"west": {"uv": [8, 1, 12, 1.5], "texture": "#0"},
				"up": {"uv": [8, 4, 0, 0], "texture": "#0"},
				"down": {"uv": [8, 4, 0, 8], "texture": "#0"}
			}
		},
		{
			"from": [10.4, 7, 7],
			"to": [12.2, 14, 9],
			"rotation": {"angle": 0, "axis": "z", "origin": [16, 0, 0]},
			"faces": {
				"north": {"uv": [8, 1.5, 8.5, 3.25], "texture": "#0"},
				"east": {"uv": [8, 3.25, 8.5, 5], "texture": "#0"},
				"south": {"uv": [8, 5, 8.5, 6.75], "texture": "#0"},
				"west": {"uv": [8, 6.75, 8.5, 8.5], "texture": "#0"},
				"up": {"uv": [4, 9, 3.5, 8.5], "texture": "#0"},
				"down": {"uv": [4.5, 8.5, 4, 9], "texture": "#0"}
			}
		},
		{
			"from": [10.8, 0, 7.4],
			"to": [12, 7, 8.6],
			"rotation": {"angle": 0, "axis": "z", "origin": [16, 0, 0]},
			"faces": {
				"north": {"uv": [8.5, 1.5, 8.75, 3.25], "texture": "#0"},
				"east": {"uv": [2, 8.5, 2.25, 10.25], "texture": "#0"},
				"south": {"uv": [2.25, 8.5, 2.5, 10.25], "texture": "#0"},
				"west": {"uv": [2.5, 8.5, 2.75, 10.25], "texture": "#0"},
				"up": {"uv": [8.75, 5.25, 8.5, 5], "texture": "#0"},
				"down": {"uv": [8.75, 5.25, 8.5, 5.5], "texture": "#0"}
			}
		},
		{
			"from": [-13.2, 0, 6.4],
			"to": [-10, 1, 9.6],
			"rotation": {"angle": 0, "axis": "z", "origin": [16, 0, 0]},
			"faces": {
				"north": {"uv": [8.5, 1.5, 8.75, 3.25], "texture": "#0"},
				"east": {"uv": [2, 8.5, 2.25, 10.25], "texture": "#0"},
				"south": {"uv": [2.25, 8.5, 2.5, 10.25], "texture": "#0"},
				"west": {"uv": [2.5, 8.5, 2.75, 10.25], "texture": "#0"},
				"up": {"uv": [8.75, 5.25, 8.5, 5], "texture": "#0"},
				"down": {"uv": [8.75, 5.25, 8.5, 5.5], "texture": "#0"}
			}
		},
		{
			"from": [9.8, 0, 6.4],
			"to": [13, 1, 9.6],
			"rotation": {"angle": 0, "axis": "z", "origin": [16, 0, 0]},
			"faces": {
				"north": {"uv": [8.5, 1.5, 8.75, 3.25], "texture": "#0"},
				"east": {"uv": [2, 8.5, 2.25, 10.25], "texture": "#0"},
				"south": {"uv": [2.25, 8.5, 2.5, 10.25], "texture": "#0"},
				"west": {"uv": [2.5, 8.5, 2.75, 10.25], "texture": "#0"},
				"up": {"uv": [8.75, 5.25, 8.5, 5], "texture": "#0"},
				"down": {"uv": [8.75, 5.25, 8.5, 5.5], "texture": "#0"}
			}
		},
		{
			"from": [-12.6, 7, 7],
			"to": [-10.8, 14, 9],
			"rotation": {"angle": 0, "axis": "z", "origin": [16, 0, 0]},
			"faces": {
				"north": {"uv": [0, 8.5, 0.5, 10.25], "texture": "#0"},
				"east": {"uv": [0.5, 8.5, 1, 10.25], "texture": "#0"},
				"south": {"uv": [1, 8.5, 1.5, 10.25], "texture": "#0"},
				"west": {"uv": [1.5, 8.5, 2, 10.25], "texture": "#0"},
				"up": {"uv": [5, 9, 4.5, 8.5], "texture": "#0"},
				"down": {"uv": [5.5, 8.5, 5, 9], "texture": "#0"}
			}
		},
		{
			"from": [-12.2, 0, 7.4],
			"to": [-11, 7, 8.6],
			"rotation": {"angle": 0, "axis": "z", "origin": [16, 0, 0]},
			"faces": {
				"north": {"uv": [2.75, 8.5, 3, 10.25], "texture": "#0"},
				"east": {"uv": [3, 8.5, 3.25, 10.25], "texture": "#0"},
				"south": {"uv": [3.25, 8.5, 3.5, 10.25], "texture": "#0"},
				"west": {"uv": [8.5, 3.25, 8.75, 5], "texture": "#0"},
				"up": {"uv": [5.75, 8.75, 5.5, 8.5], "texture": "#0"},
				"down": {"uv": [8.75, 5.5, 8.5, 5.75], "texture": "#0"}
			}
		}
	],
	"display": {
		"thirdperson_righthand": {
			"translation": [1.5, 0, 0],
			"scale": [0.2, 0.2, 0.2]
		},
		"thirdperson_lefthand": {
			"translation": [-1.5, 0, 0],
			"scale": [0.2, 0.2, 0.2]
		},
		"firstperson_righthand": {
			"translation": [1.5, 0, 0],
			"scale": [0.2, 0.2, 0.2]
		},
		"firstperson_lefthand": {
			"translation": [-1.5, 0, 0],
			"scale": [0.2, 0.2, 0.2]
		},
		"ground": {
			"translation": [3.5, 0, 0],
			"scale": [0.4, 0.4, 0.4]
		},
		"gui": {
			"rotation": [-159.64, 55.66, -178.5],
			"translation": [-2.25, 0, 0],
			"scale": [0.5, 0.5, 0.5]
		},
		"head": {
			"scale": [0, 0, 0]
		},
		"fixed": {
			"rotation": [-90, 0, 0],
			"translation": [0, 0, -16],
			"scale": [2, 2, 2]
		}
	},
	"groups": [
		{
			"name": "group",
			"origin": [8, 8, 8],
			"color": 0,
			"children": [0, 1, 2, 3, 4, 5, 6]
		}
	]
}