{
	"credit": "Made with Blockbench",
	"texture_size": [64, 64],
	"textures": {
		"0": "deco/table_2_a",
		"particle": "deco/table_2_a"
	},
	"elements": [
		{
			"from": [-13, 14, 2],
			"to": [13, 16, 16],
			"rotation": {"angle": 0, "axis": "y", "origin": [-16, 0, 0]},
			"faces": {
				"north": {"uv": [6.5, 0, 13, 0.5], "texture": "#0"},
				"east": {"uv": [6.5, 3, 10, 3.5], "texture": "#0"},
				"south": {"uv": [6.5, 0.5, 13, 1], "texture": "#0"},
				"west": {"uv": [6.5, 3.5, 10, 4], "texture": "#0"},
				"up": {"uv": [6.5, 3.5, 0, 0], "texture": "#0"},
				"down": {"uv": [6.5, 3.5, 0, 7], "texture": "#0"}
			}
		},
		{
			"from": [13, 14, 3],
			"to": [14, 16, 16],
			"rotation": {"angle": 0, "axis": "y", "origin": [-16, 0, 0]},
			"faces": {
				"north": {"uv": [9.5, 6, 9.75, 6.5], "texture": "#0"},
				"east": {"uv": [6.5, 4, 9.75, 4.5], "texture": "#0"},
				"south": {"uv": [10.25, 6.5, 10.5, 7], "texture": "#0"},
				"west": {"uv": [6.5, 4.5, 9.75, 5], "texture": "#0"},
				"up": {"uv": [0.25, 13.75, 0, 10.5], "texture": "#0"},
				"down": {"uv": [0.5, 10.5, 0.25, 13.75], "texture": "#0"}
			}
		},
		{
			"from": [-11, 14, 1],
			"to": [11, 16, 2],
			"rotation": {"angle": 0, "axis": "y", "origin": [-16, 0, 0]},
			"faces": {
				"north": {"uv": [6.5, 1, 12, 1.5], "texture": "#0"},
				"east": {"uv": [4, 11.25, 4.25, 11.75], "texture": "#0"},
				"south": {"uv": [6.5, 1.5, 12, 2], "texture": "#0"},
				"west": {"uv": [4.25, 11.25, 4.5, 11.75], "texture": "#0"},
				"up": {"uv": [11.5, 7.25, 6, 7], "texture": "#0"},
				"down": {"uv": [11.5, 7.25, 6, 7.5], "texture": "#0"}
			}
		},
		{
			"from": [-9, 14, 0],
			"to": [9, 16, 1],
			"rotation": {"angle": 0, "axis": "y", "origin": [-16, 0, 0]},
			"faces": {
				"north": {"uv": [6.5, 2, 11, 2.5], "texture": "#0"},
				"east": {"uv": [4.5, 11.25, 4.75, 11.75], "texture": "#0"},
				"south": {"uv": [6.5, 2.5, 11, 3], "texture": "#0"},
				"west": {"uv": [4.75, 11.25, 5, 11.75], "texture": "#0"},
				"up": {"uv": [6.5, 9.5, 2, 9.25], "texture": "#0"},
				"down": {"uv": [11, 9.25, 6.5, 9.5], "texture": "#0"}
			}
		},
		{
			"from": [14, 14, 4],
			"to": [15, 16, 16],
			"rotation": {"angle": 0, "axis": "y", "origin": [-16, 0, 0]},
			"faces": {
				"north": {"uv": [5, 11.25, 5.25, 11.75], "texture": "#0"},
				"east": {"uv": [6.5, 6, 9.5, 6.5], "texture": "#0"},
				"south": {"uv": [5.25, 11.25, 5.5, 11.75], "texture": "#0"},
				"west": {"uv": [6.5, 6.5, 9.5, 7], "texture": "#0"},
				"up": {"uv": [1.25, 13.5, 1, 10.5], "texture": "#0"},
				"down": {"uv": [1.5, 10.5, 1.25, 13.5], "texture": "#0"}
			}
		},
		{
			"from": [15, 14, 6],
			"to": [16, 16, 16],
			"rotation": {"angle": 0, "axis": "y", "origin": [-16, 0, 0]},
			"faces": {
				"north": {"uv": [11.25, 6, 11.5, 6.5], "texture": "#0"},
				"east": {"uv": [0, 7.5, 2.5, 8], "texture": "#0"},
				"south": {"uv": [11.25, 6.5, 11.5, 7], "texture": "#0"},
				"west": {"uv": [2.5, 7.5, 5, 8], "texture": "#0"},
				"up": {"uv": [6.25, 13.25, 6, 10.75], "texture": "#0"},
				"down": {"uv": [6.5, 10.75, 6.25, 13.25], "texture": "#0"}
			}
		},
		{
			"from": [-16, 14, 6],
			"to": [-15, 16, 16],
			"faces": {
				"north": {"uv": [11.5, 3.75, 11.75, 4.25], "texture": "#0"},
				"east": {"uv": [5, 7.5, 7.5, 8], "texture": "#0"},
				"south": {"uv": [11.5, 6, 11.75, 6.5], "texture": "#0"},
				"west": {"uv": [7.5, 7.5, 10, 8], "texture": "#0"},
				"up": {"uv": [6.75, 13.25, 6.5, 10.75], "texture": "#0"},
				"down": {"uv": [7, 10.75, 6.75, 13.25], "texture": "#0"}
			}
		},
		{
			"from": [-15, 14, 4],
			"to": [-14, 16, 16],
			"faces": {
				"north": {"uv": [11.5, 6.5, 11.75, 7], "texture": "#0"},
				"east": {"uv": [0, 7, 3, 7.5], "texture": "#0"},
				"south": {"uv": [11.5, 7, 11.75, 7.5], "texture": "#0"},
				"west": {"uv": [3, 7, 6, 7.5], "texture": "#0"},
				"up": {"uv": [1.75, 13.5, 1.5, 10.5], "texture": "#0"},
				"down": {"uv": [2, 10.5, 1.75, 13.5], "texture": "#0"}
			}
		},
		{
			"from": [-14, 14, 3],
			"to": [-13, 16, 16],
			"faces": {
				"north": {"uv": [9, 11.5, 9.25, 12], "texture": "#0"},
				"east": {"uv": [6.5, 5, 9.75, 5.5], "texture": "#0"},
				"south": {"uv": [9.25, 11.5, 9.5, 12], "texture": "#0"},
				"west": {"uv": [6.5, 5.5, 9.75, 6], "texture": "#0"},
				"up": {"uv": [0.75, 13.75, 0.5, 10.5], "texture": "#0"},
				"down": {"uv": [1, 10.5, 0.75, 13.75], "texture": "#0"}
			}
		},
		{
			"from": [8, 9, 8],
			"to": [12, 14, 12],
			"rotation": {"angle": 0, "axis": "y", "origin": [12, 14, 10]},
			"faces": {
				"north": {"uv": [0, 8, 1, 9.25], "texture": "#0"},
				"east": {"uv": [1, 8, 2, 9.25], "texture": "#0"},
				"south": {"uv": [2, 8, 3, 9.25], "texture": "#0"},
				"west": {"uv": [3, 8, 4, 9.25], "texture": "#0"},
				"up": {"uv": [3, 10.5, 2, 9.5], "texture": "#0"},
				"down": {"uv": [4, 9.5, 3, 10.5], "texture": "#0"}
			}
		},
		{
			"from": [9, 5.5, 11],
			"to": [11, 11, 13],
			"rotation": {"angle": -22.5, "axis": "x", "origin": [-16, 0, 0]},
			"faces": {
				"north": {"uv": [10, 7.5, 10.5, 9], "texture": "#0"},
				"east": {"uv": [2, 10.5, 2.5, 12], "texture": "#0"},
				"south": {"uv": [2.5, 10.5, 3, 12], "texture": "#0"},
				"west": {"uv": [3, 10.5, 3.5, 12], "texture": "#0"},
				"up": {"uv": [11, 11.5, 10.5, 11], "texture": "#0"},
				"down": {"uv": [11.5, 10.5, 11, 11], "texture": "#0"}
			}
		},
		{
			"from": [8, 4, 9],
			"to": [11.5, 9, 12],
			"rotation": {"angle": 0, "axis": "x", "origin": [12, 14, 10]},
			"faces": {
				"north": {"uv": [4, 8, 5, 9.25], "texture": "#0"},
				"east": {"uv": [6, 9.5, 6.75, 10.75], "texture": "#0"},
				"south": {"uv": [5, 8, 6, 9.25], "texture": "#0"},
				"west": {"uv": [6.75, 9.5, 7.5, 10.75], "texture": "#0"},
				"up": {"uv": [11, 3.75, 10, 3], "texture": "#0"},
				"down": {"uv": [4.5, 10.5, 3.5, 11.25], "texture": "#0"}
			}
		},
		{
			"from": [8.4, 1, 13],
			"to": [10.9, 6, 15.3],
			"rotation": {"angle": 22.5, "axis": "x", "origin": [12, 14, 10]},
			"faces": {
				"north": {"uv": [7.5, 9.5, 8.25, 10.75], "texture": "#0"},
				"east": {"uv": [7, 10.75, 7.5, 12], "texture": "#0"},
				"south": {"uv": [8.25, 9.5, 9, 10.75], "texture": "#0"},
				"west": {"uv": [7.5, 10.75, 8, 12], "texture": "#0"},
				"up": {"uv": [10.25, 7, 9.5, 6.5], "texture": "#0"},
				"down": {"uv": [11.75, 2.75, 11, 3.25], "texture": "#0"}
			}
		},
		{
			"from": [8.2, 0.7, 11.9],
			"to": [11.2, 3, 14.9],
			"rotation": {"angle": 22.5, "axis": "x", "origin": [12, 14, 10]},
			"faces": {
				"north": {"uv": [11, 3.25, 11.75, 3.75], "texture": "#0"},
				"east": {"uv": [11, 4.5, 11.75, 5], "texture": "#0"},
				"south": {"uv": [11, 5, 11.75, 5.5], "texture": "#0"},
				"west": {"uv": [11, 5.5, 11.75, 6], "texture": "#0"},
				"up": {"uv": [11.25, 6.75, 10.5, 6], "texture": "#0"},
				"down": {"uv": [9.75, 10.75, 9, 11.5], "texture": "#0"}
			}
		},
		{
			"from": [-11.2, 0.7, 11.9],
			"to": [-8.2, 3, 14.9],
			"rotation": {"angle": 22.5, "axis": "x", "origin": [-12, 14, 10]},
			"faces": {
				"north": {"uv": [11, 7.5, 11.75, 8], "texture": "#0"},
				"east": {"uv": [11, 8, 11.75, 8.5], "texture": "#0"},
				"south": {"uv": [11, 8.5, 11.75, 9], "texture": "#0"},
				"west": {"uv": [11, 9, 11.75, 9.5], "texture": "#0"},
				"up": {"uv": [10.5, 11.5, 9.75, 10.75], "texture": "#0"},
				"down": {"uv": [11.75, 2, 11, 2.75], "texture": "#0"}
			}
		},
		{
			"from": [-10.9, 1, 13],
			"to": [-8.4, 6, 15.3],
			"rotation": {"angle": 22.5, "axis": "x", "origin": [-12, 14, 10]},
			"faces": {
				"north": {"uv": [9, 9.5, 9.75, 10.75], "texture": "#0"},
				"east": {"uv": [8, 10.75, 8.5, 12], "texture": "#0"},
				"south": {"uv": [9.75, 4, 10.5, 5.25], "texture": "#0"},
				"west": {"uv": [8.5, 10.75, 9, 12], "texture": "#0"},
				"up": {"uv": [11.75, 10, 11, 9.5], "texture": "#0"},
				"down": {"uv": [11.75, 10, 11, 10.5], "texture": "#0"}
			}
		},
		{
			"from": [-11.5, 4, 9],
			"to": [-8, 9, 12],
			"rotation": {"angle": 0, "axis": "x", "origin": [-12, 14, 10]},
			"faces": {
				"north": {"uv": [6, 8, 7, 9.25], "texture": "#0"},
				"east": {"uv": [9.75, 5.25, 10.5, 6.5], "texture": "#0"},
				"south": {"uv": [7, 8, 8, 9.25], "texture": "#0"},
				"west": {"uv": [9.75, 9.5, 10.5, 10.75], "texture": "#0"},
				"up": {"uv": [11.5, 4.5, 10.5, 3.75], "texture": "#0"},
				"down": {"uv": [5.5, 10.5, 4.5, 11.25], "texture": "#0"}
			}
		},
		{
			"from": [-12, 9, 8],
			"to": [-8, 14, 12],
			"rotation": {"angle": 0, "axis": "y", "origin": [-12, 14, 10]},
			"faces": {
				"north": {"uv": [8, 8, 9, 9.25], "texture": "#0"},
				"east": {"uv": [9, 8, 10, 9.25], "texture": "#0"},
				"south": {"uv": [0, 9.25, 1, 10.5], "texture": "#0"},
				"west": {"uv": [1, 9.25, 2, 10.5], "texture": "#0"},
				"up": {"uv": [5, 10.5, 4, 9.5], "texture": "#0"},
				"down": {"uv": [6, 9.5, 5, 10.5], "texture": "#0"}
			}
		},
		{
			"from": [-11, 5.5, 11],
			"to": [-9, 11, 13],
			"rotation": {"angle": -22.5, "axis": "x", "origin": [16, 0, 0]},
			"faces": {
				"north": {"uv": [10.5, 4.5, 11, 6], "texture": "#0"},
				"east": {"uv": [5.5, 10.5, 6, 12], "texture": "#0"},
				"south": {"uv": [10.5, 7.5, 11, 9], "texture": "#0"},
				"west": {"uv": [10.5, 9.5, 11, 11], "texture": "#0"},
				"up": {"uv": [11.5, 11.5, 11, 11], "texture": "#0"},
				"down": {"uv": [4, 11.25, 3.5, 11.75], "texture": "#0"}
			}
		}
	],
	"display": {
		"thirdperson_righthand": {
			"translation": [1.5, 0, 0],
			"scale": [0.2, 0.2, 0.2]
		},
		"thirdperson_lefthand": {
			"translation": [-1.5, 0, 0],
			"scale": [0.2, 0.2, 0.2]
		},
		"firstperson_righthand": {
			"rotation": [0, -180, 0],
			"scale": [0.2, 0.2, 0.2]
		},
		"firstperson_lefthand": {
			"rotation": [0, -180, 0],
			"translation": [3, 0, 0],
			"scale": [0.2, 0.2, 0.2]
		},
		"ground": {
			"translation": [3, 0, 0],
			"scale": [0.4, 0.4, 0.4]
		},
		"gui": {
			"rotation": [-147.8, 27.69, 165.24],
			"translation": [-2.75, -0.5, 0],
			"scale": [0.4, 0.4, 0.4]
		},
		"head": {
			"scale": [0, 0, 0]
		},
		"fixed": {
			"rotation": [-90, 0, 0],
			"translation": [0, 0, -16],
			"scale": [2, 2, 2]
		}
	},
	"groups": [
		{
			"name": "group",
			"origin": [24, 0, 0],
			"color": 0,
			"children": [0, 1, 2, 3, 4, 5, 6, 7, 8, 9, 10, 11, 12, 13, 14, 15, 16, 17, 18]
		}
	]
}