{
	"credit": "Made with Blockbench",
	"texture_size": [128, 128],
	"textures": {
		"3": "deco/table_4_b"
	},
	"elements": [
		{
			"from": [-15.5, 12, 0],
			"to": [15.5, 16, 16],
			"faces": {
				"north": {"uv": [2, 6, 5.875, 6.5], "texture": "#3"},
				"east": {"uv": [6.125, 2.5, 8.125, 3], "texture": "#3"},
				"south": {"uv": [5.875, 6, 9.75, 6.5], "texture": "#3"},
				"west": {"uv": [6.125, 3, 8.125, 3.5], "texture": "#3"},
				"up": {"uv": [3.875, 6, 0, 4], "texture": "#3"},
				"down": {"uv": [7.75, 4, 3.875, 6], "texture": "#3"}
			}
		},
		{
			"from": [-16, 6, 0],
			"to": [16, 16, 16],
			"faces": {
				"north": {"uv": [4.125, 0, 8.25, 1.25], "texture": "#3"},
				"east": {"uv": [4.125, 2.5, 6.125, 3.75], "texture": "#3"},
				"south": {"uv": [4.125, 1.25, 8.25, 2.5], "texture": "#3"},
				"west": {"uv": [0, 6, 2, 7.25], "texture": "#3"},
				"up": {"uv": [4.125, 2, 0, 0], "texture": "#3"},
				"down": {"uv": [4.125, 2, 0, 4], "texture": "#3"}
			}
		}
	],
	"display": {
		"thirdperson_righthand": {
			"translation": [1.5, 0, 0],
			"scale": [0.2, 0.2, 0.2]
		},
		"thirdperson_lefthand": {
			"translation": [-1.5, 0, 0],
			"scale": [0.2, 0.2, 0.2]
		},
		"firstperson_righthand": {
			"translation": [1.5, 0, 0],
			"scale": [0.2, 0.2, 0.2]
		},
		"firstperson_lefthand": {
			"translation": [-1.5, 0, 0],
			"scale": [0.2, 0.2, 0.2]
		},
		"ground": {
			"scale": [0.4, 0.4, 0.4]
		},
		"gui": {
			"rotation": [-158.97, 42.35, -175.13],
			"translation": [-2.25, 1, 0],
			"scale": [0.4, 0.4, 0.4]
		},
		"head": {
			"scale": [0, 0, 0]
		},
		"fixed": {
			"rotation": [-90, 0, 0],
			"translation": [0, 0, -16],
			"scale": [2, 2, 2]
		}
	},
	"groups": [
		{
			"name": "group",
			"origin": [0, 0, 0],
			"color": 0,
			"children": [0, 1]
		}
	]
}