{
	"credit": "Made with Blockbench",
	"texture_size": [64, 64],
	"textures": {
		"0": "deco/table_5",
		"particle": "deco/table_5"
	},
	"elements": [
		{
			"from": [6, 2, 15],
			"to": [10, 14, 16],
			"faces": {
				"north": {"uv": [4, 0, 5, 3], "texture": "#0"},
				"east": {"uv": [4, 6, 4.25, 9], "texture": "#0"},
				"south": {"uv": [4, 3, 5, 6], "texture": "#0"},
				"west": {"uv": [6, 4, 6.25, 7], "texture": "#0"},
				"up": {"uv": [7.25, 6.25, 6.25, 6], "texture": "#0"},
				"down": {"uv": [7.25, 6.25, 6.25, 6.5], "texture": "#0"}
			}
		},
		{
			"from": [5, 0, 12],
			"to": [11, 2, 16],
			"faces": {
				"north": {"uv": [6.25, 4, 7.75, 4.5], "texture": "#0"},
				"east": {"uv": [6.25, 5, 7.25, 5.5], "texture": "#0"},
				"south": {"uv": [6.25, 4.5, 7.75, 5], "texture": "#0"},
				"west": {"uv": [6.25, 5.5, 7.25, 6], "texture": "#0"},
				"up": {"uv": [6.5, 3, 5, 2], "texture": "#0"},
				"down": {"uv": [6.5, 3, 5, 4], "texture": "#0"}
			}
		},
		{
			"from": [7, -6, 15],
			"to": [9, 6, 16],
			"rotation": {"angle": -45, "axis": "x", "origin": [0, 0, 0]},
			"faces": {
				"north": {"uv": [5, 4, 5.5, 7], "texture": "#0"},
				"east": {"uv": [4.25, 6, 4.5, 9], "texture": "#0"},
				"south": {"uv": [5.5, 4, 6, 7], "texture": "#0"},
				"west": {"uv": [4.5, 6, 4.75, 9], "texture": "#0"},
				"up": {"uv": [7, 2.25, 6.5, 2], "texture": "#0"},
				"down": {"uv": [7, 2.25, 6.5, 2.5], "texture": "#0"}
			}
		},
		{
			"from": [0, 14, 0],
			"to": [16, 16, 16],
			"faces": {
				"north": {"uv": [5, 0, 9, 0.5], "texture": "#0"},
				"east": {"uv": [5, 0.5, 9, 1], "texture": "#0"},
				"south": {"uv": [5, 1, 9, 1.5], "texture": "#0"},
				"west": {"uv": [5, 1.5, 9, 2], "texture": "#0"},
				"up": {"uv": [4, 4, 0, 0], "texture": "#0"},
				"down": {"uv": [4, 4, 0, 8], "texture": "#0"}
			}
		}
	],
	"display": {
		"thirdperson_righthand": {
			"scale": [0.2, 0.2, 0.2]
		},
		"thirdperson_lefthand": {
			"scale": [0.2, 0.2, 0.2]
		},
		"firstperson_righthand": {
			"scale": [0.4, 0.4, 0.2]
		},
		"firstperson_lefthand": {
			"scale": [0.4, 0.4, 0.2]
		},
		"ground": {
			"translation": [0, 0, -1.5],
			"scale": [0.4, 0.4, 0.4]
		},
		"gui": {
			"rotation": [-163.68, 48.87, -176.18],
			"translation": [0, -1.25, 0],
			"scale": [0.5, 0.49414, 0.5]
		},
		"head": {
			"scale": [0, 0, 0]
		},
		"fixed": {
			"rotation": [-90, 0, 0],
			"translation": [0, 0, -16],
			"scale": [2, 2, 2]
		}
	},
	"groups": [
		{
			"name": "group",
			"origin": [0, 0, 0],
			"color": 0,
			"children": [0, 1, 2, 3]
		}
	]
}