{
	"credit": "Made with Blockbench",
	"texture_size": [64, 64],
	"textures": {
		"0": "deco/table_6_b",
		"particle": "deco/table_6_b"
	},
	"elements": [
		{
			"from": [-16, 14, 0],
			"to": [16, 16, 16],
			"rotation": {"angle": 0, "axis": "y", "origin": [16, 0, 0]},
			"faces": {
				"north": {"uv": [0, 8, 8, 8.5], "texture": "#0"},
				"east": {"uv": [8, 0.5, 12, 1], "texture": "#0"},
				"south": {"uv": [8, 0, 16, 0.5], "texture": "#0"},
				"west": {"uv": [8, 1, 12, 1.5], "texture": "#0"},
				"up": {"uv": [8, 4, 0, 0], "texture": "#0"},
				"down": {"uv": [8, 4, 0, 8], "texture": "#0"}
			}
		}
	],
	"display": {
		"thirdperson_righthand": {
			"translation": [1.5, 0, 0],
			"scale": [0.2, 0.2, 0.2]
		},
		"thirdperson_lefthand": {
			"translation": [-1.5, 0, 0],
			"scale": [0.2, 0.2, 0.2]
		},
		"firstperson_righthand": {
			"translation": [1.5, 0, 0],
			"scale": [0.2, 0.2, 0.2]
		},
		"firstperson_lefthand": {
			"translation": [-1.5, 0, 0],
			"scale": [0.2, 0.2, 0.2]
		},
		"ground": {
			"translation": [3.5, 0, 0],
			"scale": [0.4, 0.4, 0.4]
		},
		"gui": {
			"rotation": [-143.8, 49.07, 161.63],
			"translation": [-3.75, 0, 0],
			"scale": [0.5, 0.5, 0.5]
		},
		"head": {
			"scale": [0, 0, 0]
		},
		"fixed": {
			"rotation": [-90, 0, 0],
			"translation": [0, 0, -16],
			"scale": [2, 2, 2]
		}
	},
	"groups": [
		{
			"name": "group",
			"origin": [8, 8, 8],
			"color": 0,
			"children": [0]
		}
	]
}