{
	"credit": "Made with Blockbench",
	"textures": {
		"0": "deco/vending_machine_food",
		"1": "deco/scroll",
		"2": "deco/foods",
		"3": "deco/hamburger",
		"4": "deco/cooked_sheep",
		"particle": "deco/vending_machine_food"
	},
	"elements": [
		{
			"from": [-1, -16, -11],
			"to": [17, -8, 16],
			"faces": {
				"north": {"uv": [6.9375, 3.3125, 8.0625, 3.8125], "texture": "#0"},
				"east": {"uv": [6.5625, 5.625, 8.25, 6.125], "texture": "#0"},
				"south": {"uv": [6.3125, 7.0625, 7.4375, 7.5625], "texture": "#0"},
				"west": {"uv": [6.75, 2.25, 8.4375, 2.75], "texture": "#0"},
				"up": {"uv": [4.625, 3.125, 3.5, 1.4375], "texture": "#0"},
				"down": {"uv": [5.5, 3.125, 4.375, 4.8125], "texture": "#0"}
			}
		},
		{
			"from": [1, -15, -12],
			"to": [15, -7, 15],
			"rotation": {"angle": 0, "axis": "y", "origin": [0, 1, 0]},
			"faces": {
				"north": {"uv": [7, 0, 10.5, 1.95833], "texture": "#1"},
				"east": {"uv": [0, 6.75, 6.75, 8.74583], "texture": "#1"},
				"south": {"uv": [7, 1.95833, 10.5, 4.04167], "texture": "#1"},
				"west": {"uv": [6.7625, 6.75, 13.5125, 8.74583], "texture": "#1"},
				"up": {"uv": [3.5, 6.75, 0, 0], "texture": "#1"},
				"down": {"uv": [7, 0, 3.5, 6.75], "texture": "#1"}
			}
		},
		{
			"from": [-2, 18, -6],
			"to": [18, 21, 15],
			"faces": {
				"north": {"uv": [5.6875, 8.1875, 6.9375, 8.375], "texture": "#0"},
				"east": {"uv": [7.875, 0, 9.1875, 0.1875], "texture": "#0"},
				"south": {"uv": [8.25, 0.75, 9.5, 0.9375], "texture": "#0"},
				"west": {"uv": [7.875, 0.1875, 9.1875, 0.375], "texture": "#0"},
				"up": {"uv": [4.25, 5.875, 3, 4.5625], "texture": "#0"},
				"down": {"uv": [5.875, 1.4375, 4.625, 2.75], "texture": "#0"}
			}
		},
		{
			"from": [1, 18, -7],
			"to": [15, 22, 16],
			"faces": {
				"north": {"uv": [4.625, 2.75, 5.5, 3], "texture": "#0"},
				"east": {"uv": [7.125, 3.8125, 8.5625, 4.0625], "texture": "#0"},
				"south": {"uv": [4.875, 1.0625, 5.75, 1.3125], "texture": "#0"},
				"west": {"uv": [7.125, 4.0625, 8.5625, 4.3125], "texture": "#0"},
				"up": {"uv": [6.5625, 6.3125, 5.6875, 4.875], "texture": "#0"},
				"down": {"uv": [6.75, 1.0625, 5.875, 2.5], "texture": "#0"}
			}
		},
		{
			"from": [-4, 18, -2],
			"to": [19, 22, 12],
			"rotation": {"angle": 0, "axis": "y", "origin": [12, 0, -3]},
			"faces": {
				"north": {"uv": [7.125, 4.0625, 8.5625, 4.3125], "texture": "#0"},
				"east": {"uv": [4.625, 2.75, 5.5, 3], "texture": "#0"},
				"south": {"uv": [7.125, 3.8125, 8.5625, 4.0625], "texture": "#0"},
				"west": {"uv": [4.875, 1.0625, 5.75, 1.3125], "texture": "#0"},
				"up": {"uv": [6.5625, 6.3125, 5.6875, 4.875], "rotation": 90, "texture": "#0"},
				"down": {"uv": [6.75, 1.0625, 5.875, 2.5], "rotation": 270, "texture": "#0"}
			}
		},
		{
			"from": [-2, 27, -6],
			"to": [18, 30, 15],
			"faces": {
				"north": {"uv": [8.25, 0.9375, 9.5, 1.125], "texture": "#0"},
				"east": {"uv": [7.875, 0.375, 9.1875, 0.5625], "texture": "#0"},
				"south": {"uv": [8.25, 1.125, 9.5, 1.3125], "texture": "#0"},
				"west": {"uv": [7.875, 0.5625, 9.1875, 0.75], "texture": "#0"},
				"up": {"uv": [1.25, 6, 0, 4.6875], "texture": "#0"},
				"down": {"uv": [2.5, 4.6875, 1.25, 6], "texture": "#0"}
			}
		},
		{
			"from": [-3, 23, -7],
			"to": [19, 27, 16],
			"rotation": {"angle": 0, "axis": "z", "origin": [0, 24, 0]},
			"faces": {
				"north": {"uv": [7.625, 6.125, 9, 6.375], "texture": "#0"},
				"east": {"uv": [7.125, 4.3125, 8.5625, 4.5625], "texture": "#0"},
				"south": {"uv": [7.625, 6.375, 9, 6.625], "texture": "#0"},
				"west": {"uv": [7.125, 4.5625, 8.5625, 4.8125], "texture": "#0"},
				"up": {"uv": [4.375, 4.5625, 3, 3.125], "texture": "#0"},
				"down": {"uv": [4.875, 0, 3.5, 1.4375], "texture": "#0"}
			}
		},
		{
			"from": [2, 21, -4.9],
			"to": [13, 23, 13.9],
			"rotation": {"angle": 0, "axis": "z", "origin": [0, 24, 0]},
			"faces": {
				"north": {"uv": [4.625, 3, 5.3125, 3.125], "texture": "#0"},
				"east": {"uv": [8.25, 5.5625, 9.4375, 5.6875], "texture": "#0"},
				"south": {"uv": [8.25, 8.375, 8.9375, 8.5], "texture": "#0"},
				"west": {"uv": [8.25, 5.6875, 9.4375, 5.8125], "texture": "#0"},
				"up": {"uv": [2.25, 7.1875, 1.5625, 6], "texture": "#0"},
				"down": {"uv": [2.9375, 7.0625, 2.25, 8.25], "texture": "#0"}
			}
		},
		{
			"from": [-3, 21, -5],
			"to": [6, 24, 14],
			"rotation": {"angle": -22.5, "axis": "z", "origin": [0, 21, 0]},
			"faces": {
				"north": {"uv": [5.875, 2.5, 6.4375, 2.6875], "texture": "#0"},
				"east": {"uv": [4.5, 6.125, 5.6875, 6.3125], "texture": "#0"},
				"south": {"uv": [8.3125, 3.3125, 8.875, 3.5], "texture": "#0"},
				"west": {"uv": [8.25, 1.3125, 9.4375, 1.5], "texture": "#0"},
				"up": {"uv": [3.5, 8.25, 2.9375, 7.0625], "texture": "#0"},
				"down": {"uv": [4.0625, 7.0625, 3.5, 8.25], "texture": "#0"}
			}
		},
		{
			"from": [-5.01882, 19.85195, -6],
			"to": [-0.01882, 22.85195, 15],
			"rotation": {"angle": 22.5, "axis": "z", "origin": [-6.01882, 19.85195, 0]},
			"faces": {
				"north": {"uv": [8.25, 8.5, 8.5625, 8.6875], "texture": "#0"},
				"east": {"uv": [8.0625, 4.8125, 9.375, 5], "texture": "#0"},
				"south": {"uv": [2.375, 8.5625, 2.6875, 8.75], "texture": "#0"},
				"west": {"uv": [8.0625, 5, 9.375, 5.1875], "texture": "#0"},
				"up": {"uv": [1.8125, 8.5, 1.5, 7.1875], "texture": "#0"},
				"down": {"uv": [2.125, 7.1875, 1.8125, 8.5], "texture": "#0"}
			}
		},
		{
			"from": [16.01882, 19.85195, -6],
			"to": [21.01882, 22.85195, 15],
			"rotation": {"angle": -22.5, "axis": "z", "origin": [22.01882, 19.85195, 0]},
			"faces": {
				"north": {"uv": [8.5625, 2.75, 8.875, 2.9375], "texture": "#0"},
				"east": {"uv": [8.0625, 5.1875, 9.375, 5.375], "texture": "#0"},
				"south": {"uv": [8.5625, 2.9375, 8.875, 3.125], "texture": "#0"},
				"west": {"uv": [8.0625, 5.375, 9.375, 5.5625], "texture": "#0"},
				"up": {"uv": [7.75, 8.375, 7.4375, 7.0625], "texture": "#0"},
				"down": {"uv": [0.3125, 7.5, 0, 8.8125], "texture": "#0"}
			}
		},
		{
			"from": [10, 21, -5],
			"to": [19, 24, 14],
			"rotation": {"angle": 22.5, "axis": "z", "origin": [16, 21, 0]},
			"faces": {
				"north": {"uv": [8.3125, 3.5, 8.875, 3.6875], "texture": "#0"},
				"east": {"uv": [8.25, 1.5, 9.4375, 1.6875], "texture": "#0"},
				"south": {"uv": [2.375, 8.375, 2.9375, 8.5625], "texture": "#0"},
				"west": {"uv": [8.25, 1.6875, 9.4375, 1.875], "texture": "#0"},
				"up": {"uv": [4.625, 8.25, 4.0625, 7.0625], "texture": "#0"},
				"down": {"uv": [5.1875, 7.0625, 4.625, 8.25], "texture": "#0"}
			}
		},
		{
			"from": [0, 30, -5],
			"to": [16, 32, 14],
			"faces": {
				"north": {"uv": [4.875, 1.3125, 5.875, 1.4375], "texture": "#0"},
				"east": {"uv": [8.25, 5.8125, 9.4375, 5.9375], "texture": "#0"},
				"south": {"uv": [6.5625, 6.125, 7.5625, 6.25], "texture": "#0"},
				"west": {"uv": [8.25, 5.9375, 9.4375, 6.0625], "texture": "#0"},
				"up": {"uv": [3.5, 7.0625, 2.5, 5.875], "texture": "#0"},
				"down": {"uv": [4.5, 5.875, 3.5, 7.0625], "texture": "#0"}
			}
		},
		{
			"from": [-4, 4, -8],
			"to": [20, 16, -8],
			"faces": {
				"north": {"uv": [6.5625, 4.875, 8.0625, 5.625], "texture": "#0"},
				"east": {"uv": [0, 0, 0, 0.75], "texture": "#0"},
				"south": {"uv": [0, 6.75, 1.5, 7.5], "texture": "#0"},
				"west": {"uv": [0, 0, 0, 0.75], "texture": "#0"},
				"up": {"uv": [1.5, 0, 0, 0], "texture": "#0"},
				"down": {"uv": [1.5, 0, 0, 0], "texture": "#0"}
			}
		},
		{
			"from": [-4, 4, 16],
			"to": [20, 16, 17],
			"faces": {
				"north": {"uv": [6.75, 0.75, 8.25, 1.5], "texture": "#0"},
				"east": {"uv": [1.4375, 7.5, 1.5, 8.25], "texture": "#0"},
				"south": {"uv": [6.75, 1.5, 8.25, 2.25], "texture": "#0"},
				"west": {"uv": [1.9375, 8.5, 2, 9.25], "texture": "#0"},
				"up": {"uv": [9.75, 6.125, 8.25, 6.0625], "texture": "#0"},
				"down": {"uv": [9.8125, 3.6875, 8.3125, 3.75], "texture": "#0"}
			}
		},
		{
			"from": [-6, 16, -8],
			"to": [22, 18, 17],
			"faces": {
				"north": {"uv": [8.25, 1.875, 10, 2], "texture": "#0"},
				"east": {"uv": [2.125, 8.25, 3.6875, 8.375], "texture": "#0"},
				"south": {"uv": [8.25, 2, 10, 2.125], "texture": "#0"},
				"west": {"uv": [8.25, 2.125, 9.8125, 2.25], "texture": "#0"},
				"up": {"uv": [1.75, 1.5625, 0, 0], "texture": "#0"},
				"down": {"uv": [1.75, 1.5625, 0, 3.125], "texture": "#0"}
			}
		},
		{
			"from": [-6, 1, -8],
			"to": [22, 4, 17],
			"faces": {
				"north": {"uv": [7.625, 6.625, 9.375, 6.8125], "texture": "#0"},
				"east": {"uv": [7.75, 7, 9.3125, 7.1875], "texture": "#0"},
				"south": {"uv": [7.625, 6.8125, 9.375, 7], "texture": "#0"},
				"west": {"uv": [7.75, 7.1875, 9.3125, 7.375], "texture": "#0"},
				"up": {"uv": [3.5, 1.5625, 1.75, 0], "texture": "#0"},
				"down": {"uv": [3.5, 1.5625, 1.75, 3.125], "texture": "#0"}
			}
		},
		{
			"from": [-4, 10, -8],
			"to": [20, 10, 17],
			"faces": {
				"north": {"uv": [0, 0, 1.5, 0], "texture": "#0"},
				"east": {"uv": [0, 0, 1.5625, 0], "texture": "#0"},
				"south": {"uv": [0, 0, 1.5, 0], "texture": "#0"},
				"west": {"uv": [0, 0, 1.5625, 0], "texture": "#0"},
				"up": {"uv": [1.5, 4.6875, 0, 3.125], "texture": "#0"},
				"down": {"uv": [3, 3.125, 1.5, 4.6875], "texture": "#0"}
			}
		},
		{
			"from": [-6, 4, -8],
			"to": [-4, 16, 17],
			"faces": {
				"north": {"uv": [2.125, 7.1875, 2.25, 7.9375], "texture": "#0"},
				"east": {"uv": [0, 6, 1.5625, 6.75], "texture": "#0"},
				"south": {"uv": [6.8125, 8.375, 6.9375, 9.125], "texture": "#0"},
				"west": {"uv": [6.3125, 0, 7.875, 0.75], "texture": "#0"},
				"up": {"uv": [1.4375, 9.0625, 1.3125, 7.5], "texture": "#0"},
				"down": {"uv": [7.0625, 8.1875, 6.9375, 9.75], "texture": "#0"}
			}
		},
		{
			"from": [20, 4, -8],
			"to": [22, 16, 17],
			"faces": {
				"north": {"uv": [7.5, 8.375, 7.625, 9.125], "texture": "#0"},
				"east": {"uv": [4.5, 6.3125, 6.0625, 7.0625], "texture": "#0"},
				"south": {"uv": [7.625, 8.375, 7.75, 9.125], "texture": "#0"},
				"west": {"uv": [6.0625, 6.3125, 7.625, 7.0625], "texture": "#0"},
				"up": {"uv": [7.1875, 9.75, 7.0625, 8.1875], "texture": "#0"},
				"down": {"uv": [7.3125, 8.1875, 7.1875, 9.75], "texture": "#0"}
			}
		},
		{
			"from": [-5, -16, -7],
			"to": [-1, 1, 16],
			"faces": {
				"north": {"uv": [2.25, 6, 2.5, 7.0625], "texture": "#0"},
				"east": {"uv": [4.25, 4.8125, 5.6875, 5.875], "texture": "#0"},
				"south": {"uv": [7.75, 7.625, 8, 8.6875], "texture": "#0"},
				"west": {"uv": [4.875, 0, 6.3125, 1.0625], "texture": "#0"},
				"up": {"uv": [0.5625, 8.9375, 0.3125, 7.5], "texture": "#0"},
				"down": {"uv": [0.8125, 7.5, 0.5625, 8.9375], "texture": "#0"}
			}
		},
		{
			"from": [-6, -6, -4],
			"to": [-5, -2, 0],
			"rotation": {"angle": 0, "axis": "y", "origin": [-5, -5, -1]},
			"faces": {
				"north": {"uv": [5.625, 5.875, 5.6875, 6.125], "texture": "#0"},
				"east": {"uv": [6.3125, 0.75, 6.5625, 1], "texture": "#0"},
				"south": {"uv": [6.6875, 2.5, 6.75, 2.75], "texture": "#0"},
				"west": {"uv": [6.4375, 2.5, 6.6875, 2.75], "texture": "#0"},
				"up": {"uv": [1.5625, 7, 1.5, 6.75], "texture": "#0"},
				"down": {"uv": [1.5, 8.25, 1.4375, 8.5], "texture": "#0"}
			}
		},
		{
			"from": [-7, -5.5, -3.5],
			"to": [-4, -2.5, -0.5],
			"rotation": {"angle": 0, "axis": "z", "origin": [-6, -4.5, -1.5]},
			"faces": {
				"north": {"uv": [5.5, 4.375, 5.6875, 4.5625], "texture": "#0"},
				"east": {"uv": [5.5, 4.5625, 5.6875, 4.75], "texture": "#0"},
				"south": {"uv": [6.5625, 0.75, 6.75, 0.9375], "texture": "#0"},
				"west": {"uv": [2.6875, 8.5625, 2.875, 8.75], "texture": "#0"},
				"up": {"uv": [8.75, 3.3125, 8.5625, 3.125], "texture": "#0"},
				"down": {"uv": [8.75, 3.75, 8.5625, 3.9375], "texture": "#0"}
			}
		},
		{
			"from": [-8.08239, -6.11313, -3.5],
			"to": [-6.08239, -3.11313, -0.5],
			"rotation": {"angle": 22.5, "axis": "z", "origin": [-8.08239, -5.11313, -1.5]},
			"faces": {
				"north": {"uv": [4.25, 4.5625, 4.375, 4.75], "texture": "#0"},
				"east": {"uv": [8.5625, 3.9375, 8.75, 4.125], "texture": "#0"},
				"south": {"uv": [5.75, 1.0625, 5.875, 1.25], "texture": "#0"},
				"west": {"uv": [8.5625, 4.125, 8.75, 4.3125], "texture": "#0"},
				"up": {"uv": [6.3125, 7.8125, 6.1875, 7.625], "texture": "#0"},
				"down": {"uv": [6.3125, 7.8125, 6.1875, 8], "texture": "#0"}
			}
		},
		{
			"from": [-8.84776, -7.09379, -3.5],
			"to": [-6.84776, -4.09379, -0.5],
			"rotation": {"angle": 45, "axis": "z", "origin": [-8.84776, -6.09379, -1.5]},
			"faces": {
				"north": {"uv": [2.125, 7.9375, 2.25, 8.125], "texture": "#0"},
				"east": {"uv": [8.5625, 4.3125, 8.75, 4.5], "texture": "#0"},
				"south": {"uv": [6.1875, 8, 6.3125, 8.1875], "texture": "#0"},
				"west": {"uv": [8.5625, 4.5, 8.75, 4.6875], "texture": "#0"},
				"up": {"uv": [7.4375, 8.375, 7.3125, 8.1875], "texture": "#0"},
				"down": {"uv": [2.125, 8.5, 2, 8.6875], "texture": "#0"}
			}
		},
		{
			"from": [-11.17958, -7.29271, -3.5],
			"to": [-8.17958, -5.29271, -0.5],
			"rotation": {"angle": -22.5, "axis": "z", "origin": [-9.17958, -7.29271, -1.5]},
			"faces": {
				"north": {"uv": [5.3125, 3, 5.5, 3.125], "texture": "#0"},
				"east": {"uv": [6.5625, 0.9375, 6.75, 1.0625], "texture": "#0"},
				"south": {"uv": [8.5625, 4.6875, 8.75, 4.8125], "texture": "#0"},
				"west": {"uv": [8.6875, 2.625, 8.875, 2.75], "texture": "#0"},
				"up": {"uv": [8.75, 8.6875, 8.5625, 8.5], "texture": "#0"},
				"down": {"uv": [3.875, 8.625, 3.6875, 8.8125], "texture": "#0"}
			}
		},
		{
			"from": [-11.02734, -16, -3.5],
			"to": [-8.02734, -6.52734, -0.5],
			"rotation": {"angle": 0, "axis": "z", "origin": [-9.02734, -8.52734, -1.5]},
			"faces": {
				"north": {"uv": [5.5, 3.8125, 5.6875, 4.375], "texture": "#0"},
				"east": {"uv": [2.9375, 8.375, 3.125, 8.9375], "texture": "#0"},
				"south": {"uv": [3.125, 8.375, 3.3125, 8.9375], "texture": "#0"},
				"west": {"uv": [3.3125, 8.375, 3.5, 8.9375], "texture": "#0"},
				"up": {"uv": [4.0625, 8.8125, 3.875, 8.625], "texture": "#0"},
				"down": {"uv": [4.25, 8.625, 4.0625, 8.8125], "texture": "#0"}
			}
		},
		{
			"from": [-6, -6, 2],
			"to": [-5, -2, 6],
			"rotation": {"angle": 0, "axis": "y", "origin": [-5, -5, 5]},
			"faces": {
				"north": {"uv": [5.625, 5.875, 5.6875, 6.125], "texture": "#0"},
				"east": {"uv": [6.3125, 0.75, 6.5625, 1], "texture": "#0"},
				"south": {"uv": [6.6875, 2.5, 6.75, 2.75], "texture": "#0"},
				"west": {"uv": [6.4375, 2.5, 6.6875, 2.75], "texture": "#0"},
				"up": {"uv": [1.5625, 7, 1.5, 6.75], "texture": "#0"},
				"down": {"uv": [1.5, 8.25, 1.4375, 8.5], "texture": "#0"}
			}
		},
		{
			"from": [-7, -5.5, 2.5],
			"to": [-4, -2.5, 5.5],
			"rotation": {"angle": 0, "axis": "z", "origin": [-6, -4.5, 4.5]},
			"faces": {
				"north": {"uv": [5.5, 4.375, 5.6875, 4.5625], "texture": "#0"},
				"east": {"uv": [5.5, 4.5625, 5.6875, 4.75], "texture": "#0"},
				"south": {"uv": [6.5625, 0.75, 6.75, 0.9375], "texture": "#0"},
				"west": {"uv": [2.6875, 8.5625, 2.875, 8.75], "texture": "#0"},
				"up": {"uv": [8.75, 3.3125, 8.5625, 3.125], "texture": "#0"},
				"down": {"uv": [8.75, 3.75, 8.5625, 3.9375], "texture": "#0"}
			}
		},
		{
			"from": [-8.08239, -6.11313, 2.5],
			"to": [-6.08239, -3.11313, 5.5],
			"rotation": {"angle": 22.5, "axis": "z", "origin": [-8.08239, -5.11313, 4.5]},
			"faces": {
				"north": {"uv": [4.25, 4.5625, 4.375, 4.75], "texture": "#0"},
				"east": {"uv": [8.5625, 3.9375, 8.75, 4.125], "texture": "#0"},
				"south": {"uv": [5.75, 1.0625, 5.875, 1.25], "texture": "#0"},
				"west": {"uv": [8.5625, 4.125, 8.75, 4.3125], "texture": "#0"},
				"up": {"uv": [6.3125, 7.8125, 6.1875, 7.625], "texture": "#0"},
				"down": {"uv": [6.3125, 7.8125, 6.1875, 8], "texture": "#0"}
			}
		},
		{
			"from": [-8.84776, -7.09379, 2.5],
			"to": [-6.84776, -4.09379, 5.5],
			"rotation": {"angle": 45, "axis": "z", "origin": [-8.84776, -6.09379, 4.5]},
			"faces": {
				"north": {"uv": [2.125, 7.9375, 2.25, 8.125], "texture": "#0"},
				"east": {"uv": [8.5625, 4.3125, 8.75, 4.5], "texture": "#0"},
				"south": {"uv": [6.1875, 8, 6.3125, 8.1875], "texture": "#0"},
				"west": {"uv": [8.5625, 4.5, 8.75, 4.6875], "texture": "#0"},
				"up": {"uv": [7.4375, 8.375, 7.3125, 8.1875], "texture": "#0"},
				"down": {"uv": [2.125, 8.5, 2, 8.6875], "texture": "#0"}
			}
		},
		{
			"from": [-11.17958, -7.29271, 2.5],
			"to": [-8.17958, -5.29271, 5.5],
			"rotation": {"angle": -22.5, "axis": "z", "origin": [-9.17958, -7.29271, 4.5]},
			"faces": {
				"north": {"uv": [5.3125, 3, 5.5, 3.125], "texture": "#0"},
				"east": {"uv": [6.5625, 0.9375, 6.75, 1.0625], "texture": "#0"},
				"south": {"uv": [8.5625, 4.6875, 8.75, 4.8125], "texture": "#0"},
				"west": {"uv": [8.6875, 2.625, 8.875, 2.75], "texture": "#0"},
				"up": {"uv": [8.75, 8.6875, 8.5625, 8.5], "texture": "#0"},
				"down": {"uv": [3.875, 8.625, 3.6875, 8.8125], "texture": "#0"}
			}
		},
		{
			"from": [-11.02734, -16, 2.5],
			"to": [-8.02734, -6.52734, 5.5],
			"rotation": {"angle": 0, "axis": "z", "origin": [-9.02734, -8.52734, 4.5]},
			"faces": {
				"north": {"uv": [5.5, 3.8125, 5.6875, 4.375], "texture": "#0"},
				"east": {"uv": [2.9375, 8.375, 3.125, 8.9375], "texture": "#0"},
				"south": {"uv": [3.125, 8.375, 3.3125, 8.9375], "texture": "#0"},
				"west": {"uv": [3.3125, 8.375, 3.5, 8.9375], "texture": "#0"},
				"up": {"uv": [4.0625, 8.8125, 3.875, 8.625], "texture": "#0"},
				"down": {"uv": [4.25, 8.625, 4.0625, 8.8125], "texture": "#0"}
			}
		},
		{
			"from": [-6, -6, 8],
			"to": [-5, -2, 12],
			"rotation": {"angle": 0, "axis": "y", "origin": [-5, -5, 11]},
			"faces": {
				"north": {"uv": [5.625, 5.875, 5.6875, 6.125], "texture": "#0"},
				"east": {"uv": [6.3125, 0.75, 6.5625, 1], "texture": "#0"},
				"south": {"uv": [6.6875, 2.5, 6.75, 2.75], "texture": "#0"},
				"west": {"uv": [6.4375, 2.5, 6.6875, 2.75], "texture": "#0"},
				"up": {"uv": [1.5625, 7, 1.5, 6.75], "texture": "#0"},
				"down": {"uv": [1.5, 8.25, 1.4375, 8.5], "texture": "#0"}
			}
		},
		{
			"from": [-7, -5.5, 8.5],
			"to": [-4, -2.5, 11.5],
			"rotation": {"angle": 0, "axis": "z", "origin": [-6, -4.5, 10.5]},
			"faces": {
				"north": {"uv": [5.5, 4.375, 5.6875, 4.5625], "texture": "#0"},
				"east": {"uv": [5.5, 4.5625, 5.6875, 4.75], "texture": "#0"},
				"south": {"uv": [6.5625, 0.75, 6.75, 0.9375], "texture": "#0"},
				"west": {"uv": [2.6875, 8.5625, 2.875, 8.75], "texture": "#0"},
				"up": {"uv": [8.75, 3.3125, 8.5625, 3.125], "texture": "#0"},
				"down": {"uv": [8.75, 3.75, 8.5625, 3.9375], "texture": "#0"}
			}
		},
		{
			"from": [-8.08239, -6.11313, 8.5],
			"to": [-6.08239, -3.11313, 11.5],
			"rotation": {"angle": 22.5, "axis": "z", "origin": [-8.08239, -5.11313, 10.5]},
			"faces": {
				"north": {"uv": [4.25, 4.5625, 4.375, 4.75], "texture": "#0"},
				"east": {"uv": [8.5625, 3.9375, 8.75, 4.125], "texture": "#0"},
				"south": {"uv": [5.75, 1.0625, 5.875, 1.25], "texture": "#0"},
				"west": {"uv": [8.5625, 4.125, 8.75, 4.3125], "texture": "#0"},
				"up": {"uv": [6.3125, 7.8125, 6.1875, 7.625], "texture": "#0"},
				"down": {"uv": [6.3125, 7.8125, 6.1875, 8], "texture": "#0"}
			}
		},
		{
			"from": [-8.84776, -7.09379, 8.5],
			"to": [-6.84776, -4.09379, 11.5],
			"rotation": {"angle": 45, "axis": "z", "origin": [-8.84776, -6.09379, 10.5]},
			"faces": {
				"north": {"uv": [2.125, 7.9375, 2.25, 8.125], "texture": "#0"},
				"east": {"uv": [8.5625, 4.3125, 8.75, 4.5], "texture": "#0"},
				"south": {"uv": [6.1875, 8, 6.3125, 8.1875], "texture": "#0"},
				"west": {"uv": [8.5625, 4.5, 8.75, 4.6875], "texture": "#0"},
				"up": {"uv": [7.4375, 8.375, 7.3125, 8.1875], "texture": "#0"},
				"down": {"uv": [2.125, 8.5, 2, 8.6875], "texture": "#0"}
			}
		},
		{
			"from": [-11.17958, -7.29271, 8.5],
			"to": [-8.17958, -5.29271, 11.5],
			"rotation": {"angle": -22.5, "axis": "z", "origin": [-9.17958, -7.29271, 10.5]},
			"faces": {
				"north": {"uv": [5.3125, 3, 5.5, 3.125], "texture": "#0"},
				"east": {"uv": [6.5625, 0.9375, 6.75, 1.0625], "texture": "#0"},
				"south": {"uv": [8.5625, 4.6875, 8.75, 4.8125], "texture": "#0"},
				"west": {"uv": [8.6875, 2.625, 8.875, 2.75], "texture": "#0"},
				"up": {"uv": [8.75, 8.6875, 8.5625, 8.5], "texture": "#0"},
				"down": {"uv": [3.875, 8.625, 3.6875, 8.8125], "texture": "#0"}
			}
		},
		{
			"from": [-11.02734, -16, 8.5],
			"to": [-8.02734, -6.52734, 11.5],
			"rotation": {"angle": 0, "axis": "z", "origin": [-9.02734, -8.52734, 10.5]},
			"faces": {
				"north": {"uv": [5.5, 3.8125, 5.6875, 4.375], "texture": "#0"},
				"east": {"uv": [2.9375, 8.375, 3.125, 8.9375], "texture": "#0"},
				"south": {"uv": [3.125, 8.375, 3.3125, 8.9375], "texture": "#0"},
				"west": {"uv": [3.3125, 8.375, 3.5, 8.9375], "texture": "#0"},
				"up": {"uv": [4.0625, 8.8125, 3.875, 8.625], "texture": "#0"},
				"down": {"uv": [4.25, 8.625, 4.0625, 8.8125], "texture": "#0"}
			}
		},
		{
			"from": [17, -16, -7],
			"to": [21, 1, 16],
			"rotation": {"angle": 0, "axis": "y", "origin": [16, 0, 0]},
			"faces": {
				"north": {"uv": [8, 7.625, 8.25, 8.6875], "texture": "#0"},
				"east": {"uv": [5.5, 2.75, 6.9375, 3.8125], "texture": "#0"},
				"south": {"uv": [8.0625, 2.75, 8.3125, 3.8125], "texture": "#0"},
				"west": {"uv": [5.6875, 3.8125, 7.125, 4.875], "texture": "#0"},
				"up": {"uv": [1.0625, 8.9375, 0.8125, 7.5], "texture": "#0"},
				"down": {"uv": [1.3125, 7.5, 1.0625, 8.9375], "texture": "#0"}
			}
		},
		{
			"from": [17.1, -16, -11],
			"to": [24.1, -6, -2.6],
			"rotation": {"angle": 0, "axis": "y", "origin": [19.1, 0, -4]},
			"faces": {
				"north": {"uv": [2.5, 4.6875, 2.9375, 5.3125], "texture": "#0"},
				"east": {"uv": [6.3125, 7.5625, 6.875, 8.1875], "texture": "#0"},
				"south": {"uv": [5.1875, 7.625, 5.6875, 8.25], "texture": "#0"},
				"west": {"uv": [6.875, 7.5625, 7.4375, 8.1875], "texture": "#0"},
				"up": {"uv": [3, 5.875, 2.5, 5.3125], "texture": "#0"},
				"down": {"uv": [6.1875, 7.625, 5.6875, 8.1875], "texture": "#0"}
			}
		},
		{
			"from": [17.1, -15.63604, -1.73654],
			"to": [24.1, -9.63604, 4.26346],
			"rotation": {"angle": 45, "axis": "x", "origin": [19.1, 0.36396, 5.26346]},
			"faces": {
				"north": {"uv": [3.6875, 8.25, 4.125, 8.625], "texture": "#0"},
				"east": {"uv": [8.25, 7.625, 8.625, 8], "texture": "#0"},
				"south": {"uv": [4.1875, 8.25, 4.6875, 8.625], "texture": "#0"},
				"west": {"uv": [8.25, 8, 8.625, 8.375], "texture": "#0"},
				"up": {"uv": [5.1875, 8.625, 4.6875, 8.25], "texture": "#0"},
				"down": {"uv": [5.6875, 8.25, 5.1875, 8.625], "texture": "#0"}
			}
		},
		{
			"from": [-1, -8, 12],
			"to": [17, 1, 16],
			"faces": {
				"north": {"uv": [6.9375, 2.75, 8.0625, 3.3125], "texture": "#0"},
				"east": {"uv": [8.3125, 2.75, 8.5625, 3.3125], "texture": "#0"},
				"south": {"uv": [5.1875, 7.0625, 6.3125, 7.625], "texture": "#0"},
				"west": {"uv": [2.125, 8.375, 2.375, 8.9375], "texture": "#0"},
				"up": {"uv": [5.625, 6.125, 4.5, 5.875], "texture": "#0"},
				"down": {"uv": [8.875, 7.375, 7.75, 7.625], "texture": "#0"}
			}
		},
		{
			"from": [5, -7, -3],
			"to": [11, -3, 3],
			"rotation": {"angle": 0, "axis": "y", "origin": [10, -7, 2]},
			"faces": {
				"north": {"uv": [5.5, 3, 7, 4], "texture": "#2"},
				"east": {"uv": [4.5, 5.5, 6, 6.5], "texture": "#2"},
				"south": {"uv": [0, 6, 1.5, 7], "texture": "#2"},
				"west": {"uv": [1.5, 6, 3, 7], "texture": "#2"},
				"up": {"uv": [5.5, 4.5, 4, 3], "texture": "#2"},
				"down": {"uv": [1.5, 4.5, 0, 6], "texture": "#2"}
			}
		},
		{
			"from": [4, -7, -3],
			"to": [12, -6, 3],
			"rotation": {"angle": 0, "axis": "y", "origin": [10, -7, 2]},
			"faces": {
				"north": {"uv": [7, 0.25, 9, 0.5], "texture": "#2"},
				"east": {"uv": [7, 1.25, 8.5, 1.5], "texture": "#2"},
				"south": {"uv": [7, 0.5, 9, 0.75], "texture": "#2"},
				"west": {"uv": [7, 1.5, 8.5, 1.75], "texture": "#2"},
				"up": {"uv": [4, 1.5, 2, 0], "texture": "#2"},
				"down": {"uv": [4, 1.5, 2, 3], "texture": "#2"}
			}
		},
		{
			"from": [4, -7, -11],
			"to": [12, -6, -5],
			"rotation": {"angle": 0, "axis": "y", "origin": [10, -7, -6]},
			"faces": {
				"north": {"uv": [7, 0.75, 9, 1], "texture": "#2"},
				"east": {"uv": [7, 1.75, 8.5, 2], "texture": "#2"},
				"south": {"uv": [7, 1, 9, 1.25], "texture": "#2"},
				"west": {"uv": [2, 7, 3.5, 7.25], "texture": "#2"},
				"up": {"uv": [2, 4.5, 0, 3], "texture": "#2"},
				"down": {"uv": [4, 3, 2, 4.5], "texture": "#2"}
			}
		},
		{
			"from": [5, -7, -11],
			"to": [11, -3, -5],
			"rotation": {"angle": 0, "axis": "y", "origin": [10, -7, -6]},
			"faces": {
				"north": {"uv": [3, 6, 4.5, 7], "texture": "#2"},
				"east": {"uv": [6, 4, 7.5, 5], "texture": "#2"},
				"south": {"uv": [6, 5, 7.5, 6], "texture": "#2"},
				"west": {"uv": [6, 6, 7.5, 7], "texture": "#2"},
				"up": {"uv": [3, 6, 1.5, 4.5], "texture": "#2"},
				"down": {"uv": [4.5, 4.5, 3, 6], "texture": "#2"}
			}
		},
		{
			"from": [5, -7, 5],
			"to": [11, -3, 11],
			"rotation": {"angle": 0, "axis": "y", "origin": [10, -7, 10]},
			"faces": {
				"north": {"uv": [4.5, 4.5, 6, 5.5], "texture": "#2"},
				"east": {"uv": [5.5, 0, 7, 1], "texture": "#2"},
				"south": {"uv": [5.5, 1, 7, 2], "texture": "#2"},
				"west": {"uv": [5.5, 2, 7, 3], "texture": "#2"},
				"up": {"uv": [5.5, 1.5, 4, 0], "texture": "#2"},
				"down": {"uv": [5.5, 1.5, 4, 3], "texture": "#2"}
			}
		},
		{
			"from": [4, -7, 5],
			"to": [12, -6, 11],
			"rotation": {"angle": 0, "axis": "y", "origin": [10, -7, 10]},
			"faces": {
				"north": {"uv": [0, 7, 2, 7.25], "texture": "#2"},
				"east": {"uv": [4.5, 6.5, 6, 6.75], "texture": "#2"},
				"south": {"uv": [7, 0, 9, 0.25], "texture": "#2"},
				"west": {"uv": [4.5, 6.75, 6, 7], "texture": "#2"},
				"up": {"uv": [2, 1.5, 0, 0], "texture": "#2"},
				"down": {"uv": [2, 1.5, 0, 3], "texture": "#2"}
			}
		},
		{
			"from": [-2, 10.1, -7],
			"to": [4, 14.1, -1],
			"rotation": {"angle": 0, "axis": "y", "origin": [-2, 10.1, 0]},
			"faces": {
				"north": {"uv": [6, 0, 12, 4], "texture": "#3"},
				"east": {"uv": [6, 4, 12, 8], "texture": "#3"},
				"south": {"uv": [6, 8, 12, 12], "texture": "#3"},
				"west": {"uv": [0, 12, 6, 16], "texture": "#3"},
				"up": {"uv": [6, 6, 0, 0], "texture": "#3"},
				"down": {"uv": [6, 6, 0, 12], "texture": "#3"}
			}
		},
		{
			"from": [-2, 10.1, 0],
			"to": [4, 14.1, 6],
			"rotation": {"angle": 0, "axis": "y", "origin": [-2, 10.1, 7]},
			"faces": {
				"north": {"uv": [6, 0, 12, 4], "texture": "#3"},
				"east": {"uv": [6, 4, 12, 8], "texture": "#3"},
				"south": {"uv": [6, 8, 12, 12], "texture": "#3"},
				"west": {"uv": [0, 12, 6, 16], "texture": "#3"},
				"up": {"uv": [6, 6, 0, 0], "texture": "#3"},
				"down": {"uv": [6, 6, 0, 12], "texture": "#3"}
			}
		},
		{
			"from": [-2, 10.1, 7],
			"to": [4, 14.1, 13],
			"rotation": {"angle": 0, "axis": "y", "origin": [-2, 10.1, 14]},
			"faces": {
				"north": {"uv": [6, 0, 12, 4], "texture": "#3"},
				"east": {"uv": [6, 4, 12, 8], "texture": "#3"},
				"south": {"uv": [6, 8, 12, 12], "texture": "#3"},
				"west": {"uv": [0, 12, 6, 16], "texture": "#3"},
				"up": {"uv": [6, 6, 0, 0], "texture": "#3"},
				"down": {"uv": [6, 6, 0, 12], "texture": "#3"}
			}
		},
		{
			"from": [5, 10.1, 7],
			"to": [11, 14.1, 13],
			"rotation": {"angle": 0, "axis": "y", "origin": [5, 10.1, 14]},
			"faces": {
				"north": {"uv": [6, 0, 12, 4], "texture": "#3"},
				"east": {"uv": [6, 4, 12, 8], "texture": "#3"},
				"south": {"uv": [6, 8, 12, 12], "texture": "#3"},
				"west": {"uv": [0, 12, 6, 16], "texture": "#3"},
				"up": {"uv": [6, 6, 0, 0], "texture": "#3"},
				"down": {"uv": [6, 6, 0, 12], "texture": "#3"}
			}
		},
		{
			"from": [5, 10.1, 0],
			"to": [11, 14.1, 6],
			"rotation": {"angle": 0, "axis": "y", "origin": [5, 10.1, 7]},
			"faces": {
				"north": {"uv": [6, 0, 12, 4], "texture": "#3"},
				"east": {"uv": [6, 4, 12, 8], "texture": "#3"},
				"south": {"uv": [6, 8, 12, 12], "texture": "#3"},
				"west": {"uv": [0, 12, 6, 16], "texture": "#3"},
				"up": {"uv": [6, 6, 0, 0], "texture": "#3"},
				"down": {"uv": [6, 6, 0, 12], "texture": "#3"}
			}
		},
		{
			"from": [5, 10.1, -7],
			"to": [11, 14.1, -1],
			"rotation": {"angle": 0, "axis": "y", "origin": [5, 10.1, 0]},
			"faces": {
				"north": {"uv": [6, 0, 12, 4], "texture": "#3"},
				"east": {"uv": [6, 4, 12, 8], "texture": "#3"},
				"south": {"uv": [6, 8, 12, 12], "texture": "#3"},
				"west": {"uv": [0, 12, 6, 16], "texture": "#3"},
				"up": {"uv": [6, 6, 0, 0], "texture": "#3"},
				"down": {"uv": [6, 6, 0, 12], "texture": "#3"}
			}
		},
		{
			"from": [12, 10.1, 7],
			"to": [18, 14.1, 13],
			"rotation": {"angle": 0, "axis": "y", "origin": [12, 10.1, 14]},
			"faces": {
				"north": {"uv": [6, 0, 12, 4], "texture": "#3"},
				"east": {"uv": [6, 4, 12, 8], "texture": "#3"},
				"south": {"uv": [6, 8, 12, 12], "texture": "#3"},
				"west": {"uv": [0, 12, 6, 16], "texture": "#3"},
				"up": {"uv": [6, 6, 0, 0], "texture": "#3"},
				"down": {"uv": [6, 6, 0, 12], "texture": "#3"}
			}
		},
		{
			"from": [12, 10.1, 0],
			"to": [18, 14.1, 6],
			"rotation": {"angle": 0, "axis": "y", "origin": [12, 10.1, 7]},
			"faces": {
				"north": {"uv": [6, 0, 12, 4], "texture": "#3"},
				"east": {"uv": [6, 4, 12, 8], "texture": "#3"},
				"south": {"uv": [6, 8, 12, 12], "texture": "#3"},
				"west": {"uv": [0, 12, 6, 16], "texture": "#3"},
				"up": {"uv": [6, 6, 0, 0], "texture": "#3"},
				"down": {"uv": [6, 6, 0, 12], "texture": "#3"}
			}
		},
		{
			"from": [12, 10.1, -7],
			"to": [18, 14.1, -1],
			"rotation": {"angle": 0, "axis": "y", "origin": [12, 10.1, 0]},
			"faces": {
				"north": {"uv": [6, 0, 12, 4], "texture": "#3"},
				"east": {"uv": [6, 4, 12, 8], "texture": "#3"},
				"south": {"uv": [6, 8, 12, 12], "texture": "#3"},
				"west": {"uv": [0, 12, 6, 16], "texture": "#3"},
				"up": {"uv": [6, 6, 0, 0], "texture": "#3"},
				"down": {"uv": [6, 6, 0, 12], "texture": "#3"}
			}
		},
		{
			"from": [-2, 4.3, -7],
			"to": [4, 8.3, -1],
			"rotation": {"angle": 0, "axis": "y", "origin": [-2, 4.3, -7]},
			"faces": {
				"north": {"uv": [6, 0, 12, 4], "texture": "#4"},
				"east": {"uv": [6, 4, 12, 8], "texture": "#4"},
				"south": {"uv": [6, 8, 12, 12], "texture": "#4"},
				"west": {"uv": [0, 12, 6, 16], "texture": "#4"},
				"up": {"uv": [6, 6, 0, 0], "texture": "#4"},
				"down": {"uv": [6, 6, 0, 12], "texture": "#4"}
			}
		},
		{
			"from": [-2, 4.3, 0],
			"to": [4, 8.3, 6],
			"rotation": {"angle": 0, "axis": "y", "origin": [-2, 4.3, 0]},
			"faces": {
				"north": {"uv": [6, 0, 12, 4], "texture": "#4"},
				"east": {"uv": [6, 4, 12, 8], "texture": "#4"},
				"south": {"uv": [6, 8, 12, 12], "texture": "#4"},
				"west": {"uv": [0, 12, 6, 16], "texture": "#4"},
				"up": {"uv": [6, 6, 0, 0], "texture": "#4"},
				"down": {"uv": [6, 6, 0, 12], "texture": "#4"}
			}
		},
		{
			"from": [-2, 4.3, 7],
			"to": [4, 8.3, 13],
			"rotation": {"angle": 0, "axis": "y", "origin": [-2, 4.3, 7]},
			"faces": {
				"north": {"uv": [6, 0, 12, 4], "texture": "#4"},
				"east": {"uv": [6, 4, 12, 8], "texture": "#4"},
				"south": {"uv": [6, 8, 12, 12], "texture": "#4"},
				"west": {"uv": [0, 12, 6, 16], "texture": "#4"},
				"up": {"uv": [6, 6, 0, 0], "texture": "#4"},
				"down": {"uv": [6, 6, 0, 12], "texture": "#4"}
			}
		},
		{
			"from": [5, 4.3, 7],
			"to": [11, 8.3, 13],
			"rotation": {"angle": 0, "axis": "y", "origin": [5, 4.3, 7]},
			"faces": {
				"north": {"uv": [6, 0, 12, 4], "texture": "#4"},
				"east": {"uv": [6, 4, 12, 8], "texture": "#4"},
				"south": {"uv": [6, 8, 12, 12], "texture": "#4"},
				"west": {"uv": [0, 12, 6, 16], "texture": "#4"},
				"up": {"uv": [6, 6, 0, 0], "texture": "#4"},
				"down": {"uv": [6, 6, 0, 12], "texture": "#4"}
			}
		},
		{
			"from": [5, 4.3, 0],
			"to": [11, 8.3, 6],
			"rotation": {"angle": 0, "axis": "y", "origin": [5, 4.3, 0]},
			"faces": {
				"north": {"uv": [6, 0, 12, 4], "texture": "#4"},
				"east": {"uv": [6, 4, 12, 8], "texture": "#4"},
				"south": {"uv": [6, 8, 12, 12], "texture": "#4"},
				"west": {"uv": [0, 12, 6, 16], "texture": "#4"},
				"up": {"uv": [6, 6, 0, 0], "texture": "#4"},
				"down": {"uv": [6, 6, 0, 12], "texture": "#4"}
			}
		},
		{
			"from": [5, 4.3, -7],
			"to": [11, 8.3, -1],
			"rotation": {"angle": 0, "axis": "y", "origin": [5, 4.3, -7]},
			"faces": {
				"north": {"uv": [6, 0, 12, 4], "texture": "#4"},
				"east": {"uv": [6, 4, 12, 8], "texture": "#4"},
				"south": {"uv": [6, 8, 12, 12], "texture": "#4"},
				"west": {"uv": [0, 12, 6, 16], "texture": "#4"},
				"up": {"uv": [6, 6, 0, 0], "texture": "#4"},
				"down": {"uv": [6, 6, 0, 12], "texture": "#4"}
			}
		},
		{
			"from": [12, 4.3, 7],
			"to": [18, 8.3, 13],
			"rotation": {"angle": 0, "axis": "y", "origin": [12, 4.3, 7]},
			"faces": {
				"north": {"uv": [6, 0, 12, 4], "texture": "#4"},
				"east": {"uv": [6, 4, 12, 8], "texture": "#4"},
				"south": {"uv": [6, 8, 12, 12], "texture": "#4"},
				"west": {"uv": [0, 12, 6, 16], "texture": "#4"},
				"up": {"uv": [6, 6, 0, 0], "texture": "#4"},
				"down": {"uv": [6, 6, 0, 12], "texture": "#4"}
			}
		},
		{
			"from": [12, 4.3, 0],
			"to": [18, 8.3, 6],
			"rotation": {"angle": 0, "axis": "y", "origin": [12, 4.3, 0]},
			"faces": {
				"north": {"uv": [6, 0, 12, 4], "texture": "#4"},
				"east": {"uv": [6, 4, 12, 8], "texture": "#4"},
				"south": {"uv": [6, 8, 12, 12], "texture": "#4"},
				"west": {"uv": [0, 12, 6, 16], "texture": "#4"},
				"up": {"uv": [6, 6, 0, 0], "texture": "#4"},
				"down": {"uv": [6, 6, 0, 12], "texture": "#4"}
			}
		},
		{
			"from": [12, 4.3, -7],
			"to": [18, 8.3, -1],
			"rotation": {"angle": 0, "axis": "y", "origin": [12, 4.3, -7]},
			"faces": {
				"north": {"uv": [6, 0, 12, 4], "texture": "#4"},
				"east": {"uv": [6, 4, 12, 8], "texture": "#4"},
				"south": {"uv": [6, 8, 12, 12], "texture": "#4"},
				"west": {"uv": [0, 12, 6, 16], "texture": "#4"},
				"up": {"uv": [6, 6, 0, 0], "texture": "#4"},
				"down": {"uv": [6, 6, 0, 12], "texture": "#4"}
			}
		}
	],
	"display": {
		"thirdperson_righthand": {
			"rotation": [21, 11, 0],
			"scale": [0.2, 0.2, 0.2]
		},
		"thirdperson_lefthand": {
			"rotation": [21, 11, 0],
			"scale": [0.2, 0.2, 0.2]
		},
		"firstperson_righthand": {
			"rotation": [21, 11, 0],
			"translation": [1.5, 4.5, 0],
			"scale": [0.2, 0.2, 0.17]
		},
		"firstperson_lefthand": {
			"rotation": [21, 11, 0],
			"translation": [1.5, 4.5, 0],
			"scale": [0.2, 0.2, 0.17]
		},
		"ground": {
			"rotation": [21, 11, 0],
			"translation": [0, 9.75, 0],
			"scale": [0.4, 0.4, 0.4]
		},
		"gui": {
			"rotation": [158.66, 14.93, -170],
			"scale": [0.3, 0.3, 0.3]
		},
		"head": {
			"scale": [0, 0, 0]
		},
		"fixed": {
			"rotation": [-90, 0, 0],
			"translation": [0, 0, -47],
			"scale": [2, 2, 2]
		}
	},
	"groups": [
		{
			"name": "machine",
			"origin": [8, 8, 8],
			"color": 0,
			"children": [0, 1, 2, 3, 4, 5, 6, 7, 8, 9, 10, 11, 12, 13, 14, 15, 16, 17, 18, 19, 20, 21, 22, 23, 24, 25, 26, 27, 28, 29, 30, 31, 32, 33, 34, 35, 36, 37, 38, 39, 40, 41, 42, 43, 44, 45, 46, 47, 48, 49, 50, 51, 52, 53, 54, 55, 56, 57, 58, 59, 60, 61, 62, 63, 64, 65, 66]
		}
	]
}