{
	"credit": "Made with Blockbench",
	"texture_size": [32, 32],
	"textures": {
		"0": "deco/vending_machine_drink",
		"1": "deco/drink",
		"particle": "deco/vending_machine_drink"
	},
	"elements": [
		{
			"from": [-3, -14, 3],
			"to": [19, -7, 15],
			"rotation": {"angle": 0, "axis": "y", "origin": [0, -14, 0]},
			"faces": {
				"north": {"uv": [6.25, 0, 9, 0.875], "texture": "#0"},
				"east": {"uv": [12, 8.75, 10.5, 9.625], "texture": "#0"},
				"south": {"uv": [7.375, 0.875, 10.125, 1.75], "texture": "#0"},
				"west": {"uv": [10.5, 8.75, 12, 9.625], "texture": "#0"},
				"up": {"uv": [6, 4.125, 3.25, 2.625], "texture": "#0"},
				"down": {"uv": [6.25, 0, 3.5, 1.5], "texture": "#0"}
			}
		},
		{
			"from": [-2, -14, 6.5],
			"to": [3, 0, 7],
			"rotation": {"angle": 45, "axis": "z", "origin": [0, -14, 0]},
			"faces": {
				"north": {"uv": [10.5, 9.625, 11.125, 11.375], "texture": "#0"},
				"east": {"uv": [8.25, 1.75, 8.375, 3.5], "texture": "#0"},
				"south": {"uv": [2.5, 10.75, 3.125, 12.5], "texture": "#0"},
				"west": {"uv": [11.125, 11.125, 11.25, 12.875], "texture": "#0"},
				"up": {"uv": [12.25, 10.5, 11.625, 10.375], "texture": "#0"},
				"down": {"uv": [12.25, 10.5, 11.625, 10.625], "texture": "#0"}
			}
		},
		{
			"from": [-3.5, -14, 8],
			"to": [-3, 0, 13],
			"rotation": {"angle": 45, "axis": "z", "origin": [0, -14, 0]},
			"faces": {
				"north": {"uv": [9.125, 11.25, 9.25, 13], "texture": "#0"},
				"east": {"uv": [3.125, 10.75, 3.75, 12.5], "texture": "#0"},
				"south": {"uv": [9.25, 11.25, 9.375, 13], "texture": "#0"},
				"west": {"uv": [3.75, 10.75, 4.375, 12.5], "texture": "#0"},
				"up": {"uv": [7.375, 1.5, 7.25, 0.875], "texture": "#0"},
				"down": {"uv": [10.125, 11.625, 10, 12.25], "texture": "#0"}
			}
		},
		{
			"from": [-2, -14, 13.9],
			"to": [3, 0, 14.4],
			"rotation": {"angle": 45, "axis": "z", "origin": [0, -14, 0]},
			"faces": {
				"north": {"uv": [4.375, 10.75, 5, 12.5], "texture": "#0"},
				"east": {"uv": [9.375, 11.25, 9.5, 13], "texture": "#0"},
				"south": {"uv": [5, 10.75, 5.625, 12.5], "texture": "#0"},
				"west": {"uv": [9.5, 11.25, 9.625, 13], "texture": "#0"},
				"up": {"uv": [12.25, 10.75, 11.625, 10.625], "texture": "#0"},
				"down": {"uv": [12.25, 10.75, 11.625, 10.875], "texture": "#0"}
			}
		},
		{
			"from": [4, -8, 8],
			"to": [4.5, 0, 13],
			"rotation": {"angle": 45, "axis": "z", "origin": [0, -14, 0]},
			"faces": {
				"north": {"uv": [10.5, 11.375, 10.625, 12.375], "texture": "#0"},
				"east": {"uv": [5.625, 10.75, 6.25, 11.75], "texture": "#0"},
				"south": {"uv": [10.625, 11.375, 10.75, 12.375], "texture": "#0"},
				"west": {"uv": [6.25, 10.75, 6.875, 11.75], "texture": "#0"},
				"up": {"uv": [11.375, 12.25, 11.25, 11.625], "texture": "#0"},
				"down": {"uv": [11.5, 11.625, 11.375, 12.25], "texture": "#0"}
			}
		},
		{
			"from": [-2, 0, 9.7],
			"to": [0.4, 0.1, 11.7],
			"rotation": {"angle": 45, "axis": "z", "origin": [0, -14, 0]},
			"faces": {
				"north": {"uv": [2.5, 8.125, 2.75, 8.25], "texture": "#0"},
				"east": {"uv": [9.375, 10.5, 9.625, 10.625], "texture": "#0"},
				"south": {"uv": [9.375, 10.625, 9.625, 10.75], "texture": "#0"},
				"west": {"uv": [0.875, 11.75, 1.125, 11.875], "texture": "#0"},
				"up": {"uv": [9.5, 9.25, 9.25, 9], "texture": "#0"},
				"down": {"uv": [9.375, 10.5, 9.125, 10.75], "texture": "#0"}
			}
		},
		{
			"from": [-3, -14, 7],
			"to": [4, 0, 14],
			"rotation": {"angle": 45, "axis": "z", "origin": [0, -14, 0]},
			"faces": {
				"north": {"uv": [7.375, 1.75, 8.25, 3.5], "texture": "#0"},
				"east": {"uv": [1.625, 9.25, 2.5, 11], "texture": "#0"},
				"south": {"uv": [9.625, 9, 10.5, 10.75], "texture": "#0"},
				"west": {"uv": [10.125, 0, 11, 1.75], "texture": "#0"},
				"up": {"uv": [6, 2.375, 5.125, 1.5], "texture": "#0"},
				"down": {"uv": [9.875, 0, 9, 0.875], "texture": "#0"}
			}
		},
		{
			"from": [3.2, 0, 7.5],
			"to": [3.4, 0.3, 13.3],
			"rotation": {"angle": 45, "axis": "z", "origin": [0, -14, 0]},
			"faces": {
				"north": {"uv": [9.5, 9, 9.625, 9.125], "texture": "#0"},
				"east": {"uv": [5.25, 2.5, 6, 2.625], "texture": "#0"},
				"south": {"uv": [9.5, 9.125, 9.625, 9.25], "texture": "#0"},
				"west": {"uv": [11.625, 0.75, 12.375, 0.875], "texture": "#0"},
				"up": {"uv": [1.5, 12.375, 1.375, 11.625], "texture": "#0"},
				"down": {"uv": [9.75, 11.625, 9.625, 12.375], "texture": "#0"}
			}
		},
		{
			"from": [-2.6, 0, 7.5],
			"to": [3.2, 0.3, 7.7],
			"rotation": {"angle": 45, "axis": "z", "origin": [0, -14, 0]},
			"faces": {
				"north": {"uv": [11.625, 0.875, 12.375, 1], "texture": "#0"},
				"east": {"uv": [1.125, 11.75, 1.25, 11.875], "texture": "#0"},
				"south": {"uv": [11.625, 1, 12.375, 1.125], "texture": "#0"},
				"west": {"uv": [1.25, 11.75, 1.375, 11.875], "texture": "#0"},
				"up": {"uv": [12.375, 1.25, 11.625, 1.125], "texture": "#0"},
				"down": {"uv": [12.375, 1.25, 11.625, 1.375], "texture": "#0"}
			}
		},
		{
			"from": [-2.6, 0, 7.7],
			"to": [-2.4, 0.3, 13.5],
			"rotation": {"angle": 45, "axis": "z", "origin": [0, -14, 0]},
			"faces": {
				"north": {"uv": [11.75, 4.625, 11.875, 4.75], "texture": "#0"},
				"east": {"uv": [11.625, 9.625, 12.375, 9.75], "texture": "#0"},
				"south": {"uv": [11.75, 4.75, 11.875, 4.875], "texture": "#0"},
				"west": {"uv": [11.625, 9.75, 12.375, 9.875], "texture": "#0"},
				"up": {"uv": [9.875, 12.375, 9.75, 11.625], "texture": "#0"},
				"down": {"uv": [10, 11.625, 9.875, 12.375], "texture": "#0"}
			}
		},
		{
			"from": [-2.4, 0, 13.3],
			"to": [3.4, 0.3, 13.5],
			"rotation": {"angle": 45, "axis": "z", "origin": [0, -14, 0]},
			"faces": {
				"north": {"uv": [11.625, 9.875, 12.375, 10], "texture": "#0"},
				"east": {"uv": [11.75, 4.875, 11.875, 5], "texture": "#0"},
				"south": {"uv": [11.625, 10, 12.375, 10.125], "texture": "#0"},
				"west": {"uv": [11.75, 5, 11.875, 5.125], "texture": "#0"},
				"up": {"uv": [12.375, 10.25, 11.625, 10.125], "texture": "#0"},
				"down": {"uv": [12.375, 10.25, 11.625, 10.375], "texture": "#0"}
			}
		},
		{
			"from": [13.8, -11.2, 3.5],
			"to": [20.8, 8.4, 4.2],
			"rotation": {"angle": -22.5, "axis": "z", "origin": [16, -14, 0]},
			"faces": {
				"north": {"uv": [2.5, 8.25, 3.375, 10.75], "texture": "#0"},
				"east": {"uv": [2, 11, 2.125, 13.5], "texture": "#0"},
				"south": {"uv": [3.375, 8.25, 4.25, 10.75], "texture": "#0"},
				"west": {"uv": [2.125, 11, 2.25, 13.5], "texture": "#0"},
				"up": {"uv": [6, 2.5, 5.125, 2.375], "texture": "#0"},
				"down": {"uv": [1.375, 11.625, 0.5, 11.75], "texture": "#0"}
			}
		},
		{
			"from": [22.2, -11.2, 5.6],
			"to": [22.9, 8.4, 12.6],
			"rotation": {"angle": -22.5, "axis": "z", "origin": [16, -14, 0]},
			"faces": {
				"north": {"uv": [2.25, 11, 2.375, 13.5], "texture": "#0"},
				"east": {"uv": [4.25, 8.25, 5.125, 10.75], "texture": "#0"},
				"south": {"uv": [2.375, 11, 2.5, 13.5], "texture": "#0"},
				"west": {"uv": [5.125, 8.25, 6, 10.75], "texture": "#0"},
				"up": {"uv": [7, 9.125, 6.875, 8.25], "texture": "#0"},
				"down": {"uv": [7.125, 8.25, 7, 9.125], "texture": "#0"}
			}
		},
		{
			"from": [13.8, -11.2, 13.96],
			"to": [20.8, 8.4, 14.66],
			"rotation": {"angle": -22.5, "axis": "z", "origin": [16, -14, 0]},
			"faces": {
				"north": {"uv": [6, 8.25, 6.875, 10.75], "texture": "#0"},
				"east": {"uv": [0, 11.125, 0.125, 13.625], "texture": "#0"},
				"south": {"uv": [8.375, 1.75, 9.25, 4.25], "texture": "#0"},
				"west": {"uv": [0.125, 11.125, 0.25, 13.625], "texture": "#0"},
				"up": {"uv": [12.5, 0.625, 11.625, 0.5], "texture": "#0"},
				"down": {"uv": [12.5, 0.625, 11.625, 0.75], "texture": "#0"}
			}
		},
		{
			"from": [11.7, -11.2, 5.6],
			"to": [12.4, 8.4, 12.6],
			"rotation": {"angle": -22.5, "axis": "z", "origin": [16, -14, 0]},
			"faces": {
				"north": {"uv": [0.25, 11.125, 0.375, 13.625], "texture": "#0"},
				"east": {"uv": [8.375, 4.25, 9.25, 6.75], "texture": "#0"},
				"south": {"uv": [0.375, 11.125, 0.5, 13.625], "texture": "#0"},
				"west": {"uv": [8.375, 6.75, 9.25, 9.25], "texture": "#0"},
				"up": {"uv": [10, 0.875, 9.875, 0], "texture": "#0"},
				"down": {"uv": [10.125, 0, 10, 0.875], "texture": "#0"}
			}
		},
		{
			"from": [17.44, 8.4, 7.78],
			"to": [20.8, 8.54, 10.58],
			"rotation": {"angle": -22.5, "axis": "z", "origin": [16, -14, 0]},
			"faces": {
				"north": {"uv": [11.625, 10.875, 12, 11], "texture": "#0"},
				"east": {"uv": [11.625, 11, 12, 11.125], "texture": "#0"},
				"south": {"uv": [11.5, 11.625, 11.875, 11.75], "texture": "#0"},
				"west": {"uv": [0.5, 11.75, 0.875, 11.875], "texture": "#0"},
				"up": {"uv": [11.75, 7, 11.375, 6.625], "texture": "#0"},
				"down": {"uv": [11.75, 7, 11.375, 7.375], "texture": "#0"}
			}
		},
		{
			"from": [12.4, -11.2, 4.2],
			"to": [22.2, 8.4, 14],
			"rotation": {"angle": -22.5, "axis": "z", "origin": [16, -14, 0]},
			"faces": {
				"north": {"uv": [0, 6.75, 1.25, 9.25], "texture": "#0"},
				"east": {"uv": [1.25, 6.75, 2.5, 9.25], "texture": "#0"},
				"south": {"uv": [7.125, 4.125, 8.375, 6.625], "texture": "#0"},
				"west": {"uv": [7.125, 6.625, 8.375, 9.125], "texture": "#0"},
				"up": {"uv": [10.5, 9, 9.25, 7.75], "texture": "#0"},
				"down": {"uv": [9.625, 9.25, 8.375, 10.5], "texture": "#0"}
			}
		},
		{
			"from": [13.24, 8.4, 4.9],
			"to": [13.52, 8.82, 13.02],
			"rotation": {"angle": -22.5, "axis": "z", "origin": [16, -14, 0]},
			"faces": {
				"north": {"uv": [11.75, 5.125, 11.875, 5.25], "texture": "#0"},
				"east": {"uv": [6.25, 1.375, 7.25, 1.5], "texture": "#0"},
				"south": {"uv": [11.75, 5.25, 11.875, 5.375], "texture": "#0"},
				"west": {"uv": [7.375, 4, 8.375, 4.125], "texture": "#0"},
				"up": {"uv": [10.875, 12.375, 10.75, 11.375], "texture": "#0"},
				"down": {"uv": [11, 11.375, 10.875, 12.375], "texture": "#0"}
			}
		},
		{
			"from": [13.52, 8.4, 4.9],
			"to": [21.64, 8.82, 5.18],
			"rotation": {"angle": -22.5, "axis": "z", "origin": [16, -14, 0]},
			"faces": {
				"north": {"uv": [11, 1.625, 12, 1.75], "texture": "#0"},
				"east": {"uv": [11.75, 5.375, 11.875, 5.5], "texture": "#0"},
				"south": {"uv": [11.375, 7.375, 12.375, 7.5], "texture": "#0"},
				"west": {"uv": [11.75, 5.5, 11.875, 5.625], "texture": "#0"},
				"up": {"uv": [12.375, 7.625, 11.375, 7.5], "texture": "#0"},
				"down": {"uv": [12.5, 0, 11.5, 0.125], "texture": "#0"}
			}
		},
		{
			"from": [21.36, 8.4, 5.18],
			"to": [21.64, 8.82, 13.3],
			"rotation": {"angle": -22.5, "axis": "z", "origin": [16, -14, 0]},
			"faces": {
				"north": {"uv": [5.625, 11.75, 5.75, 11.875], "texture": "#0"},
				"east": {"uv": [11.5, 0.125, 12.5, 0.25], "texture": "#0"},
				"south": {"uv": [11.75, 5.625, 11.875, 5.75], "texture": "#0"},
				"west": {"uv": [11.5, 0.25, 12.5, 0.375], "texture": "#0"},
				"up": {"uv": [11.125, 12.375, 11, 11.375], "texture": "#0"},
				"down": {"uv": [11.625, 0.375, 11.5, 1.375], "texture": "#0"}
			}
		},
		{
			"from": [13.24, 8.4, 13.02],
			"to": [21.36, 8.82, 13.3],
			"rotation": {"angle": -22.5, "axis": "z", "origin": [16, -14, 0]},
			"faces": {
				"north": {"uv": [11.5, 1.375, 12.5, 1.5], "texture": "#0"},
				"east": {"uv": [5.75, 11.75, 5.875, 11.875], "texture": "#0"},
				"south": {"uv": [11.5, 1.5, 12.5, 1.625], "texture": "#0"},
				"west": {"uv": [11.75, 5.75, 11.875, 5.875], "texture": "#0"},
				"up": {"uv": [12.25, 11.625, 11.25, 11.5], "texture": "#0"},
				"down": {"uv": [12.625, 0.375, 11.625, 0.5], "texture": "#0"}
			}
		},
		{
			"from": [-3, 14, 3],
			"to": [19, 18, 15],
			"rotation": {"angle": 0, "axis": "y", "origin": [0, -14, 0]},
			"faces": {
				"north": {"uv": [10.5, 7.75, 13.25, 8.25], "texture": "#0"},
				"east": {"uv": [10.875, 1.75, 12.375, 2.25], "texture": "#0"},
				"south": {"uv": [10.5, 8.25, 13.25, 8.75], "texture": "#0"},
				"west": {"uv": [10.875, 2.25, 12.375, 2.75], "texture": "#0"},
				"up": {"uv": [6, 5.625, 3.25, 4.125], "texture": "#0"},
				"down": {"uv": [2.75, 5.25, 0, 6.75], "texture": "#0"}
			}
		},
		{
			"from": [9, 18, 7],
			"to": [13, 27, 11],
			"rotation": {"angle": -22.5, "axis": "z", "origin": [9, 18, 9]},
			"faces": {
				"north": {"uv": [10.875, 4.25, 11.375, 5.375], "texture": "#0"},
				"east": {"uv": [10.875, 5.375, 11.375, 6.5], "texture": "#0"},
				"south": {"uv": [10.875, 6.5, 11.375, 7.625], "texture": "#0"},
				"west": {"uv": [11, 0, 11.5, 1.125], "texture": "#0"},
				"up": {"uv": [6.75, 1.375, 6.25, 0.875], "texture": "#0"},
				"down": {"uv": [7.25, 0.875, 6.75, 1.375], "texture": "#0"}
			}
		},
		{
			"from": [8.20151, 28.07228, 7],
			"to": [12.20151, 31.07228, 11],
			"rotation": {"angle": -45, "axis": "z", "origin": [8.20151, 22.07228, 9]},
			"faces": {
				"north": {"uv": [2.75, 5.25, 3.25, 5.625], "texture": "#0"},
				"east": {"uv": [9.625, 11.25, 10.125, 11.625], "texture": "#0"},
				"south": {"uv": [11.25, 11.125, 11.75, 11.5], "texture": "#0"},
				"west": {"uv": [11.375, 4.25, 11.875, 4.625], "texture": "#0"},
				"up": {"uv": [7.875, 4, 7.375, 3.5], "texture": "#0"},
				"down": {"uv": [8.375, 3.5, 7.875, 4], "texture": "#0"}
			}
		},
		{
			"from": [15.02219, 22.14014, 7],
			"to": [18.02219, 26.14014, 11],
			"rotation": {"angle": 22.5, "axis": "z", "origin": [9.02219, 26.14014, 9]},
			"faces": {
				"north": {"uv": [6.75, 4.125, 7.125, 4.625], "texture": "#0"},
				"east": {"uv": [11, 1.125, 11.5, 1.625], "texture": "#0"},
				"south": {"uv": [6.75, 4.625, 7.125, 5.125], "texture": "#0"},
				"west": {"uv": [0.5, 11.125, 1, 11.625], "texture": "#0"},
				"up": {"uv": [7.125, 5.625, 6.75, 5.125], "texture": "#0"},
				"down": {"uv": [10.5, 11.25, 10.125, 11.75], "texture": "#0"}
			}
		},
		{
			"from": [17.33711, 25.58429, 7],
			"to": [20.33711, 29.58429, 11],
			"rotation": {"angle": 0, "axis": "y", "origin": [11.33711, 29.58429, 9]},
			"faces": {
				"north": {"uv": [11.375, 4.625, 11.75, 5.125], "texture": "#0"},
				"east": {"uv": [1, 11.125, 1.5, 11.625], "texture": "#0"},
				"south": {"uv": [11.375, 5.125, 11.75, 5.625], "texture": "#0"},
				"west": {"uv": [11.125, 9.625, 11.625, 10.125], "texture": "#0"},
				"up": {"uv": [11.75, 6.125, 11.375, 5.625], "texture": "#0"},
				"down": {"uv": [11.75, 6.125, 11.375, 6.625], "texture": "#0"}
			}
		},
		{
			"from": [20.79383, 27.88039, 7],
			"to": [32, 31.88039, 11],
			"rotation": {"angle": -22.5, "axis": "z", "origin": [14.79383, 31.88039, 9]},
			"faces": {
				"north": {"uv": [9.125, 10.75, 10.5, 11.25], "texture": "#0"},
				"east": {"uv": [11.125, 10.125, 11.625, 10.625], "texture": "#0"},
				"south": {"uv": [10.875, 2.75, 12.25, 3.25], "texture": "#0"},
				"west": {"uv": [11.125, 10.625, 11.625, 11.125], "texture": "#0"},
				"up": {"uv": [12.25, 3.75, 10.875, 3.25], "texture": "#0"},
				"down": {"uv": [12.25, 3.75, 10.875, 4.25], "texture": "#0"}
			}
		},
		{
			"from": [-2, -7, 14],
			"to": [12, 14, 15],
			"rotation": {"angle": 0, "axis": "y", "origin": [0, -14, 0]},
			"faces": {
				"north": {"uv": [0, 0, 1.75, 2.625], "texture": "#0"},
				"east": {"uv": [1.5, 10.25, 1.625, 12.875], "texture": "#0"},
				"south": {"uv": [1.75, 0, 3.5, 2.625], "texture": "#0"},
				"west": {"uv": [1.625, 11, 1.75, 13.625], "texture": "#0"},
				"up": {"uv": [5.25, 2.625, 3.5, 2.5], "texture": "#0"},
				"down": {"uv": [12.625, 7.625, 10.875, 7.75], "texture": "#0"}
			}
		},
		{
			"from": [-1, 10, 6],
			"to": [12, 10, 14],
			"rotation": {"angle": 0, "axis": "y", "origin": [0, -14, 0]},
			"faces": {
				"north": {"uv": [0, 0, 1.625, 0], "texture": "#0"},
				"east": {"uv": [0, 0, 1, 0], "texture": "#0"},
				"south": {"uv": [0, 0, 1.625, 0], "texture": "#0"},
				"west": {"uv": [0, 0, 1, 0], "texture": "#0"},
				"up": {"uv": [5.125, 2.5, 3.5, 1.5], "texture": "#0"},
				"down": {"uv": [1.625, 9.25, 0, 10.25], "texture": "#0"}
			}
		},
		{
			"from": [-1, 6, 6],
			"to": [12, 6, 14],
			"rotation": {"angle": 0, "axis": "y", "origin": [0, -14, 0]},
			"faces": {
				"north": {"uv": [0, 0, 1.625, 0], "texture": "#0"},
				"east": {"uv": [0, 0, 1, 0], "texture": "#0"},
				"south": {"uv": [0, 0, 1.625, 0], "texture": "#0"},
				"west": {"uv": [0, 0, 1, 0], "texture": "#0"},
				"up": {"uv": [10.875, 2.75, 9.25, 1.75], "texture": "#0"},
				"down": {"uv": [10.875, 2.75, 9.25, 3.75], "texture": "#0"}
			}
		},
		{
			"from": [-1, 2, 6],
			"to": [12, 2, 14],
			"rotation": {"angle": 0, "axis": "y", "origin": [0, -14, 0]},
			"faces": {
				"north": {"uv": [0, 0, 1.625, 0], "texture": "#0"},
				"east": {"uv": [0, 0, 1, 0], "texture": "#0"},
				"south": {"uv": [0, 0, 1.625, 0], "texture": "#0"},
				"west": {"uv": [0, 0, 1, 0], "texture": "#0"},
				"up": {"uv": [10.875, 4.75, 9.25, 3.75], "texture": "#0"},
				"down": {"uv": [10.875, 4.75, 9.25, 5.75], "texture": "#0"}
			}
		},
		{
			"from": [-1, -2, 6],
			"to": [12, -2, 14],
			"rotation": {"angle": 0, "axis": "y", "origin": [0, -14, 0]},
			"faces": {
				"north": {"uv": [0, 0, 1.625, 0], "texture": "#0"},
				"east": {"uv": [0, 0, 1, 0], "texture": "#0"},
				"south": {"uv": [0, 0, 1.625, 0], "texture": "#0"},
				"west": {"uv": [0, 0, 1, 0], "texture": "#0"},
				"up": {"uv": [10.875, 6.75, 9.25, 5.75], "texture": "#0"},
				"down": {"uv": [10.875, 6.75, 9.25, 7.75], "texture": "#0"}
			}
		},
		{
			"from": [12, -7, 3],
			"to": [18, 14, 15],
			"rotation": {"angle": 0, "axis": "y", "origin": [0, -14, 0]},
			"faces": {
				"north": {"uv": [6.875, 9.125, 7.625, 11.75], "texture": "#0"},
				"east": {"uv": [2.75, 5.625, 4.25, 8.25], "texture": "#0"},
				"south": {"uv": [7.625, 9.125, 8.375, 11.75], "texture": "#0"},
				"west": {"uv": [4.25, 5.625, 5.75, 8.25], "texture": "#0"},
				"up": {"uv": [6.75, 5.625, 6, 4.125], "texture": "#0"},
				"down": {"uv": [9.125, 10.5, 8.375, 12], "texture": "#0"}
			}
		},
		{
			"from": [-2, -7, 3],
			"to": [-1, 14, 14],
			"rotation": {"angle": 0, "axis": "y", "origin": [0, -14, 0]},
			"faces": {
				"north": {"uv": [1.75, 11, 1.875, 13.625], "texture": "#0"},
				"east": {"uv": [5.75, 5.625, 7.125, 8.25], "texture": "#0"},
				"south": {"uv": [1.875, 11, 2, 13.625], "texture": "#0"},
				"west": {"uv": [6, 1.5, 7.375, 4.125], "texture": "#0"},
				"up": {"uv": [2.625, 8.125, 2.5, 6.75], "texture": "#0"},
				"down": {"uv": [2.75, 6.75, 2.625, 8.125], "texture": "#0"}
			}
		},
		{
			"from": [-1, -7, 3],
			"to": [12, 14, 3],
			"faces": {
				"north": {"uv": [0, 2.625, 1.625, 5.25], "texture": "#0"},
				"east": {"uv": [0, 0, 0, 10.5], "texture": "#0"},
				"south": {"uv": [1.625, 2.625, 3.25, 5.25], "texture": "#0"},
				"west": {"uv": [0, 0, 0, 10.5], "texture": "#0"},
				"up": {"uv": [6.5, 0, 0, 0], "texture": "#0"},
				"down": {"uv": [6.5, 0, 0, 0], "texture": "#0"}
			}
		},
		{
			"from": [0, 10.1, 11],
			"to": [2, 13.9, 13],
			"faces": {
				"north": {"uv": [0, 0, 1, 2], "texture": "#1"},
				"east": {"uv": [1, 0, 2, 2], "texture": "#1"},
				"south": {"uv": [0, 2, 1, 4], "texture": "#1"},
				"west": {"uv": [2, 0, 3, 2], "texture": "#1"},
				"up": {"uv": [10, 4, 9, 3], "texture": "#1"},
				"down": {"uv": [10, 4, 9, 5], "texture": "#1"}
			}
		},
		{
			"from": [0, 10.1, 8.4],
			"to": [2, 13.9, 10.4],
			"faces": {
				"north": {"uv": [1, 2, 2, 4], "texture": "#1"},
				"east": {"uv": [2, 2, 3, 4], "texture": "#1"},
				"south": {"uv": [3, 0, 4, 2], "texture": "#1"},
				"west": {"uv": [3, 2, 4, 4], "texture": "#1"},
				"up": {"uv": [10, 6, 9, 5], "texture": "#1"},
				"down": {"uv": [10, 6, 9, 7], "texture": "#1"}
			}
		},
		{
			"from": [0, 10.1, 5.9],
			"to": [2, 13.9, 7.9],
			"faces": {
				"north": {"uv": [0, 4, 1, 6], "texture": "#1"},
				"east": {"uv": [4, 0, 5, 2], "texture": "#1"},
				"south": {"uv": [1, 4, 2, 6], "texture": "#1"},
				"west": {"uv": [2, 4, 3, 6], "texture": "#1"},
				"up": {"uv": [10, 8, 9, 7], "texture": "#1"},
				"down": {"uv": [10, 8, 9, 9], "texture": "#1"}
			}
		},
		{
			"from": [3, 10.1, 11],
			"to": [5, 12.9, 13],
			"faces": {
				"north": {"uv": [8, 2, 9, 3.5], "texture": "#1"},
				"east": {"uv": [3, 8, 4, 9.5], "texture": "#1"},
				"south": {"uv": [8, 3.5, 9, 5], "texture": "#1"},
				"west": {"uv": [4, 8, 5, 9.5], "texture": "#1"},
				"up": {"uv": [10, 10, 9, 9], "texture": "#1"},
				"down": {"uv": [4, 9.5, 3, 10.5], "texture": "#1"}
			}
		},
		{
			"from": [3, 10.1, 8.4],
			"to": [5, 12.9, 10.4],
			"faces": {
				"north": {"uv": [5, 8, 6, 9.5], "texture": "#1"},
				"east": {"uv": [8, 5, 9, 6.5], "texture": "#1"},
				"south": {"uv": [6, 8, 7, 9.5], "texture": "#1"},
				"west": {"uv": [8, 6.5, 9, 8], "texture": "#1"},
				"up": {"uv": [5, 10.5, 4, 9.5], "texture": "#1"},
				"down": {"uv": [6, 9.5, 5, 10.5], "texture": "#1"}
			}
		},
		{
			"from": [3, 10.1, 5.9],
			"to": [5, 12.9, 7.9],
			"faces": {
				"north": {"uv": [7, 8, 8, 9.5], "texture": "#1"},
				"east": {"uv": [8, 8, 9, 9.5], "texture": "#1"},
				"south": {"uv": [9, 0, 10, 1.5], "texture": "#1"},
				"west": {"uv": [9, 1.5, 10, 3], "texture": "#1"},
				"up": {"uv": [7, 10.5, 6, 9.5], "texture": "#1"},
				"down": {"uv": [8, 9.5, 7, 10.5], "texture": "#1"}
			}
		},
		{
			"from": [6, 10.1, 11],
			"to": [8, 13.9, 13],
			"faces": {
				"north": {"uv": [4, 2, 5, 4], "texture": "#1"},
				"east": {"uv": [3, 4, 4, 6], "texture": "#1"},
				"south": {"uv": [4, 4, 5, 6], "texture": "#1"},
				"west": {"uv": [5, 0, 6, 2], "texture": "#1"},
				"up": {"uv": [9, 10.5, 8, 9.5], "texture": "#1"},
				"down": {"uv": [1, 10, 0, 11], "texture": "#1"}
			}
		},
		{
			"from": [6, 10.1, 8.4],
			"to": [8, 13.9, 10.4],
			"faces": {
				"north": {"uv": [5, 2, 6, 4], "texture": "#1"},
				"east": {"uv": [5, 4, 6, 6], "texture": "#1"},
				"south": {"uv": [0, 6, 1, 8], "texture": "#1"},
				"west": {"uv": [6, 0, 7, 2], "texture": "#1"},
				"up": {"uv": [11, 1, 10, 0], "texture": "#1"},
				"down": {"uv": [2, 10, 1, 11], "texture": "#1"}
			}
		},
		{
			"from": [6, 10.1, 5.9],
			"to": [8, 13.9, 7.9],
			"faces": {
				"north": {"uv": [1, 6, 2, 8], "texture": "#1"},
				"east": {"uv": [2, 6, 3, 8], "texture": "#1"},
				"south": {"uv": [6, 2, 7, 4], "texture": "#1"},
				"west": {"uv": [3, 6, 4, 8], "texture": "#1"},
				"up": {"uv": [11, 2, 10, 1], "texture": "#1"},
				"down": {"uv": [3, 10, 2, 11], "texture": "#1"}
			}
		},
		{
			"from": [9, 10.1, 11],
			"to": [11, 13.9, 13],
			"faces": {
				"north": {"uv": [4, 6, 5, 8], "texture": "#1"},
				"east": {"uv": [6, 4, 7, 6], "texture": "#1"},
				"south": {"uv": [5, 6, 6, 8], "texture": "#1"},
				"west": {"uv": [6, 6, 7, 8], "texture": "#1"},
				"up": {"uv": [11, 3, 10, 2], "texture": "#1"},
				"down": {"uv": [11, 3, 10, 4], "texture": "#1"}
			}
		},
		{
			"from": [9, 10.1, 8.4],
			"to": [11, 13.9, 10.4],
			"faces": {
				"north": {"uv": [7, 0, 8, 2], "texture": "#1"},
				"east": {"uv": [7, 2, 8, 4], "texture": "#1"},
				"south": {"uv": [7, 4, 8, 6], "texture": "#1"},
				"west": {"uv": [7, 6, 8, 8], "texture": "#1"},
				"up": {"uv": [11, 5, 10, 4], "texture": "#1"},
				"down": {"uv": [11, 5, 10, 6], "texture": "#1"}
			}
		},
		{
			"from": [9, 10.1, 5.9],
			"to": [11, 13.9, 7.9],
			"faces": {
				"north": {"uv": [0, 8, 1, 10], "texture": "#1"},
				"east": {"uv": [8, 0, 9, 2], "texture": "#1"},
				"south": {"uv": [1, 8, 2, 10], "texture": "#1"},
				"west": {"uv": [2, 8, 3, 10], "texture": "#1"},
				"up": {"uv": [11, 7, 10, 6], "texture": "#1"},
				"down": {"uv": [11, 7, 10, 8], "texture": "#1"}
			}
		},
		{
			"from": [9, 6.1, 11],
			"to": [11, 9.9, 13],
			"rotation": {"angle": 0, "axis": "y", "origin": [16, 0, 0]},
			"faces": {
				"north": {"uv": [1, 0, 0, 2], "texture": "#1"},
				"east": {"uv": [3, 0, 2, 2], "texture": "#1"},
				"south": {"uv": [1, 2, 0, 4], "texture": "#1"},
				"west": {"uv": [2, 0, 1, 2], "texture": "#1"},
				"up": {"uv": [9, 4, 10, 3], "texture": "#1"},
				"down": {"uv": [9, 4, 10, 5], "texture": "#1"}
			}
		},
		{
			"from": [9, 6.1, 8.4],
			"to": [11, 9.9, 10.4],
			"rotation": {"angle": 0, "axis": "y", "origin": [16, 0, 0]},
			"faces": {
				"north": {"uv": [2, 2, 1, 4], "texture": "#1"},
				"east": {"uv": [4, 2, 3, 4], "texture": "#1"},
				"south": {"uv": [4, 0, 3, 2], "texture": "#1"},
				"west": {"uv": [3, 2, 2, 4], "texture": "#1"},
				"up": {"uv": [9, 6, 10, 5], "texture": "#1"},
				"down": {"uv": [9, 6, 10, 7], "texture": "#1"}
			}
		},
		{
			"from": [9, 6.1, 5.9],
			"to": [11, 9.9, 7.9],
			"rotation": {"angle": 0, "axis": "y", "origin": [16, 0, 0]},
			"faces": {
				"north": {"uv": [1, 4, 0, 6], "texture": "#1"},
				"east": {"uv": [3, 4, 2, 6], "texture": "#1"},
				"south": {"uv": [2, 4, 1, 6], "texture": "#1"},
				"west": {"uv": [5, 0, 4, 2], "texture": "#1"},
				"up": {"uv": [9, 8, 10, 7], "texture": "#1"},
				"down": {"uv": [9, 8, 10, 9], "texture": "#1"}
			}
		},
		{
			"from": [6, 6.1, 11],
			"to": [8, 8.9, 13],
			"rotation": {"angle": 0, "axis": "y", "origin": [16, 0, 0]},
			"faces": {
				"north": {"uv": [9, 2, 8, 3.5], "texture": "#1"},
				"east": {"uv": [5, 8, 4, 9.5], "texture": "#1"},
				"south": {"uv": [9, 3.5, 8, 5], "texture": "#1"},
				"west": {"uv": [4, 8, 3, 9.5], "texture": "#1"},
				"up": {"uv": [9, 10, 10, 9], "texture": "#1"},
				"down": {"uv": [3, 9.5, 4, 10.5], "texture": "#1"}
			}
		},
		{
			"from": [6, 6.1, 8.4],
			"to": [8, 8.9, 10.4],
			"rotation": {"angle": 0, "axis": "y", "origin": [16, 0, 0]},
			"faces": {
				"north": {"uv": [6, 8, 5, 9.5], "texture": "#1"},
				"east": {"uv": [9, 6.5, 8, 8], "texture": "#1"},
				"south": {"uv": [7, 8, 6, 9.5], "texture": "#1"},
				"west": {"uv": [9, 5, 8, 6.5], "texture": "#1"},
				"up": {"uv": [4, 10.5, 5, 9.5], "texture": "#1"},
				"down": {"uv": [5, 9.5, 6, 10.5], "texture": "#1"}
			}
		},
		{
			"from": [6, 6.1, 5.9],
			"to": [8, 8.9, 7.9],
			"rotation": {"angle": 0, "axis": "y", "origin": [16, 0, 0]},
			"faces": {
				"north": {"uv": [8, 8, 7, 9.5], "texture": "#1"},
				"east": {"uv": [10, 1.5, 9, 3], "texture": "#1"},
				"south": {"uv": [10, 0, 9, 1.5], "texture": "#1"},
				"west": {"uv": [9, 8, 8, 9.5], "texture": "#1"},
				"up": {"uv": [6, 10.5, 7, 9.5], "texture": "#1"},
				"down": {"uv": [7, 9.5, 8, 10.5], "texture": "#1"}
			}
		},
		{
			"from": [3, 6.1, 11],
			"to": [5, 9.9, 13],
			"rotation": {"angle": 0, "axis": "y", "origin": [16, 0, 0]},
			"faces": {
				"north": {"uv": [5, 2, 4, 4], "texture": "#1"},
				"east": {"uv": [6, 0, 5, 2], "texture": "#1"},
				"south": {"uv": [5, 4, 4, 6], "texture": "#1"},
				"west": {"uv": [4, 4, 3, 6], "texture": "#1"},
				"up": {"uv": [8, 10.5, 9, 9.5], "texture": "#1"},
				"down": {"uv": [0, 10, 1, 11], "texture": "#1"}
			}
		},
		{
			"from": [3, 6.1, 8.4],
			"to": [5, 9.9, 10.4],
			"rotation": {"angle": 0, "axis": "y", "origin": [16, 0, 0]},
			"faces": {
				"north": {"uv": [6, 2, 5, 4], "texture": "#1"},
				"east": {"uv": [7, 0, 6, 2], "texture": "#1"},
				"south": {"uv": [1, 6, 0, 8], "texture": "#1"},
				"west": {"uv": [6, 4, 5, 6], "texture": "#1"},
				"up": {"uv": [10, 1, 11, 0], "texture": "#1"},
				"down": {"uv": [1, 10, 2, 11], "texture": "#1"}
			}
		},
		{
			"from": [3, 6.1, 5.9],
			"to": [5, 9.9, 7.9],
			"rotation": {"angle": 0, "axis": "y", "origin": [16, 0, 0]},
			"faces": {
				"north": {"uv": [2, 6, 1, 8], "texture": "#1"},
				"east": {"uv": [4, 6, 3, 8], "texture": "#1"},
				"south": {"uv": [7, 2, 6, 4], "texture": "#1"},
				"west": {"uv": [3, 6, 2, 8], "texture": "#1"},
				"up": {"uv": [10, 2, 11, 1], "texture": "#1"},
				"down": {"uv": [2, 10, 3, 11], "texture": "#1"}
			}
		},
		{
			"from": [0, 6.1, 11],
			"to": [2, 9.9, 13],
			"rotation": {"angle": 0, "axis": "y", "origin": [16, 0, 0]},
			"faces": {
				"north": {"uv": [5, 6, 4, 8], "texture": "#1"},
				"east": {"uv": [7, 6, 6, 8], "texture": "#1"},
				"south": {"uv": [6, 6, 5, 8], "texture": "#1"},
				"west": {"uv": [7, 4, 6, 6], "texture": "#1"},
				"up": {"uv": [10, 3, 11, 2], "texture": "#1"},
				"down": {"uv": [10, 3, 11, 4], "texture": "#1"}
			}
		},
		{
			"from": [0, 6.1, 8.4],
			"to": [2, 9.9, 10.4],
			"rotation": {"angle": 0, "axis": "y", "origin": [16, 0, 0]},
			"faces": {
				"north": {"uv": [8, 0, 7, 2], "texture": "#1"},
				"east": {"uv": [8, 6, 7, 8], "texture": "#1"},
				"south": {"uv": [8, 4, 7, 6], "texture": "#1"},
				"west": {"uv": [8, 2, 7, 4], "texture": "#1"},
				"up": {"uv": [10, 5, 11, 4], "texture": "#1"},
				"down": {"uv": [10, 5, 11, 6], "texture": "#1"}
			}
		},
		{
			"from": [0, 6.1, 5.9],
			"to": [2, 9.9, 7.9],
			"rotation": {"angle": 0, "axis": "y", "origin": [16, 0, 0]},
			"faces": {
				"north": {"uv": [1, 8, 0, 10], "texture": "#1"},
				"east": {"uv": [3, 8, 2, 10], "texture": "#1"},
				"south": {"uv": [2, 8, 1, 10], "texture": "#1"},
				"west": {"uv": [9, 0, 8, 2], "texture": "#1"},
				"up": {"uv": [10, 7, 11, 6], "texture": "#1"},
				"down": {"uv": [10, 7, 11, 8], "texture": "#1"}
			}
		},
		{
			"from": [0, 2.1, 11],
			"to": [2, 5.9, 13],
			"faces": {
				"north": {"uv": [0, 0, 1, 2], "texture": "#1"},
				"east": {"uv": [1, 0, 2, 2], "texture": "#1"},
				"south": {"uv": [0, 2, 1, 4], "texture": "#1"},
				"west": {"uv": [2, 0, 3, 2], "texture": "#1"},
				"up": {"uv": [10, 4, 9, 3], "texture": "#1"},
				"down": {"uv": [10, 4, 9, 5], "texture": "#1"}
			}
		},
		{
			"from": [0, 2.1, 8.4],
			"to": [2, 5.9, 10.4],
			"faces": {
				"north": {"uv": [1, 2, 2, 4], "texture": "#1"},
				"east": {"uv": [2, 2, 3, 4], "texture": "#1"},
				"south": {"uv": [3, 0, 4, 2], "texture": "#1"},
				"west": {"uv": [3, 2, 4, 4], "texture": "#1"},
				"up": {"uv": [10, 6, 9, 5], "texture": "#1"},
				"down": {"uv": [10, 6, 9, 7], "texture": "#1"}
			}
		},
		{
			"from": [0, 2.1, 5.9],
			"to": [2, 5.9, 7.9],
			"faces": {
				"north": {"uv": [0, 4, 1, 6], "texture": "#1"},
				"east": {"uv": [4, 0, 5, 2], "texture": "#1"},
				"south": {"uv": [1, 4, 2, 6], "texture": "#1"},
				"west": {"uv": [2, 4, 3, 6], "texture": "#1"},
				"up": {"uv": [10, 8, 9, 7], "texture": "#1"},
				"down": {"uv": [10, 8, 9, 9], "texture": "#1"}
			}
		},
		{
			"from": [3, 2.1, 11],
			"to": [5, 4.9, 13],
			"faces": {
				"north": {"uv": [8, 2, 9, 3.5], "texture": "#1"},
				"east": {"uv": [3, 8, 4, 9.5], "texture": "#1"},
				"south": {"uv": [8, 3.5, 9, 5], "texture": "#1"},
				"west": {"uv": [4, 8, 5, 9.5], "texture": "#1"},
				"up": {"uv": [10, 10, 9, 9], "texture": "#1"},
				"down": {"uv": [4, 9.5, 3, 10.5], "texture": "#1"}
			}
		},
		{
			"from": [3, 2.1, 8.4],
			"to": [5, 4.9, 10.4],
			"faces": {
				"north": {"uv": [5, 8, 6, 9.5], "texture": "#1"},
				"east": {"uv": [8, 5, 9, 6.5], "texture": "#1"},
				"south": {"uv": [6, 8, 7, 9.5], "texture": "#1"},
				"west": {"uv": [8, 6.5, 9, 8], "texture": "#1"},
				"up": {"uv": [5, 10.5, 4, 9.5], "texture": "#1"},
				"down": {"uv": [6, 9.5, 5, 10.5], "texture": "#1"}
			}
		},
		{
			"from": [3, 2.1, 5.9],
			"to": [5, 4.9, 7.9],
			"faces": {
				"north": {"uv": [7, 8, 8, 9.5], "texture": "#1"},
				"east": {"uv": [8, 8, 9, 9.5], "texture": "#1"},
				"south": {"uv": [9, 0, 10, 1.5], "texture": "#1"},
				"west": {"uv": [9, 1.5, 10, 3], "texture": "#1"},
				"up": {"uv": [7, 10.5, 6, 9.5], "texture": "#1"},
				"down": {"uv": [8, 9.5, 7, 10.5], "texture": "#1"}
			}
		},
		{
			"from": [9, 2.1, 11],
			"to": [11, 5.9, 13],
			"faces": {
				"north": {"uv": [4, 2, 5, 4], "texture": "#1"},
				"east": {"uv": [3, 4, 4, 6], "texture": "#1"},
				"south": {"uv": [4, 4, 5, 6], "texture": "#1"},
				"west": {"uv": [5, 0, 6, 2], "texture": "#1"},
				"up": {"uv": [9, 10.5, 8, 9.5], "texture": "#1"},
				"down": {"uv": [1, 10, 0, 11], "texture": "#1"}
			}
		},
		{
			"from": [9, 2.1, 8.4],
			"to": [11, 5.9, 10.4],
			"faces": {
				"north": {"uv": [5, 2, 6, 4], "texture": "#1"},
				"east": {"uv": [5, 4, 6, 6], "texture": "#1"},
				"south": {"uv": [0, 6, 1, 8], "texture": "#1"},
				"west": {"uv": [6, 0, 7, 2], "texture": "#1"},
				"up": {"uv": [11, 1, 10, 0], "texture": "#1"},
				"down": {"uv": [2, 10, 1, 11], "texture": "#1"}
			}
		},
		{
			"from": [9, 2.1, 5.9],
			"to": [11, 5.9, 7.9],
			"faces": {
				"north": {"uv": [1, 6, 2, 8], "texture": "#1"},
				"east": {"uv": [2, 6, 3, 8], "texture": "#1"},
				"south": {"uv": [6, 2, 7, 4], "texture": "#1"},
				"west": {"uv": [3, 6, 4, 8], "texture": "#1"},
				"up": {"uv": [11, 2, 10, 1], "texture": "#1"},
				"down": {"uv": [3, 10, 2, 11], "texture": "#1"}
			}
		},
		{
			"from": [6, 2.1, 11],
			"to": [8, 5.9, 13],
			"faces": {
				"north": {"uv": [4, 6, 5, 8], "texture": "#1"},
				"east": {"uv": [6, 4, 7, 6], "texture": "#1"},
				"south": {"uv": [5, 6, 6, 8], "texture": "#1"},
				"west": {"uv": [6, 6, 7, 8], "texture": "#1"},
				"up": {"uv": [11, 3, 10, 2], "texture": "#1"},
				"down": {"uv": [11, 3, 10, 4], "texture": "#1"}
			}
		},
		{
			"from": [6, 2.1, 8.4],
			"to": [8, 5.9, 10.4],
			"faces": {
				"north": {"uv": [7, 0, 8, 2], "texture": "#1"},
				"east": {"uv": [7, 2, 8, 4], "texture": "#1"},
				"south": {"uv": [7, 4, 8, 6], "texture": "#1"},
				"west": {"uv": [7, 6, 8, 8], "texture": "#1"},
				"up": {"uv": [11, 5, 10, 4], "texture": "#1"},
				"down": {"uv": [11, 5, 10, 6], "texture": "#1"}
			}
		},
		{
			"from": [6, 2.1, 5.9],
			"to": [8, 5.9, 7.9],
			"faces": {
				"north": {"uv": [0, 8, 1, 10], "texture": "#1"},
				"east": {"uv": [8, 0, 9, 2], "texture": "#1"},
				"south": {"uv": [1, 8, 2, 10], "texture": "#1"},
				"west": {"uv": [2, 8, 3, 10], "texture": "#1"},
				"up": {"uv": [11, 7, 10, 6], "texture": "#1"},
				"down": {"uv": [11, 7, 10, 8], "texture": "#1"}
			}
		},
		{
			"from": [9, -1.9, 11],
			"to": [11, 1.9, 13],
			"rotation": {"angle": 0, "axis": "y", "origin": [16, 0, 0]},
			"faces": {
				"north": {"uv": [1, 0, 0, 2], "texture": "#1"},
				"east": {"uv": [3, 0, 2, 2], "texture": "#1"},
				"south": {"uv": [1, 2, 0, 4], "texture": "#1"},
				"west": {"uv": [2, 0, 1, 2], "texture": "#1"},
				"up": {"uv": [9, 4, 10, 3], "texture": "#1"},
				"down": {"uv": [9, 4, 10, 5], "texture": "#1"}
			}
		},
		{
			"from": [9, -1.9, 8.4],
			"to": [11, 1.9, 10.4],
			"rotation": {"angle": 0, "axis": "y", "origin": [16, 0, 0]},
			"faces": {
				"north": {"uv": [2, 2, 1, 4], "texture": "#1"},
				"east": {"uv": [4, 2, 3, 4], "texture": "#1"},
				"south": {"uv": [4, 0, 3, 2], "texture": "#1"},
				"west": {"uv": [3, 2, 2, 4], "texture": "#1"},
				"up": {"uv": [9, 6, 10, 5], "texture": "#1"},
				"down": {"uv": [9, 6, 10, 7], "texture": "#1"}
			}
		},
		{
			"from": [9, -1.9, 5.9],
			"to": [11, 1.9, 7.9],
			"rotation": {"angle": 0, "axis": "y", "origin": [16, 0, 0]},
			"faces": {
				"north": {"uv": [1, 4, 0, 6], "texture": "#1"},
				"east": {"uv": [3, 4, 2, 6], "texture": "#1"},
				"south": {"uv": [2, 4, 1, 6], "texture": "#1"},
				"west": {"uv": [5, 0, 4, 2], "texture": "#1"},
				"up": {"uv": [9, 8, 10, 7], "texture": "#1"},
				"down": {"uv": [9, 8, 10, 9], "texture": "#1"}
			}
		},
		{
			"from": [6, -1.9, 11],
			"to": [8, 0.9, 13],
			"rotation": {"angle": 0, "axis": "y", "origin": [16, 0, 0]},
			"faces": {
				"north": {"uv": [9, 2, 8, 3.5], "texture": "#1"},
				"east": {"uv": [5, 8, 4, 9.5], "texture": "#1"},
				"south": {"uv": [9, 3.5, 8, 5], "texture": "#1"},
				"west": {"uv": [4, 8, 3, 9.5], "texture": "#1"},
				"up": {"uv": [9, 10, 10, 9], "texture": "#1"},
				"down": {"uv": [3, 9.5, 4, 10.5], "texture": "#1"}
			}
		},
		{
			"from": [6, -1.9, 8.4],
			"to": [8, 0.9, 10.4],
			"rotation": {"angle": 0, "axis": "y", "origin": [16, 0, 0]},
			"faces": {
				"north": {"uv": [6, 8, 5, 9.5], "texture": "#1"},
				"east": {"uv": [9, 6.5, 8, 8], "texture": "#1"},
				"south": {"uv": [7, 8, 6, 9.5], "texture": "#1"},
				"west": {"uv": [9, 5, 8, 6.5], "texture": "#1"},
				"up": {"uv": [4, 10.5, 5, 9.5], "texture": "#1"},
				"down": {"uv": [5, 9.5, 6, 10.5], "texture": "#1"}
			}
		},
		{
			"from": [6, -1.9, 5.9],
			"to": [8, 0.9, 7.9],
			"rotation": {"angle": 0, "axis": "y", "origin": [16, 0, 0]},
			"faces": {
				"north": {"uv": [8, 8, 7, 9.5], "texture": "#1"},
				"east": {"uv": [10, 1.5, 9, 3], "texture": "#1"},
				"south": {"uv": [10, 0, 9, 1.5], "texture": "#1"},
				"west": {"uv": [9, 8, 8, 9.5], "texture": "#1"},
				"up": {"uv": [6, 10.5, 7, 9.5], "texture": "#1"},
				"down": {"uv": [7, 9.5, 8, 10.5], "texture": "#1"}
			}
		},
		{
			"from": [0, -1.9, 11],
			"to": [2, 1.9, 13],
			"rotation": {"angle": 0, "axis": "y", "origin": [16, 0, 0]},
			"faces": {
				"north": {"uv": [5, 2, 4, 4], "texture": "#1"},
				"east": {"uv": [6, 0, 5, 2], "texture": "#1"},
				"south": {"uv": [5, 4, 4, 6], "texture": "#1"},
				"west": {"uv": [4, 4, 3, 6], "texture": "#1"},
				"up": {"uv": [8, 10.5, 9, 9.5], "texture": "#1"},
				"down": {"uv": [0, 10, 1, 11], "texture": "#1"}
			}
		},
		{
			"from": [0, -1.9, 8.4],
			"to": [2, 1.9, 10.4],
			"rotation": {"angle": 0, "axis": "y", "origin": [16, 0, 0]},
			"faces": {
				"north": {"uv": [6, 2, 5, 4], "texture": "#1"},
				"east": {"uv": [7, 0, 6, 2], "texture": "#1"},
				"south": {"uv": [1, 6, 0, 8], "texture": "#1"},
				"west": {"uv": [6, 4, 5, 6], "texture": "#1"},
				"up": {"uv": [10, 1, 11, 0], "texture": "#1"},
				"down": {"uv": [1, 10, 2, 11], "texture": "#1"}
			}
		},
		{
			"from": [0, -1.9, 5.9],
			"to": [2, 1.9, 7.9],
			"rotation": {"angle": 0, "axis": "y", "origin": [16, 0, 0]},
			"faces": {
				"north": {"uv": [2, 6, 1, 8], "texture": "#1"},
				"east": {"uv": [4, 6, 3, 8], "texture": "#1"},
				"south": {"uv": [7, 2, 6, 4], "texture": "#1"},
				"west": {"uv": [3, 6, 2, 8], "texture": "#1"},
				"up": {"uv": [10, 2, 11, 1], "texture": "#1"},
				"down": {"uv": [2, 10, 3, 11], "texture": "#1"}
			}
		},
		{
			"from": [3, -1.9, 11],
			"to": [5, 1.9, 13],
			"rotation": {"angle": 0, "axis": "y", "origin": [16, 0, 0]},
			"faces": {
				"north": {"uv": [5, 6, 4, 8], "texture": "#1"},
				"east": {"uv": [7, 6, 6, 8], "texture": "#1"},
				"south": {"uv": [6, 6, 5, 8], "texture": "#1"},
				"west": {"uv": [7, 4, 6, 6], "texture": "#1"},
				"up": {"uv": [10, 3, 11, 2], "texture": "#1"},
				"down": {"uv": [10, 3, 11, 4], "texture": "#1"}
			}
		},
		{
			"from": [3, -1.9, 8.4],
			"to": [5, 1.9, 10.4],
			"rotation": {"angle": 0, "axis": "y", "origin": [16, 0, 0]},
			"faces": {
				"north": {"uv": [8, 0, 7, 2], "texture": "#1"},
				"east": {"uv": [8, 6, 7, 8], "texture": "#1"},
				"south": {"uv": [8, 4, 7, 6], "texture": "#1"},
				"west": {"uv": [8, 2, 7, 4], "texture": "#1"},
				"up": {"uv": [10, 5, 11, 4], "texture": "#1"},
				"down": {"uv": [10, 5, 11, 6], "texture": "#1"}
			}
		},
		{
			"from": [3, -1.9, 5.9],
			"to": [5, 1.9, 7.9],
			"rotation": {"angle": 0, "axis": "y", "origin": [16, 0, 0]},
			"faces": {
				"north": {"uv": [1, 8, 0, 10], "texture": "#1"},
				"east": {"uv": [3, 8, 2, 10], "texture": "#1"},
				"south": {"uv": [2, 8, 1, 10], "texture": "#1"},
				"west": {"uv": [9, 0, 8, 2], "texture": "#1"},
				"up": {"uv": [10, 7, 11, 6], "texture": "#1"},
				"down": {"uv": [10, 7, 11, 8], "texture": "#1"}
			}
		},
		{
			"from": [0, -6.9, 11],
			"to": [2, -3.1, 13],
			"faces": {
				"north": {"uv": [0, 0, 1, 2], "texture": "#1"},
				"east": {"uv": [1, 0, 2, 2], "texture": "#1"},
				"south": {"uv": [0, 2, 1, 4], "texture": "#1"},
				"west": {"uv": [2, 0, 3, 2], "texture": "#1"},
				"up": {"uv": [10, 4, 9, 3], "texture": "#1"},
				"down": {"uv": [10, 4, 9, 5], "texture": "#1"}
			}
		},
		{
			"from": [0, -6.9, 8.4],
			"to": [2, -3.1, 10.4],
			"faces": {
				"north": {"uv": [1, 2, 2, 4], "texture": "#1"},
				"east": {"uv": [2, 2, 3, 4], "texture": "#1"},
				"south": {"uv": [3, 0, 4, 2], "texture": "#1"},
				"west": {"uv": [3, 2, 4, 4], "texture": "#1"},
				"up": {"uv": [10, 6, 9, 5], "texture": "#1"},
				"down": {"uv": [10, 6, 9, 7], "texture": "#1"}
			}
		},
		{
			"from": [0, -6.9, 5.9],
			"to": [2, -3.1, 7.9],
			"faces": {
				"north": {"uv": [0, 4, 1, 6], "texture": "#1"},
				"east": {"uv": [4, 0, 5, 2], "texture": "#1"},
				"south": {"uv": [1, 4, 2, 6], "texture": "#1"},
				"west": {"uv": [2, 4, 3, 6], "texture": "#1"},
				"up": {"uv": [10, 8, 9, 7], "texture": "#1"},
				"down": {"uv": [10, 8, 9, 9], "texture": "#1"}
			}
		},
		{
			"from": [3, -6.9, 11],
			"to": [5, -4.1, 13],
			"faces": {
				"north": {"uv": [8, 2, 9, 3.5], "texture": "#1"},
				"east": {"uv": [3, 8, 4, 9.5], "texture": "#1"},
				"south": {"uv": [8, 3.5, 9, 5], "texture": "#1"},
				"west": {"uv": [4, 8, 5, 9.5], "texture": "#1"},
				"up": {"uv": [10, 10, 9, 9], "texture": "#1"},
				"down": {"uv": [4, 9.5, 3, 10.5], "texture": "#1"}
			}
		},
		{
			"from": [3, -6.9, 8.4],
			"to": [5, -4.1, 10.4],
			"faces": {
				"north": {"uv": [5, 8, 6, 9.5], "texture": "#1"},
				"east": {"uv": [8, 5, 9, 6.5], "texture": "#1"},
				"south": {"uv": [6, 8, 7, 9.5], "texture": "#1"},
				"west": {"uv": [8, 6.5, 9, 8], "texture": "#1"},
				"up": {"uv": [5, 10.5, 4, 9.5], "texture": "#1"},
				"down": {"uv": [6, 9.5, 5, 10.5], "texture": "#1"}
			}
		},
		{
			"from": [3, -6.9, 5.9],
			"to": [5, -4.1, 7.9],
			"faces": {
				"north": {"uv": [7, 8, 8, 9.5], "texture": "#1"},
				"east": {"uv": [8, 8, 9, 9.5], "texture": "#1"},
				"south": {"uv": [9, 0, 10, 1.5], "texture": "#1"},
				"west": {"uv": [9, 1.5, 10, 3], "texture": "#1"},
				"up": {"uv": [7, 10.5, 6, 9.5], "texture": "#1"},
				"down": {"uv": [8, 9.5, 7, 10.5], "texture": "#1"}
			}
		},
		{
			"from": [9, -6.9, 11],
			"to": [11, -3.1, 13],
			"faces": {
				"north": {"uv": [4, 2, 5, 4], "texture": "#1"},
				"east": {"uv": [3, 4, 4, 6], "texture": "#1"},
				"south": {"uv": [4, 4, 5, 6], "texture": "#1"},
				"west": {"uv": [5, 0, 6, 2], "texture": "#1"},
				"up": {"uv": [9, 10.5, 8, 9.5], "texture": "#1"},
				"down": {"uv": [1, 10, 0, 11], "texture": "#1"}
			}
		},
		{
			"from": [9, -6.9, 8.4],
			"to": [11, -3.1, 10.4],
			"faces": {
				"north": {"uv": [5, 2, 6, 4], "texture": "#1"},
				"east": {"uv": [5, 4, 6, 6], "texture": "#1"},
				"south": {"uv": [0, 6, 1, 8], "texture": "#1"},
				"west": {"uv": [6, 0, 7, 2], "texture": "#1"},
				"up": {"uv": [11, 1, 10, 0], "texture": "#1"},
				"down": {"uv": [2, 10, 1, 11], "texture": "#1"}
			}
		},
		{
			"from": [9, -6.9, 5.9],
			"to": [11, -3.1, 7.9],
			"faces": {
				"north": {"uv": [1, 6, 2, 8], "texture": "#1"},
				"east": {"uv": [2, 6, 3, 8], "texture": "#1"},
				"south": {"uv": [6, 2, 7, 4], "texture": "#1"},
				"west": {"uv": [3, 6, 4, 8], "texture": "#1"},
				"up": {"uv": [11, 2, 10, 1], "texture": "#1"},
				"down": {"uv": [3, 10, 2, 11], "texture": "#1"}
			}
		},
		{
			"from": [6, -6.9, 11],
			"to": [8, -3.1, 13],
			"faces": {
				"north": {"uv": [4, 6, 5, 8], "texture": "#1"},
				"east": {"uv": [6, 4, 7, 6], "texture": "#1"},
				"south": {"uv": [5, 6, 6, 8], "texture": "#1"},
				"west": {"uv": [6, 6, 7, 8], "texture": "#1"},
				"up": {"uv": [11, 3, 10, 2], "texture": "#1"},
				"down": {"uv": [11, 3, 10, 4], "texture": "#1"}
			}
		},
		{
			"from": [6, -6.9, 8.4],
			"to": [8, -3.1, 10.4],
			"faces": {
				"north": {"uv": [7, 0, 8, 2], "texture": "#1"},
				"east": {"uv": [7, 2, 8, 4], "texture": "#1"},
				"south": {"uv": [7, 4, 8, 6], "texture": "#1"},
				"west": {"uv": [7, 6, 8, 8], "texture": "#1"},
				"up": {"uv": [11, 5, 10, 4], "texture": "#1"},
				"down": {"uv": [11, 5, 10, 6], "texture": "#1"}
			}
		},
		{
			"from": [6, -6.9, 5.9],
			"to": [8, -3.1, 7.9],
			"faces": {
				"north": {"uv": [0, 8, 1, 10], "texture": "#1"},
				"east": {"uv": [8, 0, 9, 2], "texture": "#1"},
				"south": {"uv": [1, 8, 2, 10], "texture": "#1"},
				"west": {"uv": [2, 8, 3, 10], "texture": "#1"},
				"up": {"uv": [11, 7, 10, 6], "texture": "#1"},
				"down": {"uv": [11, 7, 10, 8], "texture": "#1"}
			}
		}
	],
	"display": {
		"thirdperson_righthand": {
			"rotation": [21, 11, 0],
			"scale": [0.2, 0.2, 0.2]
		},
		"thirdperson_lefthand": {
			"rotation": [21, 11, 0],
			"scale": [0.2, 0.2, 0.2]
		},
		"firstperson_righthand": {
			"rotation": [21, 11, 0],
			"translation": [1.5, 4.5, 0],
			"scale": [0.2, 0.2, 0.17]
		},
		"firstperson_lefthand": {
			"rotation": [21, 11, 0],
			"translation": [1.5, 4.5, 0],
			"scale": [0.2, 0.2, 0.17]
		},
		"ground": {
			"rotation": [21, 11, 0],
			"translation": [0, 9.75, 0],
			"scale": [0.4, 0.4, 0.4]
		},
		"gui": {
			"rotation": [158.66, 14.93, -170],
			"scale": [0.3, 0.3, 0.3]
		},
		"head": {
			"rotation": [21, 11, 0],
			"translation": [0, 10.75, 0],
			"scale": [0, 0, 0]
		},
		"fixed": {
			"rotation": [-90, 0, 0],
			"translation": [0, 0, -65],
			"scale": [3, 3, 3]
		}
	},
	"groups": [
		{
			"name": "group",
			"origin": [0, 0, 0],
			"color": 0,
			"children": [
				0,
				{
					"name": "group",
					"origin": [0, -16, 0],
					"color": 0,
					"children": [1, 2, 3, 4, 5, 6, 7, 8, 9, 10]
				},
				{
					"name": "group",
					"origin": [0, -16, 0],
					"color": 0,
					"children": [11, 12, 13, 14, 15, 16, 17, 18, 19, 20]
				},
				21,
				22,
				23,
				24,
				25,
				26,
				27,
				28,
				29,
				30,
				31,
				32,
				33,
				34
			]
		},
		{
			"name": "drink",
			"origin": [8, 8, 8],
			"color": 0,
			"children": [35, 36, 37, 38, 39, 40, 41, 42, 43, 44, 45, 46]
		},
		{
			"name": "drink",
			"origin": [8, 8, 8],
			"color": 0,
			"children": [47, 48, 49, 50, 51, 52, 53, 54, 55, 56, 57, 58]
		},
		{
			"name": "drink",
			"origin": [8, 8, 8],
			"color": 0,
			"children": [59, 60, 61, 62, 63, 64, 65, 66, 67, 68, 69, 70]
		},
		{
			"name": "drink",
			"origin": [8, 8, 8],
			"color": 0,
			"children": [71, 72, 73, 74, 75, 76, 77, 78, 79, 80, 81, 82]
		},
		{
			"name": "drink",
			"origin": [8, 8, 8],
			"color": 0,
			"children": [83, 84, 85, 86, 87, 88, 89, 90, 91, 92, 93, 94]
		}
	]
}