{
	"credit": "Made with Blockbench",
	"textures": {
		"0": "deco/acacia_planks",
		"particle": "deco/acacia_planks"
	},
	"elements": [
		{
			"from": [11.3, 7, 1],
			"to": [13.7, 8, 12],
			"rotation": {"angle": 0, "axis": "y", "origin": [11.3, 7, 8]},
			"faces": {
				"north": {"uv": [0, 0, 16, 1], "rotation": 90, "texture": "#0"},
				"east": {"uv": [0, 0, 16, 1], "rotation": 90, "texture": "#0"},
				"south": {"uv": [0, 0, 16, 1], "rotation": 90, "texture": "#0"},
				"west": {"uv": [0, 0, 16, 1], "rotation": 90, "texture": "#0"},
				"up": {"uv": [0, 0, 16, 4], "rotation": 90, "texture": "#0"},
				"down": {"uv": [0, 0, 16, 4], "rotation": 90, "texture": "#0"}
			}
		},
		{
			"from": [8.3, 7, 1],
			"to": [10.7, 8, 12],
			"rotation": {"angle": 0, "axis": "y", "origin": [8.3, 7, 8]},
			"faces": {
				"north": {"uv": [0, 0, 16, 1], "rotation": 90, "texture": "#0"},
				"east": {"uv": [0, 0, 16, 1], "rotation": 90, "texture": "#0"},
				"south": {"uv": [0, 0, 16, 1], "rotation": 90, "texture": "#0"},
				"west": {"uv": [0, 0, 16, 1], "rotation": 90, "texture": "#0"},
				"up": {"uv": [0, 0, 16, 4], "rotation": 90, "texture": "#0"},
				"down": {"uv": [0, 0, 16, 4], "rotation": 90, "texture": "#0"}
			}
		},
		{
			"from": [5.3, 7, 1],
			"to": [7.7, 8, 12],
			"rotation": {"angle": 0, "axis": "y", "origin": [5.3, 7, 8]},
			"faces": {
				"north": {"uv": [0, 0, 16, 1], "rotation": 90, "texture": "#0"},
				"east": {"uv": [0, 0, 16, 1], "rotation": 90, "texture": "#0"},
				"south": {"uv": [0, 0, 16, 1], "rotation": 90, "texture": "#0"},
				"west": {"uv": [0, 0, 16, 1], "rotation": 90, "texture": "#0"},
				"up": {"uv": [0, 0, 16, 4], "rotation": 90, "texture": "#0"},
				"down": {"uv": [0, 0, 16, 4], "rotation": 90, "texture": "#0"}
			}
		},
		{
			"from": [2.3, 7, 1],
			"to": [4.7, 8, 12],
			"rotation": {"angle": 0, "axis": "y", "origin": [2.3, 7, 8]},
			"faces": {
				"north": {"uv": [0, 0, 16, 1], "rotation": 90, "texture": "#0"},
				"east": {"uv": [0, 0, 16, 1], "rotation": 90, "texture": "#0"},
				"south": {"uv": [0, 0, 16, 1], "rotation": 90, "texture": "#0"},
				"west": {"uv": [0, 0, 16, 1], "rotation": 90, "texture": "#0"},
				"up": {"uv": [0, 0, 16, 4], "rotation": 90, "texture": "#0"},
				"down": {"uv": [0, 0, 16, 4], "rotation": 90, "texture": "#0"}
			}
		},
		{
			"from": [3.3, 6.6, 9.3],
			"to": [12.7, 7, 11],
			"rotation": {"angle": 0, "axis": "y", "origin": [2.3, 7, 8]},
			"faces": {
				"north": {"uv": [0, 0, 9.4, 0.4], "texture": "#0"},
				"east": {"uv": [0, 0, 1.7, 0.4], "texture": "#0"},
				"south": {"uv": [0, 0, 9.4, 0.4], "texture": "#0"},
				"west": {"uv": [0, 0, 1.7, 0.4], "texture": "#0"},
				"up": {"uv": [0, 0, 9.4, 1.7], "texture": "#0"},
				"down": {"uv": [0, 0, 9.4, 1.7], "texture": "#0"}
			}
		},
		{
			"from": [3.3, 6.6, 2.3],
			"to": [12.7, 7, 4],
			"rotation": {"angle": 0, "axis": "y", "origin": [2.3, 7, 8]},
			"faces": {
				"north": {"uv": [0, 0, 9.4, 0.4], "texture": "#0"},
				"east": {"uv": [0, 0, 1.7, 0.4], "texture": "#0"},
				"south": {"uv": [0, 0, 9.4, 0.4], "texture": "#0"},
				"west": {"uv": [0, 0, 1.7, 0.4], "texture": "#0"},
				"up": {"uv": [0, 0, 9.4, 1.7], "texture": "#0"},
				"down": {"uv": [0, 0, 9.4, 1.7], "texture": "#0"}
			}
		},
		{
			"from": [1.3, -1, 6],
			"to": [2.3, 22, 7],
			"rotation": {"angle": 22.5, "axis": "x", "origin": [1.3, 7, 7]},
			"faces": {
				"north": {"uv": [0, 0, 1, 16], "rotation": 180, "texture": "#0"},
				"east": {"uv": [0, 0, 16, 1], "rotation": 90, "texture": "#0"},
				"south": {"uv": [0, 0, 1, 16], "texture": "#0"},
				"west": {"uv": [0, 0, 16, 1], "rotation": 270, "texture": "#0"},
				"up": {"uv": [0, 0, 1, 1], "texture": "#0"},
				"down": {"uv": [0, 0, 1, 1], "rotation": 180, "texture": "#0"}
			}
		},
		{
			"from": [13.7, -1, 6],
			"to": [14.7, 22, 7],
			"rotation": {"angle": 22.5, "axis": "x", "origin": [13.7, 7, 7]},
			"faces": {
				"north": {"uv": [0, 0, 1, 16], "rotation": 180, "texture": "#0"},
				"east": {"uv": [0, 0, 16, 1], "rotation": 90, "texture": "#0"},
				"south": {"uv": [0, 0, 1, 16], "texture": "#0"},
				"west": {"uv": [0, 0, 16, 1], "rotation": 270, "texture": "#0"},
				"up": {"uv": [0, 0, 1, 1], "texture": "#0"},
				"down": {"uv": [0, 0, 1, 1], "rotation": 180, "texture": "#0"}
			}
		},
		{
			"from": [2.3, 2, 6],
			"to": [13.7, 3, 7],
			"rotation": {"angle": 22.5, "axis": "x", "origin": [13.7, 7, 7]},
			"faces": {
				"north": {"uv": [0, 0, 11.4, 1], "rotation": 180, "texture": "#0"},
				"east": {"uv": [0, 0, 1, 1], "rotation": 90, "texture": "#0"},
				"south": {"uv": [0, 0, 11.4, 1], "texture": "#0"},
				"west": {"uv": [0, 0, 1, 1], "rotation": 270, "texture": "#0"},
				"up": {"uv": [0, 0, 11.4, 1], "texture": "#0"},
				"down": {"uv": [0, 0, 11.4, 1], "rotation": 180, "texture": "#0"}
			}
		},
		{
			"from": [2.3, 19.4, 6.3],
			"to": [13.7, 21, 6.7],
			"rotation": {"angle": 22.5, "axis": "x", "origin": [12.7, 7, 7]},
			"faces": {
				"north": {"uv": [0, 0, 11.4, 1.6], "rotation": 180, "texture": "#0"},
				"east": {"uv": [0, 0, 1.6, 0.4], "rotation": 90, "texture": "#0"},
				"south": {"uv": [0, 0, 11.4, 1.6], "texture": "#0"},
				"west": {"uv": [0, 0, 1.6, 0.4], "rotation": 270, "texture": "#0"},
				"up": {"uv": [0, 0, 11.4, 0.4], "texture": "#0"},
				"down": {"uv": [0, 0, 11.4, 0.4], "rotation": 180, "texture": "#0"}
			}
		},
		{
			"from": [2.3, 17.4, 6.3],
			"to": [13.7, 19, 6.7],
			"rotation": {"angle": 22.5, "axis": "x", "origin": [12.7, 7, 7]},
			"faces": {
				"north": {"uv": [0, 0, 11.4, 1.6], "rotation": 180, "texture": "#0"},
				"east": {"uv": [0, 0, 1.6, 0.4], "rotation": 90, "texture": "#0"},
				"south": {"uv": [0, 0, 11.4, 1.6], "texture": "#0"},
				"west": {"uv": [0, 0, 1.6, 0.4], "rotation": 270, "texture": "#0"},
				"up": {"uv": [0, 0, 11.4, 0.4], "texture": "#0"},
				"down": {"uv": [0, 0, 11.4, 0.4], "rotation": 180, "texture": "#0"}
			}
		},
		{
			"from": [13.8, -1, 12],
			"to": [14.6, 15, 13],
			"rotation": {"angle": -22.5, "axis": "x", "origin": [13.7, 7, 13]},
			"faces": {
				"north": {"uv": [0, 0, 0.8, 16], "rotation": 180, "texture": "#0"},
				"east": {"uv": [0, 0, 16, 1], "rotation": 90, "texture": "#0"},
				"south": {"uv": [0, 0, 0.8, 16], "texture": "#0"},
				"west": {"uv": [0, 0, 16, 1], "rotation": 270, "texture": "#0"},
				"up": {"uv": [0, 0, 0.8, 1], "texture": "#0"},
				"down": {"uv": [0, 0, 0.8, 1], "rotation": 180, "texture": "#0"}
			}
		},
		{
			"from": [1.4, -1, 12],
			"to": [2.2, 15, 13],
			"rotation": {"angle": -22.5, "axis": "x", "origin": [2.3, 7, 13]},
			"faces": {
				"north": {"uv": [0.8, 0, 1.6, 16], "rotation": 180, "texture": "#0"},
				"east": {"uv": [0, 1, 16, 2], "rotation": 270, "texture": "#0"},
				"south": {"uv": [0.8, 0, 1.6, 16], "texture": "#0"},
				"west": {"uv": [0, 1, 16, 2], "rotation": 90, "texture": "#0"},
				"up": {"uv": [0.8, 0, 1.6, 1], "texture": "#0"},
				"down": {"uv": [0.8, 0, 1.6, 1], "rotation": 180, "texture": "#0"}
			}
		},
		{
			"from": [2.2, 2, 12],
			"to": [13.8, 3, 13],
			"rotation": {"angle": -22.5, "axis": "x", "origin": [2.3, 7, 13]},
			"faces": {
				"north": {"uv": [0.8, 0, 12.4, 1], "rotation": 180, "texture": "#0"},
				"east": {"uv": [0, 1, 1, 2], "rotation": 270, "texture": "#0"},
				"south": {"uv": [0.8, 0, 12.4, 1], "texture": "#0"},
				"west": {"uv": [0, 1, 1, 2], "rotation": 90, "texture": "#0"},
				"up": {"uv": [0.8, 0, 12.4, 1], "texture": "#0"},
				"down": {"uv": [0.8, 0, 12.4, 1], "rotation": 180, "texture": "#0"}
			}
		}
	],
	"display": {
		"thirdperson_righthand": {
			"rotation": [21, 11, 0],
			"scale": [0.4, 0.4, 0.4]
		},
		"thirdperson_lefthand": {
			"rotation": [21, 11, 0],
			"scale": [0.4, 0.4, 0.4]
		},
		"firstperson_righthand": {
			"rotation": [21, 11, 0],
			"scale": [0.4, 0.4, 0.4]
		},
		"firstperson_lefthand": {
			"rotation": [21, 11, 0],
			"scale": [0.4, 0.4, 0.4]
		},
		"ground": {
			"rotation": [21, 11, 0],
			"scale": [0.4, 0.4, 0.4]
		},
		"gui": {
			"rotation": [21, 11, 0],
			"scale": [0.4, 0.4, 0.4]
		},
		"head": {
			"rotation": [21, 11, 0],
			"scale": [0.4, 0.4, 0.4]
		},
		"fixed": {
			"rotation": [-90, 0, 0],
			"translation": [0, 0, -15],
			"scale": [2, 2, 2]
		}
	},
	"groups": [
		{
			"name": "stool",
			"origin": [8, 8, 8],
			"color": 0,
			"children": [0, 1, 2, 3, 4, 5, 6, 7, 8, 9, 10, 11, 12, 13]
		}
	]
}