{
	"credit": "Made with Blockbench",
	"textures": {
		"1": "item/fish/cakiem"
	},
	"elements": [
		{
			"from": [0, 0, 3.4],
			"to": [3.1, 2.8, 12],
			"faces": {
				"north": {"uv": [1.125, 0.5, 14.9, 4.55], "texture": "#1"},
				"east": {"uv": [1.125, 0.5, 14.9, 4.3], "texture": "#1"},
				"south": {"uv": [9, 11.5, 14.525, 16], "texture": "#1"},
				"west": {"uv": [1.125, 0.5, 14.9, 4.425], "texture": "#1"},
				"up": {"uv": [1.125, 0.5, 14.9, 0.675], "texture": "#1"},
				"down": {"uv": [1.125, 3.125, 8.025, 4.05], "texture": "#1"}
			}
		},
		{
			"from": [1.7, 0.8, 12],
			"to": [1.7, 1.3, 14.8],
			"faces": {
				"north": {"uv": [10.875, 10.125, 15.275, 10.625], "texture": "#1"},
				"east": {"uv": [10.875, 10.125, 15.275, 10.625], "texture": "#1"},
				"south": {"uv": [10.875, 10.125, 15.275, 10.625], "texture": "#1"},
				"west": {"uv": [10.875, 10.125, 15.275, 10.625], "texture": "#1"},
				"up": {"uv": [10.875, 10.125, 15.275, 10.625], "texture": "#1"},
				"down": {"uv": [10.875, 10.125, 15.275, 10.625], "texture": "#1"}
			}
		},
		{
			"from": [2.7, 1.5, 8],
			"to": [4.7, 1.5, 10.5],
			"faces": {
				"north": {"uv": [5.725, 5.5, 9.5, 7.925], "texture": "#1"},
				"east": {"uv": [5.725, 5.5, 9.5, 7.925], "texture": "#1"},
				"south": {"uv": [5.725, 5.5, 9.5, 7.925], "texture": "#1"},
				"west": {"uv": [5.725, 5.5, 9.5, 7.925], "texture": "#1"},
				"up": {"uv": [9.5, 7.925, 5.725, 5.5], "texture": "#1"},
				"down": {"uv": [9.5, 5.5, 5.725, 7.925], "texture": "#1"}
			}
		},
		{
			"from": [-2, 1.5, 8],
			"to": [0, 1.5, 10.5],
			"faces": {
				"north": {"uv": [5.725, 5.5, 9.5, 7.925], "texture": "#1"},
				"east": {"uv": [5.725, 5.5, 9.5, 7.925], "texture": "#1"},
				"south": {"uv": [5.725, 5.5, 9.5, 7.925], "texture": "#1"},
				"west": {"uv": [5.725, 5.5, 9.5, 7.925], "texture": "#1"},
				"up": {"uv": [5.725, 7.925, 9.5, 5.5], "texture": "#1"},
				"down": {"uv": [5.725, 5.5, 9.5, 7.925], "texture": "#1"}
			}
		},
		{
			"from": [0.7, 0.4, 2.2],
			"to": [2.5, 2.2, 3.4],
			"faces": {
				"north": {"uv": [14.125, 1.75, 14.825, 3.3], "texture": "#1"},
				"east": {"uv": [14.125, 1.75, 14.825, 3.3], "texture": "#1"},
				"south": {"uv": [14.125, 1.75, 14.825, 3.3], "texture": "#1"},
				"west": {"uv": [14.125, 1.75, 14.825, 3.3], "texture": "#1"},
				"up": {"uv": [1.125, 0.5, 14.9, 0.675], "texture": "#1"},
				"down": {"uv": [1.125, 3.125, 8.025, 4.05], "texture": "#1"}
			}
		},
		{
			"from": [1.7, -1.4, -0.4],
			"to": [1.7, 3.9, 2.3],
			"faces": {
				"north": {"uv": [5.45, 5.75, 0.625, 15.425], "texture": "#1"},
				"east": {"uv": [5.45, 5.75, 0.625, 15.425], "texture": "#1"},
				"south": {"uv": [5.45, 5.75, 0.625, 15.425], "texture": "#1"},
				"west": {"uv": [0.625, 5.75, 5.45, 15.425], "texture": "#1"},
				"up": {"uv": [5.45, 5.75, 0.625, 15.425], "texture": "#1"},
				"down": {"uv": [5.45, 5.75, 0.625, 15.425], "texture": "#1"}
			}
		},
		{
			"from": [1.7, -1.4, 3.9],
			"to": [1.7, 0.5, 6.2],
			"faces": {
				"north": {"uv": [5.875, 7.925, 9.575, 5.625], "texture": "#1"},
				"east": {"uv": [5.875, 7.925, 9.575, 5.625], "texture": "#1"},
				"south": {"uv": [5.875, 7.925, 9.575, 5.625], "texture": "#1"},
				"west": {"uv": [9.575, 7.925, 5.875, 5.625], "texture": "#1"},
				"up": {"uv": [5.875, 7.925, 9.575, 5.625], "texture": "#1"},
				"down": {"uv": [5.875, 7.925, 9.575, 5.625], "texture": "#1"}
			}
		},
		{
			"from": [1.7, 2.7, 6.8],
			"to": [1.7, 4.6, 11.7],
			"faces": {
				"north": {"uv": [9.575, 4.875, 5.875, 7.925], "texture": "#1"},
				"east": {"uv": [9.575, 4.875, 5.875, 7.925], "texture": "#1"},
				"south": {"uv": [9.575, 4.875, 5.875, 7.925], "texture": "#1"},
				"west": {"uv": [5.875, 4.875, 9.575, 7.925], "texture": "#1"},
				"up": {"uv": [9.575, 4.875, 5.875, 7.925], "texture": "#1"},
				"down": {"uv": [9.575, 4.875, 5.875, 7.925], "texture": "#1"}
			}
		}
	],
	"display": {
		"thirdperson_righthand": {
			"rotation": [-86, -1, -180],
			"translation": [-13.25, 9.25, 16.5],
			"scale": [2, 2, 2]
		},
		"thirdperson_lefthand": {
			"rotation": [-86, -1, -180],
			"translation": [13, 11.25, 16.5],
			"scale": [2, 2, 2]
		},
		"firstperson_righthand": {
			"rotation": [59, -176, 0],
			"translation": [-0.5, 7.5, 2],
			"scale": [1, 1, 1.3]
		},
		"firstperson_lefthand": {
			"rotation": [59, -176, 0],
			"translation": [12.5, 7.5, 2],
			"scale": [1, 1, 1.3]
		},
		"ground": {
			"translation": [13, 14.25, 2],
			"scale": [2.05, 2.07, 2.05]
		},
		"gui": {
			"rotation": [35, -39, 23],
			"translation": [3, 7.25, 0],
			"scale": [1.57, 1.54, 1.56]
		},
		"fixed": {
			"rotation": [-90, -90, 0],
			"translation": [-3.25, 25.5, -32.75],
			"scale": [4, 4, 4]
		}
	}
}