{"textures":{"0":"modelengine:entity/haha_pleased"},"elements":[{"name":"cube","from":[6.748885,2.6,3.1999998],"to":[10.948885,6.8,13.400001],"rotation":{"angle":-22.5,"axis":"z","origin":[1.9488859,-12.400001,8.0]},"faces":{"down":{"uv":[2.75,7.25,2.3125,8.3125],"rotation":0,"texture":"#0","tintindex":0},"east":{"uv":[8.0,1.3125,9.0625,1.75],"rotation":0,"texture":"#0","tintindex":0},"north":{"uv":[9.5,1.25,9.9375,1.6875],"rotation":0,"texture":"#0","tintindex":0},"south":{"uv":[9.5,1.6875,9.9375,2.125],"rotation":0,"texture":"#0","tintindex":0},"up":{"uv":[2.5625,5.1875,2.125,4.125],"rotation":0,"texture":"#0","tintindex":0},"west":{"uv":[8.125,7.625,9.1875,8.0625],"rotation":0,"texture":"#0","tintindex":0}}},{"name":"cube","from":[13.411323,1.8943359,3.1999998],"to":[17.611324,9.694336,13.400001],"rotation":{"angle":0.0,"axis":"x","origin":[8.611323,-10.105664,8.0]},"faces":{"down":{"uv":[7.375,7.9375,6.9375,9.0],"rotation":0,"texture":"#0","tintindex":0},"east":{"uv":[4.5,6.25,5.5625,7.0625],"rotation":0,"texture":"#0","tintindex":0},"north":{"uv":[6.25,7.0,6.6875,7.8125],"rotation":0,"texture":"#0","tintindex":0},"south":{"uv":[9.0625,0.625,9.5,1.4375],"rotation":0,"texture":"#0","tintindex":0},"up":{"uv":[1.5,8.5625,1.0625,7.5],"rotation":0,"texture":"#0","tintindex":0},"west":{"uv":[6.3125,0.0,7.375,0.8125],"rotation":0,"texture":"#0","tintindex":0}}},{"name":"cube","from":[19.607048,7.34632,3.1999998],"to":[23.807049,12.146319,13.400001],"rotation":{"angle":22.5,"axis":"z","origin":[14.807049,-7.0536804,8.0]},"faces":{"down":{"uv":[3.1875,8.1875,2.75,9.25],"rotation":0,"texture":"#0","tintindex":0},"east":{"uv":[7.375,2.125,8.4375,2.625],"rotation":0,"texture":"#0","tintindex":0},"north":{"uv":[1.6875,6.6875,2.125,7.1875],"rotation":0,"texture":"#0","tintindex":0},"south":{"uv":[3.6875,9.375,4.125,9.875],"rotation":0,"texture":"#0","tintindex":0},"up":{"uv":[8.5625,9.125,8.125,8.0625],"rotation":0,"texture":"#0","tintindex":0},"west":{"uv":[7.375,2.625,8.4375,3.125],"rotation":0,"texture":"#0","tintindex":0}}},{"name":"cube","from":[11.574443,9.3289585,3.1999998],"to":[15.774444,14.128958,13.400001],"rotation":{"angle":0.0,"axis":"x","origin":[6.7744427,-5.071043,8.0]},"faces":{"down":{"uv":[4.0625,8.1875,3.625,9.25],"rotation":0,"texture":"#0","tintindex":0},"east":{"uv":[7.4375,5.125,8.5,5.625],"rotation":0,"texture":"#0","tintindex":0},"north":{"uv":[4.125,9.375,4.5625,9.875],"rotation":0,"texture":"#0","tintindex":0},"south":{"uv":[9.375,4.125,9.8125,4.625],"rotation":0,"texture":"#0","tintindex":0},"up":{"uv":[3.625,9.25,3.1875,8.1875],"rotation":0,"texture":"#0","tintindex":0},"west":{"uv":[7.4375,5.625,8.5,6.125],"rotation":0,"texture":"#0","tintindex":0}}},{"name":"cube","from":[-1.0624375,1.8943359,3.1999998],"to":[3.1375625,9.694336,13.400001],"rotation":{"angle":0.0,"axis":"x","origin":[7.937562,-10.105664,8.0]},"faces":{"down":{"uv":[1.9375,8.3125,1.5,9.375],"rotation":0,"texture":"#0","tintindex":0},"east":{"uv":[6.3125,0.8125,7.375,1.625],"rotation":0,"texture":"#0","tintindex":0},"north":{"uv":[9.0625,1.4375,9.5,2.25],"rotation":0,"texture":"#0","tintindex":0},"south":{"uv":[9.0625,2.25,9.5,3.0625],"rotation":0,"texture":"#0","tintindex":0},"up":{"uv":[5.9375,9.25,5.5,8.1875],"rotation":0,"texture":"#0","tintindex":0},"west":{"uv":[0.625,6.6875,1.6875,7.5],"rotation":0,"texture":"#0","tintindex":0}}},{"name":"cube","from":[-7.2581635,7.34632,3.1999998],"to":[-3.0581632,12.146319,13.400001],"rotation":{"angle":-22.5,"axis":"z","origin":[1.7418365,-7.0536804,8.0]},"faces":{"down":{"uv":[8.75,3.125,8.3125,4.1875],"rotation":0,"texture":"#0","tintindex":0},"east":{"uv":[7.4375,6.125,8.5,6.625],"rotation":0,"texture":"#0","tintindex":0},"north":{"uv":[4.5625,9.375,5.0,9.875],"rotation":0,"texture":"#0","tintindex":0},"south":{"uv":[7.0625,9.375,7.5,9.875],"rotation":0,"texture":"#0","tintindex":0},"up":{"uv":[2.375,9.375,1.9375,8.3125],"rotation":0,"texture":"#0","tintindex":0},"west":{"uv":[7.4375,6.625,8.5,7.125],"rotation":0,"texture":"#0","tintindex":0}}},{"name":"cube","from":[0.7744427,9.3289585,3.1999998],"to":[4.9744425,14.128958,13.400001],"rotation":{"angle":0.0,"axis":"x","origin":[9.774443,-5.071043,8.0]},"faces":{"down":{"uv":[4.9375,8.3125,4.5,9.375],"rotation":0,"texture":"#0","tintindex":0},"east":{"uv":[7.4375,7.125,8.5,7.625],"rotation":0,"texture":"#0","tintindex":0},"north":{"uv":[8.3125,9.4375,8.75,9.9375],"rotation":0,"texture":"#0","tintindex":0},"south":{"uv":[8.75,9.4375,9.1875,9.9375],"rotation":0,"texture":"#0","tintindex":0},"up":{"uv":[4.5,9.375,4.0625,8.3125],"rotation":0,"texture":"#0","tintindex":0},"west":{"uv":[0.0,7.5,1.0625,8.0],"rotation":0,"texture":"#0","tintindex":0}}},{"name":"cube","from":[5.6,2.6,3.1999998],"to":[9.8,6.8,13.400001],"rotation":{"angle":22.5,"axis":"z","origin":[14.6,-12.400001,8.0]},"faces":{"down":{"uv":[7.8125,8.3125,7.375,9.375],"rotation":0,"texture":"#0","tintindex":0},"east":{"uv":[8.3125,4.1875,9.375,4.625],"rotation":0,"texture":"#0","tintindex":0},"north":{"uv":[9.5,2.125,9.9375,2.5625],"rotation":0,"texture":"#0","tintindex":0},"south":{"uv":[9.5,2.5625,9.9375,3.0],"rotation":0,"texture":"#0","tintindex":0},"up":{"uv":[5.375,9.375,4.9375,8.3125],"rotation":0,"texture":"#0","tintindex":0},"west":{"uv":[8.3125,4.625,9.375,5.0625],"rotation":0,"texture":"#0","tintindex":0}}}],"display":{"head":{"translation":[0.0,-6.4,0.0],"rotation":[0.0,0.0,0.0],"scale":[3.8095,3.8095,3.8095]}}}