{"textures":{"0":"modelengine:entity/girl"},"elements":[{"name":"left_leg","from":[6.8,4.3999996,8.0],"to":[9.2,8.0,10.4],"rotation":{"angle":0.0,"axis":"x","origin":[9.2,4.3999996,9.2]},"faces":{"down":{"uv":[2.0,5.0,3.0,4.0],"rotation":180,"texture":"#0","tintindex":0},"east":{"uv":[0.0,6.5,1.0,8.0],"rotation":0,"texture":"#0","tintindex":0},"north":{"uv":[1.0,6.5,2.0,8.0],"rotation":0,"texture":"#0","tintindex":0},"south":{"uv":[3.0,6.5,4.0,8.0],"rotation":0,"texture":"#0","tintindex":0},"up":{"uv":[1.0,4.0,2.0,5.0],"rotation":180,"texture":"#0","tintindex":0},"west":{"uv":[2.0,6.5,3.0,8.0],"rotation":0,"texture":"#0","tintindex":0}}},{"name":"left_pants","from":[6.6499996,3.9499998,7.85],"to":[9.35,7.85,10.55],"rotation":{"angle":0.0,"axis":"x","origin":[9.2,4.1,9.2]},"faces":{"down":{"uv":[3.0,9.0,2.0,8.0],"rotation":180,"texture":"#0","tintindex":0},"east":{"uv":[0.0,10.5,1.0,12.0],"rotation":0,"texture":"#0","tintindex":0},"north":{"uv":[1.0,10.5,2.0,12.0],"rotation":0,"texture":"#0","tintindex":0},"south":{"uv":[3.0,10.5,4.0,12.0],"rotation":0,"texture":"#0","tintindex":0},"up":{"uv":[3.0,8.0,4.0,9.0],"rotation":180,"texture":"#0","tintindex":0},"west":{"uv":[2.0,10.5,3.0,12.0],"rotation":0,"texture":"#0","tintindex":0}}}],"display":{"head":{"translation":[0.0,-6.4,0.0],"rotation":[0.0,0.0,0.0],"scale":[3.8095,3.8095,3.8095]}}}