{"textures":{"0":"modelengine:entity/girl"},"elements":[{"name":"left_sleve","from":[6.6499996,3.9499998,5.45],"to":[9.35,7.85,8.15],"rotation":{"angle":0.0,"axis":"x","origin":[11.6,-3.1000004,6.8]},"faces":{"down":{"uv":[15.0,12.0,14.0,13.0],"rotation":0,"texture":"#0","tintindex":0},"east":{"uv":[12.0,14.5,13.0,16.0],"rotation":0,"texture":"#0","tintindex":0},"north":{"uv":[13.0,14.5,14.0,16.0],"rotation":0,"texture":"#0","tintindex":0},"south":{"uv":[15.0,14.5,16.0,16.0],"rotation":0,"texture":"#0","tintindex":0},"up":{"uv":[16.0,13.0,15.0,12.0],"rotation":0,"texture":"#0","tintindex":0},"west":{"uv":[14.0,14.5,15.0,16.0],"rotation":0,"texture":"#0","tintindex":0}}},{"name":"left_arm","from":[6.8,4.3999996,5.6],"to":[9.2,8.0,8.0],"rotation":{"angle":0.0,"axis":"x","origin":[11.6,-2.8000002,6.8]},"faces":{"down":{"uv":[11.0,13.0,10.0,12.0],"rotation":90,"texture":"#0","tintindex":0},"east":{"uv":[9.0,14.5,8.0,16.0],"rotation":0,"texture":"#0","tintindex":0},"north":{"uv":[12.0,14.5,11.0,16.0],"rotation":0,"texture":"#0","tintindex":0},"south":{"uv":[10.0,14.5,9.0,16.0],"rotation":0,"texture":"#0","tintindex":0},"up":{"uv":[10.0,13.5,9.0,14.5],"rotation":0,"texture":"#0","tintindex":0},"west":{"uv":[11.0,14.5,10.0,16.0],"rotation":0,"texture":"#0","tintindex":0}}}],"display":{"head":{"translation":[0.0,-6.4,0.0],"rotation":[0.0,0.0,0.0],"scale":[3.8095,3.8095,3.8095]}}}