{"textures":{"0":"modelengine:entity/girl"},"elements":[{"name":"left_sleve","from":[6.6499996,3.9499998,5.45],"to":[9.35,7.85,8.15],"rotation":{"angle":0.0,"axis":"x","origin":[11.6,-3.1000004,6.8]},"faces":{"down":{"uv":[12.0,9.0,13.0,8.0],"rotation":180,"texture":"#0","tintindex":0},"east":{"uv":[10.0,10.5,11.0,12.0],"rotation":0,"texture":"#0","tintindex":0},"north":{"uv":[11.0,10.5,12.0,12.0],"rotation":0,"texture":"#0","tintindex":0},"south":{"uv":[13.0,10.5,14.0,12.0],"rotation":0,"texture":"#0","tintindex":0},"up":{"uv":[13.0,8.0,14.0,9.0],"rotation":180,"texture":"#0","tintindex":0},"west":{"uv":[12.0,10.5,13.0,12.0],"rotation":0,"texture":"#0","tintindex":0}}},{"name":"left_arm","from":[6.8,4.3999996,5.6],"to":[9.2,8.0,8.0],"rotation":{"angle":0.0,"axis":"x","origin":[11.6,-2.8000002,6.8]},"faces":{"down":{"uv":[13.0,4.0,12.0,5.0],"rotation":270,"texture":"#0","tintindex":0},"east":{"uv":[10.0,6.5,11.0,8.0],"rotation":0,"texture":"#0","tintindex":0},"north":{"uv":[11.0,6.5,12.0,8.0],"rotation":0,"texture":"#0","tintindex":0},"south":{"uv":[13.0,6.5,14.0,8.0],"rotation":0,"texture":"#0","tintindex":0},"up":{"uv":[11.0,5.5,12.0,6.5],"rotation":180,"texture":"#0","tintindex":0},"west":{"uv":[12.0,6.5,13.0,8.0],"rotation":0,"texture":"#0","tintindex":0}}}],"display":{"head":{"translation":[0.0,-6.4,0.0],"rotation":[0.0,0.0,0.0],"scale":[3.8095,3.8095,3.8095]}}}