{"textures":{"0":"modelengine:entity/girl"},"elements":[{"name":"left_arm","from":[7.4,5.6,6.8],"to":[9.8,9.2,9.2],"rotation":{"angle":0.0,"axis":"x","origin":[12.2,-5.200001,8.0]},"faces":{"down":{"uv":[11.0,5.0,12.0,4.0],"rotation":180,"texture":"#0","tintindex":0},"east":{"uv":[10.0,5.0,11.0,6.5],"rotation":0,"texture":"#0","tintindex":0},"north":{"uv":[11.0,5.0,12.0,6.5],"rotation":0,"texture":"#0","tintindex":0},"south":{"uv":[13.0,5.0,14.0,6.5],"rotation":0,"texture":"#0","tintindex":0},"up":{"uv":[11.0,4.0,12.0,5.0],"rotation":180,"texture":"#0","tintindex":0},"west":{"uv":[12.0,5.0,13.0,6.5],"rotation":0,"texture":"#0","tintindex":0}}},{"name":"left_sleve","from":[7.25,5.45,6.6499996],"to":[9.950001,9.35,9.35],"rotation":{"angle":0.0,"axis":"x","origin":[12.2,-5.200001,8.0]},"faces":{"down":{"uv":[13.0,9.0,14.0,8.0],"rotation":180,"texture":"#0","tintindex":0},"east":{"uv":[10.0,9.0,11.0,10.5],"rotation":0,"texture":"#0","tintindex":0},"north":{"uv":[11.0,9.0,12.0,10.5],"rotation":0,"texture":"#0","tintindex":0},"south":{"uv":[13.0,9.0,14.0,10.5],"rotation":0,"texture":"#0","tintindex":0},"up":{"uv":[11.0,8.0,12.0,9.0],"rotation":180,"texture":"#0","tintindex":0},"west":{"uv":[12.0,9.0,13.0,10.5],"rotation":0,"texture":"#0","tintindex":0}}}],"display":{"head":{"translation":[0.0,-6.4,0.0],"rotation":[0.0,0.0,0.0],"scale":[3.8095,3.8095,3.8095]}}}