{"textures":{"0":"modelengine:entity/meow"},"elements":[{"name":"cube","from":[8.0,7.4,7.46],"to":[13.400001,9.2,8.66],"rotation":{"angle":0.0,"axis":"x","origin":[12.2,-7.6000004,24.560001]},"faces":{"down":{"uv":[2.625,8.75,1.5,9.0],"rotation":0,"texture":"#0","tintindex":0},"east":{"uv":[7.625,9.875,7.875,10.25],"rotation":0,"texture":"#0","tintindex":0},"north":{"uv":[6.375,7.75,7.5,8.125],"rotation":0,"texture":"#0","tintindex":0},"south":{"uv":[7.75,6.75,8.875,7.125],"rotation":0,"texture":"#0","tintindex":0},"up":{"uv":[9.875,1.5,8.75,1.25],"rotation":0,"texture":"#0","tintindex":0},"west":{"uv":[1.5,10.0,1.75,10.375],"rotation":0,"texture":"#0","tintindex":0}}},{"name":"cube","from":[13.920426,8.2196045,7.46],"to":[14.520427,10.019604,8.66],"rotation":{"angle":22.5,"axis":"z","origin":[13.320426,-6.7803974,24.560001]},"faces":{"down":{"uv":[8.75,8.75,8.625,9.0],"rotation":0,"texture":"#0","tintindex":0},"east":{"uv":[1.75,10.0,2.0,10.375],"rotation":0,"texture":"#0","tintindex":0},"north":{"uv":[5.125,10.5,5.25,10.875],"rotation":0,"texture":"#0","tintindex":0},"south":{"uv":[5.25,10.5,5.375,10.875],"rotation":0,"texture":"#0","tintindex":0},"up":{"uv":[5.0,9.0,4.875,8.75],"rotation":0,"texture":"#0","tintindex":0},"west":{"uv":[2.0,10.0,2.25,10.375],"rotation":0,"texture":"#0","tintindex":0}}},{"name":"cube","from":[13.080426,8.819604,7.46],"to":[13.920426,10.019604,8.66],"rotation":{"angle":22.5,"axis":"z","origin":[13.320426,-6.7803974,24.560001]},"faces":{"down":{"uv":[10.6875,7.0,10.5,7.25],"rotation":0,"texture":"#0","tintindex":0},"east":{"uv":[10.25,10.375,10.5,10.625],"rotation":0,"texture":"#0","tintindex":0},"north":{"uv":[6.125,10.5,6.3125,10.75],"rotation":0,"texture":"#0","tintindex":0},"south":{"uv":[10.5,6.5,10.6875,6.75],"rotation":0,"texture":"#0","tintindex":0},"up":{"uv":[6.8125,10.75,6.625,10.5],"rotation":0,"texture":"#0","tintindex":0},"west":{"uv":[0.0,10.5,0.25,10.75],"rotation":0,"texture":"#0","tintindex":0}}},{"name":"cube","from":[16.400002,3.7999997,7.7],"to":[18.2,6.8,8.42],"rotation":{"angle":22.5,"axis":"z","origin":[11.6,-7.6000004,24.560001]},"faces":{"down":{"uv":[10.875,8.375,10.5,8.5],"rotation":0,"texture":"#0","tintindex":0},"east":{"uv":[4.0,10.0,4.125,10.625],"rotation":0,"texture":"#0","tintindex":0},"north":{"uv":[4.875,9.0,5.25,9.625],"rotation":0,"texture":"#0","tintindex":0},"south":{"uv":[8.625,9.0,9.0,9.625],"rotation":0,"texture":"#0","tintindex":0},"up":{"uv":[10.875,8.375,10.5,8.25],"rotation":0,"texture":"#0","tintindex":0},"west":{"uv":[6.875,10.0,7.0,10.625],"rotation":0,"texture":"#0","tintindex":0}}},{"name":"cube","from":[23.260258,2.5926566,7.7],"to":[25.060257,5.592657,8.42],"rotation":{"angle":45.0,"axis":"z","origin":[18.460257,-8.8073435,24.560001]},"faces":{"down":{"uv":[10.875,8.625,10.5,8.75],"rotation":0,"texture":"#0","tintindex":0},"east":{"uv":[7.0,10.0,7.125,10.625],"rotation":0,"texture":"#0","tintindex":0},"north":{"uv":[9.0,9.0,9.375,9.625],"rotation":0,"texture":"#0","tintindex":0},"south":{"uv":[0.375,9.125,0.75,9.75],"rotation":0,"texture":"#0","tintindex":0},"up":{"uv":[10.875,8.625,10.5,8.5],"rotation":0,"texture":"#0","tintindex":0},"west":{"uv":[7.125,10.0,7.25,10.625],"rotation":0,"texture":"#0","tintindex":0}}},{"name":"cube","from":[8.0,4.3999996,7.76],"to":[9.2,8.0,8.360001],"rotation":{"angle":-22.5,"axis":"z","origin":[8.0,9.2,7.76]},"faces":{"down":{"uv":[10.875,1.875,10.625,2.0],"rotation":0,"texture":"#0","tintindex":0},"east":{"uv":[8.125,9.625,8.25,10.375],"rotation":0,"texture":"#0","tintindex":0},"north":{"uv":[3.0,9.375,3.25,10.125],"rotation":0,"texture":"#0","tintindex":0},"south":{"uv":[6.375,9.375,6.625,10.125],"rotation":0,"texture":"#0","tintindex":0},"up":{"uv":[2.0,10.75,1.75,10.625],"rotation":0,"texture":"#0","tintindex":0},"west":{"uv":[0.625,9.75,0.75,10.5],"rotation":0,"texture":"#0","tintindex":0}}},{"name":"cube","from":[1.3999997,8.0,7.8200006],"to":[6.8,8.6,8.3],"rotation":{"angle":0.0,"axis":"x","origin":[6.8,8.6,7.76]},"faces":{"down":{"uv":[10.75,1.125,9.625,1.25],"rotation":0,"texture":"#0","tintindex":0},"east":{"uv":[9.25,9.625,9.375,9.75],"rotation":0,"texture":"#0","tintindex":0},"north":{"uv":[9.625,0.75,10.75,0.875],"rotation":0,"texture":"#0","tintindex":0},"south":{"uv":[9.625,0.875,10.75,1.0],"rotation":0,"texture":"#0","tintindex":0},"up":{"uv":[10.75,1.125,9.625,1.0],"rotation":0,"texture":"#0","tintindex":0},"west":{"uv":[2.5,9.75,2.625,9.875],"rotation":0,"texture":"#0","tintindex":0}}},{"name":"cube","from":[1.3999997,6.2,7.8200006],"to":[1.9999998,8.0,8.3],"rotation":{"angle":0.0,"axis":"x","origin":[6.8,8.6,7.76]},"faces":{"down":{"uv":[5.25,9.75,5.125,9.875],"rotation":0,"texture":"#0","tintindex":0},"east":{"uv":[7.625,10.5,7.75,10.875],"rotation":0,"texture":"#0","tintindex":0},"north":{"uv":[7.5,10.5,7.625,10.875],"rotation":0,"texture":"#0","tintindex":0},"south":{"uv":[8.25,10.5,8.375,10.875],"rotation":0,"texture":"#0","tintindex":0},"up":{"uv":[4.5,9.875,4.375,9.75],"rotation":0,"texture":"#0","tintindex":0},"west":{"uv":[8.375,10.5,8.5,10.875],"rotation":0,"texture":"#0","tintindex":0}}},{"name":"cube","from":[0.9799998,8.0,7.76],"to":[6.8,8.6,8.360001],"rotation":{"angle":22.5,"axis":"z","origin":[6.8,8.6,7.76]},"faces":{"down":{"uv":[10.5625,4.25,9.375,4.375],"rotation":0,"texture":"#0","tintindex":0},"east":{"uv":[5.625,9.75,5.75,9.875],"rotation":0,"texture":"#0","tintindex":0},"north":{"uv":[9.25,3.875,10.4375,4.0],"rotation":0,"texture":"#0","tintindex":0},"south":{"uv":[9.25,4.0,10.4375,4.125],"rotation":0,"texture":"#0","tintindex":0},"up":{"uv":[10.4375,6.25,9.25,6.125],"rotation":0,"texture":"#0","tintindex":0},"west":{"uv":[7.25,10.0,7.375,10.125],"rotation":0,"texture":"#0","tintindex":0}}},{"name":"cube","from":[0.9799998,8.6,7.76],"to":[5.0,9.2,8.360001],"rotation":{"angle":22.5,"axis":"z","origin":[6.8,9.2,7.76]},"faces":{"down":{"uv":[10.5625,4.25,9.375,4.375],"rotation":0,"texture":"#0","tintindex":0},"east":{"uv":[5.625,9.75,5.75,9.875],"rotation":0,"texture":"#0","tintindex":0},"north":{"uv":[9.25,3.875,10.4375,4.0],"rotation":0,"texture":"#0","tintindex":0},"south":{"uv":[9.25,4.0,10.4375,4.125],"rotation":0,"texture":"#0","tintindex":0},"up":{"uv":[10.4375,6.25,9.25,6.125],"rotation":0,"texture":"#0","tintindex":0},"west":{"uv":[7.25,10.0,7.375,10.125],"rotation":0,"texture":"#0","tintindex":0}}},{"name":"cube","from":[0.9799998,9.2,7.76],"to":[3.7999997,9.56,8.360001],"rotation":{"angle":22.5,"axis":"z","origin":[6.8,9.8,7.76]},"faces":{"down":{"uv":[10.5625,4.25,9.375,4.375],"rotation":0,"texture":"#0","tintindex":0},"east":{"uv":[5.625,9.75,5.75,9.875],"rotation":0,"texture":"#0","tintindex":0},"north":{"uv":[9.25,3.875,10.4375,4.0],"rotation":0,"texture":"#0","tintindex":0},"south":{"uv":[9.25,4.0,10.4375,4.125],"rotation":0,"texture":"#0","tintindex":0},"up":{"uv":[10.4375,6.25,9.25,6.125],"rotation":0,"texture":"#0","tintindex":0},"west":{"uv":[7.25,10.0,7.375,10.125],"rotation":0,"texture":"#0","tintindex":0}}},{"name":"cube","from":[0.9799998,9.56,7.76],"to":[2.6,10.04,8.360001],"rotation":{"angle":22.5,"axis":"z","origin":[6.8,10.220001,7.76]},"faces":{"down":{"uv":[10.5625,4.25,9.375,4.375],"rotation":0,"texture":"#0","tintindex":0},"east":{"uv":[5.625,9.75,5.75,9.875],"rotation":0,"texture":"#0","tintindex":0},"north":{"uv":[9.25,3.875,10.4375,4.0],"rotation":0,"texture":"#0","tintindex":0},"south":{"uv":[9.25,4.0,10.4375,4.125],"rotation":0,"texture":"#0","tintindex":0},"up":{"uv":[10.4375,6.25,9.25,6.125],"rotation":0,"texture":"#0","tintindex":0},"west":{"uv":[7.25,10.0,7.375,10.125],"rotation":0,"texture":"#0","tintindex":0}}},{"name":"cube","from":[13.400001,7.64,7.58],"to":[16.400002,9.139999,8.540001],"rotation":{"angle":0.0,"axis":"x","origin":[12.2,-7.6000004,24.560001]},"faces":{"down":{"uv":[5.75,9.875,5.125,10.0625],"rotation":0,"texture":"#0","tintindex":0},"east":{"uv":[1.0,10.5,1.1875,10.8125],"rotation":0,"texture":"#0","tintindex":0},"north":{"uv":[9.0,6.25,9.625,6.5625],"rotation":0,"texture":"#0","tintindex":0},"south":{"uv":[7.0,9.125,7.625,9.4375],"rotation":0,"texture":"#0","tintindex":0},"up":{"uv":[10.5,1.4375,9.875,1.25],"rotation":0,"texture":"#0","tintindex":0},"west":{"uv":[1.25,10.5,1.4375,10.8125],"rotation":0,"texture":"#0","tintindex":0}}},{"name":"cube","from":[16.400002,7.7,7.76],"to":[21.8,8.360001,8.360001],"rotation":{"angle":0.0,"axis":"x","origin":[12.2,-7.6000004,24.560001]},"faces":{"down":{"uv":[10.75,1.75,9.625,1.875],"rotation":0,"texture":"#0","tintindex":0},"east":{"uv":[10.125,7.0,10.25,7.125],"rotation":0,"texture":"#0","tintindex":0},"north":{"uv":[1.5,9.625,2.625,9.75],"rotation":0,"texture":"#0","tintindex":0},"south":{"uv":[9.625,1.5,10.75,1.625],"rotation":0,"texture":"#0","tintindex":0},"up":{"uv":[10.75,1.75,9.625,1.625],"rotation":0,"texture":"#0","tintindex":0},"west":{"uv":[7.5,10.125,7.625,10.25],"rotation":0,"texture":"#0","tintindex":0}}},{"name":"cube","from":[21.2,8.3,7.76],"to":[21.8,8.96,8.360001],"rotation":{"angle":0.0,"axis":"x","origin":[12.2,-7.6000004,24.560001]},"faces":{"down":{"uv":[10.5,0.375,10.375,0.5],"rotation":0,"texture":"#0","tintindex":0},"east":{"uv":[2.75,10.25,2.875,10.375],"rotation":0,"texture":"#0","tintindex":0},"north":{"uv":[0.5,10.25,0.625,10.375],"rotation":0,"texture":"#0","tintindex":0},"south":{"uv":[10.25,3.25,10.375,3.375],"rotation":0,"texture":"#0","tintindex":0},"up":{"uv":[7.875,10.375,7.75,10.25],"rotation":0,"texture":"#0","tintindex":0},"west":{"uv":[10.25,4.75,10.375,4.875],"rotation":0,"texture":"#0","tintindex":0}}},{"name":"cube","from":[16.400002,8.84,7.76],"to":[17.6,9.139999,8.360001],"rotation":{"angle":0.0,"axis":"x","origin":[12.2,-7.6000004,24.560001]},"faces":{"down":{"uv":[10.875,2.0,10.625,2.125],"rotation":0,"texture":"#0","tintindex":0},"east":{"uv":[4.875,10.625,5.0,10.6875],"rotation":0,"texture":"#0","tintindex":0},"north":{"uv":[10.625,3.75,10.875,3.8125],"rotation":0,"texture":"#0","tintindex":0},"south":{"uv":[10.625,3.875,10.875,3.9375],"rotation":0,"texture":"#0","tintindex":0},"up":{"uv":[2.25,10.75,2.0,10.625],"rotation":0,"texture":"#0","tintindex":0},"west":{"uv":[10.625,4.875,10.75,4.9375],"rotation":0,"texture":"#0","tintindex":0}}},{"name":"cube","from":[11.513586,11.721527,7.76],"to":[13.913586,12.021527,8.360001],"rotation":{"angle":-22.5,"axis":"z","origin":[7.3135853,-4.718473,24.560001]},"faces":{"down":{"uv":[10.625,8.0,10.125,8.125],"rotation":0,"texture":"#0","tintindex":0},"east":{"uv":[5.0,10.625,5.125,10.6875],"rotation":0,"texture":"#0","tintindex":0},"north":{"uv":[10.625,2.125,11.125,2.1875],"rotation":0,"texture":"#0","tintindex":0},"south":{"uv":[2.25,10.625,2.75,10.6875],"rotation":0,"texture":"#0","tintindex":0},"up":{"uv":[10.625,6.125,10.125,6.0],"rotation":0,"texture":"#0","tintindex":0},"west":{"uv":[10.625,5.0,10.75,5.0625],"rotation":0,"texture":"#0","tintindex":0}}}],"display":{"head":{"translation":[0.0,-6.4,0.0],"rotation":[0.0,0.0,0.0],"scale":[3.8095,3.8095,3.8095]}}}