{"textures":{"0":"modelengine:entity/meow"},"elements":[{"name":"cube","from":[7.7,7.4,6.8],"to":[11.6,9.2,8.6],"rotation":{"angle":0.0,"axis":"x","origin":[5.6,3.8000004,8.0]},"faces":{"down":{"uv":[8.6875,8.375,7.875,8.75],"rotation":0,"texture":"#0","tintindex":0},"east":{"uv":[2.125,2.5,2.5,2.875],"rotation":0,"texture":"#0","tintindex":0},"north":{"uv":[1.875,8.375,2.6875,8.75],"rotation":0,"texture":"#0","tintindex":0},"south":{"uv":[7.0,8.375,7.8125,8.75],"rotation":0,"texture":"#0","tintindex":0},"up":{"uv":[9.1875,7.5,8.375,7.125],"rotation":0,"texture":"#0","tintindex":0},"west":{"uv":[3.25,9.5,3.625,9.875],"rotation":0,"texture":"#0","tintindex":0}}}],"display":{"head":{"translation":[0.0,-6.4,0.0],"rotation":[0.0,0.0,0.0],"scale":[3.8095,3.8095,3.8095]}}}