{"textures":{"0":"modelengine:entity/meow"},"elements":[{"name":"cube","from":[4.3999996,7.4,6.8],"to":[8.3,9.2,8.6],"rotation":{"angle":0.0,"axis":"x","origin":[10.4,3.8000004,8.0]},"faces":{"down":{"uv":[9.5625,0.875,8.75,1.25],"rotation":0,"texture":"#0","tintindex":0},"east":{"uv":[9.5,4.5,9.875,4.875],"rotation":0,"texture":"#0","tintindex":0},"north":{"uv":[8.5,3.0,9.3125,3.375],"rotation":0,"texture":"#0","tintindex":0},"south":{"uv":[8.75,0.5,9.5625,0.875],"rotation":0,"texture":"#0","tintindex":0},"up":{"uv":[1.4375,9.125,0.625,8.75],"rotation":0,"texture":"#0","tintindex":0},"west":{"uv":[9.5,6.75,9.875,7.125],"rotation":0,"texture":"#0","tintindex":0}}}],"display":{"head":{"translation":[0.0,-6.4,0.0],"rotation":[0.0,0.0,0.0],"scale":[3.8095,3.8095,3.8095]}}}