{"textures":{"0":"modelengine:entity/meow"},"elements":[{"name":"cube","from":[5.8999996,6.8,5.6],"to":[10.1,14.6,9.8],"rotation":{"angle":0.0,"axis":"x","origin":[7.1,3.1999998,8.0]},"faces":{"down":{"uv":[4.625,6.375,3.75,7.25],"rotation":0,"texture":"#0","tintindex":0},"east":{"uv":[2.5,1.25,3.375,2.875],"rotation":0,"texture":"#0","tintindex":0},"north":{"uv":[1.25,2.5,2.125,4.125],"rotation":0,"texture":"#0","tintindex":0},"south":{"uv":[2.125,2.875,3.0,4.5],"rotation":0,"texture":"#0","tintindex":0},"up":{"uv":[3.75,7.25,2.875,6.375],"rotation":0,"texture":"#0","tintindex":0},"west":{"uv":[3.0,2.875,3.875,4.5],"rotation":0,"texture":"#0","tintindex":0}}},{"name":"cube","from":[5.66,13.400001,5.0],"to":[6.5,14.0,10.4],"rotation":{"angle":0.0,"axis":"x","origin":[8.9,3.1999998,8.0]},"faces":{"down":{"uv":[0.9375,9.125,0.75,10.25],"rotation":0,"texture":"#0","tintindex":0},"east":{"uv":[9.375,4.375,10.5,4.5],"rotation":0,"texture":"#0","tintindex":0},"north":{"uv":[2.75,10.625,2.9375,10.75],"rotation":0,"texture":"#0","tintindex":0},"south":{"uv":[10.625,2.75,10.8125,2.875],"rotation":0,"texture":"#0","tintindex":0},"up":{"uv":[5.9375,9.875,5.75,8.75],"rotation":0,"texture":"#0","tintindex":0},"west":{"uv":[9.375,8.25,10.5,8.375],"rotation":0,"texture":"#0","tintindex":0}}},{"name":"cube","from":[9.5,13.400001,5.0],"to":[10.34,14.0,10.4],"rotation":{"angle":0.0,"axis":"x","origin":[7.1,3.1999998,8.0]},"faces":{"down":{"uv":[1.4375,9.125,1.25,10.25],"rotation":0,"texture":"#0","tintindex":0},"east":{"uv":[9.375,8.375,10.5,8.5],"rotation":0,"texture":"#0","tintindex":0},"north":{"uv":[10.625,2.875,10.8125,3.0],"rotation":0,"texture":"#0","tintindex":0},"south":{"uv":[3.0,10.625,3.1875,10.75],"rotation":0,"texture":"#0","tintindex":0},"up":{"uv":[1.1875,10.25,1.0,9.125],"rotation":0,"texture":"#0","tintindex":0},"west":{"uv":[9.5,0.0,10.625,0.125],"rotation":0,"texture":"#0","tintindex":0}}},{"name":"cube","from":[5.3,7.4,5.0],"to":[10.700001,13.400001,10.4],"rotation":{"angle":0.0,"axis":"x","origin":[7.1,3.1999998,8.0]},"faces":{"down":{"uv":[3.75,4.5,2.625,5.625],"rotation":0,"texture":"#0","tintindex":0},"east":{"uv":[0.0,3.75,1.125,5.0],"rotation":0,"texture":"#0","tintindex":0},"north":{"uv":[3.375,1.25,4.5,2.5],"rotation":0,"texture":"#0","tintindex":0},"south":{"uv":[3.75,0.125,4.875,1.6875],"rotation":0,"texture":"#0","tintindex":0},"up":{"uv":[5.625,2.375,4.5,1.25],"rotation":0,"texture":"#0","tintindex":0},"west":{"uv":[3.875,2.5,5.0,3.75],"rotation":0,"texture":"#0","tintindex":0}}}],"display":{"head":{"translation":[0.0,-6.4,0.0],"rotation":[0.0,0.0,0.0],"scale":[3.8095,3.8095,3.8095]}}}