{"textures":{"0":"modelengine:entity/meow"},"elements":[{"name":"cube","from":[7.4,5.6,7.28],"to":[9.2,8.0,8.6],"rotation":{"angle":0.0,"axis":"x","origin":[8.0,9.8,7.4]},"faces":{"down":{"uv":[10.25,8.5,9.875,8.75],"rotation":0,"texture":"#0","tintindex":0},"east":{"uv":[7.875,9.625,8.125,10.125],"rotation":0,"texture":"#0","tintindex":0},"north":{"uv":[7.875,9.125,8.25,9.625],"rotation":0,"texture":"#0","tintindex":0},"south":{"uv":[9.25,5.625,9.625,6.125],"rotation":0,"texture":"#0","tintindex":0},"up":{"uv":[8.875,10.125,8.5,9.875],"rotation":0,"texture":"#0","tintindex":0},"west":{"uv":[9.0,9.625,9.25,10.125],"rotation":0,"texture":"#0","tintindex":0}}}],"display":{"head":{"translation":[0.0,-6.4,0.0],"rotation":[0.0,0.0,0.0],"scale":[3.8095,3.8095,3.8095]}}}