{"textures":{"0":"modelengine:entity/meow"},"elements":[{"name":"cube","from":[8.0,7.604,6.4159994],"to":[10.772001,8.792001,9.188],"rotation":{"angle":0.0,"axis":"x","origin":[4.436,7.604,8.0]},"faces":{"down":{"uv":[6.9375,8.125,6.375,8.6875],"rotation":0,"texture":"#0","tintindex":0},"east":{"uv":[9.5,0.125,10.0625,0.375],"rotation":0,"texture":"#0","tintindex":0},"north":{"uv":[6.0,3.25,6.5625,3.5],"rotation":0,"texture":"#0","tintindex":0},"south":{"uv":[9.5,2.75,10.0625,3.0],"rotation":0,"texture":"#0","tintindex":0},"up":{"uv":[8.6875,5.6875,8.125,5.125],"rotation":0,"texture":"#0","tintindex":0},"west":{"uv":[3.625,9.5,4.1875,9.75],"rotation":0,"texture":"#0","tintindex":0}}},{"name":"cube","from":[10.0988,7.3268003,8.5148],"to":[11.2868,8.514801,9.702801],"rotation":{"angle":0.0,"axis":"x","origin":[4.436,7.604,8.0]},"faces":{"down":{"uv":[5.875,10.125,5.625,10.375],"rotation":0,"texture":"#0","tintindex":0},"east":{"uv":[0.375,8.875,0.625,9.125],"rotation":0,"texture":"#0","tintindex":0},"north":{"uv":[4.375,7.875,4.625,8.125],"rotation":0,"texture":"#0","tintindex":0},"south":{"uv":[10.125,2.75,10.375,3.0],"rotation":0,"texture":"#0","tintindex":0},"up":{"uv":[5.625,10.375,5.375,10.125],"rotation":0,"texture":"#0","tintindex":0},"west":{"uv":[10.125,3.375,10.375,3.625],"rotation":0,"texture":"#0","tintindex":0}}},{"name":"cube","from":[10.375999,7.3268003,7.2079997],"to":[11.564,8.514801,8.396],"rotation":{"angle":0.0,"axis":"x","origin":[4.436,7.604,8.0]},"faces":{"down":{"uv":[7.5,10.125,7.25,10.375],"rotation":0,"texture":"#0","tintindex":0},"east":{"uv":[5.875,10.125,6.125,10.375],"rotation":0,"texture":"#0","tintindex":0},"north":{"uv":[10.125,5.75,10.375,6.0],"rotation":0,"texture":"#0","tintindex":0},"south":{"uv":[10.125,6.25,10.375,6.5],"rotation":0,"texture":"#0","tintindex":0},"up":{"uv":[10.375,7.0,10.125,6.75],"rotation":0,"texture":"#0","tintindex":0},"west":{"uv":[6.375,10.125,6.625,10.375],"rotation":0,"texture":"#0","tintindex":0}}},{"name":"cube","from":[10.0988,7.3268003,5.9012],"to":[11.2868,8.514801,7.0892],"rotation":{"angle":0.0,"axis":"x","origin":[4.436,7.604,8.0]},"faces":{"down":{"uv":[10.375,9.0,10.125,9.25],"rotation":0,"texture":"#0","tintindex":0},"east":{"uv":[10.125,7.75,10.375,8.0],"rotation":0,"texture":"#0","tintindex":0},"north":{"uv":[10.125,7.5,10.375,7.75],"rotation":0,"texture":"#0","tintindex":0},"south":{"uv":[7.875,10.125,8.125,10.375],"rotation":0,"texture":"#0","tintindex":0},"up":{"uv":[9.25,10.375,9.0,10.125],"rotation":0,"texture":"#0","tintindex":0},"west":{"uv":[8.5,10.125,8.75,10.375],"rotation":0,"texture":"#0","tintindex":0}}}],"display":{"head":{"translation":[0.0,-6.4,0.0],"rotation":[0.0,0.0,0.0],"scale":[3.8095,3.8095,3.8095]}}}