{"textures":{"0":"modelengine:entity/meow"},"elements":[{"name":"cube","from":[8.6,6.8,6.08],"to":[9.8,8.0,7.4],"rotation":{"angle":0.0,"axis":"x","origin":[7.64,11.0,7.4]},"faces":{"down":{"uv":[7.75,10.25,7.5,10.5],"rotation":0,"texture":"#0","tintindex":0},"east":{"uv":[10.25,5.5,10.5,5.75],"rotation":0,"texture":"#0","tintindex":0},"north":{"uv":[10.25,5.25,10.5,5.5],"rotation":0,"texture":"#0","tintindex":0},"south":{"uv":[6.125,10.25,6.375,10.5],"rotation":0,"texture":"#0","tintindex":0},"up":{"uv":[10.5,7.25,10.25,7.0],"rotation":0,"texture":"#0","tintindex":0},"west":{"uv":[6.625,10.25,6.875,10.5],"rotation":0,"texture":"#0","tintindex":0}}},{"name":"cube","from":[7.34,6.8,6.08],"to":[8.54,8.0,7.4],"rotation":{"angle":0.0,"axis":"x","origin":[7.64,11.0,7.4]},"faces":{"down":{"uv":[10.5,10.125,10.25,10.375],"rotation":0,"texture":"#0","tintindex":0},"east":{"uv":[10.25,8.5,10.5,8.75],"rotation":0,"texture":"#0","tintindex":0},"north":{"uv":[8.25,10.25,8.5,10.5],"rotation":0,"texture":"#0","tintindex":0},"south":{"uv":[10.25,8.75,10.5,9.0],"rotation":0,"texture":"#0","tintindex":0},"up":{"uv":[10.25,10.5,10.0,10.25],"rotation":0,"texture":"#0","tintindex":0},"west":{"uv":[10.25,9.875,10.5,10.125],"rotation":0,"texture":"#0","tintindex":0}}},{"name":"cube","from":[6.08,6.8,6.08],"to":[7.28,8.0,7.4],"rotation":{"angle":0.0,"axis":"x","origin":[7.64,11.0,7.4]},"faces":{"down":{"uv":[10.625,4.75,10.375,5.0],"rotation":0,"texture":"#0","tintindex":0},"east":{"uv":[1.75,10.375,2.0,10.625],"rotation":0,"texture":"#0","tintindex":0},"north":{"uv":[1.5,10.375,1.75,10.625],"rotation":0,"texture":"#0","tintindex":0},"south":{"uv":[2.0,10.375,2.25,10.625],"rotation":0,"texture":"#0","tintindex":0},"up":{"uv":[10.625,3.5,10.375,3.25],"rotation":0,"texture":"#0","tintindex":0},"west":{"uv":[10.375,2.75,10.625,3.0],"rotation":0,"texture":"#0","tintindex":0}}},{"name":"cube","from":[6.44,6.8,6.8],"to":[9.440001,8.6,9.2],"rotation":{"angle":0.0,"axis":"x","origin":[7.64,9.2,8.0]},"faces":{"down":{"uv":[8.875,4.5,8.25,5.0],"rotation":0,"texture":"#0","tintindex":0},"east":{"uv":[3.375,2.5,3.875,2.875],"rotation":0,"texture":"#0","tintindex":0},"north":{"uv":[8.875,0.0,9.5,0.375],"rotation":0,"texture":"#0","tintindex":0},"south":{"uv":[8.875,4.5,9.5,4.875],"rotation":0,"texture":"#0","tintindex":0},"up":{"uv":[4.0,8.75,3.375,8.25],"rotation":0,"texture":"#0","tintindex":0},"west":{"uv":[9.25,7.125,9.75,7.5],"rotation":0,"texture":"#0","tintindex":0}}}],"display":{"head":{"translation":[0.0,-6.4,0.0],"rotation":[0.0,0.0,0.0],"scale":[3.8095,3.8095,3.8095]}}}