{"textures":{"0":"modelengine:entity/meow"},"elements":[{"name":"cube","from":[7.52,5.6,8.0],"to":[8.96,8.0,9.74],"rotation":{"angle":0.0,"axis":"x","origin":[6.8,5.0,8.0]},"faces":{"down":{"uv":[3.5625,9.875,3.25,10.25],"rotation":0,"texture":"#0","tintindex":0},"east":{"uv":[1.25,7.125,1.625,7.625],"rotation":0,"texture":"#0","tintindex":0},"north":{"uv":[9.375,7.75,9.6875,8.25],"rotation":0,"texture":"#0","tintindex":0},"south":{"uv":[9.375,9.0,9.6875,9.5],"rotation":0,"texture":"#0","tintindex":0},"up":{"uv":[10.1875,3.375,9.875,3.0],"rotation":0,"texture":"#0","tintindex":0},"west":{"uv":[4.0,8.25,4.375,8.75],"rotation":0,"texture":"#0","tintindex":0}}}],"display":{"head":{"translation":[0.0,-6.4,0.0],"rotation":[0.0,0.0,0.0],"scale":[3.8095,3.8095,3.8095]}}}