{"textures":{"0":"modelengine:entity/meow"},"elements":[{"name":"cube","from":[2.6,7.2200003,6.2],"to":[8.3,9.8,9.2],"rotation":{"angle":0.0,"axis":"x","origin":[14.0,3.8000004,8.0]},"faces":{"down":{"uv":[8.0625,3.875,6.875,4.5],"rotation":0,"texture":"#0","tintindex":0},"east":{"uv":[8.125,3.625,8.75,4.1875],"rotation":0,"texture":"#0","tintindex":0},"north":{"uv":[7.0,2.375,8.1875,2.9375],"rotation":0,"texture":"#0","tintindex":0},"south":{"uv":[0.0,7.125,1.1875,7.6875],"rotation":0,"texture":"#0","tintindex":0},"up":{"uv":[8.0625,1.875,6.875,1.25],"rotation":0,"texture":"#0","tintindex":0},"west":{"uv":[4.375,8.125,5.0,8.6875],"rotation":0,"texture":"#0","tintindex":0}}}],"display":{"head":{"translation":[0.0,-6.4,0.0],"rotation":[0.0,0.0,0.0],"scale":[3.8095,3.8095,3.8095]}}}