{"textures":{"0":"modelengine:entity/meow"},"elements":[{"name":"cube","from":[6.2,5.6,7.4],"to":[8.6,8.0,8.6],"rotation":{"angle":0.0,"axis":"x","origin":[6.8,1.3999997,11.0]},"faces":{"down":{"uv":[10.125,3.375,9.625,3.625],"rotation":0,"texture":"#0","tintindex":0},"east":{"uv":[4.875,9.625,5.125,10.125],"rotation":0,"texture":"#0","tintindex":0},"north":{"uv":[8.75,3.625,9.25,4.125],"rotation":0,"texture":"#0","tintindex":0},"south":{"uv":[3.75,8.75,4.25,9.25],"rotation":0,"texture":"#0","tintindex":0},"up":{"uv":[10.125,2.125,9.625,1.875],"rotation":0,"texture":"#0","tintindex":0},"west":{"uv":[9.625,5.625,9.875,6.125],"rotation":0,"texture":"#0","tintindex":0}}}],"display":{"head":{"translation":[0.0,-6.4,0.0],"rotation":[0.0,0.0,0.0],"scale":[3.8095,3.8095,3.8095]}}}