{"textures":{"0":"modelengine:entity/meow"},"elements":[{"name":"cube","from":[5.2279997,7.604,6.4159994],"to":[8.0,8.792001,9.188],"rotation":{"angle":0.0,"axis":"x","origin":[11.564,7.604,8.0]},"faces":{"down":{"uv":[0.5625,8.25,0.0,8.8125],"rotation":0,"texture":"#0","tintindex":0},"east":{"uv":[9.5,7.5,10.0625,7.75],"rotation":0,"texture":"#0","tintindex":0},"north":{"uv":[6.875,9.5,7.4375,9.75],"rotation":0,"texture":"#0","tintindex":0},"south":{"uv":[9.375,9.5,9.9375,9.75],"rotation":0,"texture":"#0","tintindex":0},"up":{"uv":[8.6875,8.3125,8.125,7.75],"rotation":0,"texture":"#0","tintindex":0},"west":{"uv":[9.625,0.5,10.1875,0.75],"rotation":0,"texture":"#0","tintindex":0}}},{"name":"cube","from":[4.7131996,7.3268003,8.5148],"to":[5.9012003,8.514801,9.702801],"rotation":{"angle":0.0,"axis":"x","origin":[11.564,7.604,8.0]},"faces":{"down":{"uv":[10.5,0.5,10.25,0.75],"rotation":0,"texture":"#0","tintindex":0},"east":{"uv":[9.5,10.125,9.75,10.375],"rotation":0,"texture":"#0","tintindex":0},"north":{"uv":[9.25,10.125,9.5,10.375],"rotation":0,"texture":"#0","tintindex":0},"south":{"uv":[9.75,10.125,10.0,10.375],"rotation":0,"texture":"#0","tintindex":0},"up":{"uv":[0.5,10.5,0.25,10.25],"rotation":0,"texture":"#0","tintindex":0},"west":{"uv":[0.0,10.25,0.25,10.5],"rotation":0,"texture":"#0","tintindex":0}}},{"name":"cube","from":[4.4359994,7.3268003,7.2079997],"to":[5.6240005,8.514801,8.396],"rotation":{"angle":0.0,"axis":"x","origin":[11.564,7.604,8.0]},"faces":{"down":{"uv":[10.5,3.0,10.25,3.25],"rotation":0,"texture":"#0","tintindex":0},"east":{"uv":[1.0,10.25,1.25,10.5],"rotation":0,"texture":"#0","tintindex":0},"north":{"uv":[0.75,10.25,1.0,10.5],"rotation":0,"texture":"#0","tintindex":0},"south":{"uv":[1.25,10.25,1.5,10.5],"rotation":0,"texture":"#0","tintindex":0},"up":{"uv":[2.75,10.5,2.5,10.25],"rotation":0,"texture":"#0","tintindex":0},"west":{"uv":[10.25,2.25,10.5,2.5],"rotation":0,"texture":"#0","tintindex":0}}},{"name":"cube","from":[4.7131996,7.3268003,5.9012],"to":[5.9012003,8.514801,7.0892],"rotation":{"angle":0.0,"axis":"x","origin":[11.564,7.604,8.0]},"faces":{"down":{"uv":[10.5,5.0,10.25,5.25],"rotation":0,"texture":"#0","tintindex":0},"east":{"uv":[10.25,3.625,10.5,3.875],"rotation":0,"texture":"#0","tintindex":0},"north":{"uv":[3.25,10.25,3.5,10.5],"rotation":0,"texture":"#0","tintindex":0},"south":{"uv":[4.125,10.25,4.375,10.5],"rotation":0,"texture":"#0","tintindex":0},"up":{"uv":[10.5,4.75,10.25,4.5],"rotation":0,"texture":"#0","tintindex":0},"west":{"uv":[4.375,10.25,4.625,10.5],"rotation":0,"texture":"#0","tintindex":0}}}],"display":{"head":{"translation":[0.0,-6.4,0.0],"rotation":[0.0,0.0,0.0],"scale":[3.8095,3.8095,3.8095]}}}