{"textures":{"0":"modelengine:entity/meow"},"elements":[{"name":"cube","from":[7.7,7.2200003,6.2],"to":[13.400001,9.8,9.2],"rotation":{"angle":0.0,"axis":"x","origin":[1.9999998,3.8000004,8.0]},"faces":{"down":{"uv":[8.0625,0.625,6.875,1.25],"rotation":0,"texture":"#0","tintindex":0},"east":{"uv":[8.125,0.625,8.75,1.1875],"rotation":0,"texture":"#0","tintindex":0},"north":{"uv":[6.875,5.125,8.0625,5.6875],"rotation":0,"texture":"#0","tintindex":0},"south":{"uv":[1.625,7.0,2.8125,7.5625],"rotation":0,"texture":"#0","tintindex":0},"up":{"uv":[7.8125,3.875,6.625,3.25],"rotation":0,"texture":"#0","tintindex":0},"west":{"uv":[8.125,1.25,8.75,1.8125],"rotation":0,"texture":"#0","tintindex":0}}}],"display":{"head":{"translation":[0.0,-6.4,0.0],"rotation":[0.0,0.0,0.0],"scale":[3.8095,3.8095,3.8095]}}}