{"textures":{"0":"modelengine:entity/meow"},"elements":[{"name":"cube","from":[6.8,5.6,7.28],"to":[8.6,8.0,8.6],"rotation":{"angle":0.0,"axis":"x","origin":[8.0,9.8,7.4]},"faces":{"down":{"uv":[0.375,10.0,0.0,10.25],"rotation":0,"texture":"#0","tintindex":0},"east":{"uv":[0.375,9.75,0.625,10.25],"rotation":0,"texture":"#0","tintindex":0},"north":{"uv":[5.25,9.375,5.625,9.875],"rotation":0,"texture":"#0","tintindex":0},"south":{"uv":[6.0,9.375,6.375,9.875],"rotation":0,"texture":"#0","tintindex":0},"up":{"uv":[10.25,9.0,9.875,8.75],"rotation":0,"texture":"#0","tintindex":0},"west":{"uv":[4.125,9.75,4.375,10.25],"rotation":0,"texture":"#0","tintindex":0}}}],"display":{"head":{"translation":[0.0,-6.4,0.0],"rotation":[0.0,0.0,0.0],"scale":[3.8095,3.8095,3.8095]}}}