{"textures":{"0":"modelengine:entity/meow"},"elements":[{"name":"cube","from":[6.2,6.8,6.08],"to":[7.4,8.0,7.4],"rotation":{"angle":0.0,"axis":"x","origin":[8.360001,11.0,7.4]},"faces":{"down":{"uv":[6.625,10.375,6.375,10.625],"rotation":0,"texture":"#0","tintindex":0},"east":{"uv":[5.625,10.375,5.875,10.625],"rotation":0,"texture":"#0","tintindex":0},"north":{"uv":[5.375,10.375,5.625,10.625],"rotation":0,"texture":"#0","tintindex":0},"south":{"uv":[10.375,5.75,10.625,6.0],"rotation":0,"texture":"#0","tintindex":0},"up":{"uv":[10.625,6.5,10.375,6.25],"rotation":0,"texture":"#0","tintindex":0},"west":{"uv":[5.875,10.375,6.125,10.625],"rotation":0,"texture":"#0","tintindex":0}}},{"name":"cube","from":[7.46,6.8,6.08],"to":[8.66,8.0,7.4],"rotation":{"angle":0.0,"axis":"x","origin":[8.360001,11.0,7.4]},"faces":{"down":{"uv":[8.25,10.375,8.0,10.625],"rotation":0,"texture":"#0","tintindex":0},"east":{"uv":[7.25,10.375,7.5,10.625],"rotation":0,"texture":"#0","tintindex":0},"north":{"uv":[10.375,6.75,10.625,7.0],"rotation":0,"texture":"#0","tintindex":0},"south":{"uv":[10.375,7.5,10.625,7.75],"rotation":0,"texture":"#0","tintindex":0},"up":{"uv":[10.625,8.0,10.375,7.75],"rotation":0,"texture":"#0","tintindex":0},"west":{"uv":[7.75,10.375,8.0,10.625],"rotation":0,"texture":"#0","tintindex":0}}},{"name":"cube","from":[8.719999,6.8,6.08],"to":[9.92,8.0,7.4],"rotation":{"angle":0.0,"axis":"x","origin":[8.360001,11.0,7.4]},"faces":{"down":{"uv":[10.0,10.375,9.75,10.625],"rotation":0,"texture":"#0","tintindex":0},"east":{"uv":[9.0,10.375,9.25,10.625],"rotation":0,"texture":"#0","tintindex":0},"north":{"uv":[8.5,10.375,8.75,10.625],"rotation":0,"texture":"#0","tintindex":0},"south":{"uv":[10.375,9.0,10.625,9.25],"rotation":0,"texture":"#0","tintindex":0},"up":{"uv":[9.75,10.625,9.5,10.375],"rotation":0,"texture":"#0","tintindex":0},"west":{"uv":[9.25,10.375,9.5,10.625],"rotation":0,"texture":"#0","tintindex":0}}},{"name":"cube","from":[6.56,6.8,6.8],"to":[9.56,8.6,9.2],"rotation":{"angle":0.0,"axis":"x","origin":[8.360001,9.2,8.0]},"faces":{"down":{"uv":[8.875,5.75,8.25,6.25],"rotation":0,"texture":"#0","tintindex":0},"east":{"uv":[9.375,3.0,9.875,3.375],"rotation":0,"texture":"#0","tintindex":0},"north":{"uv":[8.875,6.75,9.5,7.125],"rotation":0,"texture":"#0","tintindex":0},"south":{"uv":[2.625,9.0,3.25,9.375],"rotation":0,"texture":"#0","tintindex":0},"up":{"uv":[6.0,8.75,5.375,8.25],"rotation":0,"texture":"#0","tintindex":0},"west":{"uv":[9.375,5.25,9.875,5.625],"rotation":0,"texture":"#0","tintindex":0}}}],"display":{"head":{"translation":[0.0,-6.4,0.0],"rotation":[0.0,0.0,0.0],"scale":[3.8095,3.8095,3.8095]}}}