{"textures":{"0":"modelengine:entity/meow"},"elements":[{"name":"cube","from":[7.04,5.6,8.0],"to":[8.48,8.0,9.74],"rotation":{"angle":0.0,"axis":"x","origin":[9.2,5.0,8.0]},"faces":{"down":{"uv":[10.1875,4.5,9.875,4.875],"rotation":0,"texture":"#0","tintindex":0},"east":{"uv":[2.625,9.375,3.0,9.875],"rotation":0,"texture":"#0","tintindex":0},"north":{"uv":[0.0,9.5,0.3125,10.0],"rotation":0,"texture":"#0","tintindex":0},"south":{"uv":[9.5,2.25,9.8125,2.75],"rotation":0,"texture":"#0","tintindex":0},"up":{"uv":[4.6875,10.25,4.375,9.875],"rotation":0,"texture":"#0","tintindex":0},"west":{"uv":[4.5,9.375,4.875,9.875],"rotation":0,"texture":"#0","tintindex":0}}}],"display":{"head":{"translation":[0.0,-6.4,0.0],"rotation":[0.0,0.0,0.0],"scale":[3.8095,3.8095,3.8095]}}}