{"textures":{"0":"modelengine:entity/meow"},"elements":[{"name":"cube","from":[7.4,5.6,7.4],"to":[9.8,8.0,8.6],"rotation":{"angle":0.0,"axis":"x","origin":[9.2,1.3999997,11.0]},"faces":{"down":{"uv":[7.5,8.125,7.0,8.375],"rotation":0,"texture":"#0","tintindex":0},"east":{"uv":[6.625,3.875,6.875,4.375],"rotation":0,"texture":"#0","tintindex":0},"north":{"uv":[2.75,8.5,3.25,9.0],"rotation":0,"texture":"#0","tintindex":0},"south":{"uv":[3.25,8.75,3.75,9.25],"rotation":0,"texture":"#0","tintindex":0},"up":{"uv":[6.0,7.75,5.5,7.5],"rotation":0,"texture":"#0","tintindex":0},"west":{"uv":[0.625,8.25,0.875,8.75],"rotation":0,"texture":"#0","tintindex":0}}}],"display":{"head":{"translation":[0.0,-6.4,0.0],"rotation":[0.0,0.0,0.0],"scale":[3.8095,3.8095,3.8095]}}}