{"textures":{"0":"modelengine:entity/meow"},"elements":[{"name":"cube","from":[4.3999996,9.381032,5.8692026],"to":[11.6,9.981031,6.4692025],"rotation":{"angle":0.0,"axis":"x","origin":[8.6,8.181032,8.269203]},"faces":{"down":{"uv":[10.5,6.625,9.0,6.75],"rotation":0,"texture":"#0","tintindex":0},"east":{"uv":[5.375,8.125,5.5,8.25],"rotation":0,"texture":"#0","tintindex":0},"north":{"uv":[8.75,4.125,10.25,4.25],"rotation":0,"texture":"#0","tintindex":0},"south":{"uv":[8.875,0.375,10.375,0.5],"rotation":0,"texture":"#0","tintindex":0},"up":{"uv":[10.375,5.0,8.875,4.875],"rotation":0,"texture":"#0","tintindex":0},"west":{"uv":[6.25,8.625,6.375,8.75],"rotation":0,"texture":"#0","tintindex":0}}},{"name":"cube","from":[11.0,9.381032,6.4692025],"to":[11.6,9.981031,8.269203],"rotation":{"angle":0.0,"axis":"x","origin":[8.6,8.181032,8.269203]},"faces":{"down":{"uv":[1.125,5.0,1.0,5.375],"rotation":0,"texture":"#0","tintindex":0},"east":{"uv":[10.5,2.25,10.875,2.375],"rotation":0,"texture":"#0","tintindex":0},"north":{"uv":[8.75,5.625,8.875,5.75],"rotation":0,"texture":"#0","tintindex":0},"south":{"uv":[8.875,6.25,9.0,6.375],"rotation":0,"texture":"#0","tintindex":0},"up":{"uv":[1.25,4.125,1.125,3.75],"rotation":0,"texture":"#0","tintindex":0},"west":{"uv":[10.5,2.375,10.875,2.5],"rotation":0,"texture":"#0","tintindex":0}}},{"name":"cube","from":[4.3999996,9.381032,6.4692025],"to":[5.0,9.981031,8.269203],"rotation":{"angle":0.0,"axis":"x","origin":[7.4,8.181032,8.269203]},"faces":{"down":{"uv":[6.375,8.25,6.25,8.625],"rotation":0,"texture":"#0","tintindex":0},"east":{"uv":[2.5,10.5,2.875,10.625],"rotation":0,"texture":"#0","tintindex":0},"north":{"uv":[6.875,9.375,7.0,9.5],"rotation":0,"texture":"#0","tintindex":0},"south":{"uv":[8.5,9.375,8.625,9.5],"rotation":0,"texture":"#0","tintindex":0},"up":{"uv":[6.875,1.0,6.75,0.625],"rotation":0,"texture":"#0","tintindex":0},"west":{"uv":[2.875,10.5,3.25,10.625],"rotation":0,"texture":"#0","tintindex":0}}},{"name":"cube","from":[4.3999996,7.581032,7.6692023],"to":[5.0,9.381032,8.869203],"rotation":{"angle":0.0,"axis":"x","origin":[8.6,8.181032,8.269203]},"faces":{"down":{"uv":[7.875,3.0,7.75,3.25],"rotation":0,"texture":"#0","tintindex":0},"east":{"uv":[7.375,9.75,7.625,10.125],"rotation":0,"texture":"#0","tintindex":0},"north":{"uv":[5.25,9.0,5.375,9.375],"rotation":0,"texture":"#0","tintindex":0},"south":{"uv":[5.625,9.375,5.75,9.75],"rotation":0,"texture":"#0","tintindex":0},"up":{"uv":[2.875,7.875,2.75,7.625],"rotation":0,"texture":"#0","tintindex":0},"west":{"uv":[9.875,5.75,10.125,6.125],"rotation":0,"texture":"#0","tintindex":0}}},{"name":"cube","from":[11.0,7.581032,7.6692023],"to":[11.6,9.381032,8.869203],"rotation":{"angle":0.0,"axis":"x","origin":[7.4,8.181032,8.269203]},"faces":{"down":{"uv":[2.75,8.75,2.625,9.0],"rotation":0,"texture":"#0","tintindex":0},"east":{"uv":[6.125,9.875,6.375,10.25],"rotation":0,"texture":"#0","tintindex":0},"north":{"uv":[8.75,10.125,8.875,10.5],"rotation":0,"texture":"#0","tintindex":0},"south":{"uv":[3.5,10.25,3.625,10.625],"rotation":0,"texture":"#0","tintindex":0},"up":{"uv":[3.375,8.75,3.25,8.5],"rotation":0,"texture":"#0","tintindex":0},"west":{"uv":[9.875,6.75,10.125,7.125],"rotation":0,"texture":"#0","tintindex":0}}},{"name":"cube","from":[11.0,6.381032,5.8692026],"to":[11.6,9.381032,7.6692023],"rotation":{"angle":0.0,"axis":"x","origin":[8.6,8.181032,8.269203]},"faces":{"down":{"uv":[3.375,10.5,3.25,10.875],"rotation":0,"texture":"#0","tintindex":0},"east":{"uv":[4.5,8.75,4.875,9.375],"rotation":0,"texture":"#0","tintindex":0},"north":{"uv":[2.875,9.875,3.0,10.5],"rotation":0,"texture":"#0","tintindex":0},"south":{"uv":[4.75,9.875,4.875,10.5],"rotation":0,"texture":"#0","tintindex":0},"up":{"uv":[4.75,10.625,4.625,10.25],"rotation":0,"texture":"#0","tintindex":0},"west":{"uv":[5.375,8.75,5.75,9.375],"rotation":0,"texture":"#0","tintindex":0}}},{"name":"cube","from":[4.3999996,6.381032,5.8692026],"to":[5.0,9.381032,7.6692023],"rotation":{"angle":0.0,"axis":"x","origin":[7.4,8.181032,8.269203]},"faces":{"down":{"uv":[10.625,3.625,10.5,4.0],"rotation":0,"texture":"#0","tintindex":0},"east":{"uv":[6.25,8.75,6.625,9.375],"rotation":0,"texture":"#0","tintindex":0},"north":{"uv":[8.875,9.875,9.0,10.5],"rotation":0,"texture":"#0","tintindex":0},"south":{"uv":[2.25,10.0,2.375,10.625],"rotation":0,"texture":"#0","tintindex":0},"up":{"uv":[3.5,10.875,3.375,10.5],"rotation":0,"texture":"#0","tintindex":0},"west":{"uv":[6.625,8.75,7.0,9.375],"rotation":0,"texture":"#0","tintindex":0}}},{"name":"cube","from":[5.0,5.1810317,4.669203],"to":[11.0,9.981031,5.8692026],"rotation":{"angle":0.0,"axis":"x","origin":[8.6,8.181032,8.269203]},"faces":{"down":{"uv":[9.5,2.25,8.25,2.5],"rotation":0,"texture":"#0","tintindex":0},"east":{"uv":[6.0,8.25,6.25,9.25],"rotation":0,"texture":"#0","tintindex":0},"north":{"uv":[3.75,4.625,5.0,5.625],"rotation":0,"texture":"#0","tintindex":0},"south":{"uv":[4.875,0.0,6.125,1.0],"rotation":0,"texture":"#0","tintindex":0},"up":{"uv":[9.375,4.5,8.125,4.25],"rotation":0,"texture":"#0","tintindex":0},"west":{"uv":[4.25,8.75,4.5,9.75],"rotation":0,"texture":"#0","tintindex":0}}},{"name":"cube","from":[5.6,7.581032,4.0692024],"to":[10.4,9.441033,4.669203],"rotation":{"angle":0.0,"axis":"x","origin":[8.6,8.181032,8.269203]},"faces":{"down":{"uv":[10.625,2.125,9.625,2.25],"rotation":0,"texture":"#0","tintindex":0},"east":{"uv":[4.125,10.5,4.25,10.875],"rotation":0,"texture":"#0","tintindex":0},"north":{"uv":[1.125,4.125,2.125,4.5],"rotation":0,"texture":"#0","tintindex":0},"south":{"uv":[3.375,7.875,4.375,8.25],"rotation":0,"texture":"#0","tintindex":0},"up":{"uv":[1.0,7.125,0.0,7.0],"rotation":0,"texture":"#0","tintindex":0},"west":{"uv":[4.25,10.5,4.375,10.875],"rotation":0,"texture":"#0","tintindex":0}}},{"name":"cube","from":[10.4,7.581032,4.429202],"to":[11.18,9.381032,5.8692026],"rotation":{"angle":0.0,"axis":"x","origin":[8.6,8.181032,8.269203]},"faces":{"down":{"uv":[10.6875,0.375,10.5,0.6875],"rotation":0,"texture":"#0","tintindex":0},"east":{"uv":[9.25,9.75,9.5625,10.125],"rotation":0,"texture":"#0","tintindex":0},"north":{"uv":[10.0,9.875,10.1875,10.25],"rotation":0,"texture":"#0","tintindex":0},"south":{"uv":[3.0,10.125,3.1875,10.5],"rotation":0,"texture":"#0","tintindex":0},"up":{"uv":[0.4375,10.8125,0.25,10.5],"rotation":0,"texture":"#0","tintindex":0},"west":{"uv":[9.625,9.75,9.9375,10.125],"rotation":0,"texture":"#0","tintindex":0}}},{"name":"cube","from":[4.8199997,7.581032,4.429202],"to":[5.6,9.381032,5.8692026],"rotation":{"angle":0.0,"axis":"x","origin":[7.4,8.181032,8.269203]},"faces":{"down":{"uv":[0.9375,10.5,0.75,10.8125],"rotation":0,"texture":"#0","tintindex":0},"east":{"uv":[9.875,2.25,10.1875,2.625],"rotation":0,"texture":"#0","tintindex":0},"north":{"uv":[4.875,10.125,5.0625,10.5],"rotation":0,"texture":"#0","tintindex":0},"south":{"uv":[5.125,10.125,5.3125,10.5],"rotation":0,"texture":"#0","tintindex":0},"up":{"uv":[0.6875,10.8125,0.5,10.5],"rotation":0,"texture":"#0","tintindex":0},"west":{"uv":[2.5,9.875,2.8125,10.25],"rotation":0,"texture":"#0","tintindex":0}}}],"display":{"head":{"translation":[0.0,-6.4,0.0],"rotation":[0.0,0.0,0.0],"scale":[3.8095,3.8095,3.8095]}}}