{"textures":{"0":"modelengine:entity/meow"},"elements":[{"name":"cube","from":[6.2,7.4,7.4],"to":[10.4,10.4,8.0],"rotation":{"angle":0.0,"axis":"x","origin":[8.0,3.7999997,7.4]},"faces":{"down":{"uv":[10.5,6.5,9.625,6.625],"rotation":0,"texture":"#0","tintindex":0},"east":{"uv":[2.375,10.0,2.5,10.625],"rotation":0,"texture":"#0","tintindex":0},"north":{"uv":[2.875,7.25,3.75,7.875],"rotation":0,"texture":"#0","tintindex":0},"south":{"uv":[3.75,7.25,4.625,7.875],"rotation":0,"texture":"#0","tintindex":0},"up":{"uv":[8.25,2.375,7.375,2.25],"rotation":0,"texture":"#0","tintindex":0},"west":{"uv":[3.625,10.0,3.75,10.625],"rotation":0,"texture":"#0","tintindex":0}}},{"name":"cube","from":[6.8,10.4,7.4],"to":[9.8,12.2,8.0],"rotation":{"angle":0.0,"axis":"x","origin":[8.0,3.7999997,7.4]},"faces":{"down":{"uv":[10.625,9.5,10.0,9.625],"rotation":0,"texture":"#0","tintindex":0},"east":{"uv":[4.375,10.5,4.5,10.875],"rotation":0,"texture":"#0","tintindex":0},"north":{"uv":[6.125,0.625,6.75,1.0],"rotation":0,"texture":"#0","tintindex":0},"south":{"uv":[8.75,5.25,9.375,5.625],"rotation":0,"texture":"#0","tintindex":0},"up":{"uv":[8.875,6.375,8.25,6.25],"rotation":0,"texture":"#0","tintindex":0},"west":{"uv":[10.5,4.375,10.625,4.75],"rotation":0,"texture":"#0","tintindex":0}}},{"name":"cube","from":[6.8,12.2,7.4],"to":[8.6,12.8,8.0],"rotation":{"angle":0.0,"axis":"x","origin":[8.0,3.7999997,7.4]},"faces":{"down":{"uv":[5.125,10.5,4.75,10.625],"rotation":0,"texture":"#0","tintindex":0},"east":{"uv":[7.5,9.5,7.625,9.625],"rotation":0,"texture":"#0","tintindex":0},"north":{"uv":[10.5,3.0,10.875,3.125],"rotation":0,"texture":"#0","tintindex":0},"south":{"uv":[10.5,3.125,10.875,3.25],"rotation":0,"texture":"#0","tintindex":0},"up":{"uv":[10.875,4.125,10.5,4.0],"rotation":0,"texture":"#0","tintindex":0},"west":{"uv":[8.5,9.5,8.625,9.625],"rotation":0,"texture":"#0","tintindex":0}}}],"display":{"head":{"translation":[0.0,-6.4,0.0],"rotation":[0.0,0.0,0.0],"scale":[3.8095,3.8095,3.8095]}}}