{"textures":{"0":"modelengine:entity/meow"},"elements":[{"name":"cube","from":[5.6,7.4,7.4],"to":[9.8,10.4,8.0],"rotation":{"angle":0.0,"axis":"x","origin":[8.0,3.7999997,7.4]},"faces":{"down":{"uv":[10.625,8.125,9.75,8.25],"rotation":0,"texture":"#0","tintindex":0},"east":{"uv":[3.75,10.0,3.875,10.625],"rotation":0,"texture":"#0","tintindex":0},"north":{"uv":[7.375,0.0,8.25,0.625],"rotation":0,"texture":"#0","tintindex":0},"south":{"uv":[7.375,5.75,8.25,6.375],"rotation":0,"texture":"#0","tintindex":0},"up":{"uv":[10.625,7.5,9.75,7.375],"rotation":0,"texture":"#0","tintindex":0},"west":{"uv":[3.875,10.0,4.0,10.625],"rotation":0,"texture":"#0","tintindex":0}}},{"name":"cube","from":[6.2,10.4,7.4],"to":[9.2,12.2,8.0],"rotation":{"angle":0.0,"axis":"x","origin":[8.0,3.7999997,7.4]},"faces":{"down":{"uv":[10.625,9.75,10.0,9.875],"rotation":0,"texture":"#0","tintindex":0},"east":{"uv":[4.5,10.5,4.625,10.875],"rotation":0,"texture":"#0","tintindex":0},"north":{"uv":[7.0,8.75,7.625,9.125],"rotation":0,"texture":"#0","tintindex":0},"south":{"uv":[7.625,8.75,8.25,9.125],"rotation":0,"texture":"#0","tintindex":0},"up":{"uv":[10.625,9.75,10.0,9.625],"rotation":0,"texture":"#0","tintindex":0},"west":{"uv":[10.5,5.0,10.625,5.375],"rotation":0,"texture":"#0","tintindex":0}}},{"name":"cube","from":[7.4,12.2,7.4],"to":[9.2,12.8,8.0],"rotation":{"angle":0.0,"axis":"x","origin":[8.0,3.7999997,7.4]},"faces":{"down":{"uv":[10.875,6.125,10.5,6.25],"rotation":0,"texture":"#0","tintindex":0},"east":{"uv":[5.125,9.625,5.25,9.75],"rotation":0,"texture":"#0","tintindex":0},"north":{"uv":[10.5,5.375,10.875,5.5],"rotation":0,"texture":"#0","tintindex":0},"south":{"uv":[10.5,5.5,10.875,5.625],"rotation":0,"texture":"#0","tintindex":0},"up":{"uv":[10.875,5.75,10.5,5.625],"rotation":0,"texture":"#0","tintindex":0},"west":{"uv":[7.5,9.625,7.625,9.75],"rotation":0,"texture":"#0","tintindex":0}}}],"display":{"head":{"translation":[0.0,-6.4,0.0],"rotation":[0.0,0.0,0.0],"scale":[3.8095,3.8095,3.8095]}}}