{"textures":{"0":"modelengine:entity/meow"},"elements":[{"name":"cube","from":[5.0,5.0,5.0],"to":[11.0,11.0,11.0],"rotation":{"angle":0.0,"axis":"x","origin":[8.0,7.4,8.0]},"faces":{"down":{"uv":[3.75,0.0,2.5,1.25],"rotation":0,"texture":"#0","tintindex":0},"east":{"uv":[0.0,1.25,1.25,2.5],"rotation":0,"texture":"#0","tintindex":0},"north":{"uv":[0.0,0.0,1.25,1.25],"rotation":0,"texture":"#0","tintindex":0},"south":{"uv":[1.25,0.0,2.5,1.25],"rotation":0,"texture":"#0","tintindex":0},"up":{"uv":[1.25,3.75,0.0,2.5],"rotation":0,"texture":"#0","tintindex":0},"west":{"uv":[1.25,1.25,2.5,2.5],"rotation":0,"texture":"#0","tintindex":0}}},{"name":"cube","from":[7.4,7.040001,4.1],"to":[8.6,7.640001,4.7],"rotation":{"angle":0.0,"axis":"x","origin":[8.0,7.040001,1.6999998]},"faces":{"down":{"uv":[10.75,8.75,10.5,8.875],"rotation":0,"texture":"#0","tintindex":0},"east":{"uv":[3.75,4.5,3.875,4.625],"rotation":0,"texture":"#0","tintindex":0},"north":{"uv":[1.875,8.25,2.125,8.375],"rotation":0,"texture":"#0","tintindex":0},"south":{"uv":[6.0,9.25,6.25,9.375],"rotation":0,"texture":"#0","tintindex":0},"up":{"uv":[9.0,10.625,8.75,10.5],"rotation":0,"texture":"#0","tintindex":0},"west":{"uv":[7.625,6.75,7.75,6.875],"rotation":0,"texture":"#0","tintindex":0}}},{"name":"cube","from":[6.2,5.540001,4.3999996],"to":[9.8,7.4,8.6],"rotation":{"angle":0.0,"axis":"x","origin":[8.0,6.8,1.9999998]},"faces":{"down":{"uv":[2.625,4.5,1.125,5.375],"rotation":0,"texture":"#0","tintindex":0},"east":{"uv":[0.0,7.75,0.875,8.25],"rotation":0,"texture":"#0","tintindex":0},"north":{"uv":[4.625,6.375,6.125,6.875],"rotation":0,"texture":"#0","tintindex":0},"south":{"uv":[6.125,6.375,7.625,6.875],"rotation":0,"texture":"#0","tintindex":0},"up":{"uv":[5.375,4.625,3.875,3.75],"rotation":0,"texture":"#0","tintindex":0},"west":{"uv":[5.5,7.75,6.375,8.25],"rotation":0,"texture":"#0","tintindex":0}}},{"name":"cube","from":[10.4,7.1,4.7599998],"to":[11.6,7.4,5.06],"rotation":{"angle":22.5,"axis":"z","origin":[10.4,7.4,5.06]},"faces":{"down":{"uv":[10.25,5.25,9.875,5.5],"rotation":0,"texture":"#0","tintindex":0},"east":{"uv":[10.5,8.875,10.75,9.0],"rotation":0,"texture":"#0","tintindex":0},"north":{"uv":[0.875,8.625,1.25,8.75],"rotation":0,"texture":"#0","tintindex":0},"south":{"uv":[10.375,3.5,10.75,3.625],"rotation":0,"texture":"#0","tintindex":0},"up":{"uv":[5.375,3.75,5.0,3.5],"rotation":0,"texture":"#0","tintindex":0},"west":{"uv":[10.5,9.875,10.75,10.0],"rotation":0,"texture":"#0","tintindex":0}}},{"name":"cube","from":[10.4,6.6800003,4.7599998],"to":[12.2,6.9800005,5.06],"rotation":{"angle":-22.5,"axis":"z","origin":[10.4,6.9800005,5.06]},"faces":{"down":{"uv":[9.0,9.625,8.5,9.875],"rotation":0,"texture":"#0","tintindex":0},"east":{"uv":[10.0,10.5,10.25,10.625],"rotation":0,"texture":"#0","tintindex":0},"north":{"uv":[4.5,2.375,5.0,2.5],"rotation":0,"texture":"#0","tintindex":0},"south":{"uv":[6.875,5.75,7.375,5.875],"rotation":0,"texture":"#0","tintindex":0},"up":{"uv":[10.125,6.5,9.625,6.25],"rotation":0,"texture":"#0","tintindex":0},"west":{"uv":[10.5,10.0,10.75,10.125],"rotation":0,"texture":"#0","tintindex":0}}},{"name":"cube","from":[10.4,5.8999996,4.7599998],"to":[12.2,6.2,5.06],"rotation":{"angle":-45.0,"axis":"z","origin":[10.4,6.2,5.06]},"faces":{"down":{"uv":[2.5,9.75,2.0,10.0],"rotation":0,"texture":"#0","tintindex":0},"east":{"uv":[10.5,10.125,10.75,10.25],"rotation":0,"texture":"#0","tintindex":0},"north":{"uv":[8.25,0.5,8.75,0.625],"rotation":0,"texture":"#0","tintindex":0},"south":{"uv":[8.25,5.0,8.75,5.125],"rotation":0,"texture":"#0","tintindex":0},"up":{"uv":[2.0,10.0,1.5,9.75],"rotation":0,"texture":"#0","tintindex":0},"west":{"uv":[10.5,10.25,10.75,10.375],"rotation":0,"texture":"#0","tintindex":0}}},{"name":"cube","from":[3.7999997,5.8999996,4.7599998],"to":[5.6,6.2,5.06],"rotation":{"angle":45.0,"axis":"z","origin":[5.6,6.2,5.06]},"faces":{"down":{"uv":[10.25,5.0,9.75,5.25],"rotation":0,"texture":"#0","tintindex":0},"east":{"uv":[10.5,10.375,10.75,10.5],"rotation":0,"texture":"#0","tintindex":0},"north":{"uv":[10.125,0.125,10.625,0.25],"rotation":0,"texture":"#0","tintindex":0},"south":{"uv":[10.125,0.25,10.625,0.375],"rotation":0,"texture":"#0","tintindex":0},"up":{"uv":[4.125,10.0,3.625,9.75],"rotation":0,"texture":"#0","tintindex":0},"west":{"uv":[10.5,10.5,10.75,10.625],"rotation":0,"texture":"#0","tintindex":0}}},{"name":"cube","from":[3.7999997,6.6800003,4.7599998],"to":[5.6,6.9800005,5.06],"rotation":{"angle":22.5,"axis":"z","origin":[5.6,6.9800005,5.06]},"faces":{"down":{"uv":[10.25,7.125,9.75,7.375],"rotation":0,"texture":"#0","tintindex":0},"east":{"uv":[10.625,0.0,10.875,0.125],"rotation":0,"texture":"#0","tintindex":0},"north":{"uv":[10.125,1.875,10.625,2.0],"rotation":0,"texture":"#0","tintindex":0},"south":{"uv":[10.125,2.0,10.625,2.125],"rotation":0,"texture":"#0","tintindex":0},"up":{"uv":[7.375,10.0,6.875,9.75],"rotation":0,"texture":"#0","tintindex":0},"west":{"uv":[10.625,0.125,10.875,0.25],"rotation":0,"texture":"#0","tintindex":0}}},{"name":"cube","from":[4.3999996,7.1,4.7599998],"to":[5.6,7.4,5.06],"rotation":{"angle":-22.5,"axis":"z","origin":[5.6,7.4,5.06]},"faces":{"down":{"uv":[6.125,9.875,5.75,10.125],"rotation":0,"texture":"#0","tintindex":0},"east":{"uv":[10.625,0.25,10.875,0.375],"rotation":0,"texture":"#0","tintindex":0},"north":{"uv":[10.5,1.25,10.875,1.375],"rotation":0,"texture":"#0","tintindex":0},"south":{"uv":[10.5,1.375,10.875,1.5],"rotation":0,"texture":"#0","tintindex":0},"up":{"uv":[10.25,5.75,9.875,5.5],"rotation":0,"texture":"#0","tintindex":0},"west":{"uv":[1.5,10.625,1.75,10.75],"rotation":0,"texture":"#0","tintindex":0}}}],"display":{"head":{"translation":[0.0,-6.4,0.0],"rotation":[0.0,0.0,0.0],"scale":[3.8095,3.8095,3.8095]}}}