{"textures":{"0":"modelengine:entity/meow"},"elements":[{"name":"cube","from":[5.0,9.2,6.8],"to":[9.8,10.4,12.2],"rotation":{"angle":0.0,"axis":"x","origin":[8.0,-11.800001,8.0]},"faces":{"down":{"uv":[6.0,2.375,5.0,3.5],"rotation":0,"texture":"#0","tintindex":0},"east":{"uv":[8.375,7.5,9.5,7.75],"rotation":0,"texture":"#0","tintindex":0},"north":{"uv":[1.625,5.375,2.625,5.625],"rotation":0,"texture":"#0","tintindex":0},"south":{"uv":[8.75,5.0,9.75,5.25],"rotation":0,"texture":"#0","tintindex":0},"up":{"uv":[1.0,6.125,0.0,5.0],"rotation":0,"texture":"#0","tintindex":0},"west":{"uv":[8.5,3.375,9.625,3.625],"rotation":0,"texture":"#0","tintindex":0}}},{"name":"cube","from":[5.48,10.4,7.4],"to":[9.32,10.760002,11.6],"rotation":{"angle":0.0,"axis":"x","origin":[8.06,-11.800001,8.0]},"faces":{"down":{"uv":[7.6875,6.875,6.875,7.75],"rotation":0,"texture":"#0","tintindex":0},"east":{"uv":[10.125,9.25,11.0,9.3125],"rotation":0,"texture":"#0","tintindex":0},"north":{"uv":[10.25,4.125,11.0625,4.1875],"rotation":0,"texture":"#0","tintindex":0},"south":{"uv":[10.25,7.25,11.0625,7.3125],"rotation":0,"texture":"#0","tintindex":0},"up":{"uv":[6.8125,7.75,6.0,6.875],"rotation":0,"texture":"#0","tintindex":0},"west":{"uv":[10.25,2.5,11.125,2.5625],"rotation":0,"texture":"#0","tintindex":0}}},{"name":"cube","from":[7.28,10.760002,9.08],"to":[7.52,11.120001,9.32],"rotation":{"angle":0.0,"axis":"x","origin":[8.06,-11.800001,7.28]},"faces":{"down":{"uv":[5.8125,10.625,5.75,10.6875],"rotation":0,"texture":"#0","tintindex":0},"east":{"uv":[10.625,5.25,10.6875,5.3125],"rotation":0,"texture":"#0","tintindex":0},"north":{"uv":[10.625,5.125,10.6875,5.1875],"rotation":0,"texture":"#0","tintindex":0},"south":{"uv":[5.375,10.625,5.4375,10.6875],"rotation":0,"texture":"#0","tintindex":0},"up":{"uv":[5.6875,10.6875,5.625,10.625],"rotation":0,"texture":"#0","tintindex":0},"west":{"uv":[5.5,10.625,5.5625,10.6875],"rotation":0,"texture":"#0","tintindex":0}}},{"name":"cube","from":[4.34,5.6,9.02],"to":[10.460001,8.66,12.8],"rotation":{"angle":0.0,"axis":"x","origin":[8.06,-11.800001,8.0]},"faces":{"down":{"uv":[6.875,1.0,5.625,1.8125],"rotation":0,"texture":"#0","tintindex":0},"east":{"uv":[4.625,7.5,5.4375,8.125],"rotation":0,"texture":"#0","tintindex":0},"north":{"uv":[6.125,0.0,7.375,0.625],"rotation":0,"texture":"#0","tintindex":0},"south":{"uv":[1.625,6.375,2.875,7.0],"rotation":0,"texture":"#0","tintindex":0},"up":{"uv":[6.625,4.3125,5.375,3.5],"rotation":0,"texture":"#0","tintindex":0},"west":{"uv":[1.25,7.625,2.0625,8.25],"rotation":0,"texture":"#0","tintindex":0}}},{"name":"cube","from":[4.34,8.66,9.02],"to":[10.460001,9.8,12.5],"rotation":{"angle":0.0,"axis":"x","origin":[8.06,-11.800001,8.0]},"faces":{"down":{"uv":[6.875,5.125,5.625,5.875],"rotation":0,"texture":"#0","tintindex":0},"east":{"uv":[9.125,8.5,9.875,8.75],"rotation":0,"texture":"#0","tintindex":0},"north":{"uv":[8.25,2.5,9.5,2.75],"rotation":0,"texture":"#0","tintindex":0},"south":{"uv":[8.25,2.75,9.5,3.0],"rotation":0,"texture":"#0","tintindex":0},"up":{"uv":[6.875,5.125,5.625,4.375],"rotation":0,"texture":"#0","tintindex":0},"west":{"uv":[9.125,8.75,9.875,9.0],"rotation":0,"texture":"#0","tintindex":0}}},{"name":"cube","from":[4.19,6.2,6.44],"to":[10.610001,9.860002,9.02],"rotation":{"angle":0.0,"axis":"x","origin":[7.97,-11.800001,8.0]},"faces":{"down":{"uv":[5.9375,6.875,4.625,7.4375],"rotation":0,"texture":"#0","tintindex":0},"east":{"uv":[4.375,5.625,4.9375,6.375],"rotation":0,"texture":"#0","tintindex":0},"north":{"uv":[1.625,5.625,2.9375,6.375],"rotation":0,"texture":"#0","tintindex":0},"south":{"uv":[3.0,5.625,4.3125,6.375],"rotation":0,"texture":"#0","tintindex":0},"up":{"uv":[8.1875,5.0625,6.875,4.5],"rotation":0,"texture":"#0","tintindex":0},"west":{"uv":[2.125,7.625,2.6875,8.375],"rotation":0,"texture":"#0","tintindex":0}}},{"name":"cube","from":[10.190001,8.6,9.440001],"to":[10.610001,9.260002,10.219999],"rotation":{"angle":0.0,"axis":"x","origin":[7.97,-11.800001,8.0]},"faces":{"down":{"uv":[10.6875,4.25,10.625,4.4375],"rotation":0,"texture":"#0","tintindex":0},"east":{"uv":[10.625,3.25,10.8125,3.375],"rotation":0,"texture":"#0","tintindex":0},"north":{"uv":[0.5,10.375,0.5625,10.5],"rotation":0,"texture":"#0","tintindex":0},"south":{"uv":[2.75,10.375,2.8125,10.5],"rotation":0,"texture":"#0","tintindex":0},"up":{"uv":[4.0625,10.8125,4.0,10.625],"rotation":0,"texture":"#0","tintindex":0},"west":{"uv":[10.625,3.375,10.8125,3.5],"rotation":0,"texture":"#0","tintindex":0}}},{"name":"cube","from":[4.19,8.6,9.440001],"to":[4.6099997,9.260002,10.219999],"rotation":{"angle":0.0,"axis":"x","origin":[6.83,-11.800001,8.0]},"faces":{"down":{"uv":[4.6875,10.625,4.625,10.8125],"rotation":0,"texture":"#0","tintindex":0},"east":{"uv":[3.5,10.625,3.6875,10.75],"rotation":0,"texture":"#0","tintindex":0},"north":{"uv":[4.75,10.625,4.8125,10.75],"rotation":0,"texture":"#0","tintindex":0},"south":{"uv":[10.625,4.75,10.6875,4.875],"rotation":0,"texture":"#0","tintindex":0},"up":{"uv":[10.6875,4.6875,10.625,4.5],"rotation":0,"texture":"#0","tintindex":0},"west":{"uv":[10.625,3.625,10.8125,3.75],"rotation":0,"texture":"#0","tintindex":0}}},{"name":"cube","from":[4.34,7.4,6.14],"to":[10.52,9.260002,6.44],"rotation":{"angle":0.0,"axis":"x","origin":[8.0,-11.800001,8.0]},"faces":{"down":{"uv":[11.1875,2.625,9.875,2.6875],"rotation":0,"texture":"#0","tintindex":0},"east":{"uv":[3.75,10.625,3.8125,11.0],"rotation":0,"texture":"#0","tintindex":0},"north":{"uv":[7.375,1.875,8.6875,2.25],"rotation":0,"texture":"#0","tintindex":0},"south":{"uv":[7.625,6.375,8.9375,6.75],"rotation":0,"texture":"#0","tintindex":0},"up":{"uv":[11.0625,9.4375,9.75,9.375],"rotation":0,"texture":"#0","tintindex":0},"west":{"uv":[3.875,10.625,3.9375,11.0],"rotation":0,"texture":"#0","tintindex":0}}},{"name":"cube","from":[5.0,5.0,12.02],"to":[9.8,9.260002,12.98],"rotation":{"angle":0.0,"axis":"x","origin":[8.0,-11.800001,8.0]},"faces":{"down":{"uv":[10.25,3.625,9.25,3.8125],"rotation":0,"texture":"#0","tintindex":0},"east":{"uv":[6.625,9.375,6.8125,10.25],"rotation":0,"texture":"#0","tintindex":0},"north":{"uv":[6.0,2.375,7.0,3.25],"rotation":0,"texture":"#0","tintindex":0},"south":{"uv":[0.0,6.125,1.0,7.0],"rotation":0,"texture":"#0","tintindex":0},"up":{"uv":[4.25,9.4375,3.25,9.25],"rotation":0,"texture":"#0","tintindex":0},"west":{"uv":[8.25,9.375,8.4375,10.25],"rotation":0,"texture":"#0","tintindex":0}}}],"display":{"head":{"translation":[0.0,-6.4,0.0],"rotation":[0.0,0.0,0.0],"scale":[3.8095,3.8095,3.8095]}}}