{"textures":{"0":"modelengine:entity/meow"},"elements":[{"name":"cube","from":[6.8,6.2,6.8],"to":[8.6,9.2,9.8],"rotation":{"angle":0.0,"axis":"x","origin":[6.2,3.7999997,8.6]},"faces":{"down":{"uv":[0.375,8.875,0.0,9.5],"rotation":0,"texture":"#0","tintindex":0},"east":{"uv":[7.75,7.125,8.375,7.75],"rotation":0,"texture":"#0","tintindex":0},"north":{"uv":[8.75,7.75,9.125,8.375],"rotation":0,"texture":"#0","tintindex":0},"south":{"uv":[8.25,8.75,8.625,9.375],"rotation":0,"texture":"#0","tintindex":0},"up":{"uv":[9.125,9.0,8.75,8.375],"rotation":0,"texture":"#0","tintindex":0},"west":{"uv":[7.5,7.75,8.125,8.375],"rotation":0,"texture":"#0","tintindex":0}}}],"display":{"head":{"translation":[0.0,-6.4,0.0],"rotation":[0.0,0.0,0.0],"scale":[3.8095,3.8095,3.8095]}}}