{"textures":{"0":"modelengine:entity/meow"},"elements":[{"name":"cube","from":[7.4,6.2,6.8],"to":[9.2,9.2,9.8],"rotation":{"angle":0.0,"axis":"x","origin":[9.8,3.7999997,8.6]},"faces":{"down":{"uv":[2.625,9.0,2.25,9.625],"rotation":0,"texture":"#0","tintindex":0},"east":{"uv":[2.75,7.875,3.375,8.5],"rotation":0,"texture":"#0","tintindex":0},"north":{"uv":[8.875,5.625,9.25,6.25],"rotation":0,"texture":"#0","tintindex":0},"south":{"uv":[1.5,9.0,1.875,9.625],"rotation":0,"texture":"#0","tintindex":0},"up":{"uv":[2.25,9.625,1.875,9.0],"rotation":0,"texture":"#0","tintindex":0},"west":{"uv":[7.875,3.0,8.5,3.625],"rotation":0,"texture":"#0","tintindex":0}}}],"display":{"head":{"translation":[0.0,-6.4,0.0],"rotation":[0.0,0.0,0.0],"scale":[3.8095,3.8095,3.8095]}}}