{"textures":{"0":"modelengine:entity/meow"},"elements":[{"name":"cube","from":[4.64,8.42,8.504],"to":[8.780001,9.26,9.008],"rotation":{"angle":0.0,"axis":"x","origin":[8.0,8.0,8.168]},"faces":{"down":{"uv":[6.25,12.125,6.875,12.2],"rotation":0,"texture":"#0","tintindex":0},"east":{"uv":[1.8125,11.875,1.8875,12.0],"rotation":0,"texture":"#0","tintindex":0},"north":{"uv":[1.1875,10.9375,1.8125,11.0625],"rotation":0,"texture":"#0","tintindex":0},"south":{"uv":[3.0,11.8125,3.625,11.9375],"rotation":0,"texture":"#0","tintindex":0},"up":{"uv":[1.8125,15.375,2.4375,15.45],"rotation":0,"texture":"#0","tintindex":0},"west":{"uv":[4.3125,11.9375,4.3875,12.0625],"rotation":0,"texture":"#0","tintindex":0}}},{"name":"cube","from":[3.7999997,8.84,8.336],"to":[4.64,9.26,9.176001],"rotation":{"angle":-45.0,"axis":"z","origin":[4.64,8.84,8.336]},"faces":{"down":{"uv":[6.25,12.125,6.375,12.25],"rotation":0,"texture":"#0","tintindex":0},"east":{"uv":[1.8125,11.875,1.9375,11.9375],"rotation":0,"texture":"#0","tintindex":0},"north":{"uv":[1.0625,13.0625,1.1875,13.125],"rotation":0,"texture":"#0","tintindex":0},"south":{"uv":[3.0,11.8125,3.125,11.875],"rotation":0,"texture":"#0","tintindex":0},"up":{"uv":[5.125,12.125,5.25,12.25],"rotation":0,"texture":"#0","tintindex":0},"west":{"uv":[4.3125,11.9375,4.4375,12.0],"rotation":0,"texture":"#0","tintindex":0}}},{"name":"cube","from":[3.7999997,8.42,8.336],"to":[4.64,8.84,9.176001],"rotation":{"angle":45.0,"axis":"z","origin":[4.64,8.84,8.336]},"faces":{"down":{"uv":[6.625,13.875,6.75,14.0],"rotation":0,"texture":"#0","tintindex":0},"east":{"uv":[1.8125,11.9375,1.9375,12.0],"rotation":0,"texture":"#0","tintindex":0},"north":{"uv":[0.8125,13.125,0.9375,13.1875],"rotation":0,"texture":"#0","tintindex":0},"south":{"uv":[3.0,11.875,3.125,11.9375],"rotation":0,"texture":"#0","tintindex":0},"up":{"uv":[5.125,12.25,5.25,12.375],"rotation":0,"texture":"#0","tintindex":0},"west":{"uv":[4.3125,12.0,4.4375,12.0625],"rotation":0,"texture":"#0","tintindex":0}}},{"name":"cube","from":[3.2060304,8.246031,8.396],"to":[4.46603,9.42203,9.116],"rotation":{"angle":0.0,"axis":"x","origin":[4.88603,8.66603,8.336]},"faces":{"down":{"uv":[6.4375,13.3125,6.625,13.4375],"rotation":0,"texture":"#0","tintindex":0},"east":{"uv":[1.8125,11.9375,1.9375,12.1125],"rotation":0,"texture":"#0","tintindex":0},"north":{"uv":[0.8125,13.3125,1.0,13.4875],"rotation":0,"texture":"#0","tintindex":0},"south":{"uv":[3.0,11.875,3.1875,12.05],"rotation":0,"texture":"#0","tintindex":0},"up":{"uv":[0.4375,15.5,0.625,15.625],"rotation":0,"texture":"#0","tintindex":0},"west":{"uv":[4.3125,12.0,4.4375,12.175],"rotation":0,"texture":"#0","tintindex":0}}},{"name":"cube","from":[9.68,6.3199997,7.748],"to":[14.72,11.360001,8.84],"rotation":{"angle":0.0,"axis":"x","origin":[8.0,8.0,8.0]},"faces":{"down":{"uv":[6.1875,11.375,6.9375,11.5375],"rotation":0,"texture":"#0","tintindex":0},"east":{"uv":[1.9375,13.8125,2.1,14.5625],"rotation":0,"texture":"#0","tintindex":0},"north":{"uv":[0.0,12.0,0.75,12.75],"rotation":0,"texture":"#0","tintindex":0},"south":{"uv":[3.0,12.625,3.75,13.375],"rotation":0,"texture":"#0","tintindex":0},"up":{"uv":[5.0,15.3125,5.75,15.475],"rotation":0,"texture":"#0","tintindex":0},"west":{"uv":[4.5625,11.9375,4.725,12.6875],"rotation":0,"texture":"#0","tintindex":0}}},{"name":"cube","from":[10.52,11.360001,8.0],"to":[13.88,12.2,9.26],"rotation":{"angle":0.0,"axis":"x","origin":[8.0,8.0,8.0]},"faces":{"down":{"uv":[6.25,12.125,6.75,12.3125],"rotation":0,"texture":"#0","tintindex":0},"east":{"uv":[2.9375,13.9375,3.125,14.0625],"rotation":0,"texture":"#0","tintindex":0},"north":{"uv":[3.0,11.0625,3.5,11.1875],"rotation":0,"texture":"#0","tintindex":0},"south":{"uv":[5.625,14.25,6.125,14.375],"rotation":0,"texture":"#0","tintindex":0},"up":{"uv":[5.125,11.6875,5.625,11.875],"rotation":0,"texture":"#0","tintindex":0},"west":{"uv":[4.3125,11.4375,4.5,11.5625],"rotation":0,"texture":"#0","tintindex":0}}},{"name":"cube","from":[13.88,10.52,8.84],"to":[14.72,11.360001,9.26],"rotation":{"angle":0.0,"axis":"x","origin":[8.0,8.0,8.0]},"faces":{"down":{"uv":[6.25,12.125,6.375,12.1875],"rotation":0,"texture":"#0","tintindex":0},"east":{"uv":[1.8125,11.875,1.875,12.0],"rotation":0,"texture":"#0","tintindex":0},"north":{"uv":[0.0,12.0,0.125,12.125],"rotation":0,"texture":"#0","tintindex":0},"south":{"uv":[3.0,11.8125,3.125,11.9375],"rotation":0,"texture":"#0","tintindex":0},"up":{"uv":[5.125,12.125,5.25,12.1875],"rotation":0,"texture":"#0","tintindex":0},"west":{"uv":[4.3125,11.9375,4.375,12.0625],"rotation":0,"texture":"#0","tintindex":0}}},{"name":"cube","from":[9.68,10.52,8.84],"to":[10.52,11.360001,9.26],"rotation":{"angle":0.0,"axis":"x","origin":[8.0,8.0,8.0]},"faces":{"down":{"uv":[6.25,12.125,6.375,12.1875],"rotation":0,"texture":"#0","tintindex":0},"east":{"uv":[1.8125,11.875,1.875,12.0],"rotation":0,"texture":"#0","tintindex":0},"north":{"uv":[0.0,12.0,0.125,12.125],"rotation":0,"texture":"#0","tintindex":0},"south":{"uv":[3.0,11.8125,3.125,11.9375],"rotation":0,"texture":"#0","tintindex":0},"up":{"uv":[5.125,12.125,5.25,12.1875],"rotation":0,"texture":"#0","tintindex":0},"west":{"uv":[4.3125,11.9375,4.375,12.0625],"rotation":0,"texture":"#0","tintindex":0}}},{"name":"cube","from":[9.68,6.3199997,8.84],"to":[10.52,7.16,9.26],"rotation":{"angle":0.0,"axis":"x","origin":[8.0,8.0,8.0]},"faces":{"down":{"uv":[6.25,12.125,6.375,12.1875],"rotation":0,"texture":"#0","tintindex":0},"east":{"uv":[1.8125,11.875,1.875,12.0],"rotation":0,"texture":"#0","tintindex":0},"north":{"uv":[0.0,12.0,0.125,12.125],"rotation":0,"texture":"#0","tintindex":0},"south":{"uv":[3.0,11.8125,3.125,11.9375],"rotation":0,"texture":"#0","tintindex":0},"up":{"uv":[5.125,12.125,5.25,12.1875],"rotation":0,"texture":"#0","tintindex":0},"west":{"uv":[4.3125,11.9375,4.375,12.0625],"rotation":0,"texture":"#0","tintindex":0}}},{"name":"cube","from":[13.88,6.3199997,8.84],"to":[14.72,7.16,9.26],"rotation":{"angle":0.0,"axis":"x","origin":[8.0,8.0,8.0]},"faces":{"down":{"uv":[6.25,12.125,6.375,12.1875],"rotation":0,"texture":"#0","tintindex":0},"east":{"uv":[1.8125,11.875,1.875,12.0],"rotation":0,"texture":"#0","tintindex":0},"north":{"uv":[0.0,12.0,0.125,12.125],"rotation":0,"texture":"#0","tintindex":0},"south":{"uv":[3.0,11.8125,3.125,11.9375],"rotation":0,"texture":"#0","tintindex":0},"up":{"uv":[5.125,12.125,5.25,12.1875],"rotation":0,"texture":"#0","tintindex":0},"west":{"uv":[4.3125,11.9375,4.375,12.0625],"rotation":0,"texture":"#0","tintindex":0}}},{"name":"cube","from":[10.52,5.48,8.0],"to":[13.88,6.3199997,9.26],"rotation":{"angle":0.0,"axis":"x","origin":[8.0,8.0,8.0]},"faces":{"down":{"uv":[3.4375,14.75,3.9375,14.9375],"rotation":0,"texture":"#0","tintindex":0},"east":{"uv":[5.0,14.5625,5.1875,14.6875],"rotation":0,"texture":"#0","tintindex":0},"north":{"uv":[0.125,13.125,0.625,13.25],"rotation":0,"texture":"#0","tintindex":0},"south":{"uv":[5.9375,14.5625,6.4375,14.6875],"rotation":0,"texture":"#0","tintindex":0},"up":{"uv":[4.9375,13.375,5.4375,13.5625],"rotation":0,"texture":"#0","tintindex":0},"west":{"uv":[4.8125,11.1875,5.0,11.3125],"rotation":0,"texture":"#0","tintindex":0}}},{"name":"cube","from":[8.780001,7.16,8.0],"to":[9.68,10.52,9.26],"rotation":{"angle":0.0,"axis":"x","origin":[8.0,8.0,8.0]},"faces":{"down":{"uv":[6.25,12.125,6.375,12.3125],"rotation":0,"texture":"#0","tintindex":0},"east":{"uv":[2.125,11.125,2.3125,11.625],"rotation":0,"texture":"#0","tintindex":0},"north":{"uv":[0.625,11.0625,0.6875,11.5625],"rotation":0,"texture":"#0","tintindex":0},"south":{"uv":[6.0,13.9375,6.125,14.4375],"rotation":0,"texture":"#0","tintindex":0},"up":{"uv":[4.9375,12.75,5.0625,12.9375],"rotation":0,"texture":"#0","tintindex":0},"west":{"uv":[4.0,11.9375,4.1875,12.4375],"rotation":0,"texture":"#0","tintindex":0}}},{"name":"cube","from":[14.72,7.16,8.0],"to":[15.56,10.52,9.26],"rotation":{"angle":0.0,"axis":"x","origin":[8.0,8.0,8.0]},"faces":{"down":{"uv":[6.25,12.125,6.375,12.3125],"rotation":0,"texture":"#0","tintindex":0},"east":{"uv":[0.1875,14.25,0.375,14.75],"rotation":0,"texture":"#0","tintindex":0},"north":{"uv":[0.0,11.125,0.125,11.625],"rotation":0,"texture":"#0","tintindex":0},"south":{"uv":[5.625,13.875,5.75,14.375],"rotation":0,"texture":"#0","tintindex":0},"up":{"uv":[4.3125,15.0625,4.4375,15.25],"rotation":0,"texture":"#0","tintindex":0},"west":{"uv":[4.3125,11.9375,4.5,12.4375],"rotation":0,"texture":"#0","tintindex":0}}}],"display":{"head":{"translation":[0.0,-6.4,0.0],"rotation":[0.0,0.0,0.0],"scale":[3.8095,3.8095,3.8095]}}}