{"textures":{"0":"modelengine:entity/meow"},"elements":[{"name":"cube","from":[6.5,7.04,8.0],"to":[9.5,9.440001,16.400002],"rotation":{"angle":0.0,"axis":"x","origin":[7.1,3.1999998,-1.6000004]},"faces":{"down":{"uv":[1.625,5.375,1.0,7.125],"rotation":0,"texture":"#0","tintindex":0},"east":{"uv":[5.625,1.875,7.375,2.375],"rotation":0,"texture":"#0","tintindex":0},"north":{"uv":[8.25,0.0,8.875,0.5],"rotation":0,"texture":"#0","tintindex":0},"south":{"uv":[1.25,8.25,1.875,8.75],"rotation":0,"texture":"#0","tintindex":0},"up":{"uv":[5.625,6.375,5.0,4.625],"rotation":0,"texture":"#0","tintindex":0},"west":{"uv":[5.625,5.875,7.375,6.375],"rotation":0,"texture":"#0","tintindex":0}}}],"display":{"head":{"translation":[0.0,-6.4,0.0],"rotation":[0.0,0.0,0.0],"scale":[3.8095,3.8095,3.8095]}}}