{"textures":{"0":"modelengine:entity/meow"},"elements":[{"name":"cube","from":[7.4,7.4,8.0],"to":[8.6,8.6,11.6],"rotation":{"angle":0.0,"axis":"x","origin":[7.22,3.1999998,6.2]},"faces":{"down":{"uv":[9.375,7.75,9.125,8.5],"rotation":0,"texture":"#0","tintindex":0},"east":{"uv":[4.875,1.0,5.625,1.25],"rotation":0,"texture":"#0","tintindex":0},"north":{"uv":[5.375,4.375,5.625,4.625],"rotation":0,"texture":"#0","tintindex":0},"south":{"uv":[7.875,3.625,8.125,3.875],"rotation":0,"texture":"#0","tintindex":0},"up":{"uv":[7.875,9.875,7.625,9.125],"rotation":0,"texture":"#0","tintindex":0},"west":{"uv":[7.0,3.0,7.75,3.25],"rotation":0,"texture":"#0","tintindex":0}}}],"display":{"head":{"translation":[0.0,-6.4,0.0],"rotation":[0.0,0.0,0.0],"scale":[3.8095,3.8095,3.8095]}}}