{"textures":{"0":"modelengine:entity/meow"},"elements":[{"name":"cube","from":[7.1,7.28,8.0],"to":[8.9,8.84,12.2],"rotation":{"angle":0.0,"axis":"x","origin":[7.1,3.1999998,2.6]},"faces":{"down":{"uv":[5.375,8.125,5.0,9.0],"rotation":0,"texture":"#0","tintindex":0},"east":{"uv":[8.75,1.5,9.625,1.8125],"rotation":0,"texture":"#0","tintindex":0},"north":{"uv":[9.75,7.75,10.125,8.0625],"rotation":0,"texture":"#0","tintindex":0},"south":{"uv":[9.75,9.0,10.125,9.3125],"rotation":0,"texture":"#0","tintindex":0},"up":{"uv":[1.25,8.625,0.875,7.75],"rotation":0,"texture":"#0","tintindex":0},"west":{"uv":[8.75,1.875,9.625,2.1875],"rotation":0,"texture":"#0","tintindex":0}}}],"display":{"head":{"translation":[0.0,-6.4,0.0],"rotation":[0.0,0.0,0.0],"scale":[3.8095,3.8095,3.8095]}}}