{
	"credit": "Made with Blockbench",
	"textures": {
		"0": "item/custom/carrot_stage2",
		"particle": "item/custom/carrot_stage2"
	},
	"elements": [
		{
			"from": [4.98591, 0, 4.472],
			"to": [11.45391, 1.764, 11.528],
			"rotation": {"angle": 0, "axis": "y", "origin": [5.57391, 0, 8]},
			"faces": {
				"north": {"uv": [11, 0, 13.25, 0.5], "texture": "#0"},
				"east": {"uv": [8, 10, 10.5, 10.5], "texture": "#0"},
				"south": {"uv": [11, 1, 13.25, 1.5], "texture": "#0"},
				"west": {"uv": [10, 8, 12.5, 8.5], "texture": "#0"},
				"up": {"uv": [2.25, 2.5, 0, 0], "texture": "#0"},
				"down": {"uv": [2.25, 3, 0, 5.5], "texture": "#0"}
			}
		},
		{
			"from": [5.57391, 1.764, 5.06],
			"to": [10.86591, 2.352, 10.94],
			"rotation": {"angle": 0, "axis": "y", "origin": [5.57391, 0.882, 8]},
			"faces": {
				"north": {"uv": [12, 3, 13.75, 3.25], "texture": "#0"},
				"east": {"uv": [1, 12, 3, 12.25], "texture": "#0"},
				"south": {"uv": [12, 4, 13.75, 4.25], "texture": "#0"},
				"west": {"uv": [12, 2, 14, 2.25], "texture": "#0"},
				"up": {"uv": [1.75, 11, 0, 9], "texture": "#0"},
				"down": {"uv": [3.75, 9, 2, 11], "texture": "#0"}
			}
		},
		{
			"from": [5.57391, 0, 3.884],
			"to": [10.86591, 1.176, 12.116],
			"rotation": {"angle": 0, "axis": "y", "origin": [5.57391, 0, 8]},
			"faces": {
				"north": {"uv": [9, 11, 10.75, 11.5], "texture": "#0"},
				"east": {"uv": [10, 6, 12.75, 6.5], "texture": "#0"},
				"south": {"uv": [11, 10, 12.75, 10.5], "texture": "#0"},
				"west": {"uv": [10, 7, 12.75, 7.5], "texture": "#0"},
				"up": {"uv": [9.75, 6.75, 8, 4], "texture": "#0"},
				"down": {"uv": [9.75, 7, 8, 9.75], "texture": "#0"}
			}
		},
		{
			"from": [4.39791, 0, 5.06],
			"to": [12.04191, 1.176, 10.94],
			"rotation": {"angle": 0, "axis": "y", "origin": [8.51391, 0, 10.94]},
			"faces": {
				"north": {"uv": [10, 9, 12.5, 9.5], "texture": "#0"},
				"east": {"uv": [5, 11, 7, 11.5], "texture": "#0"},
				"south": {"uv": [0, 11, 2.5, 11.5], "texture": "#0"},
				"west": {"uv": [7, 11, 9, 11.5], "texture": "#0"},
				"up": {"uv": [9.5, 2, 7, 0], "texture": "#0"},
				"down": {"uv": [9.5, 2, 7, 4], "texture": "#0"}
			}
		},
		{
			"from": [7.04391, 2.352, 6.824],
			"to": [9.39591, 6.468, 9.176],
			"rotation": {"angle": 0, "axis": "y", "origin": [6.16191, 2.352, 5.942]},
			"faces": {
				"north": {"uv": [11, 4, 11.75, 5.5], "texture": "#0"},
				"east": {"uv": [11, 4, 11.75, 5.5], "texture": "#0"},
				"south": {"uv": [11, 4, 11.75, 5.5], "texture": "#0"},
				"west": {"uv": [11, 4, 11.75, 5.5], "texture": "#0"},
				"up": {"uv": [11.75, 11.75, 11, 11], "texture": "#0"},
				"down": {"uv": [0.75, 12, 0, 12.75], "texture": "#0"}
			}
		},
		{
			"from": [7.04391, 7.21367, 7.78221],
			"to": [9.39591, 13.09367, 7.78221],
			"rotation": {"angle": -22.5, "axis": "x", "origin": [7.04391, 4.41227, 9.17056]},
			"faces": {
				"north": {"uv": [10, 0, 10.75, 2], "texture": "#0"},
				"east": {"uv": [0, 0, 0, 2], "texture": "#0"},
				"south": {"uv": [10, 2, 10.75, 4], "texture": "#0"},
				"west": {"uv": [0, 0, 0, 2], "texture": "#0"},
				"up": {"uv": [0.75, 0, 0, 0], "texture": "#0"},
				"down": {"uv": [0.75, 0, 0, 0], "texture": "#0"}
			}
		},
		{
			"from": [8.4293, 7.21365, 6.81856],
			"to": [8.4293, 13.09365, 9.17056],
			"rotation": {"angle": -22.5, "axis": "z", "origin": [7.04391, 4.41227, 9.17056]},
			"faces": {
				"north": {"uv": [0, 0, 0, 2], "texture": "#0"},
				"east": {"uv": [10, 0, 10.75, 2], "texture": "#0"},
				"south": {"uv": [0, 0, 0, 2], "texture": "#0"},
				"west": {"uv": [10, 2, 10.75, 4], "texture": "#0"},
				"up": {"uv": [0, 0.75, 0, 0], "texture": "#0"},
				"down": {"uv": [0, 0, 0, 0.75], "texture": "#0"}
			}
		},
		{
			"from": [11.33185, 10.72403, 5.34856],
			"to": [20.15185, 10.72403, 10.64056],
			"rotation": {"angle": 22.5, "axis": "z", "origin": [8.53047, 12.10942, 9.17056]},
			"faces": {
				"north": {"uv": [0, 0, 0, 3], "rotation": 270, "texture": "#0"},
				"east": {"uv": [0, 1.75, 0, 0], "rotation": 90, "texture": "#0"},
				"south": {"uv": [0, 0, 0, 3], "rotation": 90, "texture": "#0"},
				"west": {"uv": [0, 0, 0, 1.75], "rotation": 90, "texture": "#0"},
				"up": {"uv": [0, 5.75, 1.75, 8.75], "rotation": 90, "texture": "#0"},
				"down": {"uv": [5, 3, 6.75, 6], "rotation": 90, "texture": "#0"}
			}
		},
		{
			"from": [-5.61697, 9.4483, 5.354],
			"to": [3.20303, 9.4483, 10.646],
			"rotation": {"angle": -22.5, "axis": "z", "origin": [6.00441, 10.83367, 9.176]},
			"faces": {
				"north": {"uv": [0, 0, 0, 3], "rotation": 90, "texture": "#0"},
				"east": {"uv": [0, 0, 0, 1.75], "rotation": 270, "texture": "#0"},
				"south": {"uv": [0, 0, 0, 3], "rotation": 270, "texture": "#0"},
				"west": {"uv": [0, 1.75, 0, 0], "rotation": 270, "texture": "#0"},
				"up": {"uv": [0, 6, 1.75, 9], "rotation": 270, "texture": "#0"},
				"down": {"uv": [5, 3, 6.75, 6], "rotation": 270, "texture": "#0"}
			}
		},
		{
			"from": [8.61901, 6.468, 6.824],
			"to": [8.61901, 12.348, 9.176],
			"rotation": {"angle": 45, "axis": "z", "origin": [7.83145, 4.56666, 9.176]},
			"faces": {
				"north": {"uv": [0, 0, 0, 2], "texture": "#0"},
				"east": {"uv": [10, 2, 10.75, 4], "texture": "#0"},
				"south": {"uv": [0, 0, 0, 2], "texture": "#0"},
				"west": {"uv": [10, 0, 10.75, 2], "texture": "#0"},
				"up": {"uv": [0, 0.75, 0, 0], "texture": "#0"},
				"down": {"uv": [0, 0, 0, 0.75], "texture": "#0"}
			}
		},
		{
			"from": [7.04391, 6.31359, 8.38594],
			"to": [9.39591, 12.19359, 8.38594],
			"rotation": {"angle": 22.5, "axis": "x", "origin": [7.04391, 4.41227, 9.17056]},
			"faces": {
				"north": {"uv": [10, 2, 10.75, 4], "texture": "#0"},
				"east": {"uv": [0, 0, 0, 2], "texture": "#0"},
				"south": {"uv": [10, 0, 10.75, 2], "texture": "#0"},
				"west": {"uv": [0, 0, 0, 2], "texture": "#0"},
				"up": {"uv": [0.75, 0, 0, 0], "texture": "#0"},
				"down": {"uv": [0.75, 0, 0, 0], "texture": "#0"}
			}
		},
		{
			"from": [5.57391, 11.90456, 9.84983],
			"to": [10.86591, 20.72456, 9.84983],
			"rotation": {"angle": 45, "axis": "x", "origin": [7.04391, 10.00322, 10.63445]},
			"faces": {
				"north": {"uv": [0, 6, 1.75, 9], "texture": "#0"},
				"east": {"uv": [0, 0, 0, 3], "texture": "#0"},
				"south": {"uv": [5, 3, 6.75, 6], "texture": "#0"},
				"west": {"uv": [0, 0, 0, 3], "texture": "#0"},
				"up": {"uv": [1.75, 0, 0, 0], "texture": "#0"},
				"down": {"uv": [1.75, 0, 0, 0], "texture": "#0"}
			}
		},
		{
			"from": [5.57391, 11.23366, -4.69933],
			"to": [10.86591, 11.23366, 4.12067],
			"rotation": {"angle": 22.5, "axis": "x", "origin": [7.04391, 10.44903, 6.02199]},
			"faces": {
				"north": {"uv": [1.75, 0, 0, 0], "rotation": 180, "texture": "#0"},
				"east": {"uv": [0, 0, 0, 3], "rotation": 90, "texture": "#0"},
				"south": {"uv": [1.75, 0, 0, 0], "texture": "#0"},
				"west": {"uv": [0, 0, 0, 3], "rotation": 270, "texture": "#0"},
				"up": {"uv": [0, 6, 1.75, 9], "texture": "#0"},
				"down": {"uv": [5, 3, 6.75, 6], "rotation": 180, "texture": "#0"}
			}
		}
	],
	"display": {
		"fixed": {
			"rotation": [-90, 0, 0],
			"translation": [0, 0, -8]
		}
	},
	"groups": [
		{
			"name": "carrot",
			"origin": [8, 8, 8],
			"color": 0,
			"children": [
				0,
				1,
				2,
				3,
				{
					"name": "leaves",
					"origin": [7.6, 0.60077, 8.39815],
					"color": 0,
					"children": [4, 5, 6, 7, 8, 9, 10, 11, 12]
				}
			]
		}
	]
}