{
	"credit": "Made with Blockbench",
	"texture_size": [64, 64],
	"textures": {
		"0": "item/custom/carrot_stage4",
		"particle": "item/custom/carrot_stage4"
	},
	"elements": [
		{
			"from": [3.58032, 0.2, 3.464],
			"to": [11.89632, 2.468, 12.536],
			"rotation": {"angle": 0, "axis": "y", "origin": [4.33632, 0.2, 8]},
			"faces": {
				"north": {"uv": [10.25, 9, 12.3125, 9.5625], "texture": "#0"},
				"east": {"uv": [10.25, 3.5, 12.5, 4.0625], "texture": "#0"},
				"south": {"uv": [10.5, 9.75, 12.5625, 10.3125], "texture": "#0"},
				"west": {"uv": [10.25, 8.25, 12.5, 8.8125], "texture": "#0"},
				"up": {"uv": [9.0625, 2.25, 7, 0], "texture": "#0"},
				"down": {"uv": [9.0625, 2.25, 7, 4.5], "texture": "#0"}
			}
		},
		{
			"from": [4.33632, 2.468, 4.22],
			"to": [11.14032, 3.224, 11.78],
			"rotation": {"angle": 0, "axis": "y", "origin": [4.33632, 1.334, 8]},
			"faces": {
				"north": {"uv": [11.25, 1.75, 12.9375, 1.9375], "texture": "#0"},
				"east": {"uv": [10.75, 6.25, 12.625, 6.4375], "texture": "#0"},
				"south": {"uv": [11.25, 2, 12.9375, 2.1875], "texture": "#0"},
				"west": {"uv": [11.25, 1.5, 13.125, 1.6875], "texture": "#0"},
				"up": {"uv": [10.1875, 9.875, 8.5, 8], "texture": "#0"},
				"down": {"uv": [10.6875, 4.5, 9, 6.375], "texture": "#0"}
			}
		},
		{
			"from": [4.33632, 0.2, 2.708],
			"to": [11.14032, 1.712, 13.292],
			"rotation": {"angle": 0, "axis": "y", "origin": [4.33632, 0.2, 8]},
			"faces": {
				"north": {"uv": [11.25, 0.5, 12.9375, 0.875], "texture": "#0"},
				"east": {"uv": [10.5, 10.5, 13.125, 10.875], "texture": "#0"},
				"south": {"uv": [11.25, 1, 12.9375, 1.375], "texture": "#0"},
				"west": {"uv": [10.75, 4.25, 13.375, 4.625], "texture": "#0"},
				"up": {"uv": [6.6875, 10.625, 5, 8], "texture": "#0"},
				"down": {"uv": [8.4375, 8, 6.75, 10.625], "texture": "#0"}
			}
		},
		{
			"from": [2.82432, 0.2, 4.22],
			"to": [12.65232, 1.712, 11.78],
			"rotation": {"angle": 0, "axis": "y", "origin": [8.11632, 0.2, 11.78]},
			"faces": {
				"north": {"uv": [10.75, 4.75, 13.1875, 5.125], "texture": "#0"},
				"east": {"uv": [10.5, 11, 12.375, 11.375], "texture": "#0"},
				"south": {"uv": [5, 10.75, 7.4375, 11.125], "texture": "#0"},
				"west": {"uv": [11.25, 0, 13.125, 0.375], "texture": "#0"},
				"up": {"uv": [2.4375, 9.875, 0, 8], "texture": "#0"},
				"down": {"uv": [4.9375, 8, 2.5, 9.875], "texture": "#0"}
			}
		},
		{
			"from": [5.81758, 3.23439, 5.9706],
			"to": [9.4464, 9.98479, 9.5994],
			"rotation": {"angle": 0, "axis": "y", "origin": [4.45678, 3.23439, 4.6098]},
			"faces": {
				"north": {"uv": [10.25, 1.75, 11.1875, 3.4375], "texture": "#0"},
				"east": {"uv": [10.25, 1.75, 11.1875, 3.4375], "texture": "#0"},
				"south": {"uv": [10.25, 1.75, 11.1875, 3.4375], "texture": "#0"},
				"west": {"uv": [10.25, 1.75, 11.1875, 3.4375], "texture": "#0"},
				"up": {"uv": [9.9375, 7.4375, 9, 6.5], "texture": "#0"},
				"down": {"uv": [11.6875, 5.25, 10.75, 6.1875], "texture": "#0"}
			}
		},
		{
			"from": [5.81758, 11.13523, 7.44898],
			"to": [9.4464, 17.20724, 7.44898],
			"rotation": {"angle": -22.5, "axis": "x", "origin": [5.81758, 6.81308, 9.591]},
			"faces": {
				"north": {"uv": [8.5, 10, 9.4375, 12.25], "texture": "#0"},
				"east": {"uv": [0, 0, 0, 2.25], "texture": "#0"},
				"south": {"uv": [8.5, 10, 9.4375, 12.25], "texture": "#0"},
				"west": {"uv": [0, 0, 0, 2.25], "texture": "#0"},
				"up": {"uv": [0.9375, 0, 0, 0], "texture": "#0"},
				"down": {"uv": [0.9375, 0, 0, 0], "texture": "#0"}
			}
		},
		{
			"from": [7.95505, 11.13521, 5.96221],
			"to": [7.95505, 17.20721, 9.591],
			"rotation": {"angle": -22.5, "axis": "z", "origin": [5.81758, 6.81308, 9.591]},
			"faces": {
				"north": {"uv": [0, 0, 0, 2.25], "texture": "#0"},
				"east": {"uv": [8.5, 10, 9.4375, 12.25], "texture": "#0"},
				"south": {"uv": [0, 0, 0, 2.25], "texture": "#0"},
				"west": {"uv": [8.5, 10, 9.4375, 12.25], "texture": "#0"},
				"up": {"uv": [0, 0.9375, 0, 0], "texture": "#0"},
				"down": {"uv": [0, 0, 0, 0.9375], "texture": "#0"}
			}
		},
		{
			"from": [11.28196, 13.78093, 3.52621],
			"to": [27.88996, 13.78093, 11.691],
			"rotation": {"angle": 22.5, "axis": "z", "origin": [6.95983, 15.91839, 7.323]},
			"faces": {
				"north": {"uv": [0, 0, 3.375, 0], "texture": "#0"},
				"east": {"uv": [0, 0, 2.0625, 0], "texture": "#0"},
				"south": {"uv": [0, 0, 3.375, 0], "texture": "#0"},
				"west": {"uv": [0, 0, 2.0625, 0], "texture": "#0"},
				"up": {"uv": [2.25, 7.875, 4.3125, 4.5], "rotation": 270, "texture": "#0"},
				"down": {"uv": [4.3125, 7.875, 2.25, 4.5], "rotation": 270, "texture": "#0"}
			}
		},
		{
			"from": [-9.8686, 11.91235, 3.5706],
			"to": [3.7394, 11.91235, 11.7354],
			"rotation": {"angle": -45, "axis": "z", "origin": [8.06152, 14.04978, 14.1674]},
			"faces": {
				"north": {"uv": [0, 0, 3.375, 0], "texture": "#0"},
				"east": {"uv": [0, 0, 2.0625, 0], "texture": "#0"},
				"south": {"uv": [0, 0, 3.375, 0], "texture": "#0"},
				"west": {"uv": [0, 0, 2.0625, 0], "texture": "#0"},
				"up": {"uv": [4.3125, 7.875, 2.25, 4.5], "rotation": 90, "texture": "#0"},
				"down": {"uv": [2.25, 7.875, 4.3125, 4.5], "rotation": 90, "texture": "#0"}
			}
		},
		{
			"from": [7.03268, 9.74309, 5.9706],
			"to": [7.03268, 15.81509, 9.5994],
			"rotation": {"angle": 22.5, "axis": "z", "origin": [5.81757, 6.80959, 9.5994]},
			"faces": {
				"north": {"uv": [0, 0, 0, 2.25], "texture": "#0"},
				"east": {"uv": [8.5, 10, 9.4375, 12.25], "texture": "#0"},
				"south": {"uv": [0, 0, 0, 2.25], "texture": "#0"},
				"west": {"uv": [8.5, 10, 9.4375, 12.25], "texture": "#0"},
				"up": {"uv": [0, 0.9375, 0, 0], "texture": "#0"},
				"down": {"uv": [0, 0, 0, 0.9375], "texture": "#0"}
			}
		},
		{
			"from": [5.81758, 9.74654, 8.38046],
			"to": [9.4464, 15.81854, 8.38046],
			"rotation": {"angle": 22.5, "axis": "x", "origin": [5.81758, 6.81308, 9.591]},
			"faces": {
				"north": {"uv": [8.5, 10, 9.4375, 12.25], "texture": "#0"},
				"east": {"uv": [0, 0, 0, 2.25], "texture": "#0"},
				"south": {"uv": [8.5, 10, 9.4375, 12.25], "texture": "#0"},
				"west": {"uv": [0, 0, 0, 2.25], "texture": "#0"},
				"up": {"uv": [0.9375, 0, 0, 0], "texture": "#0"},
				"down": {"uv": [0.9375, 0, 0, 0], "texture": "#0"}
			}
		},
		{
			"from": [3.48158, 15.59982, 9.4902],
			"to": [11.6464, 32, 9.4902],
			"rotation": {"angle": 45, "axis": "x", "origin": [3.54958, 12.66632, 10.70077]},
			"faces": {
				"north": {"uv": [2.25, 4.5, 4.3125, 7.875], "texture": "#0"},
				"east": {"uv": [0, 0, 0, 3.375], "texture": "#0"},
				"south": {"uv": [2.25, 4.5, 4.3125, 7.875], "texture": "#0"},
				"west": {"uv": [0, 0, 0, 3.375], "texture": "#0"},
				"up": {"uv": [2.0625, 0, 0, 0], "texture": "#0"},
				"down": {"uv": [2.0625, 0, 0, 0], "texture": "#0"}
			}
		},
		{
			"from": [3.68158, 14.56588, -10.6602],
			"to": [11.8464, 14.56588, 2.9478],
			"rotation": {"angle": 22.5, "axis": "x", "origin": [3.54958, 13.35531, 5.88127]},
			"faces": {
				"north": {"uv": [0, 0, 2.0625, 0], "texture": "#0"},
				"east": {"uv": [0, 0, 3.375, 0], "texture": "#0"},
				"south": {"uv": [0, 0, 2.0625, 0], "texture": "#0"},
				"west": {"uv": [0, 0, 3.375, 0], "texture": "#0"},
				"up": {"uv": [4.3125, 4.5, 2.25, 7.875], "texture": "#0"},
				"down": {"uv": [4.3125, 7.875, 2.25, 4.5], "texture": "#0"}
			}
		}
	],
	"display": {
		"fixed": {
			"rotation": [-90, 0, 0],
			"translation": [0, 0, -8]
		}
	},
	"groups": [
		{
			"name": "carrot",
			"origin": [8, 8, 8],
			"color": 0,
			"children": [
				0,
				1,
				2,
				3,
				{
					"name": "leaves",
					"origin": [7.6, 0.60077, 8.39815],
					"color": 0,
					"children": [4, 5, 6, 7, 8, 9, 10, 11, 12]
				}
			]
		}
	]
}