{
	"credit": "Made with Blockbench",
	"textures": {
		"0": "item/custom/carrot_stage1",
		"particle": "item/custom/carrot_stage1"
	},
	"elements": [
		{
			"from": [7.1, 0, 7.1],
			"to": [8.9, 2.925, 8.9],
			"rotation": {"angle": 0, "axis": "y", "origin": [6.425, 0, 6.425]},
			"faces": {
				"north": {"uv": [0, 6, 0.75, 7.25], "texture": "#0"},
				"east": {"uv": [1, 6, 1.75, 7.25], "texture": "#0"},
				"south": {"uv": [2, 6, 2.75, 7.25], "texture": "#0"},
				"west": {"uv": [3, 6, 3.75, 7.25], "texture": "#0"},
				"up": {"uv": [3.75, 8.75, 3, 8], "texture": "#0"},
				"down": {"uv": [8.75, 3, 8, 3.75], "texture": "#0"}
			}
		},
		{
			"from": [7.1, 3.49567, 7.83332],
			"to": [8.9, 5.74567, 7.83332],
			"rotation": {"angle": -22.5, "axis": "x", "origin": [7.1, 1.35173, 8.89584]},
			"faces": {
				"north": {"uv": [4, 6, 4.75, 7], "texture": "#0"},
				"east": {"uv": [0, 0, 0, 1], "texture": "#0"},
				"south": {"uv": [6, 4, 6.75, 5], "texture": "#0"},
				"west": {"uv": [0, 0, 0, 1], "texture": "#0"},
				"up": {"uv": [0.75, 0, 0, 0], "texture": "#0"},
				"down": {"uv": [0.75, 0, 0, 0], "texture": "#0"}
			}
		},
		{
			"from": [6.65, 4.54588, 6.92527],
			"to": [9.35, 7.47088, 6.92527],
			"rotation": {"angle": 45, "axis": "x", "origin": [7.1, 1.35173, 8.89584]},
			"faces": {
				"north": {"uv": [5, 6, 5.75, 7], "texture": "#0"},
				"east": {"uv": [0, 0, 0, 1], "texture": "#0"},
				"south": {"uv": [6, 5, 6.75, 6], "texture": "#0"},
				"west": {"uv": [0, 0, 0, 1], "texture": "#0"},
				"up": {"uv": [0.75, 0, 0, 0], "texture": "#0"},
				"down": {"uv": [0.75, 0, 0, 0], "texture": "#0"}
			}
		},
		{
			"from": [6.65, 5.8178, 9.5957],
			"to": [9.35, 8.7428, 9.5957],
			"rotation": {"angle": -45, "axis": "x", "origin": [7.1, 1.35173, 8.89584]},
			"faces": {
				"north": {"uv": [6, 6, 6.75, 7], "texture": "#0"},
				"east": {"uv": [0, 0, 0, 1], "texture": "#0"},
				"south": {"uv": [7, 0, 7.75, 1], "texture": "#0"},
				"west": {"uv": [0, 0, 0, 1], "texture": "#0"},
				"up": {"uv": [0.75, 0, 0, 0], "texture": "#0"},
				"down": {"uv": [0.75, 0, 0, 0], "texture": "#0"}
			}
		},
		{
			"from": [7.1, 2.80683, 8.29536],
			"to": [8.9, 5.05683, 8.29536],
			"rotation": {"angle": 22.5, "axis": "x", "origin": [7.1, 1.35173, 8.89584]},
			"faces": {
				"north": {"uv": [7, 1, 7.75, 2], "texture": "#0"},
				"east": {"uv": [0, 0, 0, 1], "texture": "#0"},
				"south": {"uv": [7, 2, 7.75, 3], "texture": "#0"},
				"west": {"uv": [0, 0, 0, 1], "texture": "#0"},
				"up": {"uv": [0.75, 0, 0, 0], "texture": "#0"},
				"down": {"uv": [0.75, 0, 0, 0], "texture": "#0"}
			}
		},
		{
			"from": [7.70273, 2.80683, 7.09584],
			"to": [7.70273, 5.05683, 8.89584],
			"rotation": {"angle": 22.5, "axis": "z", "origin": [7.1, 1.35173, 8.89584]},
			"faces": {
				"north": {"uv": [0, 0, 0, 1], "texture": "#0"},
				"east": {"uv": [7, 3, 7.75, 4], "texture": "#0"},
				"south": {"uv": [0, 0, 0, 1], "texture": "#0"},
				"west": {"uv": [4, 7, 4.75, 8], "texture": "#0"},
				"up": {"uv": [0, 0.75, 0, 0], "texture": "#0"},
				"down": {"uv": [0, 0, 0, 0.75], "texture": "#0"}
			}
		},
		{
			"from": [9.07249, 4.54414, 6.64584],
			"to": [9.07249, 7.46915, 9.34584],
			"rotation": {"angle": 45, "axis": "z", "origin": [7.1, 1.35173, 8.89584]},
			"faces": {
				"north": {"uv": [0, 0, 0, 1], "texture": "#0"},
				"east": {"uv": [7, 4, 7.75, 5], "texture": "#0"},
				"south": {"uv": [0, 0, 0, 1], "texture": "#0"},
				"west": {"uv": [5, 7, 5.75, 8], "texture": "#0"},
				"up": {"uv": [0, 0.75, 0, 0], "texture": "#0"},
				"down": {"uv": [0, 0, 0, 0.75], "texture": "#0"}
			}
		},
		{
			"from": [6.40032, 5.81693, 6.64584],
			"to": [6.40032, 8.74192, 9.34584],
			"rotation": {"angle": -45, "axis": "z", "origin": [7.1, 1.35173, 8.89584]},
			"faces": {
				"north": {"uv": [0, 0, 0, 1], "texture": "#0"},
				"east": {"uv": [7, 5, 7.75, 6], "texture": "#0"},
				"south": {"uv": [0, 0, 0, 1], "texture": "#0"},
				"west": {"uv": [6, 7, 6.75, 8], "texture": "#0"},
				"up": {"uv": [0, 0.75, 0, 0], "texture": "#0"},
				"down": {"uv": [0, 0, 0, 0.75], "texture": "#0"}
			}
		},
		{
			"from": [8.16025, 3.49564, 7.09584],
			"to": [8.16025, 5.74565, 8.89584],
			"rotation": {"angle": -22.5, "axis": "z", "origin": [7.1, 1.35173, 8.89584]},
			"faces": {
				"north": {"uv": [0, 0, 0, 1], "texture": "#0"},
				"east": {"uv": [7, 6, 7.75, 7], "texture": "#0"},
				"south": {"uv": [0, 0, 0, 1], "texture": "#0"},
				"west": {"uv": [7, 7, 7.75, 8], "texture": "#0"},
				"up": {"uv": [0, 0.75, 0, 0], "texture": "#0"},
				"down": {"uv": [0, 0, 0, 0.75], "texture": "#0"}
			}
		}
	],
	"display": {
		"fixed": {
			"rotation": [-90, 0, 0],
			"translation": [0, 0, -8]
		}
	},
	"groups": [
		{
			"name": "carrot",
			"origin": [8, 8, 8],
			"color": 0,
			"children": [0, 1, 2, 3, 4, 5, 6, 7, 8]
		}
	]
}