{
	"credit": "Made with Blockbench",
	"texture_size": [32, 32],
	"textures": {
		"0": "item/custom/carrot_stage3",
		"particle": "item/custom/carrot_stage3"
	},
	"elements": [
		{
			"from": [5.02081, 0.1, 4.9424],
			"to": [10.62641, 1.6288, 11.0576],
			"rotation": {"angle": 0, "axis": "y", "origin": [5.53041, 0.1, 8]},
			"faces": {
				"north": {"uv": [6, 8, 7.5, 8.375], "texture": "#0"},
				"east": {"uv": [7.5, 5.5, 9.125, 5.875], "texture": "#0"},
				"south": {"uv": [8, 6, 9.5, 6.375], "texture": "#0"},
				"west": {"uv": [8, 1.5, 9.625, 1.875], "texture": "#0"},
				"up": {"uv": [4.5, 7.125, 3, 5.5], "texture": "#0"},
				"down": {"uv": [6, 5.5, 4.5, 7.125], "texture": "#0"}
			}
		},
		{
			"from": [5.53041, 1.6288, 5.452],
			"to": [10.11681, 2.1384, 10.548],
			"rotation": {"angle": 0, "axis": "y", "origin": [5.53041, 0.8644, 8]},
			"faces": {
				"north": {"uv": [9, 0.5, 10.25, 0.625], "texture": "#0"},
				"east": {"uv": [7.5, 8.5, 8.875, 8.625], "texture": "#0"},
				"south": {"uv": [9, 1, 10.25, 1.125], "texture": "#0"},
				"west": {"uv": [9, 0, 10.375, 0.125], "texture": "#0"},
				"up": {"uv": [7.25, 4.375, 6, 3], "texture": "#0"},
				"down": {"uv": [7.25, 4.5, 6, 5.875], "texture": "#0"}
			}
		},
		{
			"from": [5.53041, 0.1, 4.4328],
			"to": [10.11681, 1.1192, 11.5672],
			"rotation": {"angle": 0, "axis": "y", "origin": [5.53041, 0.1, 8]},
			"faces": {
				"north": {"uv": [8.5, 5, 9.75, 5.25], "texture": "#0"},
				"east": {"uv": [8, 6.5, 10, 6.75], "texture": "#0"},
				"south": {"uv": [6, 8.5, 7.25, 8.75], "texture": "#0"},
				"west": {"uv": [8, 7, 10, 7.25], "texture": "#0"},
				"up": {"uv": [1.25, 7.5, 0, 5.5], "texture": "#0"},
				"down": {"uv": [2.75, 5.5, 1.5, 7.5], "texture": "#0"}
			}
		},
		{
			"from": [4.51121, 0.1, 5.452],
			"to": [11.13601, 1.1192, 10.548],
			"rotation": {"angle": 0, "axis": "y", "origin": [8.07841, 0.1, 10.548]},
			"faces": {
				"north": {"uv": [7.5, 8, 9.375, 8.25], "texture": "#0"},
				"east": {"uv": [8.5, 4, 9.875, 4.25], "texture": "#0"},
				"south": {"uv": [8, 7.5, 9.875, 7.75], "texture": "#0"},
				"west": {"uv": [8.5, 4.5, 9.875, 4.75], "texture": "#0"},
				"up": {"uv": [6.875, 1.375, 5, 0], "texture": "#0"},
				"down": {"uv": [6.875, 1.5, 5, 2.875], "texture": "#0"}
			}
		},
		{
			"from": [6.52889, 2.14541, 6.63203],
			"to": [8.97497, 6.42605, 9.07811],
			"rotation": {"angle": 0, "axis": "y", "origin": [5.61161, 2.14541, 5.71475]},
			"faces": {
				"north": {"uv": [4, 7.5, 4.625, 8.625], "texture": "#0"},
				"east": {"uv": [4, 7.5, 4.625, 8.625], "texture": "#0"},
				"south": {"uv": [4, 7.5, 4.625, 8.625], "texture": "#0"},
				"west": {"uv": [4, 7.5, 4.625, 8.625], "texture": "#0"},
				"up": {"uv": [9.125, 2.625, 8.5, 2], "texture": "#0"},
				"down": {"uv": [9.125, 3, 8.5, 3.625], "texture": "#0"}
			}
		},
		{
			"from": [6.52889, 7.20153, 7.62857],
			"to": [8.97497, 13.31673, 7.62857],
			"rotation": {"angle": -22.5, "axis": "x", "origin": [6.52889, 4.28807, 9.07245]},
			"faces": {
				"north": {"uv": [6, 6, 6.625, 7.625], "texture": "#0"},
				"east": {"uv": [0, 0, 0, 1.625], "texture": "#0"},
				"south": {"uv": [6, 6, 6.625, 7.625], "texture": "#0"},
				"west": {"uv": [0, 0, 0, 1.625], "texture": "#0"},
				"up": {"uv": [0.625, 0, 0, 0], "texture": "#0"},
				"down": {"uv": [0.625, 0, 0, 0], "texture": "#0"}
			}
		},
		{
			"from": [7.9697, 7.20151, 6.62637],
			"to": [7.9697, 13.31671, 9.07245],
			"rotation": {"angle": -22.5, "axis": "z", "origin": [6.52889, 4.28807, 9.07245]},
			"faces": {
				"north": {"uv": [0, 0, 0, 1.625], "texture": "#0"},
				"east": {"uv": [6, 6, 6.625, 7.625], "texture": "#0"},
				"south": {"uv": [0, 0, 0, 1.625], "texture": "#0"},
				"west": {"uv": [6, 6, 6.625, 7.625], "texture": "#0"},
				"up": {"uv": [0, 0.625, 0, 0], "texture": "#0"},
				"down": {"uv": [0, 0, 0, 0.625], "texture": "#0"}
			}
		},
		{
			"from": [10.98835, 10.85231, 5.09757],
			"to": [20.16115, 10.85231, 10.60125],
			"rotation": {"angle": 22.5, "axis": "z", "origin": [8.07491, 12.29311, 9.07245]},
			"faces": {
				"north": {"uv": [0, 0, 2.5, 0], "texture": "#0"},
				"east": {"uv": [0, 0, 1.5, 0], "texture": "#0"},
				"south": {"uv": [0, 0, 2.5, 0], "texture": "#0"},
				"west": {"uv": [0, 0, 1.5, 0], "texture": "#0"},
				"up": {"uv": [6, 5.5, 4.5, 3], "rotation": 90, "texture": "#0"},
				"down": {"uv": [4.5, 5.5, 6, 3], "rotation": 90, "texture": "#0"}
			}
		},
		{
			"from": [-6.63842, 9.52554, 5.10323],
			"to": [2.53438, 9.52554, 10.60691],
			"rotation": {"angle": -22.5, "axis": "z", "origin": [5.44781, 10.96633, 9.07811]},
			"faces": {
				"north": {"uv": [0, 0, 2.5, 0], "texture": "#0"},
				"east": {"uv": [0, 0, 1.5, 0], "texture": "#0"},
				"south": {"uv": [0, 0, 2.5, 0], "texture": "#0"},
				"west": {"uv": [0, 0, 1.5, 0], "texture": "#0"},
				"up": {"uv": [4.5, 5.5, 6, 3], "rotation": 270, "texture": "#0"},
				"down": {"uv": [6, 3, 4.5, 5.5], "rotation": 90, "texture": "#0"}
			}
		},
		{
			"from": [8.167, 6.42605, 6.63203],
			"to": [8.167, 12.54125, 9.07811],
			"rotation": {"angle": 45, "axis": "z", "origin": [7.34793, 4.44865, 9.07811]},
			"faces": {
				"north": {"uv": [0, 0, 0, 1.625], "texture": "#0"},
				"east": {"uv": [6, 6, 6.625, 7.625], "texture": "#0"},
				"south": {"uv": [0, 0, 0, 1.625], "texture": "#0"},
				"west": {"uv": [6, 6, 6.625, 7.625], "texture": "#0"},
				"up": {"uv": [0, 0.625, 0, 0], "texture": "#0"},
				"down": {"uv": [0, 0, 0, 0.625], "texture": "#0"}
			}
		},
		{
			"from": [6.52889, 6.26545, 8.25646],
			"to": [8.97497, 12.38065, 8.25646],
			"rotation": {"angle": 22.5, "axis": "x", "origin": [6.52889, 4.28807, 9.07245]},
			"faces": {
				"north": {"uv": [6, 6, 6.625, 7.625], "texture": "#0"},
				"east": {"uv": [0, 0, 0, 1.625], "texture": "#0"},
				"south": {"uv": [6, 6, 6.625, 7.625], "texture": "#0"},
				"west": {"uv": [0, 0, 0, 1.625], "texture": "#0"},
				"up": {"uv": [0.625, 0, 0, 0], "texture": "#0"},
				"down": {"uv": [0.625, 0, 0, 0], "texture": "#0"}
			}
		},
		{
			"from": [5.00009, 12.08006, 9.77889],
			"to": [10.50377, 21.25286, 9.77889],
			"rotation": {"angle": 45, "axis": "x", "origin": [6.52889, 10.10267, 10.5949]},
			"faces": {
				"north": {"uv": [4.5, 5.5, 6, 3], "texture": "#0"},
				"east": {"uv": [0, 0, 0, 2.5], "texture": "#0"},
				"south": {"uv": [4.5, 5.5, 6, 3], "texture": "#0"},
				"west": {"uv": [0, 0, 0, 2.5], "texture": "#0"},
				"up": {"uv": [1.5, 0, 0, 0], "texture": "#0"},
				"down": {"uv": [1.5, 0, 0, 0], "texture": "#0"}
			}
		},
		{
			"from": [5.00009, 11.38233, -5.35223],
			"to": [10.50377, 11.38233, 3.82057],
			"rotation": {"angle": 22.5, "axis": "x", "origin": [6.52889, 10.56631, 5.79795]},
			"faces": {
				"north": {"uv": [0, 0, 1.5, 0], "texture": "#0"},
				"east": {"uv": [0, 0, 2.5, 0], "texture": "#0"},
				"south": {"uv": [0, 0, 1.5, 0], "texture": "#0"},
				"west": {"uv": [0, 0, 2.5, 0], "texture": "#0"},
				"up": {"uv": [6, 5.5, 4.5, 3], "texture": "#0"},
				"down": {"uv": [6, 3, 4.5, 5.5], "texture": "#0"}
			}
		}
	],
	"display": {
		"fixed": {
			"rotation": [-90, 0, 0],
			"translation": [0, 0, -8]
		}
	},
	"groups": [
		{
			"name": "carrot",
			"origin": [8, 8, 8],
			"color": 0,
			"children": [
				0,
				1,
				2,
				3,
				{
					"name": "leaves",
					"origin": [7.6, 0.60077, 8.39815],
					"color": 0,
					"children": [4, 5, 6, 7, 8, 9, 10, 11, 12]
				}
			]
		}
	]
}