{"textures":{"0":"modelengine:entity/farmer"},"elements":[{"name":"cube","from":[5.6,5.5629234,6.824093],"to":[10.4,9.762924,9.824093],"rotation":{"angle":22.5,"axis":"x","origin":[8.0,7.9629235,8.024094]},"faces":{"down":{"uv":[6.5,8.5,4.5,9.75],"rotation":0,"texture":"#0","tintindex":0},"east":{"uv":[2.0,7.5,3.25,9.25],"rotation":0,"texture":"#0","tintindex":0},"north":{"uv":[0.0,7.5,2.0,9.25],"rotation":0,"texture":"#0","tintindex":0},"south":{"uv":[7.75,4.0,9.75,5.75],"rotation":0,"texture":"#0","tintindex":0},"up":{"uv":[10.0,3.75,8.0,2.5],"rotation":0,"texture":"#0","tintindex":0},"west":{"uv":[3.25,8.5,4.5,10.25],"rotation":0,"texture":"#0","tintindex":0}}},{"name":"cube","from":[5.0,8.937077,7.375907],"to":[11.0,12.537077,10.375907],"rotation":{"angle":0.0,"axis":"x","origin":[8.0,-1.2629237,8.575907]},"faces":{"down":{"uv":[10.5,1.25,8.0,2.5],"rotation":0,"texture":"#0","tintindex":0},"east":{"uv":[4.5,9.75,5.75,11.25],"rotation":0,"texture":"#0","tintindex":0},"north":{"uv":[7.75,6.0,10.25,7.5],"rotation":0,"texture":"#0","tintindex":0},"south":{"uv":[7.75,7.5,10.25,9.0],"rotation":0,"texture":"#0","tintindex":0},"up":{"uv":[10.5,1.25,8.0,0.0],"rotation":0,"texture":"#0","tintindex":0},"west":{"uv":[5.75,10.25,7.0,11.75],"rotation":0,"texture":"#0","tintindex":0}}}],"display":{"head":{"translation":[0.0,-6.4,0.0],"rotation":[0.0,0.0,0.0],"scale":[3.8095,3.8095,3.8095]}}}