{"textures":{"0":"modelengine:entity/farmer"},"elements":[{"name":"cube","from":[10.0414505,6.819511,1.0028601],"to":[10.0414505,9.819511,5.8028603],"rotation":{"angle":-45.0,"axis":"y","origin":[10.0414505,8.919511,3.4028597]},"faces":{"down":{"uv":[0.0,0.0,0.0,2.0],"rotation":0,"texture":"#0","tintindex":0},"east":{"uv":[6.5,9.0,8.5,10.25],"rotation":0,"texture":"#0","tintindex":0},"north":{"uv":[0.0,0.0,0.0,1.25],"rotation":0,"texture":"#0","tintindex":0},"south":{"uv":[0.0,0.0,0.0,1.25],"rotation":0,"texture":"#0","tintindex":0},"up":{"uv":[0.0,2.0,0.0,0.0],"rotation":0,"texture":"#0","tintindex":0},"west":{"uv":[8.5,9.0,6.5,10.25],"rotation":0,"texture":"#0","tintindex":0}}},{"name":"cube","from":[7.1448183,9.819511,4.5003405],"to":[8.344818,10.419512,5.1003404],"rotation":{"angle":0.0,"axis":"x","origin":[7.7448187,-5.78049,7.5003405]},"faces":{"down":{"uv":[12.0,2.25,11.5,2.5],"rotation":0,"texture":"#0","tintindex":0},"east":{"uv":[9.5,3.75,9.75,4.0],"rotation":0,"texture":"#0","tintindex":0},"north":{"uv":[9.0,3.75,9.5,4.0],"rotation":0,"texture":"#0","tintindex":0},"south":{"uv":[9.75,5.75,10.25,6.0],"rotation":0,"texture":"#0","tintindex":0},"up":{"uv":[11.5,3.75,11.0,3.5],"rotation":0,"texture":"#0","tintindex":0},"west":{"uv":[10.25,8.75,10.5,9.0],"rotation":0,"texture":"#0","tintindex":0}}},{"name":"cube","from":[5.3448186,10.625399,2.7003405],"to":[10.144819,11.825398,3.9003406],"rotation":{"angle":45.0,"axis":"x","origin":[7.7448187,9.425398,5.1003404]},"faces":{"down":{"uv":[13.25,9.25,11.25,9.75],"rotation":0,"texture":"#0","tintindex":0},"east":{"uv":[12.5,0.0,13.0,0.5],"rotation":0,"texture":"#0","tintindex":0},"north":{"uv":[11.25,7.75,13.25,8.25],"rotation":0,"texture":"#0","tintindex":0},"south":{"uv":[11.25,8.25,13.25,8.75],"rotation":0,"texture":"#0","tintindex":0},"up":{"uv":[13.25,9.25,11.25,8.75],"rotation":0,"texture":"#0","tintindex":0},"west":{"uv":[0.5,12.5,1.0,13.0],"rotation":0,"texture":"#0","tintindex":0}}},{"name":"cube","from":[5.044819,11.769511,5.1003404],"to":[10.4448185,14.169511,10.500341],"rotation":{"angle":22.5,"axis":"x","origin":[7.7448187,12.369512,7.8753405]},"faces":{"down":{"uv":[6.0,2.25,3.75,4.5],"rotation":0,"texture":"#0","tintindex":0},"east":{"uv":[9.75,3.75,12.0,4.75],"rotation":0,"texture":"#0","tintindex":0},"north":{"uv":[0.0,9.5,2.25,10.5],"rotation":0,"texture":"#0","tintindex":0},"south":{"uv":[9.75,4.75,12.0,5.75],"rotation":0,"texture":"#0","tintindex":0},"up":{"uv":[6.0,2.25,3.75,0.0],"rotation":0,"texture":"#0","tintindex":0},"west":{"uv":[10.0,2.5,12.25,3.5],"rotation":0,"texture":"#0","tintindex":0}}},{"name":"cube","from":[3.2448187,11.769511,3.4503405],"to":[12.244819,11.769511,12.450341],"rotation":{"angle":22.5,"axis":"x","origin":[7.7448187,12.369512,7.8753405]},"faces":{"down":{"uv":[3.75,3.75,0.0,7.5],"rotation":0,"texture":"#0","tintindex":0},"east":{"uv":[0.0,0.0,3.75,0.0],"rotation":0,"texture":"#0","tintindex":0},"north":{"uv":[0.0,0.0,3.75,0.0],"rotation":0,"texture":"#0","tintindex":0},"south":{"uv":[0.0,0.0,3.75,0.0],"rotation":0,"texture":"#0","tintindex":0},"up":{"uv":[3.75,3.75,0.0,0.0],"rotation":0,"texture":"#0","tintindex":0},"west":{"uv":[0.0,0.0,3.75,0.0],"rotation":0,"texture":"#0","tintindex":0}}},{"name":"cube","from":[5.3448186,8.019511,5.1003404],"to":[10.144819,12.819511,9.900341],"rotation":{"angle":0.0,"axis":"x","origin":[7.7448187,-5.78049,7.5003405]},"faces":{"down":{"uv":[7.75,6.5,5.75,8.5],"rotation":0,"texture":"#0","tintindex":0},"east":{"uv":[5.75,4.5,7.75,6.5],"rotation":0,"texture":"#0","tintindex":0},"north":{"uv":[3.75,4.5,5.75,6.5],"rotation":0,"texture":"#0","tintindex":0},"south":{"uv":[6.0,0.0,8.0,2.0],"rotation":0,"texture":"#0","tintindex":0},"up":{"uv":[5.75,8.5,3.75,6.5],"rotation":0,"texture":"#0","tintindex":0},"west":{"uv":[6.0,2.0,8.0,4.0],"rotation":0,"texture":"#0","tintindex":0}}},{"name":"cube","from":[5.3448186,9.219511,7.5003405],"to":[5.9448185,11.019511,8.70034],"rotation":{"angle":-22.5,"axis":"y","origin":[5.6448183,9.819511,7.5003405]},"faces":{"down":{"uv":[1.5,12.5,1.25,13.0],"rotation":0,"texture":"#0","tintindex":0},"east":{"uv":[4.0,10.5,4.5,11.25],"rotation":0,"texture":"#0","tintindex":0},"north":{"uv":[1.75,11.75,2.0,12.5],"rotation":0,"texture":"#0","tintindex":0},"south":{"uv":[12.5,0.5,12.75,1.25],"rotation":0,"texture":"#0","tintindex":0},"up":{"uv":[1.25,13.0,1.0,12.5],"rotation":0,"texture":"#0","tintindex":0},"west":{"uv":[3.5,12.0,4.0,12.75],"rotation":0,"texture":"#0","tintindex":0}}},{"name":"cube","from":[5.3448186,6.28802,10.244756],"to":[10.144819,8.08802,10.244756],"rotation":{"angle":-22.5,"axis":"x","origin":[7.7448187,7.1880198,10.244756]},"faces":{"down":{"uv":[2.0,0.0,0.0,0.0],"rotation":0,"texture":"#0","tintindex":0},"east":{"uv":[0.0,0.0,0.0,0.75],"rotation":0,"texture":"#0","tintindex":0},"north":{"uv":[8.0,10.25,10.0,11.0],"rotation":0,"texture":"#0","tintindex":0},"south":{"uv":[10.0,10.25,8.0,11.0],"rotation":0,"texture":"#0","tintindex":0},"up":{"uv":[2.0,0.0,0.0,0.0],"rotation":0,"texture":"#0","tintindex":0},"west":{"uv":[0.0,0.0,0.0,0.75],"rotation":0,"texture":"#0","tintindex":0}}},{"name":"cube","from":[9.544819,9.219511,7.5003405],"to":[10.144819,11.019511,8.70034],"rotation":{"angle":22.5,"axis":"y","origin":[9.844818,9.819511,7.5003405]},"faces":{"down":{"uv":[1.25,12.5,1.5,13.0],"rotation":0,"texture":"#0","tintindex":0},"east":{"uv":[4.0,12.0,3.5,12.75],"rotation":0,"texture":"#0","tintindex":0},"north":{"uv":[2.0,11.75,1.75,12.5],"rotation":0,"texture":"#0","tintindex":0},"south":{"uv":[12.75,0.5,12.5,1.25],"rotation":0,"texture":"#0","tintindex":0},"up":{"uv":[1.0,13.0,1.25,12.5],"rotation":0,"texture":"#0","tintindex":0},"west":{"uv":[4.5,10.5,4.0,11.25],"rotation":0,"texture":"#0","tintindex":0}}}],"display":{"head":{"translation":[0.0,-6.4,0.0],"rotation":[0.0,0.0,0.0],"scale":[3.8095,3.8095,3.8095]}}}