{"textures":{"0":"modelengine:entity/farmer"},"elements":[{"name":"cube","from":[5.6,7.4999995,6.8999996],"to":[8.0,9.299999,9.3],"rotation":{"angle":0.0,"axis":"x","origin":[11.3,-4.500001,1.1999999]},"faces":{"down":{"uv":[5.0,11.25,4.0,12.25],"rotation":0,"texture":"#0","tintindex":0},"east":{"uv":[11.5,0.75,12.5,1.5],"rotation":0,"texture":"#0","tintindex":0},"north":{"uv":[11.5,0.0,12.5,0.75],"rotation":0,"texture":"#0","tintindex":0},"south":{"uv":[11.5,1.5,12.5,2.25],"rotation":0,"texture":"#0","tintindex":0},"up":{"uv":[11.75,12.0,10.75,11.0],"rotation":0,"texture":"#0","tintindex":0},"west":{"uv":[0.0,11.75,1.0,12.5],"rotation":0,"texture":"#0","tintindex":0}}},{"name":"cube","from":[5.8999996,5.7,7.2],"to":[7.7,7.4999995,9.0],"rotation":{"angle":0.0,"axis":"x","origin":[11.3,-4.500001,1.1999999]},"faces":{"down":{"uv":[12.5,11.0,11.75,11.75],"rotation":0,"texture":"#0","tintindex":0},"east":{"uv":[1.0,11.75,1.75,12.5],"rotation":0,"texture":"#0","tintindex":0},"north":{"uv":[5.0,11.25,5.75,12.0],"rotation":0,"texture":"#0","tintindex":0},"south":{"uv":[5.75,11.75,6.5,12.5],"rotation":0,"texture":"#0","tintindex":0},"up":{"uv":[8.0,12.5,7.25,11.75],"rotation":0,"texture":"#0","tintindex":0},"west":{"uv":[6.5,11.75,7.25,12.5],"rotation":0,"texture":"#0","tintindex":0}}}],"display":{"head":{"translation":[0.0,-6.4,0.0],"rotation":[0.0,0.0,0.0],"scale":[3.8095,3.8095,3.8095]}}}