{"textures":{"0":"modelengine:entity/farmer"},"elements":[{"name":"cube","from":[7.1,6.2,6.2],"to":[8.9,8.0,8.0],"rotation":{"angle":0.0,"axis":"x","origin":[12.5,-2.2000003,0.19999981]},"faces":{"down":{"uv":[12.75,5.0,12.0,5.75],"rotation":0,"texture":"#0","tintindex":0},"east":{"uv":[2.75,12.0,3.5,12.75],"rotation":0,"texture":"#0","tintindex":0},"north":{"uv":[11.75,11.75,12.5,12.5],"rotation":0,"texture":"#0","tintindex":0},"south":{"uv":[12.0,3.5,12.75,4.25],"rotation":0,"texture":"#0","tintindex":0},"up":{"uv":[5.75,12.75,5.0,12.0],"rotation":0,"texture":"#0","tintindex":0},"west":{"uv":[12.0,4.25,12.75,5.0],"rotation":0,"texture":"#0","tintindex":0}}},{"name":"cube","from":[6.8,3.1999998,5.8999996],"to":[9.2,6.2,8.3],"rotation":{"angle":0.0,"axis":"x","origin":[12.5,-2.2000003,0.19999981]},"faces":{"down":{"uv":[10.75,11.0,9.75,12.0],"rotation":0,"texture":"#0","tintindex":0},"east":{"uv":[10.5,0.0,11.5,1.25],"rotation":0,"texture":"#0","tintindex":0},"north":{"uv":[0.0,10.5,1.0,11.75],"rotation":0,"texture":"#0","tintindex":0},"south":{"uv":[1.0,10.5,2.0,11.75],"rotation":0,"texture":"#0","tintindex":0},"up":{"uv":[9.75,12.0,8.75,11.0],"rotation":0,"texture":"#0","tintindex":0},"west":{"uv":[10.5,1.25,11.5,2.5],"rotation":0,"texture":"#0","tintindex":0}}},{"name":"cube","from":[6.8,1.9999998,5.8999996],"to":[8.0,3.1999998,8.3],"rotation":{"angle":0.0,"axis":"x","origin":[12.5,-2.2000003,0.19999981]},"faces":{"down":{"uv":[3.25,11.0,2.75,12.0],"rotation":0,"texture":"#0","tintindex":0},"east":{"uv":[6.0,4.0,7.0,4.5],"rotation":0,"texture":"#0","tintindex":0},"north":{"uv":[12.25,2.75,12.75,3.25],"rotation":0,"texture":"#0","tintindex":0},"south":{"uv":[4.0,12.25,4.5,12.75],"rotation":0,"texture":"#0","tintindex":0},"up":{"uv":[3.75,8.5,3.25,7.5],"rotation":0,"texture":"#0","tintindex":0},"west":{"uv":[6.5,8.5,7.5,9.0],"rotation":0,"texture":"#0","tintindex":0}}},{"name":"cube","from":[8.0,1.9999998,5.8999996],"to":[9.2,3.1999998,7.1],"rotation":{"angle":0.0,"axis":"x","origin":[12.5,-2.2000003,0.19999981]},"faces":{"down":{"uv":[0.5,12.5,0.0,13.0],"rotation":0,"texture":"#0","tintindex":0},"east":{"uv":[12.25,5.75,12.75,6.25],"rotation":0,"texture":"#0","tintindex":0},"north":{"uv":[4.5,12.25,5.0,12.75],"rotation":0,"texture":"#0","tintindex":0},"south":{"uv":[12.25,6.25,12.75,6.75],"rotation":0,"texture":"#0","tintindex":0},"up":{"uv":[12.75,7.75,12.25,7.25],"rotation":0,"texture":"#0","tintindex":0},"west":{"uv":[12.25,6.75,12.75,7.25],"rotation":0,"texture":"#0","tintindex":0}}}],"display":{"head":{"translation":[0.0,-6.4,0.0],"rotation":[0.0,0.0,0.0],"scale":[3.8095,3.8095,3.8095]}}}