{"textures":{"0":"modelengine:entity/farmer"},"elements":[{"name":"cube","from":[6.8,5.0,6.8],"to":[8.6,8.6,8.6],"rotation":{"angle":0.0,"axis":"x","origin":[10.4,0.19999981,8.6]},"faces":{"down":{"uv":[10.25,12.0,9.5,12.75],"rotation":0,"texture":"#0","tintindex":0},"east":{"uv":[10.5,8.75,11.25,10.25],"rotation":0,"texture":"#0","tintindex":0},"north":{"uv":[3.25,10.5,4.0,12.0],"rotation":0,"texture":"#0","tintindex":0},"south":{"uv":[2.0,11.0,2.75,12.5],"rotation":0,"texture":"#0","tintindex":0},"up":{"uv":[9.5,12.75,8.75,12.0],"rotation":0,"texture":"#0","tintindex":0},"west":{"uv":[8.0,11.0,8.75,12.5],"rotation":0,"texture":"#0","tintindex":0}}}],"display":{"head":{"translation":[0.0,-6.4,0.0],"rotation":[0.0,0.0,0.0],"scale":[3.8095,3.8095,3.8095]}}}