{"textures":{"0":"modelengine:entity/farmer"},"elements":[{"name":"cube","from":[8.0,7.4999995,6.8999996],"to":[10.4,9.299999,9.3],"rotation":{"angle":0.0,"axis":"x","origin":[4.7,-4.500001,1.1999999]},"faces":{"down":{"uv":[4.0,11.25,5.0,12.25],"rotation":0,"texture":"#0","tintindex":0},"east":{"uv":[1.0,11.75,0.0,12.5],"rotation":0,"texture":"#0","tintindex":0},"north":{"uv":[12.5,0.0,11.5,0.75],"rotation":0,"texture":"#0","tintindex":0},"south":{"uv":[12.5,1.5,11.5,2.25],"rotation":0,"texture":"#0","tintindex":0},"up":{"uv":[10.75,12.0,11.75,11.0],"rotation":0,"texture":"#0","tintindex":0},"west":{"uv":[12.5,0.75,11.5,1.5],"rotation":0,"texture":"#0","tintindex":0}}},{"name":"cube","from":[8.3,5.7,7.2],"to":[10.1,7.4999995,9.0],"rotation":{"angle":0.0,"axis":"x","origin":[4.7,-4.500001,1.1999999]},"faces":{"down":{"uv":[11.75,11.0,12.5,11.75],"rotation":0,"texture":"#0","tintindex":0},"east":{"uv":[7.25,11.75,6.5,12.5],"rotation":0,"texture":"#0","tintindex":0},"north":{"uv":[5.75,11.25,5.0,12.0],"rotation":0,"texture":"#0","tintindex":0},"south":{"uv":[6.5,11.75,5.75,12.5],"rotation":0,"texture":"#0","tintindex":0},"up":{"uv":[7.25,12.5,8.0,11.75],"rotation":0,"texture":"#0","tintindex":0},"west":{"uv":[1.75,11.75,1.0,12.5],"rotation":0,"texture":"#0","tintindex":0}}}],"display":{"head":{"translation":[0.0,-6.4,0.0],"rotation":[0.0,0.0,0.0],"scale":[3.8095,3.8095,3.8095]}}}