{"textures":{"0":"modelengine:entity/farmer"},"elements":[{"name":"cube","from":[7.4,5.0,6.8],"to":[9.2,8.6,8.6],"rotation":{"angle":0.0,"axis":"x","origin":[5.6,0.19999981,8.6]},"faces":{"down":{"uv":[9.5,12.0,10.25,12.75],"rotation":0,"texture":"#0","tintindex":0},"east":{"uv":[8.75,11.0,8.0,12.5],"rotation":0,"texture":"#0","tintindex":0},"north":{"uv":[4.0,10.5,3.25,12.0],"rotation":0,"texture":"#0","tintindex":0},"south":{"uv":[2.75,11.0,2.0,12.5],"rotation":0,"texture":"#0","tintindex":0},"up":{"uv":[8.75,12.75,9.5,12.0],"rotation":0,"texture":"#0","tintindex":0},"west":{"uv":[11.25,8.75,10.5,10.25],"rotation":0,"texture":"#0","tintindex":0}}}],"display":{"head":{"translation":[0.0,-6.4,0.0],"rotation":[0.0,0.0,0.0],"scale":[3.8095,3.8095,3.8095]}}}