{"textures":{"0":"modelengine:entity/farmer"},"elements":[{"name":"cube","from":[7.1,6.8,8.0],"to":[8.9,8.0,9.8],"rotation":{"angle":0.0,"axis":"x","origin":[5.3,3.1999998,9.8]},"faces":{"down":{"uv":[10.25,12.0,11.0,12.75],"rotation":0,"texture":"#0","tintindex":0},"east":{"uv":[11.75,12.0,11.0,12.5],"rotation":0,"texture":"#0","tintindex":0},"north":{"uv":[7.75,4.0,7.0,4.5],"rotation":0,"texture":"#0","tintindex":0},"south":{"uv":[12.0,9.75,11.25,10.25],"rotation":0,"texture":"#0","tintindex":0},"up":{"uv":[12.0,10.5,12.75,9.75],"rotation":0,"texture":"#0","tintindex":0},"west":{"uv":[6.5,9.75,5.75,10.25],"rotation":0,"texture":"#0","tintindex":0}}},{"name":"cube","from":[6.8,3.1999998,7.7],"to":[9.2,6.8,10.1],"rotation":{"angle":0.0,"axis":"x","origin":[5.3,3.1999998,9.8]},"faces":{"down":{"uv":[11.25,6.75,12.25,7.75],"rotation":0,"texture":"#0","tintindex":0},"east":{"uv":[11.25,7.25,10.25,8.75],"rotation":0,"texture":"#0","tintindex":0},"north":{"uv":[3.25,9.5,2.25,11.0],"rotation":0,"texture":"#0","tintindex":0},"south":{"uv":[8.0,10.25,7.0,11.75],"rotation":0,"texture":"#0","tintindex":0},"up":{"uv":[11.25,6.75,12.25,5.75],"rotation":0,"texture":"#0","tintindex":0},"west":{"uv":[11.25,5.75,10.25,7.25],"rotation":0,"texture":"#0","tintindex":0}}},{"name":"cube","from":[6.8,3.1999998,7.1],"to":[9.2,4.3999996,7.7],"rotation":{"angle":0.0,"axis":"x","origin":[5.3,3.1999998,9.8]},"faces":{"down":{"uv":[10.0,3.5,11.0,3.75],"rotation":0,"texture":"#0","tintindex":0},"east":{"uv":[2.25,10.5,2.0,11.0],"rotation":0,"texture":"#0","tintindex":0},"north":{"uv":[13.0,10.5,12.0,11.0],"rotation":0,"texture":"#0","tintindex":0},"south":{"uv":[13.25,2.25,12.25,2.75],"rotation":0,"texture":"#0","tintindex":0},"up":{"uv":[8.0,4.0,9.0,3.75],"rotation":0,"texture":"#0","tintindex":0},"west":{"uv":[7.75,8.5,7.5,9.0],"rotation":0,"texture":"#0","tintindex":0}}}],"display":{"head":{"translation":[0.0,-6.4,0.0],"rotation":[0.0,0.0,0.0],"scale":[3.8095,3.8095,3.8095]}}}