{
	"credit": "Made with Blockbench",
	"textures": {
		"0": "item/fish/ockeongot",
		"particle": "item/fish/ockeongot"
	},
	"elements": [
		{
			"from": [3.71723, 0.108, 5.12283],
			"to": [5.17323, 1.564, 6.59483],
			"rotation": {"angle": 22.5, "axis": "y", "origin": [2.9083, 0, 1.76801]},
			"faces": {
				"north": {"uv": [0.4375, 5.875, 4.625, 9.275], "texture": "#0"},
				"east": {"uv": [0.4375, 5.875, 4.625, 9.275], "texture": "#0"},
				"south": {"uv": [0.4375, 5.875, 4.625, 9.275], "texture": "#0"},
				"west": {"uv": [0.4375, 5.875, 4.625, 9.275], "texture": "#0"},
				"up": {"uv": [0.4375, 5.875, 4.625, 9.275], "texture": "#0"},
				"down": {"uv": [0.4375, 5.875, 4.625, 9.275], "texture": "#0"}
			}
		},
		{
			"from": [4.05868, 0, 4.01134],
			"to": [5.72268, 1.872, 6.09934],
			"rotation": {"angle": 0, "axis": "y", "origin": [2.9083, 0, 1.76801]},
			"faces": {
				"north": {"uv": [5.5, 6, 10.75, 9.2125], "texture": "#0"},
				"east": {"uv": [5.5, 6, 10.75, 9.2125], "texture": "#0"},
				"south": {"uv": [5.5, 6, 10.75, 9.2125], "texture": "#0"},
				"west": {"uv": [5.5, 6, 10.75, 9.2125], "texture": "#0"},
				"up": {"uv": [5.5, 6, 10.75, 9.2125], "texture": "#0"},
				"down": {"uv": [5.5, 6, 10.75, 9.2125], "texture": "#0"}
			}
		},
		{
			"from": [4.55868, 3.5, 4.61134],
			"to": [5.52268, 4.372, 5.69934],
			"rotation": {"angle": -22.5, "axis": "z", "origin": [2.9083, 0, 1.76801]},
			"faces": {
				"north": {"uv": [11.25, 6.25, 16, 9.4625], "texture": "#0"},
				"east": {"uv": [11.25, 6.25, 16, 9.4625], "texture": "#0"},
				"south": {"uv": [11.25, 6.25, 16, 9.4625], "texture": "#0"},
				"west": {"uv": [11.25, 6.25, 16, 9.4625], "texture": "#0"},
				"up": {"uv": [11.25, 6.25, 16, 9.4625], "texture": "#0"},
				"down": {"uv": [11.25, 6.25, 16, 9.4625], "texture": "#0"}
			}
		},
		{
			"from": [4.95868, 2.5, 5.01134],
			"to": [5.22268, 3.5, 5.29934],
			"rotation": {"angle": -22.5, "axis": "z", "origin": [2.9083, 0, 1.76801]},
			"faces": {
				"north": {"uv": [6.375, 4.5625, 6.8125, 5.0875], "texture": "#0"},
				"east": {"uv": [6.375, 4.5625, 6.8125, 5.0875], "texture": "#0"},
				"south": {"uv": [6.375, 4.5625, 6.8125, 5.0875], "texture": "#0"},
				"west": {"uv": [6.375, 4.5625, 6.8125, 5.0875], "texture": "#0"},
				"up": {"uv": [6.375, 4.5625, 6.8125, 5.0875], "texture": "#0"},
				"down": {"uv": [6.375, 4.5625, 6.8125, 5.0875], "texture": "#0"}
			}
		},
		{
			"from": [5.45868, 1.3, 4.61134],
			"to": [6.12268, 1.872, 5.29934],
			"rotation": {"angle": -22.5, "axis": "x", "origin": [2.9083, 0, 1.76801]},
			"faces": {
				"north": {"uv": [9.0625, 3, 9.5625, 3.7125], "texture": "#0"},
				"east": {"uv": [9.0625, 3, 9.5625, 3.7125], "texture": "#0"},
				"south": {"uv": [9.0625, 3, 9.5625, 3.7125], "texture": "#0"},
				"west": {"uv": [9.0625, 3, 9.5625, 3.7125], "texture": "#0"},
				"up": {"uv": [9.0625, 3, 9.5625, 3.7125], "texture": "#0"},
				"down": {"uv": [9.0625, 3, 9.5625, 3.7125], "texture": "#0"}
			}
		},
		{
			"from": [5.75868, 0.2, 4.91134],
			"to": [5.82268, 1.3, 4.99934],
			"rotation": {"angle": -22.5, "axis": "x", "origin": [2.9083, 0, 1.76801]},
			"faces": {
				"north": {"uv": [14.5, 1.75, 14.9375, 2.275], "texture": "#0"},
				"east": {"uv": [14.5, 1.75, 14.9375, 2.275], "texture": "#0"},
				"south": {"uv": [14.5, 1.75, 14.9375, 2.275], "texture": "#0"},
				"west": {"uv": [14.5, 1.75, 14.9375, 2.275], "texture": "#0"},
				"up": {"uv": [14.5, 1.75, 14.9375, 2.275], "texture": "#0"},
				"down": {"uv": [14.5, 1.75, 14.9375, 2.275], "texture": "#0"}
			}
		},
		{
			"from": [2.83797, 0.48393, 4.62],
			"to": [3.69279, 0.48393, 5.59761],
			"rotation": {"angle": -45, "axis": "z", "origin": [4.34928, 0.81218, 4.01237]},
			"faces": {
				"north": {"uv": [15.1875, 10.25, 12.625, 11.15], "rotation": 90, "texture": "#0"},
				"east": {"uv": [15.1875, 10.25, 12.625, 11.15], "rotation": 90, "texture": "#0"},
				"south": {"uv": [15.1875, 10.25, 12.625, 11.15], "rotation": 90, "texture": "#0"},
				"west": {"uv": [15.1875, 10.25, 12.625, 11.15], "rotation": 90, "texture": "#0"},
				"up": {"uv": [12.625, 10.25, 15.1875, 11.15], "rotation": 90, "texture": "#0"},
				"down": {"uv": [15.1875, 10.25, 12.625, 11.15], "rotation": 90, "texture": "#0"}
			}
		},
		{
			"from": [3.36733, 0.53156, 4.412],
			"to": [4.94154, 1.34826, 5.75431],
			"rotation": {"angle": 22.5, "axis": "z", "origin": [3.93056, 1.09477, 4.64026]},
			"faces": {
				"north": {"uv": [11.3125, 3.5, 10.25, 4.1625], "texture": "#0"},
				"east": {"uv": [11.3125, 3.5, 10.25, 4.1625], "texture": "#0"},
				"south": {"uv": [11.3125, 3.5, 10.25, 4.1625], "texture": "#0"},
				"west": {"uv": [11.3125, 3.5, 10.25, 4.1625], "texture": "#0"},
				"up": {"uv": [11.3125, 3.5, 10.25, 4.1625], "texture": "#0"},
				"down": {"uv": [11.3125, 3.5, 10.25, 4.1625], "texture": "#0"}
			}
		},
		{
			"from": [2.98796, 0.12989, 4.31734],
			"to": [3.34426, 0.88726, 4.68856],
			"rotation": {"angle": -45, "axis": "z", "origin": [3.59031, 0.01907, 4.99311]},
			"faces": {
				"north": {"uv": [11.3125, 3.5, 10.25, 4.1625], "texture": "#0"},
				"east": {"uv": [11.3125, 3.5, 10.25, 4.1625], "texture": "#0"},
				"south": {"uv": [11.3125, 3.5, 10.25, 4.1625], "texture": "#0"},
				"west": {"uv": [11.3125, 3.5, 10.25, 4.1625], "texture": "#0"},
				"up": {"uv": [11.3125, 3.5, 10.25, 4.1625], "texture": "#0"},
				"down": {"uv": [11.3125, 3.5, 10.25, 4.1625], "texture": "#0"}
			}
		},
		{
			"from": [3.70281, -0.16125, 5.56534],
			"to": [3.85111, 0.38812, 5.93656],
			"rotation": {"angle": 22.5, "axis": "z", "origin": [3.59031, 0.01907, 4.99311]},
			"faces": {
				"north": {"uv": [11.3125, 3.5, 10.25, 4.1625], "texture": "#0"},
				"east": {"uv": [11.3125, 3.5, 10.25, 4.1625], "texture": "#0"},
				"south": {"uv": [11.3125, 3.5, 10.25, 4.1625], "texture": "#0"},
				"west": {"uv": [11.3125, 3.5, 10.25, 4.1625], "texture": "#0"},
				"up": {"uv": [11.3125, 3.5, 10.25, 4.1625], "texture": "#0"},
				"down": {"uv": [11.3125, 3.5, 10.25, 4.1625], "texture": "#0"}
			}
		},
		{
			"from": [3.24274, -0.02601, 5.56534],
			"to": [3.39105, 0.52336, 5.93656],
			"rotation": {"angle": 0, "axis": "z", "origin": [3.59031, 0.01907, 4.99311]},
			"faces": {
				"north": {"uv": [11.3125, 3.5, 10.25, 4.1625], "texture": "#0"},
				"east": {"uv": [11.3125, 3.5, 10.25, 4.1625], "texture": "#0"},
				"south": {"uv": [11.3125, 3.5, 10.25, 4.1625], "texture": "#0"},
				"west": {"uv": [11.3125, 3.5, 10.25, 4.1625], "texture": "#0"},
				"up": {"uv": [11.3125, 3.5, 10.25, 4.1625], "texture": "#0"},
				"down": {"uv": [11.3125, 3.5, 10.25, 4.1625], "texture": "#0"}
			}
		},
		{
			"from": [2.98796, 0.12989, 5.56534],
			"to": [3.34426, 0.88726, 5.93656],
			"rotation": {"angle": -45, "axis": "z", "origin": [3.59031, 0.01907, 4.99311]},
			"faces": {
				"north": {"uv": [11.3125, 3.5, 10.25, 4.1625], "texture": "#0"},
				"east": {"uv": [11.3125, 3.5, 10.25, 4.1625], "texture": "#0"},
				"south": {"uv": [11.3125, 3.5, 10.25, 4.1625], "texture": "#0"},
				"west": {"uv": [11.3125, 3.5, 10.25, 4.1625], "texture": "#0"},
				"up": {"uv": [11.3125, 3.5, 10.25, 4.1625], "texture": "#0"},
				"down": {"uv": [11.3125, 3.5, 10.25, 4.1625], "texture": "#0"}
			}
		},
		{
			"from": [3.24274, -0.02601, 4.31734],
			"to": [3.39105, 0.52336, 4.68856],
			"rotation": {"angle": 0, "axis": "z", "origin": [3.59031, 0.01907, 4.99311]},
			"faces": {
				"north": {"uv": [11.3125, 3.5, 10.25, 4.1625], "texture": "#0"},
				"east": {"uv": [11.3125, 3.5, 10.25, 4.1625], "texture": "#0"},
				"south": {"uv": [11.3125, 3.5, 10.25, 4.1625], "texture": "#0"},
				"west": {"uv": [11.3125, 3.5, 10.25, 4.1625], "texture": "#0"},
				"up": {"uv": [11.3125, 3.5, 10.25, 4.1625], "texture": "#0"},
				"down": {"uv": [11.3125, 3.5, 10.25, 4.1625], "texture": "#0"}
			}
		},
		{
			"from": [3.70281, -0.16125, 4.31734],
			"to": [3.85111, 0.38812, 4.68856],
			"rotation": {"angle": 22.5, "axis": "z", "origin": [3.59031, 0.01907, 4.99311]},
			"faces": {
				"north": {"uv": [11.3125, 3.5, 10.25, 4.1625], "texture": "#0"},
				"east": {"uv": [11.3125, 3.5, 10.25, 4.1625], "texture": "#0"},
				"south": {"uv": [11.3125, 3.5, 10.25, 4.1625], "texture": "#0"},
				"west": {"uv": [11.3125, 3.5, 10.25, 4.1625], "texture": "#0"},
				"up": {"uv": [11.3125, 3.5, 10.25, 4.1625], "texture": "#0"},
				"down": {"uv": [11.3125, 3.5, 10.25, 4.1625], "texture": "#0"}
			}
		}
	],
	"display": {
		"thirdperson_righthand": {
			"rotation": [-90, 89, -1],
			"translation": [3.25, -4.75, -7.75]
		},
		"thirdperson_lefthand": {
			"rotation": [-90, -86, -1],
			"translation": [-3, -4.75, -7.75]
		},
		"firstperson_righthand": {
			"translation": [0, 12, 8.25]
		},
		"firstperson_lefthand": {
			"rotation": [0, -180, 0],
			"translation": [0.25, 11.5, 1.75]
		},
		"ground": {
			"translation": [6, 13, 6],
			"scale": [2.01, 2.01, 2.01]
		},
		"gui": {
			"rotation": [28, 31, 1],
			"translation": [12, 16.75, 0],
			"scale": [3.12, 3.12, 3.12]
		},
		"fixed": {
			"rotation": [-90, 0, 0],
			"translation": [9.25, 9.5, -26],
			"scale": [3.12, 3.12, 3.12]
		}
	}
}