{
	"credit": "Made with Blockbench",
	"textures": {
		"1": "item/fish/cavuive"
	},
	"elements": [
		{
			"from": [14.54768, 14.47076, 9.81971],
			"to": [15.59197, 17.25447, 9.81971],
			"rotation": {"angle": 0, "axis": "z", "origin": [9.44922, 13.74624, 7.6377]},
			"faces": {
				"north": {"uv": [7.45, 15.75, 15.625, 13.25], "rotation": 90, "texture": "#1"},
				"east": {"uv": [7.45, 15.75, 15.625, 13.25], "rotation": 270, "texture": "#1"},
				"south": {"uv": [7.45, 15.75, 15.625, 13.25], "rotation": 270, "texture": "#1"},
				"west": {"uv": [7.45, 15.75, 15.625, 13.25], "rotation": 270, "texture": "#1"},
				"up": {"uv": [7.45, 15.75, 15.625, 13.25], "rotation": 270, "texture": "#1"},
				"down": {"uv": [7.45, 15.75, 15.625, 13.25], "rotation": 270, "texture": "#1"}
			}
		},
		{
			"from": [8.11971, 16.9135, 10.04595],
			"to": [15.05094, 18.59715, 10.04595],
			"rotation": {"angle": 0, "axis": "z", "origin": [9.44922, 13.74624, 7.6377]},
			"faces": {
				"north": {"uv": [3.8875, 15.75, 15.625, 13.6875], "rotation": 180, "texture": "#1"},
				"east": {"uv": [3.8875, 15.75, 15.625, 13.6875], "rotation": 180, "texture": "#1"},
				"south": {"uv": [3.8875, 15.75, 15.625, 13.6875], "rotation": 180, "texture": "#1"},
				"west": {"uv": [3.8875, 15.75, 15.625, 13.6875], "rotation": 180, "texture": "#1"},
				"up": {"uv": [3.8875, 15.75, 15.625, 13.6875], "rotation": 180, "texture": "#1"},
				"down": {"uv": [3.8875, 15.75, 15.625, 13.6875], "rotation": 180, "texture": "#1"}
			}
		},
		{
			"from": [14.17238, 12.93338, 9.80496],
			"to": [17.86422, 15.3433, 9.80496],
			"rotation": {"angle": 0, "axis": "y", "origin": [7.9951, 13.85146, 8.63936]},
			"faces": {
				"north": {"uv": [16, 4.0375, 12.375, 0.3125], "texture": "#1"},
				"east": {"uv": [16, 4.0375, 12.375, 0.3125], "texture": "#1"},
				"south": {"uv": [12.375, 4.0375, 16, 0.3125], "texture": "#1"},
				"west": {"uv": [16, 4.0375, 12.375, 0.3125], "texture": "#1"},
				"up": {"uv": [16, 4.0375, 12.375, 0.3125], "texture": "#1"},
				"down": {"uv": [16, 4.0375, 12.375, 0.3125], "texture": "#1"}
			}
		},
		{
			"from": [13.83942, 13.42522, 11.44432],
			"to": [16.60998, 15.13018, 11.44432],
			"rotation": {"angle": -22.5, "axis": "y", "origin": [7.9951, 13.85146, 0.33936]},
			"faces": {
				"north": {"uv": [13.075, 10.0625, 15.6875, 13.2625], "texture": "#1"},
				"east": {"uv": [13.075, 10.0625, 15.6875, 13.2625], "texture": "#1"},
				"south": {"uv": [13.075, 10.0625, 15.6875, 13.2625], "texture": "#1"},
				"west": {"uv": [13.075, 10.0625, 15.6875, 13.2625], "texture": "#1"},
				"up": {"uv": [13.075, 10.0625, 15.6875, 13.2625], "texture": "#1"},
				"down": {"uv": [13.075, 10.0625, 15.6875, 13.2625], "texture": "#1"}
			}
		},
		{
			"from": [6.69674, 13.42522, 6.9656],
			"to": [9.68042, 15.3433, 6.9656],
			"rotation": {"angle": 22.5, "axis": "y", "origin": [8.0049, 13.85146, 0.33936]},
			"faces": {
				"north": {"uv": [15.6875, 10.0625, 13.075, 13.2625], "texture": "#1"},
				"east": {"uv": [15.6875, 10.0625, 13.075, 13.2625], "texture": "#1"},
				"south": {"uv": [13.075, 10.0625, 15.6875, 13.2625], "texture": "#1"},
				"west": {"uv": [15.6875, 10.0625, 13.075, 13.2625], "texture": "#1"},
				"up": {"uv": [15.6875, 10.0625, 13.075, 13.2625], "texture": "#1"},
				"down": {"uv": [15.6875, 10.0625, 13.075, 13.2625], "texture": "#1"}
			}
		},
		{
			"from": [7.68694, 11.46778, 6.92624],
			"to": [14.63942, 17.06138, 12.8968],
			"rotation": {"angle": 0, "axis": "y", "origin": [7.9951, 13.85146, 8.63936]},
			"faces": {
				"north": {"uv": [2, 0.9375, 0.4625, 7.25], "texture": "#1"},
				"east": {"uv": [2.625, 0.9375, 1.8375, 7.25], "texture": "#1"},
				"south": {"uv": [1.75, 0.8125, 0.3375, 6.9375], "texture": "#1"},
				"west": {"uv": [4.125, 0.6875, 1.9, 7], "texture": "#1"},
				"up": {"uv": [10.125, 4.5625, 12.8625, 6.3375], "rotation": 270, "texture": "#1"},
				"down": {"uv": [0, 5.1875, 2.7375, 6.9625], "rotation": 270, "texture": "#1"}
			}
		},
		{
			"from": [7.48694, 15.06778, 11.9968],
			"to": [8.73942, 16.36138, 13.1968],
			"rotation": {"angle": 0, "axis": "y", "origin": [7.9951, 13.85146, 8.63936]},
			"faces": {
				"north": {"uv": [3.625, 12.1875, 0.7125, 13.25], "texture": "#1"},
				"east": {"uv": [1.9125, 10.5625, 0.7125, 11.8561], "texture": "#1"},
				"south": {"uv": [2.4625, 12.1875, 3.625, 13.25], "texture": "#1"},
				"west": {"uv": [0.7125, 12.1875, 2.4375, 13.25], "texture": "#1"},
				"up": {"uv": [1.96498, 10.875, 0.7125, 12.075], "texture": "#1"},
				"down": {"uv": [1.90248, 10.75, 0.65, 11.95], "texture": "#1"}
			}
		},
		{
			"from": [7.48694, 15.06778, 6.6968],
			"to": [8.73942, 16.36138, 7.8968],
			"rotation": {"angle": 0, "axis": "y", "origin": [7.9951, 13.85146, 8.63936]},
			"faces": {
				"north": {"uv": [3.625, 12.1875, 2.4625, 13.25], "texture": "#1"},
				"east": {"uv": [1.975, 10.6875, 0.775, 11.9811], "texture": "#1"},
				"south": {"uv": [2.4625, 12.1875, 3.625, 13.25], "texture": "#1"},
				"west": {"uv": [2.4375, 12.1875, 0.7125, 13.25], "texture": "#1"},
				"up": {"uv": [2.08998, 10.4375, 0.8375, 11.6375], "texture": "#1"},
				"down": {"uv": [1.96498, 10.6875, 0.7125, 11.8875], "texture": "#1"}
			}
		}
	],
	"display": {
		"thirdperson_righthand": {
			"translation": [-2, -6.5, -3]
		},
		"thirdperson_lefthand": {
			"translation": [2.25, -7.25, -2]
		},
		"firstperson_righthand": {
			"rotation": [0, 24, 0],
			"translation": [0, -3.5, -1.75]
		},
		"firstperson_lefthand": {
			"rotation": [0, -156, 0],
			"translation": [2, -3.75, 1]
		},
		"ground": {
			"translation": [-2.75, -4.5, -1.25]
		},
		"gui": {
			"rotation": [23, 34, -1],
			"translation": [-6.25, -8.75, 0],
			"scale": [1.45, 1.45, 1.43]
		},
		"head": {
			"rotation": [0, -89, 0],
			"translation": [2, 3.25, -3.5]
		},
		"fixed": {
			"rotation": [-89, 0, 0],
			"translation": [-5.25, -2.25, 4.75],
			"scale": [1.57, 1.57, 1.57]
		}
	}
}