{
	"credit": "Made with Blockbench",
	"textures": {
		"0": "item/fish/64",
		"particle": "item/fish/64"
	},
	"elements": [
		{
			"from": [5.518, 0.876, 5.518],
			"to": [10.336, 2.336, 11.65],
			"rotation": {"angle": 0, "axis": "y", "origin": [5.518, 0, 0.846]},
			"faces": {
				"north": {"uv": [9.1875, 7.5, 13.7375, 9.8875], "texture": "#0"},
				"east": {"uv": [8.5, 7.5, 15.5, 10], "texture": "#0"},
				"south": {"uv": [9.1875, 7.5, 13.7375, 9.8875], "texture": "#0"},
				"west": {"uv": [15, 7.5, 8, 10], "texture": "#0"},
				"up": {"uv": [9.125, 0.375, 15.925, 5.95], "texture": "#0"},
				"down": {"uv": [7.5, 5.75, 0.95, 7.4125], "texture": "#0"}
			}
		},
		{
			"from": [5.956, 0, 5.518],
			"to": [9.898, 0.876, 11.65],
			"rotation": {"angle": 0, "axis": "y", "origin": [5.518, 0, 0.846]},
			"faces": {
				"north": {"uv": [0.1875, 9.3125, 7.6375, 10.975], "texture": "#0"},
				"east": {"uv": [15.5, 13.75, 8.95, 15.4125], "texture": "#0"},
				"south": {"uv": [0.1875, 9.3125, 7.6375, 10.975], "texture": "#0"},
				"west": {"uv": [15.5, 13.75, 8.95, 15.4125], "texture": "#0"},
				"up": {"uv": [0, 0, 2.7, 4.2], "texture": "#missing"},
				"down": {"uv": [0.25, 9, 7.7, 15.45], "texture": "#0"}
			}
		},
		{
			"from": [3.182, 0.584, 6.248],
			"to": [6.394, 0.876, 7.708],
			"rotation": {"angle": 22.5, "axis": "y", "origin": [5.518, 0, 6.686]},
			"faces": {
				"north": {"uv": [12.75, 12.75, 14.325, 13.45], "texture": "#0"},
				"east": {"uv": [0, 0, 1, 0.2], "texture": "#missing"},
				"south": {"uv": [14.325, 12.75, 12.75, 13.45], "texture": "#0"},
				"west": {"uv": [12.75, 12.75, 14.325, 13.45], "texture": "#0"},
				"up": {"uv": [9.375, 10.9375, 14.3875, 12.5], "texture": "#0"},
				"down": {"uv": [4.4375, 12.0625, 6.7, 13.0625], "texture": "#0"}
			}
		},
		{
			"from": [7.562, 0.146, 10.19],
			"to": [9.022, 0.438, 12.234],
			"rotation": {"angle": -22.5, "axis": "y", "origin": [5.518, -0.438, 6.686]},
			"faces": {
				"north": {"uv": [0, 0, 1, 0.2], "texture": "#missing"},
				"east": {"uv": [12.75, 12.75, 14.325, 13.45], "texture": "#0"},
				"south": {"uv": [12.75, 12.75, 14.325, 13.45], "texture": "#0"},
				"west": {"uv": [12.75, 12.75, 14.325, 13.45], "texture": "#0"},
				"up": {"uv": [14.3875, 12.5, 9.375, 10.9375], "texture": "#0"},
				"down": {"uv": [4.4375, 12.0625, 6.7, 13.0625], "texture": "#0"}
			}
		},
		{
			"from": [6.394, 0.146, 12.088],
			"to": [7.854, 0.438, 14.132],
			"rotation": {"angle": 22.5, "axis": "y", "origin": [5.518, -0.438, 6.686]},
			"faces": {
				"north": {"uv": [0, 0, 1, 0.2], "texture": "#missing"},
				"east": {"uv": [12.75, 12.75, 14.325, 13.45], "texture": "#0"},
				"south": {"uv": [12.75, 12.75, 14.325, 13.45], "texture": "#0"},
				"west": {"uv": [12.75, 12.75, 14.325, 13.45], "texture": "#0"},
				"up": {"uv": [9.375, 12.5, 14.3875, 10.9375], "texture": "#0"},
				"down": {"uv": [4.4375, 12.0625, 6.7, 13.0625], "texture": "#0"}
			}
		},
		{
			"from": [11.212, 0.584, 13.548],
			"to": [14.424, 0.876, 15.008],
			"rotation": {"angle": -22.5, "axis": "y", "origin": [28.878, 0, 6.686]},
			"faces": {
				"north": {"uv": [12.75, 12.75, 14.325, 13.45], "texture": "#0"},
				"east": {"uv": [12.75, 12.75, 14.325, 13.45], "texture": "#0"},
				"south": {"uv": [12.75, 12.75, 14.325, 13.45], "texture": "#0"},
				"west": {"uv": [1, 0, 2, 0.2], "texture": "#missing"},
				"up": {"uv": [14.3875, 10.9375, 9.375, 12.5], "texture": "#0"},
				"down": {"uv": [4.4375, 12.0625, 6.7, 13.0625], "texture": "#0"}
			}
		},
		{
			"from": [6.978, 0.438, 3.912],
			"to": [9.022, 2.044, 5.518],
			"rotation": {"angle": 0, "axis": "y", "origin": [5.518, 0, 0.846]},
			"faces": {
				"north": {"uv": [1.25, 3.1875, 3.4125, 4.975], "texture": "#0"},
				"east": {"uv": [11.75, 11.5625, 14.35, 13.475], "texture": "#0"},
				"south": {"uv": [0, 0, 1.4, 1.1], "texture": "#missing"},
				"west": {"uv": [14.35, 11.5625, 11.75, 13.475], "texture": "#0"},
				"up": {"uv": [9.375, 10.9375, 13.5125, 12.5], "texture": "#0"},
				"down": {"uv": [4.4375, 12.0625, 6.7, 13.0625], "texture": "#0"}
			}
		}
	],
	"display": {
		"thirdperson_righthand": {
			"rotation": [81, 94, -79.25],
			"translation": [-7.75, 15, 2],
			"scale": [2, 2, 2]
		},
		"thirdperson_lefthand": {
			"rotation": [81, 94, -79.25],
			"translation": [-7.75, 15, 2],
			"scale": [2, 2, 2]
		},
		"firstperson_righthand": {
			"rotation": [0, 92, 0],
			"translation": [-9.5, 11.25, 3]
		},
		"firstperson_lefthand": {
			"rotation": [0, 92, 0],
			"translation": [-9.5, 11.25, 3.25]
		},
		"ground": {
			"translation": [0, 12.75, 0],
			"scale": [2.07, 2.05, 2.05]
		},
		"gui": {
			"rotation": [25, 145, 9],
			"translation": [1.25, 10, 0],
			"scale": [1.81, 1.81, 1.85]
		},
		"head": {
			"translation": [0, 14.5, 0]
		},
		"fixed": {
			"rotation": [-90, 0, 0],
			"translation": [0.25, -1.75, -24.75],
			"scale": [3, 3, 3]
		}
	}
}