{
	"credit": "Made with Blockbench",
	"textures": {
		"0": "item/fish/caheo",
		"particle": "item/fish/caheo"
	},
	"elements": [
		{
			"from": [-2, 0.47716, 5.0148],
			"to": [0.7, 3.37716, 12.8148],
			"rotation": {"angle": 0, "axis": "y", "origin": [0, 0.37716, 0.0148]},
			"faces": {
				"north": {"uv": [11.575, 0.6875, 15.125, 3.9375], "texture": "#0"},
				"east": {"uv": [10.3, 1.325, 16, 4.7], "texture": "#0"},
				"south": {"uv": [11.825, 0.6875, 13.9125, 3.9375], "texture": "#0"},
				"west": {"uv": [16, 1.325, 10.3, 4.7], "texture": "#0"},
				"up": {"uv": [10.5625, 0, 12.2125, 1.2625], "texture": "#0"},
				"down": {"uv": [11, 6.5, 13.75, 7.9], "texture": "#0"}
			}
		},
		{
			"from": [0, 1.07716, 10.0148],
			"to": [2.1, 1.37716, 11.1148],
			"rotation": {"angle": -22.5, "axis": "z", "origin": [0, 0.37716, 0.0148]},
			"faces": {
				"north": {"uv": [11.575, 0.6875, 15.125, 3.9375], "texture": "#0"},
				"east": {"uv": [10.3, 1.325, 12.4125, 4.7], "texture": "#0"},
				"south": {"uv": [11.825, 0.6875, 13.9125, 3.9375], "texture": "#0"},
				"west": {"uv": [12.4125, 1.325, 10.3, 4.7], "texture": "#0"},
				"up": {"uv": [10.5625, 0, 12.2125, 1.2625], "texture": "#0"},
				"down": {"uv": [11, 6.5, 13.75, 7.9], "texture": "#0"}
			}
		},
		{
			"from": [-3.3, 1.57716, 10.0148],
			"to": [-1.2, 1.87716, 11.1148],
			"rotation": {"angle": 22.5, "axis": "z", "origin": [0, 0.37716, 0.0148]},
			"faces": {
				"north": {"uv": [11.575, 0.6875, 15.125, 3.9375], "texture": "#0"},
				"east": {"uv": [10.3, 1.325, 12.4125, 4.7], "texture": "#0"},
				"south": {"uv": [11.825, 0.6875, 13.9125, 3.9375], "texture": "#0"},
				"west": {"uv": [12.4125, 1.325, 10.3, 4.7], "texture": "#0"},
				"up": {"uv": [10.5625, 0, 12.2125, 1.2625], "texture": "#0"},
				"down": {"uv": [11, 6.5, 13.75, 7.9], "texture": "#0"}
			}
		},
		{
			"from": [-0.7, 3.37716, 6.5148],
			"to": [-0.5, 4.77716, 7.7148],
			"rotation": {"angle": 0, "axis": "y", "origin": [0, 0.37716, 0.0148]},
			"faces": {
				"north": {"uv": [11.575, 0.6875, 15.125, 3.9375], "texture": "#0"},
				"east": {"uv": [13.2375, 0.45, 15.35, 2.6375], "texture": "#0"},
				"south": {"uv": [11.825, 0.6875, 13.9125, 3.9375], "texture": "#0"},
				"west": {"uv": [14.1625, 0.825, 12.05, 4.2], "texture": "#0"},
				"up": {"uv": [10.5625, 0, 12.2125, 1.2625], "texture": "#0"},
				"down": {"uv": [11, 6.5, 13.75, 7.9], "texture": "#0"}
			}
		},
		{
			"from": [-1.4, 0.77716, 1.1148],
			"to": [0.2, 2.47716, 5.7148],
			"rotation": {"angle": 0, "axis": "y", "origin": [0, -0.72284, 0.0148]},
			"faces": {
				"north": {"uv": [11.575, 0.6875, 16, 7.625], "texture": "#0"},
				"east": {"uv": [13.575, 0.5, 15.6875, 7.1875], "texture": "#0"},
				"south": {"uv": [11.575, 0.6875, 15.125, 3.9375], "texture": "#0"},
				"west": {"uv": [11.575, 0.6875, 13.25, 3.9375], "texture": "#0"},
				"up": {"uv": [10.8125, 0.5, 12.4625, 1.7625], "texture": "#0"},
				"down": {"uv": [11, 6.5, 13.75, 7.9], "texture": "#0"}
			}
		},
		{
			"from": [-2.8, 1.67716, -0.0852],
			"to": [1.7, 1.87716, 1.5148],
			"rotation": {"angle": 0, "axis": "y", "origin": [0, -0.72284, 0.0148]},
			"faces": {
				"north": {"uv": [11.575, 0.6875, 16, 7.625], "texture": "#0"},
				"east": {"uv": [13.575, 0.5, 15.6875, 7.1875], "texture": "#0"},
				"south": {"uv": [11.575, 0.6875, 15.125, 3.9375], "texture": "#0"},
				"west": {"uv": [11.575, 0.6875, 13.25, 3.9375], "texture": "#0"},
				"up": {"uv": [10.8125, 0.5, 12.4625, 1.7625], "texture": "#0"},
				"down": {"uv": [11, 6.5, 13.75, 7.9], "texture": "#0"}
			}
		},
		{
			"from": [-1.1, 1.1901, 11.70921],
			"to": [-0.1, 2.0901, 14.40921],
			"rotation": {"angle": 0, "axis": "x", "origin": [-0.6, 3.66135, 11.8795]},
			"faces": {
				"north": {"uv": [14.7, 2.0625, 11.4875, 3.4125], "texture": "#0"},
				"east": {"uv": [14.7, 2.0625, 11.4875, 3.4125], "texture": "#0"},
				"south": {"uv": [14.45, 1.375, 11.2375, 2.725], "texture": "#0"},
				"west": {"uv": [14.7, 2.0625, 11.4875, 3.4125], "texture": "#0"},
				"up": {"uv": [14.7, 2.0625, 11.4875, 3.4125], "texture": "#0"},
				"down": {"uv": [14.7, 2.0625, 11.4875, 3.4125], "texture": "#0"}
			}
		}
	],
	"display": {
		"thirdperson_righthand": {
			"rotation": [-171, -90, -179.86],
			"translation": [-6.5, 11.25, 22.25],
			"scale": [2, 2, 2]
		},
		"thirdperson_lefthand": {
			"rotation": [-171, -90, -179.86],
			"translation": [-6.5, 17, -12.5],
			"scale": [2, 2, 2]
		},
		"firstperson_righthand": {
			"rotation": [-6, -93, 0],
			"translation": [-12, 12, 9.75],
			"scale": [1.87, 1.88, 1.88]
		},
		"firstperson_lefthand": {
			"rotation": [-14, -93, 0],
			"translation": [-8.75, 6.75, -6.75]
		},
		"ground": {
			"translation": [15.75, 14, 2.25],
			"scale": [2, 2, 2]
		},
		"gui": {
			"rotation": [23, -40, 10],
			"translation": [7, 6.25, 0],
			"scale": [1.45, 1.43, 1.45]
		},
		"fixed": {
			"rotation": [-90, 90, 0],
			"translation": [2.75, -34.25, -30.75],
			"scale": [4, 4, 4]
		}
	}
}