{
	"credit": "Made with Blockbench",
	"textures": {
		"0": "item/fish/calongden",
		"particle": "item/fish/calongden"
	},
	"elements": [
		{
			"from": [-0.1, 3.9, 4.2],
			"to": [3.7, 7.9, 6.7],
			"faces": {
				"north": {"uv": [1.1875, 9.4875, 4.275, 4.9375], "texture": "#0"},
				"east": {"uv": [5.1875, 14.7375, 8.275, 10.1875], "texture": "#0"},
				"south": {"uv": [5.1875, 14.7375, 8.275, 10.1875], "texture": "#0"},
				"west": {"uv": [5.1875, 14.7375, 8.275, 10.1875], "texture": "#0"},
				"up": {"uv": [11.8125, 6.7375, 13.4, 5], "texture": "#0"},
				"down": {"uv": [5.1875, 14.7375, 8.275, 10.1875], "texture": "#0"}
			}
		},
		{
			"from": [0.7, 7.9, 4.7],
			"to": [2.9, 8.2, 6.3],
			"faces": {
				"north": {"uv": [11.525, 11.9875, 9.6875, 10.25], "texture": "#0"},
				"east": {"uv": [11.525, 11.9875, 9.6875, 10.25], "texture": "#0"},
				"south": {"uv": [11.525, 11.9875, 9.6875, 10.25], "texture": "#0"},
				"west": {"uv": [11.525, 11.9875, 9.6875, 10.25], "texture": "#0"},
				"up": {"uv": [11.525, 11.9875, 9.6875, 10.25], "texture": "#0"},
				"down": {"uv": [11.525, 11.9875, 9.6875, 10.25], "texture": "#0"}
			}
		},
		{
			"from": [1.6, 7.4, 4.1],
			"to": [2, 8.9, 4.1],
			"rotation": {"angle": -22.5, "axis": "x", "origin": [1.9, 8.4, 3.3]},
			"faces": {
				"north": {"uv": [14.0625, 5.3125, 14.15, 6.55], "rotation": 180, "texture": "#0"},
				"east": {"uv": [14.0625, 5.3125, 14.15, 6.55], "rotation": 180, "texture": "#0"},
				"south": {"uv": [14.0625, 5.3125, 14.15, 6.55], "rotation": 180, "texture": "#0"},
				"west": {"uv": [14.0625, 5.3125, 14.15, 6.55], "rotation": 180, "texture": "#0"},
				"up": {"uv": [14.0625, 5.3125, 14.15, 6.55], "rotation": 180, "texture": "#0"},
				"down": {"uv": [14.0625, 5.3125, 14.15, 6.55], "rotation": 180, "texture": "#0"}
			}
		},
		{
			"from": [1.6, 9.16747, 1.4466],
			"to": [2, 9.16747, 3.8466],
			"rotation": {"angle": 0, "axis": "x", "origin": [1.9, 8.36747, 1.7466]},
			"faces": {
				"north": {"uv": [14.0625, 5.3125, 14.15, 6.55], "texture": "#0"},
				"east": {"uv": [14.0625, 5.3125, 14.15, 6.55], "rotation": 270, "texture": "#0"},
				"south": {"uv": [14.0625, 5.3125, 14.15, 6.55], "rotation": 180, "texture": "#0"},
				"west": {"uv": [14.0625, 5.3125, 14.15, 6.55], "rotation": 90, "texture": "#0"},
				"up": {"uv": [14.0625, 5.3125, 14.15, 6.55], "rotation": 180, "texture": "#0"},
				"down": {"uv": [14.0625, 5.3125, 14.15, 6.55], "texture": "#0"}
			}
		},
		{
			"from": [1.6, 7.53844, 1.00302],
			"to": [2, 8.93844, 1.00302],
			"rotation": {"angle": 22.5, "axis": "x", "origin": [1.9, 7.93844, 1.80302]},
			"faces": {
				"north": {"uv": [14.0625, 5.3125, 14.15, 6.55], "texture": "#0"},
				"east": {"uv": [14.0625, 5.3125, 14.15, 6.55], "texture": "#0"},
				"south": {"uv": [14.0625, 5.3125, 14.15, 6.55], "texture": "#0"},
				"west": {"uv": [14.0625, 5.3125, 14.15, 6.55], "texture": "#0"},
				"up": {"uv": [14.0625, 5.3125, 14.15, 6.55], "rotation": 180, "texture": "#0"},
				"down": {"uv": [14.0625, 5.3125, 14.15, 6.55], "rotation": 180, "texture": "#0"}
			}
		},
		{
			"from": [1.4, 7.53844, 0.60302],
			"to": [2.2, 8.03844, 1.40302],
			"rotation": {"angle": 0, "axis": "x", "origin": [1.9, 7.93844, 1.80302]},
			"faces": {
				"north": {"uv": [10.3125, 8.0625, 11.4, 8.8], "texture": "#0"},
				"east": {"uv": [10.3125, 8.0625, 11.4, 8.8], "texture": "#0"},
				"south": {"uv": [10.3125, 8.0625, 11.4, 8.8], "texture": "#0"},
				"west": {"uv": [10.3125, 8.0625, 11.4, 8.8], "texture": "#0"},
				"up": {"uv": [10.3125, 8.0625, 11.4, 8.8], "texture": "#0"},
				"down": {"uv": [10.3125, 8.0625, 11.4, 8.8], "texture": "#0"}
			}
		},
		{
			"from": [1.7, 6.1, 4.7],
			"to": [1.7, 9.6, 11.2],
			"faces": {
				"north": {"uv": [13.8125, 2.5625, 15.65, 4.3], "texture": "#0"},
				"east": {"uv": [15.65, 2.5625, 13.8125, 4.3], "texture": "#0"},
				"south": {"uv": [13.8125, 2.5625, 15.65, 4.3], "texture": "#0"},
				"west": {"uv": [2.5625, 2.3125, 8.8375, 5.7375], "texture": "#0"},
				"up": {"uv": [13.8125, 2.5625, 15.65, 4.3], "texture": "#0"},
				"down": {"uv": [13.8125, 2.5625, 15.65, 4.3], "texture": "#0"}
			}
		},
		{
			"from": [0.1, 1.9, 6.7],
			"to": [3.5, 7.4, 9],
			"faces": {
				"north": {"uv": [10, 10.5, 11.65, 12.1], "texture": "#0"},
				"east": {"uv": [11.55, 10, 9.5, 15.6], "texture": "#0"},
				"south": {"uv": [9.5, 10, 11.55, 15.6], "texture": "#0"},
				"west": {"uv": [9.5, 10, 11.55, 15.6], "texture": "#0"},
				"up": {"uv": [9.75, 10, 11.4, 11.8], "texture": "#0"},
				"down": {"uv": [9.625, 13.5625, 11.4625, 15.3], "texture": "#0"}
			}
		},
		{
			"from": [-0.2, 1.6, 3.8],
			"to": [3.9, 5.1, 6.7],
			"faces": {
				"north": {"uv": [4.5625, 10.2125, 8.4625, 13.8875], "texture": "#0"},
				"east": {"uv": [4.5625, 10.2125, 8.4625, 13.8875], "texture": "#0"},
				"south": {"uv": [4.5625, 10.2125, 8.4625, 13.8875], "texture": "#0"},
				"west": {"uv": [4.5625, 10.2125, 8.4625, 13.8875], "texture": "#0"},
				"up": {"uv": [4.5625, 10.2125, 8.4625, 13.8875], "texture": "#0"},
				"down": {"uv": [4.5625, 10.2125, 8.4625, 13.8875], "texture": "#0"}
			}
		},
		{
			"from": [1.1, 2.6, 8.9],
			"to": [2.4, 6.6, 11.4],
			"faces": {
				"north": {"uv": [0, 0, 1.3, 3.5], "texture": "#missing"},
				"east": {"uv": [11.5, 10.75, 9.5, 13.375], "texture": "#0"},
				"south": {"uv": [9.5, 10, 11.55, 15.6], "texture": "#0"},
				"west": {"uv": [10, 10.75, 11.5, 13.375], "texture": "#0"},
				"up": {"uv": [9.75, 10, 11.4, 11.8], "texture": "#0"},
				"down": {"uv": [9.625, 13.5625, 11.4625, 15.3], "texture": "#0"}
			}
		},
		{
			"from": [1.8, 3.1, 11.3],
			"to": [1.8, 6.6, 13.4],
			"faces": {
				"north": {"uv": [1.25, 12.75, 3.25, 15.35], "texture": "#0"},
				"east": {"uv": [3.25, 12.75, 1.25, 15.35], "texture": "#0"},
				"south": {"uv": [1.25, 12.75, 3.25, 15.35], "texture": "#0"},
				"west": {"uv": [1.25, 11.9375, 3.25, 15.35], "texture": "#0"},
				"up": {"uv": [1.25, 12.75, 3.25, 15.35], "texture": "#0"},
				"down": {"uv": [1.25, 12.75, 3.25, 15.35], "texture": "#0"}
			}
		}
	],
	"display": {
		"thirdperson_righthand": {
			"rotation": [78, 0, 0],
			"translation": [5.5, 0.5, 2.25],
			"scale": [0.91, 0.92, 0.92]
		},
		"thirdperson_lefthand": {
			"rotation": [78, 0, 0],
			"translation": [-5.75, 0.5, 2.25],
			"scale": [0.91, 0.92, 0.92]
		},
		"firstperson_righthand": {
			"rotation": [0, 90, 0],
			"translation": [0.5, 4.5, -5.25]
		},
		"firstperson_lefthand": {
			"rotation": [0, 90, 0],
			"translation": [0, 4.75, 8.75]
		},
		"ground": {
			"translation": [7.5, 5.5, 0.75],
			"scale": [1.25, 1.28, 1.3]
		},
		"gui": {
			"rotation": [2, 119, 8],
			"translation": [-2.75, 5.5, 0],
			"scale": [1.5, 1.5, 1.52]
		},
		"head": {
			"translation": [-6.5, 0, 0]
		},
		"fixed": {
			"rotation": [-90, 90, 0],
			"translation": [1.75, -10, -9.5],
			"scale": [1.65, 1.65, 1.67]
		}
	}
}