{"textures":{"0":"modelengine:entity/luat"},"elements":[{"name":"left_sleve","from":[7.25,3.9499998,6.05],"to":[9.35,7.85,8.75],"rotation":{"angle":0.0,"axis":"x","origin":[11.6,-3.1000004,7.4]},"faces":{"down":{"uv":[14.5,12.0,13.75,13.0],"rotation":0,"texture":"#0","tintindex":0},"east":{"uv":[12.0,14.5,13.0,16.0],"rotation":0,"texture":"#0","tintindex":0},"north":{"uv":[13.0,14.5,13.75,16.0],"rotation":0,"texture":"#0","tintindex":0},"south":{"uv":[14.75,14.5,15.5,16.0],"rotation":0,"texture":"#0","tintindex":0},"up":{"uv":[15.25,13.0,14.5,12.0],"rotation":0,"texture":"#0","tintindex":0},"west":{"uv":[13.75,14.5,14.75,16.0],"rotation":0,"texture":"#0","tintindex":0}}},{"name":"left_arm","from":[7.4,4.3999996,6.2],"to":[9.2,8.0,8.6],"rotation":{"angle":0.0,"axis":"x","origin":[11.6,-2.8000002,7.4]},"faces":{"down":{"uv":[10.5,12.0,9.75,13.0],"rotation":0,"texture":"#0","tintindex":0},"east":{"uv":[8.0,14.5,9.0,16.0],"rotation":0,"texture":"#0","tintindex":0},"north":{"uv":[9.0,14.5,9.75,16.0],"rotation":0,"texture":"#0","tintindex":0},"south":{"uv":[10.75,14.5,11.5,16.0],"rotation":0,"texture":"#0","tintindex":0},"up":{"uv":[9.75,13.0,9.0,12.0],"rotation":0,"texture":"#0","tintindex":0},"west":{"uv":[9.75,14.5,10.75,16.0],"rotation":0,"texture":"#0","tintindex":0}}}],"display":{"head":{"translation":[0.0,-6.4,0.0],"rotation":[0.0,0.0,0.0],"scale":[3.8095,3.8095,3.8095]}}}