{
	"credit": "Made with Blockbench",
	"textures": {
		"0": "item/fish/cangunho",
		"particle": "item/fish/cangunho"
	},
	"elements": [
		{
			"from": [-3.1, 0.2, 0.2],
			"to": [10.6, 2.4, 1.4],
			"faces": {
				"north": {"uv": [9.5, 1.5, 14.5, 3.15], "texture": "#0"},
				"east": {"uv": [9.5, 1.5, 14.5, 3.15], "texture": "#0"},
				"south": {"uv": [9.5, 1.5, 14.5, 3.15], "texture": "#0"},
				"west": {"uv": [9.5, 1.5, 14.5, 3.15], "texture": "#0"},
				"up": {"uv": [9.625, 1, 12.75, 2.1875], "texture": "#0"},
				"down": {"uv": [9.6875, 3.25, 12.25, 5.8125], "texture": "#0"}
			}
		},
		{
			"from": [9.1, 1.6, 0.1],
			"to": [9.7, 2.2, 1.5],
			"faces": {
				"north": {"uv": [1.875, 1.6875, 3.2375, 2.9625], "texture": "#0"},
				"east": {"uv": [1.875, 1.6875, 3.2375, 2.9625], "texture": "#0"},
				"south": {"uv": [1.875, 1.6875, 3.2375, 2.9625], "texture": "#0"},
				"west": {"uv": [1.875, 1.6875, 3.2375, 2.9625], "texture": "#0"},
				"up": {"uv": [1.875, 1.6875, 3.2375, 2.9625], "texture": "#0"},
				"down": {"uv": [1.875, 1.6875, 3.2375, 2.9625], "texture": "#0"}
			}
		},
		{
			"from": [-1.6, -0.2, -0.2],
			"to": [8.9, 3.3, 1.8],
			"faces": {
				"north": {"uv": [9.6875, 1.125, 14.4375, 5.8125], "texture": "#0"},
				"east": {"uv": [9.6875, 1.125, 14.4375, 5.8125], "texture": "#0"},
				"south": {"uv": [9.6875, 1.125, 14.4375, 5.8125], "texture": "#0"},
				"west": {"uv": [9.6875, 1.125, 14.4375, 5.8125], "texture": "#0"},
				"up": {"uv": [9.6875, 1.3125, 11.875, 1.875], "texture": "#0"},
				"down": {"uv": [9.6875, 3.75, 14.4375, 5.8125], "texture": "#0"}
			}
		},
		{
			"from": [-7.4, -0.8, 0.9],
			"to": [-3, 3.6, 0.9],
			"faces": {
				"north": {"uv": [6.0625, 10.875, 11.8125, 15.75], "texture": "#0"},
				"east": {"uv": [6.0625, 10.875, 11.8125, 15.75], "texture": "#0"},
				"south": {"uv": [11.8125, 10.875, 6.0625, 15.75], "texture": "#0"},
				"west": {"uv": [6.0625, 10.875, 11.8125, 15.75], "texture": "#0"},
				"up": {"uv": [6.0625, 10.875, 11.8125, 15.75], "texture": "#0"},
				"down": {"uv": [6.0625, 10.875, 11.8125, 15.75], "texture": "#0"}
			}
		},
		{
			"from": [1.3, 3, 0.8],
			"to": [6.7, 5.9, 0.8],
			"faces": {
				"north": {"uv": [0.625, 8.4375, 5.3625, 11.2125], "texture": "#0"},
				"east": {"uv": [0.625, 8.4375, 5.3625, 11.2125], "texture": "#0"},
				"south": {"uv": [5.3625, 8.4375, 0.625, 11.2125], "texture": "#0"},
				"west": {"uv": [0.625, 8.4375, 5.3625, 11.2125], "texture": "#0"},
				"up": {"uv": [0.625, 8.4375, 5.3625, 11.2125], "texture": "#0"},
				"down": {"uv": [0.625, 8.4375, 5.3625, 11.2125], "texture": "#0"}
			}
		},
		{
			"from": [4.9, 0.7, -3.2],
			"to": [7.9, 1.8, -3.2],
			"rotation": {"angle": -22.5, "axis": "y", "origin": [0, 0, 0]},
			"faces": {
				"north": {"uv": [1, 5.875, 4.4875, 7.775], "texture": "#0"},
				"east": {"uv": [1, 5.875, 4.4875, 7.775], "texture": "#0"},
				"south": {"uv": [1, 5.875, 4.4875, 7.775], "texture": "#0"},
				"west": {"uv": [1, 5.875, 4.4875, 7.775], "texture": "#0"},
				"up": {"uv": [1, 5.875, 4.4875, 7.775], "texture": "#0"},
				"down": {"uv": [1, 5.875, 4.4875, 7.775], "texture": "#0"}
			}
		},
		{
			"from": [4.4, 0.7, 4.7],
			"to": [7.1, 1.8, 4.7],
			"rotation": {"angle": 22.5, "axis": "y", "origin": [0, 0, 0]},
			"faces": {
				"north": {"uv": [11.75, 3.375, 15.9875, 7.3375], "texture": "#0"},
				"east": {"uv": [11.75, 3.375, 15.9875, 7.3375], "texture": "#0"},
				"south": {"uv": [4.4875, 5.875, 1, 7.775], "texture": "#0"},
				"west": {"uv": [11.75, 3.375, 15.9875, 7.3375], "texture": "#0"},
				"up": {"uv": [11.75, 3.375, 15.9875, 7.3375], "texture": "#0"},
				"down": {"uv": [11.75, 3.375, 15.9875, 7.3375], "texture": "#0"}
			}
		},
		{
			"from": [-0.3, -1.7, 0.8],
			"to": [4.2, 0.4, 0.8],
			"faces": {
				"north": {"uv": [6.1875, 7.4375, 10.8, 10.65], "texture": "#0"},
				"east": {"uv": [6.1875, 7.4375, 10.8, 10.65], "texture": "#0"},
				"south": {"uv": [10.8, 7.4375, 6.1875, 10.65], "texture": "#0"},
				"west": {"uv": [6.1875, 7.4375, 10.8, 10.65], "texture": "#0"},
				"up": {"uv": [6.1875, 7.4375, 10.8, 10.65], "texture": "#0"},
				"down": {"uv": [6.1875, 7.4375, 10.8, 10.65], "texture": "#0"}
			}
		}
	],
	"display": {
		"thirdperson_righthand": {
			"translation": [4.75, 5, 6]
		},
		"thirdperson_lefthand": {
			"translation": [-4.75, 5.25, 6.5]
		},
		"firstperson_righthand": {
			"rotation": [0, -180, 0],
			"translation": [-6, 8.25, -6]
		},
		"firstperson_lefthand": {
			"translation": [-4, 7.25, 6.75]
		},
		"ground": {
			"translation": [4.5, 5, 7.5]
		},
		"gui": {
			"rotation": [0, 0, -43],
			"translation": [10.5, 1.25, 0],
			"scale": [1.01, 1.21, 1.23]
		},
		"head": {
			"translation": [4.75, 14.75, 4.25]
		},
		"fixed": {
			"translation": [7.5, 10.5, 8.75],
			"scale": [1.45, 1.5, 1.5]
		}
	}
}