{
	"credit": "Made with Blockbench",
	"textures": {
		"0": "item/fish/cado",
		"particle": "item/fish/cado"
	},
	"elements": [
		{
			"from": [5.1, 8.7, 0.6],
			"to": [6, 10.2, 2.1],
			"faces": {
				"north": {"uv": [11.7125, 12.5, 10, 14.875], "texture": "#0"},
				"east": {"uv": [0, 0, 1.5, 1.5], "texture": "#missing"},
				"south": {"uv": [10, 12.5, 11.7125, 14.875], "texture": "#0"},
				"west": {"uv": [11.25, 13.75, 12.75, 15.25], "texture": "#0"},
				"up": {"uv": [5.625, 3.25, 6.275, 4.5], "texture": "#0"},
				"down": {"uv": [11.75, 15.375, 13.9625, 16], "texture": "#0"}
			}
		},
		{
			"from": [5.2, 9.5, 0.5],
			"to": [5.8, 10.1, 2.2],
			"faces": {
				"north": {"uv": [13.7625, 10.6875, 11.375, 13.85], "texture": "#0"},
				"east": {"uv": [12.1875, 12.875, 12.85, 13.475], "texture": "#0"},
				"south": {"uv": [11.375, 10.6875, 13.7625, 13.85], "texture": "#0"},
				"west": {"uv": [12.1875, 12.875, 12.85, 13.475], "texture": "#0"},
				"up": {"uv": [12.1875, 12.875, 12.85, 13.475], "texture": "#0"},
				"down": {"uv": [12.1875, 12.875, 12.85, 13.475], "texture": "#0"}
			}
		},
		{
			"from": [6, 8.3, 0],
			"to": [6.9, 11, 2.8],
			"faces": {
				"north": {"uv": [14.25, 10.5, 15.75, 14.05], "texture": "#0"},
				"east": {"uv": [14.25, 10.5, 15.75, 14.05], "texture": "#0"},
				"south": {"uv": [14.25, 10.5, 15.75, 14.05], "texture": "#0"},
				"west": {"uv": [14.25, 10.5, 15.75, 14.05], "texture": "#0"},
				"up": {"uv": [14.25, 10.5, 15.75, 14.05], "texture": "#0"},
				"down": {"uv": [14.25, 10.5, 15.75, 14.05], "texture": "#0"}
			}
		},
		{
			"from": [6.9, 7.9, -0.3],
			"to": [8.6, 11.4, 3],
			"faces": {
				"north": {"uv": [5.5, 0.75, 7.45, 4.4375], "texture": "#0"},
				"east": {"uv": [5.5, 0.75, 7.45, 4.4375], "texture": "#0"},
				"south": {"uv": [5.5, 0.75, 7.45, 4.4375], "texture": "#0"},
				"west": {"uv": [5.5, 0.75, 7.45, 4.4375], "texture": "#0"},
				"up": {"uv": [5.5, 0.75, 7.45, 4.4375], "texture": "#0"},
				"down": {"uv": [5.5, 0.75, 7.45, 4.4375], "texture": "#0"}
			}
		},
		{
			"from": [5.93191, 8.3, 3.54232],
			"to": [8.83191, 10.5, 3.54232],
			"rotation": {"angle": -22.5, "axis": "y", "origin": [7.83191, 11, 3.34232]},
			"faces": {
				"north": {"uv": [6.9375, 7.3125, 0, 16], "texture": "#0"},
				"east": {"uv": [0, 7.3125, 6.8875, 16], "texture": "#0"},
				"south": {"uv": [0, 7.3125, 6.8875, 16], "texture": "#0"},
				"west": {"uv": [0, 7.3125, 6.8875, 16], "texture": "#0"},
				"up": {"uv": [0, 7.3125, 6.8875, 16], "texture": "#0"},
				"down": {"uv": [0, 7.3125, 6.8875, 16], "texture": "#0"}
			}
		},
		{
			"from": [10.75372, 8.5, -1.70144],
			"to": [13.75372, 10.4, -1.70144],
			"rotation": {"angle": 22.5, "axis": "y", "origin": [12.65372, 11.3, 11.09856]},
			"faces": {
				"north": {"uv": [6.8875, 7.3125, 0, 16], "texture": "#0"},
				"east": {"uv": [6.8875, 7.3125, 0, 16], "texture": "#0"},
				"south": {"uv": [0, 7.3125, 6.875, 16], "texture": "#0"},
				"west": {"uv": [6.8875, 7.3125, 0, 16], "texture": "#0"},
				"up": {"uv": [6.8875, 7.3125, 0, 16], "texture": "#0"},
				"down": {"uv": [6.8875, 7.3125, 0, 16], "texture": "#0"}
			}
		},
		{
			"from": [6.7, 10.4, 1.2],
			"to": [10.2, 14.7, 1.2],
			"rotation": {"angle": -22.5, "axis": "z", "origin": [6.7, 12, 0]},
			"faces": {
				"north": {"uv": [6.9375, 12.375, 3.0625, 7.2125], "texture": "#0"},
				"east": {"uv": [3.0625, 12.4, 7.0625, 7.25], "texture": "#0"},
				"south": {"uv": [3.0625, 12.4, 6.9375, 7.25], "texture": "#0"},
				"west": {"uv": [3.0625, 12.4, 6.9375, 7.25], "texture": "#0"},
				"up": {"uv": [3.0625, 12.4, 6.9375, 7.25], "texture": "#0"},
				"down": {"uv": [3.0625, 12.4, 6.9375, 7.25], "texture": "#0"}
			}
		},
		{
			"from": [7.9, 6, 1.4],
			"to": [13, 8.4, 1.4],
			"rotation": {"angle": 22.5, "axis": "z", "origin": [7.5, 4, 0]},
			"faces": {
				"north": {"uv": [6.9375, 12.4, 3.0625, 7.25], "rotation": 270, "texture": "#0"},
				"east": {"uv": [6.9375, 7.25, 3.0625, 12.4], "rotation": 270, "texture": "#0"},
				"south": {"uv": [6.9375, 7.25, 3.0625, 12.4], "rotation": 270, "texture": "#0"},
				"west": {"uv": [6.9375, 7.25, 3.0625, 12.4], "rotation": 270, "texture": "#0"},
				"up": {"uv": [6.9375, 7.25, 3.0625, 12.4], "rotation": 270, "texture": "#0"},
				"down": {"uv": [6.9375, 7.25, 3.0625, 12.4], "rotation": 270, "texture": "#0"}
			}
		},
		{
			"from": [8.6, 8.2, -0.1],
			"to": [9.8, 11.1, 2.8],
			"faces": {
				"north": {"uv": [7.25, 1.75, 9.7625, 5.9625], "texture": "#0"},
				"east": {"uv": [7.25, 1.75, 9.7625, 5.9625], "texture": "#0"},
				"south": {"uv": [7.25, 1.75, 9.7625, 5.9625], "texture": "#0"},
				"west": {"uv": [7.25, 1.75, 9.7625, 5.9625], "texture": "#0"},
				"up": {"uv": [7.25, 1.75, 9.7625, 5.9625], "texture": "#0"},
				"down": {"uv": [7.25, 1.75, 9.7625, 5.9625], "texture": "#0"}
			}
		},
		{
			"from": [9.8, 8.8, 0.4],
			"to": [10.8, 10.5, 2.2],
			"faces": {
				"north": {"uv": [0.75, 8.5, 1.75, 10.2], "texture": "#0"},
				"east": {"uv": [0.75, 8.5, 1.75, 10.2], "texture": "#0"},
				"south": {"uv": [0.75, 8.5, 1.75, 10.2], "texture": "#0"},
				"west": {"uv": [0.75, 8.5, 1.75, 10.2], "texture": "#0"},
				"up": {"uv": [0.75, 8.5, 1.75, 10.2], "texture": "#0"},
				"down": {"uv": [0.75, 8.5, 1.75, 10.2], "texture": "#0"}
			}
		},
		{
			"from": [10.8, 9.2, 0.8],
			"to": [11.3, 10, 1.7],
			"faces": {
				"north": {"uv": [2.25, 9.25, 2.75, 10.05], "texture": "#0"},
				"east": {"uv": [2.25, 9.25, 2.75, 10.05], "texture": "#0"},
				"south": {"uv": [2.25, 9.25, 2.75, 10.05], "texture": "#0"},
				"west": {"uv": [2.25, 9.25, 2.75, 10.05], "texture": "#0"},
				"up": {"uv": [2.25, 9.25, 2.75, 10.05], "texture": "#0"},
				"down": {"uv": [2.25, 9.25, 2.75, 10.05], "texture": "#0"}
			}
		},
		{
			"from": [12.71313, 5.86447, 0.94768],
			"to": [13.7713, 7.18274, 1.26672],
			"rotation": {"angle": 45, "axis": "z", "origin": [9.99334, 6.19059, 5.00768]},
			"faces": {
				"north": {"uv": [0.35, 10.05, 1.75, 11.85], "texture": "#0"},
				"east": {"uv": [0.35, 10.05, 1.75, 11.85], "texture": "#0"},
				"south": {"uv": [0.35, 10.05, 1.75, 11.85], "texture": "#0"},
				"west": {"uv": [0.35, 10.05, 1.75, 11.85], "texture": "#0"},
				"up": {"uv": [0.35, 10.05, 1.75, 11.85], "texture": "#0"},
				"down": {"uv": [0.35, 10.05, 1.75, 11.85], "texture": "#0"}
			}
		},
		{
			"from": [12.93284, 7.18274, 0.94768],
			"to": [13.5915, 7.98178, 1.26672],
			"rotation": {"angle": 45, "axis": "z", "origin": [9.99334, 6.19059, 5.00768]},
			"faces": {
				"north": {"uv": [1.35, 12, 2.25, 13], "rotation": 180, "texture": "#0"},
				"east": {"uv": [1.35, 12, 2.25, 13], "rotation": 180, "texture": "#0"},
				"south": {"uv": [1.35, 12, 2.25, 13], "rotation": 180, "texture": "#0"},
				"west": {"uv": [1.35, 12, 2.25, 13], "rotation": 180, "texture": "#0"},
				"up": {"uv": [1.35, 12, 2.25, 13], "rotation": 180, "texture": "#0"},
				"down": {"uv": [1.35, 12, 2.25, 13], "rotation": 180, "texture": "#0"}
			}
		},
		{
			"from": [13.55503, 7.38571, 0.94768],
			"to": [15.0733, 8.14389, 1.26672],
			"rotation": {"angle": 45, "axis": "z", "origin": [9.99334, 6.19059, 5.00768]},
			"faces": {
				"north": {"uv": [0.35, 8.5, 1.75, 10.3], "rotation": 90, "texture": "#0"},
				"east": {"uv": [0.35, 8.5, 1.75, 10.3], "rotation": 90, "texture": "#0"},
				"south": {"uv": [0.35, 8.5, 1.75, 10.3], "rotation": 90, "texture": "#0"},
				"west": {"uv": [0.35, 8.5, 1.75, 10.3], "rotation": 90, "texture": "#0"},
				"up": {"uv": [0.35, 8.5, 1.75, 10.3], "rotation": 90, "texture": "#0"},
				"down": {"uv": [0.35, 8.5, 1.75, 10.3], "rotation": 90, "texture": "#0"}
			}
		}
	],
	"display": {
		"thirdperson_righthand": {
			"translation": [0, -3.5, 5.25]
		},
		"thirdperson_lefthand": {
			"translation": [0, -3.5, 5]
		},
		"firstperson_righthand": {
			"translation": [2.75, -0.5, 6.5]
		},
		"firstperson_lefthand": {
			"rotation": [0, -180, 0],
			"translation": [3.25, -1.25, -7.25]
		},
		"ground": {
			"translation": [-0.25, -3.5, 6.75]
		},
		"gui": {
			"translation": [-1.75, -4, 0],
			"scale": [1.96, 1.96, 1.94]
		},
		"head": {
			"translation": [-0.75, 6.5, 8]
		},
		"fixed": {
			"translation": [-1.25, -2.75, 4.5],
			"scale": [1.45703, 1.47852, 1]
		}
	}
}