{"textures":{"0":"modelengine:entity/gacha_d","1":"modelengine:entity/normal_gacha_ball","2":"modelengine:entity/golden_ball_gacha","3":"modelengine:entity/lever","4":"modelengine:entity/gacha_aa"},"elements":[{"name":"cube","from":[5.3,5.3,8.0],"to":[10.700001,10.700001,8.0],"rotation":{"angle":0.0,"axis":"x","origin":[10.1,10.1,8.0]},"faces":{"down":{"uv":[4.5,0.0,0.0,0.0],"rotation":0,"texture":"#1","tintindex":0},"east":{"uv":[0.0,0.0,0.0,4.5],"rotation":0,"texture":"#1","tintindex":0},"north":{"uv":[0.0,0.0,4.5,4.5],"rotation":0,"texture":"#1","tintindex":0},"south":{"uv":[4.5,0.0,0.0,4.5],"rotation":0,"texture":"#1","tintindex":0},"up":{"uv":[4.5,0.0,0.0,0.0],"rotation":0,"texture":"#1","tintindex":0},"west":{"uv":[0.0,0.0,0.0,4.5],"rotation":0,"texture":"#1","tintindex":0}}}],"display":{"head":{"translation":[0.0,-6.4,0.0],"rotation":[0.0,0.0,0.0],"scale":[3.8095,3.8095,3.8095]}}}