{"textures":{"0":"modelengine:entity/gacha_d","1":"modelengine:entity/normal_gacha_ball","2":"modelengine:entity/golden_ball_gacha","3":"modelengine:entity/lever","4":"modelengine:entity/gacha_aa"},"elements":[{"name":"cube","from":[12.8,-7.6000004,-1.0000005],"to":[21.8,5.0,17.6],"rotation":{"angle":0.0,"axis":"x","origin":[8.0,-7.6000004,12.8]},"faces":{"down":{"uv":[3.6875,9.875,2.75,11.8125],"rotation":0,"texture":"#0","tintindex":0},"east":{"uv":[1.8125,7.125,3.75,8.4375],"rotation":0,"texture":"#0","tintindex":0},"north":{"uv":[4.625,10.625,5.5625,11.9375],"rotation":0,"texture":"#0","tintindex":0},"south":{"uv":[5.5625,10.625,6.5,11.9375],"rotation":0,"texture":"#0","tintindex":0},"up":{"uv":[0.9375,11.6875,0.0,9.75],"rotation":0,"texture":"#0","tintindex":0},"west":{"uv":[7.125,3.375,9.0625,4.6875],"rotation":0,"texture":"#0","tintindex":0}}},{"name":"cube","from":[3.7999997,-7.000001,13.400001],"to":[12.2,4.3999996,18.2],"rotation":{"angle":0.0,"axis":"x","origin":[8.0,-7.6000004,12.8]},"faces":{"down":{"uv":[11.0,1.0,9.25,2.0],"rotation":0,"texture":"#4","tintindex":0},"east":{"uv":[1.75,7.75,2.75,10.125],"rotation":0,"texture":"#4","tintindex":0},"north":{"uv":[7.5,7.25,9.25,9.625],"rotation":0,"texture":"#4","tintindex":0},"south":{"uv":[0.0,7.75,1.75,10.125],"rotation":0,"texture":"#4","tintindex":0},"up":{"uv":[11.0,1.0,9.25,0.0],"rotation":0,"texture":"#4","tintindex":0},"west":{"uv":[2.75,7.75,3.75,10.125],"rotation":0,"texture":"#4","tintindex":0}}},{"name":"cube","from":[3.7999997,-7.6000004,-1.6000004],"to":[12.2,-5.8,15.8],"rotation":{"angle":-22.5,"axis":"x","origin":[8.0,-7.6000004,-2.2000003]},"faces":{"down":{"uv":[9.25,3.625,7.5,7.25],"rotation":0,"texture":"#4","tintindex":0},"east":{"uv":[9.25,4.0,12.875,4.375],"rotation":0,"texture":"#4","tintindex":0},"north":{"uv":[9.25,6.75,11.0,7.125],"rotation":0,"texture":"#4","tintindex":0},"south":{"uv":[9.25,7.125,11.0,7.5],"rotation":0,"texture":"#4","tintindex":0},"up":{"uv":[9.25,3.625,7.5,0.0],"rotation":0,"texture":"#4","tintindex":0},"west":{"uv":[9.25,4.375,12.875,4.75],"rotation":0,"texture":"#4","tintindex":0}}},{"name":"cube","from":[11.6,-5.8,-1.6000004],"to":[12.2,-4.0000005,16.400002],"rotation":{"angle":-22.5,"axis":"x","origin":[8.0,-7.6000004,-2.2000003]},"faces":{"down":{"uv":[6.5,7.75,6.375,11.5],"rotation":0,"texture":"#4","tintindex":0},"east":{"uv":[9.25,2.0,13.0,2.375],"rotation":0,"texture":"#4","tintindex":0},"north":{"uv":[7.375,7.75,7.5,8.125],"rotation":0,"texture":"#4","tintindex":0},"south":{"uv":[7.375,8.125,7.5,8.5],"rotation":0,"texture":"#4","tintindex":0},"up":{"uv":[6.375,11.5,6.25,7.75],"rotation":0,"texture":"#4","tintindex":0},"west":{"uv":[9.25,2.375,13.0,2.75],"rotation":0,"texture":"#4","tintindex":0}}},{"name":"cube","from":[3.7999997,-5.8,-1.6000004],"to":[4.3999996,-4.0000005,16.400002],"rotation":{"angle":-22.5,"axis":"x","origin":[8.0,-7.6000004,-2.2000003]},"faces":{"down":{"uv":[6.75,7.75,6.625,11.5],"rotation":0,"texture":"#4","tintindex":0},"east":{"uv":[9.25,2.75,13.0,3.125],"rotation":0,"texture":"#4","tintindex":0},"north":{"uv":[7.375,8.5,7.5,8.875],"rotation":0,"texture":"#4","tintindex":0},"south":{"uv":[6.75,8.75,6.875,9.125],"rotation":0,"texture":"#4","tintindex":0},"up":{"uv":[6.625,11.5,6.5,7.75],"rotation":0,"texture":"#4","tintindex":0},"west":{"uv":[9.25,3.125,13.0,3.5],"rotation":0,"texture":"#4","tintindex":0}}},{"name":"cube","from":[-5.200001,5.0,-1.6000004],"to":[21.2,6.2,17.0],"rotation":{"angle":0.0,"axis":"x","origin":[8.0,-7.6000004,12.8]},"faces":{"down":{"uv":[5.5,3.875,0.0,7.75],"rotation":0,"texture":"#4","tintindex":0},"east":{"uv":[9.25,5.25,13.125,5.5],"rotation":0,"texture":"#4","tintindex":0},"north":{"uv":[9.25,3.5,14.75,3.75],"rotation":0,"texture":"#4","tintindex":0},"south":{"uv":[9.25,3.75,14.75,4.0],"rotation":0,"texture":"#4","tintindex":0},"up":{"uv":[5.5,3.875,0.0,0.0],"rotation":0,"texture":"#4","tintindex":0},"west":{"uv":[9.25,5.5,13.125,5.75],"rotation":0,"texture":"#4","tintindex":0}}},{"name":"cube","from":[-4.0000005,6.2,-0.40000033],"to":[-1.6000004,22.400002,17.0],"rotation":{"angle":0.0,"axis":"x","origin":[8.6,-6.4000006,12.8]},"faces":{"down":{"uv":[8.9375,11.625,8.6875,13.4375],"rotation":0,"texture":"#0","tintindex":0},"east":{"uv":[5.5,1.6875,7.3125,3.375],"rotation":0,"texture":"#0","tintindex":0},"north":{"uv":[9.4375,11.625,9.6875,13.3125],"rotation":0,"texture":"#0","tintindex":0},"south":{"uv":[9.6875,11.625,9.9375,13.3125],"rotation":0,"texture":"#0","tintindex":0},"up":{"uv":[9.5,3.0,9.25,1.1875],"rotation":0,"texture":"#0","tintindex":0},"west":{"uv":[0.0,5.6875,1.8125,7.375],"rotation":0,"texture":"#0","tintindex":0}}},{"name":"cube","from":[17.6,6.2,-0.40000033],"to":[20.0,22.400002,17.0],"rotation":{"angle":0.0,"axis":"x","origin":[7.4,-6.4000006,12.8]},"faces":{"down":{"uv":[9.4375,11.625,9.1875,13.4375],"rotation":0,"texture":"#0","tintindex":0},"east":{"uv":[4.375,7.0,6.1875,8.6875],"rotation":0,"texture":"#0","tintindex":0},"north":{"uv":[9.9375,11.625,10.1875,13.3125],"rotation":0,"texture":"#0","tintindex":0},"south":{"uv":[0.0,11.6875,0.25,13.375],"rotation":0,"texture":"#0","tintindex":0},"up":{"uv":[9.1875,13.4375,8.9375,11.625],"rotation":0,"texture":"#0","tintindex":0},"west":{"uv":[6.1875,7.0,8.0,8.6875],"rotation":0,"texture":"#0","tintindex":0}}},{"name":"cube","from":[-4.0000005,6.2,-1.0000005],"to":[0.19999981,8.0,0.19999981],"rotation":{"angle":0.0,"axis":"x","origin":[8.0,-6.4000006,12.8]},"faces":{"down":{"uv":[4.1875,7.625,3.75,7.75],"rotation":0,"texture":"#0","tintindex":0},"east":{"uv":[2.375,5.125,2.5,5.3125],"rotation":0,"texture":"#0","tintindex":0},"north":{"uv":[6.375,3.375,6.8125,3.5625],"rotation":0,"texture":"#0","tintindex":0},"south":{"uv":[4.375,6.625,4.8125,6.8125],"rotation":0,"texture":"#0","tintindex":0},"up":{"uv":[4.1875,7.625,3.75,7.5],"rotation":0,"texture":"#0","tintindex":0},"west":{"uv":[2.5,5.125,2.625,5.3125],"rotation":0,"texture":"#0","tintindex":0}}},{"name":"cube","from":[15.8,6.2,-1.0000005],"to":[20.0,8.0,0.19999981],"rotation":{"angle":0.0,"axis":"x","origin":[8.0,-6.4000006,12.8]},"faces":{"down":{"uv":[4.1875,7.875,3.75,8.0],"rotation":0,"texture":"#0","tintindex":0},"east":{"uv":[2.625,5.125,2.75,5.3125],"rotation":0,"texture":"#0","tintindex":0},"north":{"uv":[4.375,6.8125,4.8125,7.0],"rotation":0,"texture":"#0","tintindex":0},"south":{"uv":[1.8125,6.875,2.25,7.0625],"rotation":0,"texture":"#0","tintindex":0},"up":{"uv":[4.1875,7.875,3.75,7.75],"rotation":0,"texture":"#0","tintindex":0},"west":{"uv":[4.875,5.4375,5.0,5.625],"rotation":0,"texture":"#0","tintindex":0}}},{"name":"cube","from":[15.8,6.2,16.400002],"to":[20.0,8.0,17.6],"rotation":{"angle":0.0,"axis":"x","origin":[8.0,-6.4000006,3.7999997]},"faces":{"down":{"uv":[8.375,1.4375,7.9375,1.5625],"rotation":0,"texture":"#0","tintindex":0},"east":{"uv":[5.0,5.4375,5.125,5.625],"rotation":0,"texture":"#0","tintindex":0},"north":{"uv":[3.75,7.125,4.1875,7.3125],"rotation":0,"texture":"#0","tintindex":0},"south":{"uv":[3.75,7.3125,4.1875,7.5],"rotation":0,"texture":"#0","tintindex":0},"up":{"uv":[8.375,1.4375,7.9375,1.3125],"rotation":0,"texture":"#0","tintindex":0},"west":{"uv":[4.875,5.625,5.0,5.8125],"rotation":0,"texture":"#0","tintindex":0}}},{"name":"cube","from":[-4.0000005,6.2,16.400002],"to":[0.19999981,8.0,17.6],"rotation":{"angle":0.0,"axis":"x","origin":[8.0,-6.4000006,3.7999997]},"faces":{"down":{"uv":[4.1875,8.0,3.75,8.125],"rotation":0,"texture":"#0","tintindex":0},"east":{"uv":[5.0,5.625,5.125,5.8125],"rotation":0,"texture":"#0","tintindex":0},"north":{"uv":[7.5,1.3125,7.9375,1.5],"rotation":0,"texture":"#0","tintindex":0},"south":{"uv":[7.5,1.5,7.9375,1.6875],"rotation":0,"texture":"#0","tintindex":0},"up":{"uv":[8.375,1.6875,7.9375,1.5625],"rotation":0,"texture":"#0","tintindex":0},"west":{"uv":[4.875,5.8125,5.0,6.0],"rotation":0,"texture":"#0","tintindex":0}}},{"name":"cube","from":[-3.4000006,22.400002,-0.40000033],"to":[19.400002,24.8,17.0],"rotation":{"angle":0.0,"axis":"x","origin":[8.0,9.8,12.8]},"faces":{"down":{"uv":[2.375,3.875,0.0,5.6875],"rotation":0,"texture":"#0","tintindex":0},"east":{"uv":[11.0625,7.1875,12.875,7.4375],"rotation":0,"texture":"#0","tintindex":0},"north":{"uv":[11.0625,6.6875,13.4375,6.9375],"rotation":0,"texture":"#0","tintindex":0},"south":{"uv":[11.0625,6.9375,13.4375,7.1875],"rotation":0,"texture":"#0","tintindex":0},"up":{"uv":[5.125,5.4375,2.75,3.625],"rotation":0,"texture":"#0","tintindex":0},"west":{"uv":[11.4375,1.1875,13.25,1.4375],"rotation":0,"texture":"#0","tintindex":0}}},{"name":"cube","from":[-1.6000004,6.2,0.19999981],"to":[17.6,22.400002,0.19999981],"rotation":{"angle":0.0,"axis":"x","origin":[8.0,17.6,0.19999981]},"faces":{"down":{"uv":[2.0,0.0,0.0,0.0],"rotation":0,"texture":"#0","tintindex":0},"east":{"uv":[0.0,0.0,0.0,1.6875],"rotation":0,"texture":"#0","tintindex":0},"north":{"uv":[5.125,3.625,7.125,5.3125],"rotation":0,"texture":"#0","tintindex":0},"south":{"uv":[7.125,3.625,5.125,5.3125],"rotation":0,"texture":"#0","tintindex":0},"up":{"uv":[2.0,0.0,0.0,0.0],"rotation":0,"texture":"#0","tintindex":0},"west":{"uv":[0.0,0.0,0.0,1.6875],"rotation":0,"texture":"#0","tintindex":0}}},{"name":"cube","from":[-1.6000004,6.2,16.400002],"to":[17.6,22.400002,16.400002],"rotation":{"angle":0.0,"axis":"x","origin":[8.0,18.8,16.400002]},"faces":{"down":{"uv":[2.0,0.0,0.0,0.0],"rotation":0,"texture":"#0","tintindex":0},"east":{"uv":[0.0,0.0,0.0,1.6875],"rotation":0,"texture":"#0","tintindex":0},"north":{"uv":[7.5,0.0,5.5,1.6875],"rotation":0,"texture":"#0","tintindex":0},"south":{"uv":[5.5,0.0,7.5,1.6875],"rotation":0,"texture":"#0","tintindex":0},"up":{"uv":[2.0,0.0,0.0,0.0],"rotation":0,"texture":"#0","tintindex":0},"west":{"uv":[0.0,0.0,0.0,1.6875],"rotation":0,"texture":"#0","tintindex":0}}},{"name":"cube","from":[3.1999998,3.7999997,-1.1800003],"to":[12.8,5.0,17.6],"rotation":{"angle":0.0,"axis":"x","origin":[8.0,-7.6000004,12.8]},"faces":{"down":{"uv":[7.5,3.875,5.5,7.75],"rotation":0,"texture":"#4","tintindex":0},"east":{"uv":[9.25,4.75,13.125,5.0],"rotation":0,"texture":"#4","tintindex":0},"north":{"uv":[9.25,7.5,11.25,7.75],"rotation":0,"texture":"#4","tintindex":0},"south":{"uv":[9.25,7.75,11.25,8.0],"rotation":0,"texture":"#4","tintindex":0},"up":{"uv":[7.5,3.875,5.5,0.0],"rotation":0,"texture":"#4","tintindex":0},"west":{"uv":[9.25,5.0,13.125,5.25],"rotation":0,"texture":"#4","tintindex":0}}},{"name":"cube","from":[1.3999997,3.7999997,-1.0000005],"to":[4.3999996,5.0,17.0],"rotation":{"angle":-45.0,"axis":"z","origin":[6.2,-7.6000004,13.400001]},"faces":{"down":{"uv":[5.0,7.75,4.375,11.5],"rotation":0,"texture":"#4","tintindex":0},"east":{"uv":[9.25,5.75,13.0,6.0],"rotation":0,"texture":"#4","tintindex":0},"north":{"uv":[6.75,7.75,7.375,8.0],"rotation":0,"texture":"#4","tintindex":0},"south":{"uv":[6.75,8.0,7.375,8.25],"rotation":0,"texture":"#4","tintindex":0},"up":{"uv":[4.375,11.5,3.75,7.75],"rotation":0,"texture":"#4","tintindex":0},"west":{"uv":[9.25,6.0,13.0,6.25],"rotation":0,"texture":"#4","tintindex":0}}},{"name":"cube","from":[11.6,3.7999997,-1.0000005],"to":[14.6,5.0,17.0],"rotation":{"angle":45.0,"axis":"z","origin":[9.8,-7.6000004,13.400001]},"faces":{"down":{"uv":[6.25,7.75,5.625,11.5],"rotation":0,"texture":"#4","tintindex":0},"east":{"uv":[9.25,6.25,13.0,6.5],"rotation":0,"texture":"#4","tintindex":0},"north":{"uv":[6.75,8.25,7.375,8.5],"rotation":0,"texture":"#4","tintindex":0},"south":{"uv":[6.75,8.5,7.375,8.75],"rotation":0,"texture":"#4","tintindex":0},"up":{"uv":[5.625,11.5,5.0,7.75],"rotation":0,"texture":"#4","tintindex":0},"west":{"uv":[9.25,6.5,13.0,6.75],"rotation":0,"texture":"#4","tintindex":0}}},{"name":"cube","from":[13.400001,-7.000001,-0.40000033],"to":[22.400002,4.3999996,17.0],"rotation":{"angle":0.0,"axis":"x","origin":[8.0,-7.6000004,12.8]},"faces":{"down":{"uv":[11.1875,9.3125,10.25,11.125],"rotation":0,"texture":"#0","tintindex":0},"east":{"uv":[0.0,7.375,1.8125,8.5625],"rotation":0,"texture":"#0","tintindex":0},"north":{"uv":[11.0625,4.3125,12.0,5.5],"rotation":0,"texture":"#0","tintindex":0},"south":{"uv":[11.0625,5.5,12.0,6.6875],"rotation":0,"texture":"#0","tintindex":0},"up":{"uv":[11.0,9.3125,10.0625,7.5],"rotation":0,"texture":"#0","tintindex":0},"west":{"uv":[1.8125,8.4375,3.625,9.625],"rotation":0,"texture":"#0","tintindex":0}}},{"name":"cube","from":[12.2,-7.000001,-1.6000004],"to":[21.2,4.3999996,18.2],"rotation":{"angle":0.0,"axis":"x","origin":[8.0,-7.6000004,12.8]},"faces":{"down":{"uv":[9.3125,9.5625,8.375,11.625],"rotation":0,"texture":"#0","tintindex":0},"east":{"uv":[7.5,0.0,9.5625,1.1875],"rotation":0,"texture":"#0","tintindex":0},"north":{"uv":[10.25,11.125,11.1875,12.3125],"rotation":0,"texture":"#0","tintindex":0},"south":{"uv":[11.1875,8.6875,12.125,9.875],"rotation":0,"texture":"#0","tintindex":0},"up":{"uv":[8.375,11.625,7.4375,9.5625],"rotation":0,"texture":"#0","tintindex":0},"west":{"uv":[8.0,6.0,10.0625,7.1875],"rotation":0,"texture":"#0","tintindex":0}}},{"name":"cube","from":[-5.200001,-7.000001,-1.6000004],"to":[3.7999997,4.3999996,18.2],"rotation":{"angle":0.0,"axis":"x","origin":[8.0,-7.6000004,12.8]},"faces":{"down":{"uv":[2.75,9.625,1.8125,11.6875],"rotation":0,"texture":"#0","tintindex":0},"east":{"uv":[8.0,7.1875,10.0625,8.375],"rotation":0,"texture":"#0","tintindex":0},"north":{"uv":[11.1875,9.875,12.125,11.0625],"rotation":0,"texture":"#0","tintindex":0},"south":{"uv":[11.1875,11.0625,12.125,12.25],"rotation":0,"texture":"#0","tintindex":0},"up":{"uv":[10.25,11.625,9.3125,9.5625],"rotation":0,"texture":"#0","tintindex":0},"west":{"uv":[8.0,8.375,10.0625,9.5625],"rotation":0,"texture":"#0","tintindex":0}}},{"name":"cube","from":[-5.8,-7.6000004,-1.0000005],"to":[3.1999998,5.0,17.6],"rotation":{"angle":0.0,"axis":"x","origin":[8.0,-7.6000004,12.8]},"faces":{"down":{"uv":[11.0,1.9375,10.0625,3.875],"rotation":0,"texture":"#0","tintindex":0},"east":{"uv":[7.125,4.6875,9.0625,6.0],"rotation":0,"texture":"#0","tintindex":0},"north":{"uv":[6.5,10.625,7.4375,11.9375],"rotation":0,"texture":"#0","tintindex":0},"south":{"uv":[11.0,1.8125,11.9375,3.125],"rotation":0,"texture":"#0","tintindex":0},"up":{"uv":[4.625,11.8125,3.6875,9.875],"rotation":0,"texture":"#0","tintindex":0},"west":{"uv":[7.3125,1.6875,9.25,3.0],"rotation":0,"texture":"#0","tintindex":0}}},{"name":"cube","from":[3.1999998,-7.6000004,-1.0000005],"to":[12.8,-7.000001,17.6],"rotation":{"angle":0.0,"axis":"x","origin":[17.0,-7.6000004,12.8]},"faces":{"down":{"uv":[10.5625,0.0,9.5625,1.9375],"rotation":0,"texture":"#0","tintindex":0},"east":{"uv":[12.0,4.5,13.9375,4.5625],"rotation":0,"texture":"#0","tintindex":0},"north":{"uv":[5.5,3.5625,6.5,3.625],"rotation":0,"texture":"#0","tintindex":0},"south":{"uv":[7.3125,3.3125,8.3125,3.375],"rotation":0,"texture":"#0","tintindex":0},"up":{"uv":[10.0625,4.9375,9.0625,3.0],"rotation":0,"texture":"#0","tintindex":0},"west":{"uv":[12.0,4.5625,13.9375,4.625],"rotation":0,"texture":"#0","tintindex":0}}},{"name":"cube","from":[-5.200001,-8.200001,-0.40000033],"to":[21.2,-7.6000004,17.0],"rotation":{"angle":0.0,"axis":"x","origin":[17.0,-8.200001,12.8]},"faces":{"down":{"uv":[5.5,1.8125,2.75,3.625],"rotation":0,"texture":"#0","tintindex":0},"east":{"uv":[12.0,4.625,13.8125,4.6875],"rotation":0,"texture":"#0","tintindex":0},"north":{"uv":[11.0625,7.4375,13.8125,7.5],"rotation":0,"texture":"#0","tintindex":0},"south":{"uv":[12.0,4.4375,14.75,4.5],"rotation":0,"texture":"#0","tintindex":0},"up":{"uv":[5.5,1.8125,2.75,0.0],"rotation":0,"texture":"#0","tintindex":0},"west":{"uv":[12.0,4.6875,13.8125,4.75],"rotation":0,"texture":"#0","tintindex":0}}},{"name":"cube","from":[-6.4000006,-7.000001,-0.40000033],"to":[3.1999998,4.3999996,17.0],"rotation":{"angle":0.0,"axis":"x","origin":[8.0,-7.6000004,12.8]},"faces":{"down":{"uv":[11.0625,5.6875,10.0625,7.5],"rotation":0,"texture":"#0","tintindex":0},"east":{"uv":[0.0,8.5625,1.8125,9.75],"rotation":0,"texture":"#0","tintindex":0},"north":{"uv":[11.0,7.5,12.0,8.6875],"rotation":0,"texture":"#0","tintindex":0},"south":{"uv":[11.0625,3.125,12.0625,4.3125],"rotation":0,"texture":"#0","tintindex":0},"up":{"uv":[11.0625,5.6875,10.0625,3.875],"rotation":0,"texture":"#0","tintindex":0},"west":{"uv":[3.625,8.6875,5.4375,9.875],"rotation":0,"texture":"#0","tintindex":0}}}],"display":{"head":{"translation":[0.0,-6.4,0.0],"rotation":[0.0,0.0,0.0],"scale":[3.8095,3.8095,3.8095]}}}