{
	"credit": "Made with Blockbench",
	"textures": {
		"0": "item/fish/cavuc",
		"particle": "item/fish/cavuc"
	},
	"elements": [
		{
			"from": [8.9, 0.2, 0.2],
			"to": [10.6, 2.4, 1.4],
			"faces": {
				"north": {"uv": [0.5, 0.25, 1.9375, 1.9], "texture": "#0"},
				"east": {"uv": [0.5, 0.25, 1.125, 1.9], "texture": "#0"},
				"south": {"uv": [1.9375, 0.25, 0.5, 1.9], "texture": "#0"},
				"west": {"uv": [0.5, 0.25, 5.5, 1.9], "texture": "#0"},
				"up": {"uv": [9.5, 0.375, 11.3, 1.4625], "texture": "#0"},
				"down": {"uv": [6.375, 2.25, 11.4875, 3.275], "texture": "#0"}
			}
		},
		{
			"from": [-1.6, -0.2, -0.2],
			"to": [8.9, 3.3, 1.8],
			"faces": {
				"north": {"uv": [6, 0.3125, 11.6875, 3.5625], "texture": "#0"},
				"east": {"uv": [6, 0.3125, 11.6875, 3.5625], "texture": "#0"},
				"south": {"uv": [6, 0.3125, 11.6875, 3.5625], "texture": "#0"},
				"west": {"uv": [6, 0.3125, 11.6875, 3.5625], "texture": "#0"},
				"up": {"uv": [7.6875, 0.375, 11.55, 1.0875], "texture": "#0"},
				"down": {"uv": [6.375, 2.25, 11.4875, 3.275], "texture": "#0"}
			}
		},
		{
			"from": [-5.4, -0.8, 0.9],
			"to": [-1, 3.6, 0.9],
			"faces": {
				"north": {"uv": [0, 5.8125, 5.1875, 14.0625], "texture": "#0"},
				"east": {"uv": [0, 5.8125, 5.1875, 14.0625], "texture": "#0"},
				"south": {"uv": [5.1875, 5.8125, 0, 14.0625], "texture": "#0"},
				"west": {"uv": [0, 5.8125, 5.1875, 14.0625], "texture": "#0"},
				"up": {"uv": [0, 5.8125, 5.1875, 14.0625], "texture": "#0"},
				"down": {"uv": [0, 5.8125, 5.1875, 14.0625], "texture": "#0"}
			}
		},
		{
			"from": [0.4, -0.4, -0.4],
			"to": [5.7, 4, 2.1],
			"faces": {
				"north": {"uv": [6, 0.25, 11.675, 3.0875], "texture": "#0"},
				"east": {"uv": [6, 0.25, 11.675, 3.0875], "texture": "#0"},
				"south": {"uv": [6, 0.25, 11.675, 3.0875], "texture": "#0"},
				"west": {"uv": [6, 0.25, 11.675, 3.0875], "texture": "#0"},
				"up": {"uv": [9.5, 0.375, 11.3, 1.4625], "texture": "#0"},
				"down": {"uv": [6.375, 2.25, 11.4875, 3.275], "texture": "#0"}
			}
		},
		{
			"from": [2.6, 3.2, 0.8],
			"to": [6.5, 5.8, 0.8],
			"faces": {
				"north": {"uv": [5.25, 12.625, 9.2375, 15.8375], "texture": "#0"},
				"east": {"uv": [5.25, 11.625, 9.4875, 15.5875], "texture": "#0"},
				"south": {"uv": [9.4875, 12.375, 5.25, 15.5875], "texture": "#0"},
				"west": {"uv": [5.25, 11.625, 9.4875, 15.5875], "texture": "#0"},
				"up": {"uv": [5.25, 11.625, 9.4875, 15.5875], "texture": "#0"},
				"down": {"uv": [5.25, 12.625, 9.4875, 15.5875], "texture": "#0"}
			}
		},
		{
			"from": [5.1, 0.7, -3.2],
			"to": [7.9, 2.5, -3.2],
			"rotation": {"angle": -22.5, "axis": "y", "origin": [0, 0, 0]},
			"faces": {
				"north": {"uv": [11.75, 3.375, 15.9875, 7.3375], "texture": "#0"},
				"east": {"uv": [11.75, 3.375, 15.9875, 7.3375], "texture": "#0"},
				"south": {"uv": [11.75, 3.375, 15.9875, 7.3375], "texture": "#0"},
				"west": {"uv": [11.75, 3.375, 15.9875, 7.3375], "texture": "#0"},
				"up": {"uv": [11.75, 3.375, 15.9875, 7.3375], "texture": "#0"},
				"down": {"uv": [11.75, 3.375, 15.9875, 7.3375], "texture": "#0"}
			}
		},
		{
			"from": [4.4, 0.7, 4.7],
			"to": [7.1, 2.5, 4.7],
			"rotation": {"angle": 22.5, "axis": "y", "origin": [0, 0, 0]},
			"faces": {
				"north": {"uv": [11.75, 3.375, 15.9875, 7.3375], "texture": "#0"},
				"east": {"uv": [11.75, 3.375, 15.9875, 7.3375], "texture": "#0"},
				"south": {"uv": [11.75, 3.375, 15.9875, 7.3375], "texture": "#0"},
				"west": {"uv": [11.75, 3.375, 15.9875, 7.3375], "texture": "#0"},
				"up": {"uv": [11.75, 3.375, 15.9875, 7.3375], "texture": "#0"},
				"down": {"uv": [11.75, 3.375, 15.9875, 7.3375], "texture": "#0"}
			}
		},
		{
			"from": [-1.3, 2.8, 0.8],
			"to": [3.4, 4.9, 0.8],
			"faces": {
				"north": {"uv": [5.25, 8.125, 12.7375, 11.5875], "texture": "#0"},
				"east": {"uv": [5.25, 8.125, 12.7375, 11.5875], "texture": "#0"},
				"south": {"uv": [12.7375, 8.125, 5.25, 11.5875], "texture": "#0"},
				"west": {"uv": [5.25, 8.125, 12.7375, 11.5875], "texture": "#0"},
				"up": {"uv": [5.25, 8.125, 12.7375, 11.5875], "texture": "#0"},
				"down": {"uv": [5.25, 8.125, 12.7375, 11.5875], "texture": "#0"}
			}
		},
		{
			"from": [-1.3, -1.7, 0.8],
			"to": [3.2, 0.4, 0.8],
			"faces": {
				"north": {"uv": [9.5, 11.625, 15.9875, 14.7125], "texture": "#0"},
				"east": {"uv": [9.5, 11.625, 15.9875, 14.7125], "texture": "#0"},
				"south": {"uv": [15.9875, 11.625, 9.5, 14.7125], "texture": "#0"},
				"west": {"uv": [9.5, 11.625, 15.9875, 14.7125], "texture": "#0"},
				"up": {"uv": [9.5, 11.625, 15.9875, 14.7125], "texture": "#0"},
				"down": {"uv": [9.5, 11.625, 15.9875, 14.7125], "texture": "#0"}
			}
		},
		{
			"from": [5.8, 1.6, 0.8],
			"to": [7.2, 3.3, 0.8],
			"rotation": {"angle": -22.5, "axis": "z", "origin": [0, 0, 0]},
			"faces": {
				"north": {"uv": [12.7625, 0, 16, 3.0875], "texture": "#0"},
				"east": {"uv": [12.7625, 0, 16, 3.0875], "texture": "#0"},
				"south": {"uv": [16, 0, 12.7625, 3.0875], "texture": "#0"},
				"west": {"uv": [12.7625, 0, 16, 3.0875], "texture": "#0"},
				"up": {"uv": [12.7625, 0, 16, 3.0875], "texture": "#0"},
				"down": {"uv": [12.7625, 0, 16, 3.0875], "texture": "#0"}
			}
		}
	],
	"display": {
		"thirdperson_righthand": {
			"translation": [4.75, 5, 6]
		},
		"thirdperson_lefthand": {
			"translation": [-4.75, 5.25, 6.5]
		},
		"firstperson_righthand": {
			"rotation": [0, -180, 0],
			"translation": [-6, 8.25, -6]
		},
		"firstperson_lefthand": {
			"translation": [-4, 7.25, 6.75]
		},
		"ground": {
			"translation": [4.75, 5.5, 6.75]
		},
		"gui": {
			"rotation": [15, -131, -10],
			"translation": [-13.75, 8, 0],
			"scale": [1.47, 1.47, 1.48]
		},
		"head": {
			"translation": [4.25, 15, 5.75]
		},
		"fixed": {
			"translation": [7.5, 10, 9],
			"scale": [1.56, 1.54, 1.54]
		}
	}
}