{
  "providers": [
    {
      "type": "bitmap",
      "file": "formtext:space_split.png",
      "ascent": -32768,
      "height": -223,
      "chars": ["求"]
    },
    {
      "type": "bitmap",
      "file": "formtext:space_split.png",
      "ascent": -32768,
      "height": -4,
      "chars": ["ꈂ"]
    },    
    {
      "type": "bitmap",
      "file": "formtext:logo.png",
      "ascent": 40,
      "height": 120,
      "chars": ["섏섐", "섑섒"]
    },
		{
			"type": "bitmap",
			"file": "formtext:logo.png",
			"ascent": 20,
			"height": 70,
			"chars": [
				"셚셙",
				"션셗"
			]
		},    
    {
      "type": "bitmap",
      "file": "formtext:black_box.png",
      "ascent": 250,
      "height": 2000,
      "chars": ["鄜"]
    },
    {
      "type": "bitmap",
      "file": "formtext:exit_screen.png",
      "ascent": 128,
      "height": 256,
      "chars": ["胖"]
    },
    {
      "type": "bitmap",
      "file": "formtext:guimenulobby.png",
      "ascent": 80,
      "height": 256,
      "chars": ["盏"]
    },
    {
      "type": "bitmap",
      "file": "formtext:guimenu.png",
      "ascent": 59,
      "height": 256,
      "chars": ["Ĉ"]
    },    
    {
      "type": "bitmap",
      "file": "formtext:shopfood.png",
      "ascent": 80,
      "height": 256,
      "chars": ["ċ"] 
    },
    {
      "type": "bitmap",
      "file": "formtext:shopfish.png",
      "ascent": 80,
      "height": 256,
      "chars": ["Ë"] 
    },    

    {
      "type": "bitmap",
      "file": "formtext:guisell.png",
      "ascent": 97,
      "height": 256,
      "chars": ["ā"] 
    },
    {
      "type": "bitmap",
      "file": "formtext:sellmore.png",
      "ascent": 97,
      "height": 256,
      "chars": ["Ą"] 
    },
    {
      "type": "bitmap",
      "file": "formtext:buymore.png",
      "ascent": 97,
      "height": 256,
      "chars": ["ą"] 
    },
    {
      "type": "bitmap",
      "file": "formtext:sellprice.png",
      "ascent": 8,
      "height": 8,
      "chars": ["Ć"] 
    },
    {
      "type": "bitmap",
      "file": "formtext:sellprice.png",
      "ascent": 8,
      "height": 8,
      "chars": ["Ï"] 
    }                          
  ]
}
