{"textures":{"0":"modelengine:entity/bartender"},"elements":[{"name":"cube","from":[6.9884,1.0243995,6.5324],"to":[9.2564,8.1308,8.9516],"rotation":{"angle":0.0,"axis":"x","origin":[7.2152,0.94879985,6.23]},"faces":{"down":{"uv":[0.25,5.0,1.25,7.95],"rotation":0,"texture":"#0","tintindex":0},"east":{"uv":[0.25,5.0,1.25,7.95],"rotation":0,"texture":"#0","tintindex":0},"north":{"uv":[0.25,5.0,1.25,7.95],"rotation":0,"texture":"#0","tintindex":0},"south":{"uv":[0.25,5.0,1.25,7.95],"rotation":0,"texture":"#0","tintindex":0},"up":{"uv":[0.25,5.0,1.25,7.95],"rotation":0,"texture":"#0","tintindex":0},"west":{"uv":[0.25,5.0,1.25,7.95],"rotation":0,"texture":"#0","tintindex":0}}},{"name":"cube","from":[6.9884,1.0243995,6.3812],"to":[9.4076,3.1412,9.1028],"rotation":{"angle":0.0,"axis":"x","origin":[7.2152,0.94879985,6.23]},"faces":{"down":{"uv":[0.0,11.125,1.0,11.95],"rotation":0,"texture":"#0","tintindex":0},"east":{"uv":[0.0,11.125,1.0,11.95],"rotation":0,"texture":"#0","tintindex":0},"north":{"uv":[0.0,11.125,1.0,11.95],"rotation":0,"texture":"#0","tintindex":0},"south":{"uv":[0.0,11.125,1.0,11.95],"rotation":0,"texture":"#0","tintindex":0},"up":{"uv":[0.0,11.125,1.0,11.95],"rotation":0,"texture":"#0","tintindex":0},"west":{"uv":[0.0,11.125,1.0,11.95],"rotation":0,"texture":"#0","tintindex":0}}}],"display":{"head":{"translation":[0.0,-6.4,0.0],"rotation":[0.0,0.0,0.0],"scale":[3.8095,3.8095,3.8095]}}}