{"textures":{"0":"modelengine:entity/bartender"},"elements":[{"name":"cube","from":[7.1396,6.7699995,7.1372],"to":[8.8784,9.718399,8.875999],"rotation":{"angle":0.0,"axis":"x","origin":[10.3148,5.2579994,9.480801]},"faces":{"down":{"uv":[7.0,11.3125,8.55,11.9],"rotation":0,"texture":"#0","tintindex":0},"east":{"uv":[7.0,9.1875,8.7375,11.9],"rotation":0,"texture":"#0","tintindex":0},"north":{"uv":[7.0,9.1875,8.7375,11.9],"rotation":0,"texture":"#0","tintindex":0},"south":{"uv":[7.0,9.1875,8.7375,11.9],"rotation":0,"texture":"#0","tintindex":0},"up":{"uv":[14.325,8.8125,14.125,9.275],"rotation":0,"texture":"#0","tintindex":0},"west":{"uv":[7.0,9.1875,8.7375,11.9],"rotation":0,"texture":"#0","tintindex":0}}}],"display":{"head":{"translation":[0.0,-6.4,0.0],"rotation":[0.0,0.0,0.0],"scale":[3.8095,3.8095,3.8095]}}}