{"textures":{"0":"modelengine:entity/bartender"},"elements":[{"name":"cube","from":[6.884,1.7804003,6.7592],"to":[9.152,8.7355995,9.1784],"rotation":{"angle":0.0,"axis":"x","origin":[4.8427997,-6.6112003,6.4568]},"faces":{"down":{"uv":[2.0,8.0,2.9375,8.975],"rotation":0,"texture":"#0","tintindex":0},"east":{"uv":[9.0,13.0,10.0,15.85],"rotation":0,"texture":"#0","tintindex":0},"north":{"uv":[8.0,13.0,9.0,15.85],"rotation":0,"texture":"#0","tintindex":0},"south":{"uv":[10.0,13.0,11.0,15.85],"rotation":0,"texture":"#0","tintindex":0},"up":{"uv":[9.0,12.0,10.0,13.1],"rotation":0,"texture":"#0","tintindex":0},"west":{"uv":[11.0,13.0,12.0,15.85],"rotation":0,"texture":"#0","tintindex":0}}},{"name":"cube","from":[6.7327995,2.5364003,6.608],"to":[9.3032,4.1996,9.329599],"rotation":{"angle":0.0,"axis":"x","origin":[4.8427997,-6.6112003,6.4568]},"faces":{"down":{"uv":[10.05,10.0,11.05,10.975],"rotation":0,"texture":"#0","tintindex":0},"east":{"uv":[10.05,10.0,11.05,10.975],"rotation":0,"texture":"#0","tintindex":0},"north":{"uv":[10.05,10.0,11.05,10.975],"rotation":0,"texture":"#0","tintindex":0},"south":{"uv":[10.05,10.0,11.05,10.975],"rotation":0,"texture":"#0","tintindex":0},"up":{"uv":[10.05,10.0,11.05,10.975],"rotation":0,"texture":"#0","tintindex":0},"west":{"uv":[10.05,10.0,11.05,10.975],"rotation":0,"texture":"#0","tintindex":0}}}],"display":{"head":{"translation":[0.0,-6.4,0.0],"rotation":[0.0,0.0,0.0],"scale":[3.8095,3.8095,3.8095]}}}