{"textures":{"0":"modelengine:entity/bartender"},"elements":[{"name":"cube","from":[5.2496,7.9748,5.0959997],"to":[10.844,12.8888,10.3880005],"rotation":{"angle":0.0,"axis":"x","origin":[8.198,-7.3719997,6.4568]},"faces":{"down":{"uv":[12.5,0.0,13.75,1.25],"rotation":0,"texture":"#0","tintindex":0},"east":{"uv":[8.25,1.75,10.0,3.875],"rotation":0,"texture":"#0","tintindex":0},"north":{"uv":[10.0625,1.75,11.9375,3.875],"rotation":0,"texture":"#0","tintindex":0},"south":{"uv":[14.0,1.75,15.75,4.0],"rotation":0,"texture":"#0","tintindex":0},"up":{"uv":[12.5,0.0,13.75,1.25],"rotation":0,"texture":"#0","tintindex":0},"west":{"uv":[12.0,1.75,14.0,4.0],"rotation":0,"texture":"#0","tintindex":0}}},{"name":"cube","from":[5.4007998,7.9748,5.3984],"to":[10.6928005,12.510801,10.236799],"rotation":{"angle":0.0,"axis":"x","origin":[8.198,-7.3719997,6.4568]},"faces":{"down":{"uv":[4.0625,0.0625,6.0,1.9875],"rotation":0,"texture":"#0","tintindex":0},"east":{"uv":[6.2375,2.0625,3.75,4.0],"rotation":0,"texture":"#0","tintindex":0},"north":{"uv":[2.0,2.1875,4.0,4.0],"rotation":0,"texture":"#0","tintindex":0},"south":{"uv":[2.125,0.0,4.0,1.8125],"rotation":0,"texture":"#0","tintindex":0},"up":{"uv":[2.0,0.0,4.0,1.4875],"rotation":0,"texture":"#0","tintindex":0},"west":{"uv":[3.75,2.0625,6.2375,4.0],"rotation":0,"texture":"#0","tintindex":0}}}],"display":{"head":{"translation":[0.0,-6.4,0.0],"rotation":[0.0,0.0,0.0],"scale":[3.8095,3.8095,3.8095]}}}