{
	"credit": "Made with Blockbench",
	"texture_size": [64, 32],
	"textures": {
		"2": "item/fish/muc"
	},
	"elements": [
		{
			"from": [6, 6, 3.1],
			"to": [10, 11, 7],
			"faces": {
				"north": {"uv": [8.25, 0, 14, 15.5], "texture": "#2"},
				"east": {"uv": [8.25, 0, 14.0125, 15.375], "texture": "#2"},
				"south": {"uv": [8.25, 0, 14, 15.5], "texture": "#2"},
				"west": {"uv": [0.25, 0, 6, 15.5], "texture": "#2"},
				"up": {"uv": [8.25, 0, 14, 16], "texture": "#2"},
				"down": {"uv": [8.25, 15.875, 14, 0.125], "rotation": 270, "texture": "#2"}
			}
		},
		{
			"from": [9.2, 1.6, 3.2],
			"to": [9.8, 6, 3.8],
			"faces": {
				"north": {"uv": [0.375, 0, 0.7375, 14.9], "texture": "#2"},
				"east": {"uv": [0.375, 0, 0.7375, 14.9], "texture": "#2"},
				"south": {"uv": [0.375, 0, 0.7375, 14.9], "texture": "#2"},
				"west": {"uv": [0.375, 0, 0.7375, 14.9], "texture": "#2"},
				"up": {"uv": [0.375, 0, 0.7375, 14.9], "texture": "#2"},
				"down": {"uv": [0.375, 0, 0.7375, 14.9], "texture": "#2"}
			}
		},
		{
			"from": [7.6, 1.6, 3.2],
			"to": [8.2, 6, 3.8],
			"faces": {
				"north": {"uv": [0.375, 0, 0.7375, 14.9], "texture": "#2"},
				"east": {"uv": [0.375, 0, 0.7375, 14.9], "texture": "#2"},
				"south": {"uv": [0.375, 0, 0.7375, 14.9], "texture": "#2"},
				"west": {"uv": [0.375, 0, 0.7375, 14.9], "texture": "#2"},
				"up": {"uv": [0.375, 0, 0.7375, 14.9], "texture": "#2"},
				"down": {"uv": [0.375, 0, 0.7375, 14.9], "texture": "#2"}
			}
		},
		{
			"from": [7.6, 1.6, 6.3],
			"to": [8.2, 6, 6.9],
			"faces": {
				"north": {"uv": [0.375, 0, 0.7375, 14.9], "texture": "#2"},
				"east": {"uv": [0.375, 0, 0.7375, 14.9], "texture": "#2"},
				"south": {"uv": [0.375, 0, 0.7375, 14.9], "texture": "#2"},
				"west": {"uv": [0.375, 0, 0.7375, 14.9], "texture": "#2"},
				"up": {"uv": [0.375, 0, 0.7375, 14.9], "texture": "#2"},
				"down": {"uv": [0.375, 0, 0.7375, 14.9], "texture": "#2"}
			}
		},
		{
			"from": [6.1, 1.6, 6.3],
			"to": [6.7, 6, 6.9],
			"faces": {
				"north": {"uv": [0.375, 0, 0.7375, 14.9], "texture": "#2"},
				"east": {"uv": [0.375, 0, 0.7375, 14.9], "texture": "#2"},
				"south": {"uv": [0.375, 0, 0.7375, 14.9], "texture": "#2"},
				"west": {"uv": [0.375, 0, 0.7375, 14.9], "texture": "#2"},
				"up": {"uv": [0.375, 0, 0.7375, 14.9], "texture": "#2"},
				"down": {"uv": [0.375, 0, 0.7375, 14.9], "texture": "#2"}
			}
		},
		{
			"from": [6.1, 1.6, 4.8],
			"to": [6.7, 6, 5.4],
			"faces": {
				"north": {"uv": [0.375, 0, 0.7375, 14.9], "texture": "#2"},
				"east": {"uv": [0.375, 0, 0.7375, 14.9], "texture": "#2"},
				"south": {"uv": [0.375, 0, 0.7375, 14.9], "texture": "#2"},
				"west": {"uv": [0.375, 0, 0.7375, 14.9], "texture": "#2"},
				"up": {"uv": [0.375, 0, 0.7375, 14.9], "texture": "#2"},
				"down": {"uv": [0.375, 0, 0.7375, 14.9], "texture": "#2"}
			}
		},
		{
			"from": [6.1, 1.6, 3.2],
			"to": [6.7, 6, 3.8],
			"faces": {
				"north": {"uv": [0.375, 0, 0.7375, 14.9], "texture": "#2"},
				"east": {"uv": [0.375, 0, 0.7375, 14.9], "texture": "#2"},
				"south": {"uv": [0.375, 0, 0.7375, 14.9], "texture": "#2"},
				"west": {"uv": [0.375, 0, 0.7375, 14.9], "texture": "#2"},
				"up": {"uv": [0.375, 0, 0.7375, 14.9], "texture": "#2"},
				"down": {"uv": [0.375, 0, 0.7375, 14.9], "texture": "#2"}
			}
		},
		{
			"from": [9.2, 1.6, 4.8],
			"to": [9.8, 6, 5.4],
			"faces": {
				"north": {"uv": [0.375, 0, 0.7375, 14.9], "texture": "#2"},
				"east": {"uv": [0.375, 0, 0.7375, 14.9], "texture": "#2"},
				"south": {"uv": [0.375, 0, 0.7375, 14.9], "texture": "#2"},
				"west": {"uv": [0.375, 0, 0.7375, 14.9], "texture": "#2"},
				"up": {"uv": [0.375, 0, 0.7375, 14.9], "texture": "#2"},
				"down": {"uv": [0.375, 0, 0.7375, 14.9], "texture": "#2"}
			}
		},
		{
			"from": [9.2, 1.6, 6.3],
			"to": [9.8, 6, 6.9],
			"faces": {
				"north": {"uv": [0.375, 0, 0.7375, 14.9], "texture": "#2"},
				"east": {"uv": [0.375, 0, 0.7375, 14.9], "texture": "#2"},
				"south": {"uv": [0.375, 0, 0.7375, 14.9], "texture": "#2"},
				"west": {"uv": [0.375, 0, 0.7375, 14.9], "texture": "#2"},
				"up": {"uv": [0.375, 0, 0.7375, 14.9], "texture": "#2"},
				"down": {"uv": [0.375, 0, 0.7375, 14.9], "texture": "#2"}
			}
		}
	],
	"display": {
		"thirdperson_righthand": {
			"rotation": [76, -94, 8],
			"translation": [-4.5, -3.75, -3],
			"scale": [1.6, 1.55, 1.55]
		},
		"thirdperson_lefthand": {
			"rotation": [76, -94, 8],
			"translation": [-4.5, -2.5, -3],
			"scale": [1.6, 1.55, 1.55]
		},
		"firstperson_righthand": {
			"translation": [2, 2.25, 3.25]
		},
		"firstperson_lefthand": {
			"rotation": [0, 153, 0],
			"translation": [3, 3, 1.25]
		},
		"ground": {
			"translation": [0, 10, 5.75],
			"scale": [2, 2, 2]
		},
		"gui": {
			"rotation": [5, 78, 1],
			"translation": [5, 2.5, 0],
			"scale": [1.65, 1.65, 1.7]
		},
		"head": {
			"translation": [0, 12, 0]
		},
		"fixed": {
			"rotation": [-91, 0, 0],
			"translation": [0, 6.25, -16.25],
			"scale": [2.54, 2.54, 2.51]
		}
	}
}