{"textures":{"0":"modelengine:entity/haha_wow"},"elements":[{"name":"cube","from":[4.879999,0.19999981,5.6],"to":[9.440001,6.8,11.0],"rotation":{"angle":0.0,"axis":"x","origin":[6.8,5.0,7.4]},"faces":{"down":{"uv":[2.125,9.375,1.625,9.9375],"rotation":0,"texture":"#0","tintindex":0},"east":{"uv":[8.5625,8.75,9.125,9.4375],"rotation":0,"texture":"#0","tintindex":0},"north":{"uv":[9.1875,7.4375,9.6875,8.125],"rotation":0,"texture":"#0","tintindex":0},"south":{"uv":[0.625,9.25,1.125,9.9375],"rotation":0,"texture":"#0","tintindex":0},"up":{"uv":[1.625,9.9375,1.125,9.375],"rotation":0,"texture":"#0","tintindex":0},"west":{"uv":[6.5,9.0,7.0625,9.6875],"rotation":0,"texture":"#0","tintindex":0}}},{"name":"cube","from":[3.9799993,0.19999981,5.6],"to":[4.9399996,3.1999998,11.0],"rotation":{"angle":0.0,"axis":"x","origin":[2.2999997,5.0,7.4]},"faces":{"down":{"uv":[5.5,8.3125,5.375,8.875],"rotation":0,"texture":"#0","tintindex":0},"east":{"uv":[9.75,6.125,10.3125,6.4375],"rotation":0,"texture":"#0","tintindex":0},"north":{"uv":[8.3125,1.75,8.4375,2.0625],"rotation":0,"texture":"#0","tintindex":0},"south":{"uv":[6.8125,8.625,6.9375,8.9375],"rotation":0,"texture":"#0","tintindex":0},"up":{"uv":[2.75,8.875,2.625,8.3125],"rotation":0,"texture":"#0","tintindex":0},"west":{"uv":[9.75,6.4375,10.3125,6.75],"rotation":0,"texture":"#0","tintindex":0}}},{"name":"cube","from":[4.5799994,-2.8000002,5.6],"to":[10.34,0.19999981,11.0],"rotation":{"angle":0.0,"axis":"x","origin":[2.2999997,1.9999998,7.4]},"faces":{"down":{"uv":[9.75,6.1875,9.125,6.75],"rotation":0,"texture":"#0","tintindex":0},"east":{"uv":[9.1875,9.75,9.75,10.0625],"rotation":0,"texture":"#0","tintindex":0},"north":{"uv":[9.5,0.625,10.125,0.9375],"rotation":0,"texture":"#0","tintindex":0},"south":{"uv":[9.5,0.9375,10.125,1.25],"rotation":0,"texture":"#0","tintindex":0},"up":{"uv":[9.75,6.1875,9.125,5.625],"rotation":0,"texture":"#0","tintindex":0},"west":{"uv":[9.75,9.75,10.3125,10.0625],"rotation":0,"texture":"#0","tintindex":0}}},{"name":"cube","from":[5.4799995,6.8,5.6],"to":[8.24,8.6,11.0],"rotation":{"angle":0.0,"axis":"x","origin":[6.8,11.6,7.4]},"faces":{"down":{"uv":[4.0,9.875,3.6875,10.4375],"rotation":0,"texture":"#0","tintindex":0},"east":{"uv":[9.8125,4.4375,10.375,4.625],"rotation":0,"texture":"#0","tintindex":0},"north":{"uv":[9.3125,10.0625,9.625,10.25],"rotation":0,"texture":"#0","tintindex":0},"south":{"uv":[9.625,10.0625,9.9375,10.25],"rotation":0,"texture":"#0","tintindex":0},"up":{"uv":[8.125,10.375,7.8125,9.8125],"rotation":0,"texture":"#0","tintindex":0},"west":{"uv":[9.9375,2.8125,10.5,3.0],"rotation":0,"texture":"#0","tintindex":0}}},{"name":"cube","from":[4.3999996,3.1999998,6.2],"to":[6.2,5.6,10.4],"rotation":{"angle":0.0,"axis":"x","origin":[3.7999997,5.0,7.4]},"faces":{"down":{"uv":[9.3125,10.0625,9.125,10.5],"rotation":0,"texture":"#0","tintindex":0},"east":{"uv":[9.9375,1.875,10.375,2.125],"rotation":0,"texture":"#0","tintindex":0},"north":{"uv":[6.3125,9.3125,6.5,9.5625],"rotation":0,"texture":"#0","tintindex":0},"south":{"uv":[9.9375,10.0625,10.125,10.3125],"rotation":0,"texture":"#0","tintindex":0},"up":{"uv":[7.6875,10.5,7.5,10.0625],"rotation":0,"texture":"#0","tintindex":0},"west":{"uv":[9.9375,2.125,10.375,2.375],"rotation":0,"texture":"#0","tintindex":0}}}],"display":{"head":{"translation":[0.0,-6.4,0.0],"rotation":[0.0,0.0,0.0],"scale":[3.8095,3.8095,3.8095]}}}