{"textures":{"0":"modelengine:entity/haha_wow"},"elements":[{"name":"cube","from":[5.0,2.6,3.7999997],"to":[11.0,9.2,10.4],"rotation":{"angle":0.0,"axis":"x","origin":[9.2,5.6,6.8]},"faces":{"down":{"uv":[9.1875,8.0625,8.5625,8.75],"rotation":0,"texture":"#0","tintindex":0},"east":{"uv":[7.4375,7.625,8.125,8.3125],"rotation":0,"texture":"#0","tintindex":0},"north":{"uv":[8.5,5.75,9.125,6.4375],"rotation":0,"texture":"#0","tintindex":0},"south":{"uv":[8.5,6.4375,9.125,7.125],"rotation":0,"texture":"#0","tintindex":0},"up":{"uv":[1.25,9.25,0.625,8.5625],"rotation":0,"texture":"#0","tintindex":0},"west":{"uv":[6.25,7.9375,6.9375,8.625],"rotation":0,"texture":"#0","tintindex":0}}}],"display":{"head":{"translation":[0.0,-6.4,0.0],"rotation":[0.0,0.0,0.0],"scale":[3.8095,3.8095,3.8095]}}}