{"textures":{"0":"modelengine:entity/mrkia"},"elements":[{"name":"cube","from":[6.8599997,5.0,7.04],"to":[8.54,8.6,8.84],"rotation":{"angle":0.0,"axis":"x","origin":[4.3999996,-6.4000006,7.4]},"faces":{"down":{"uv":[8.5,0.875,8.125,1.25],"rotation":0,"texture":"#0","tintindex":0},"east":{"uv":[0.375,6.75,0.75,7.5],"rotation":0,"texture":"#0","tintindex":0},"north":{"uv":[6.625,6.5,7.0,7.25],"rotation":0,"texture":"#0","tintindex":0},"south":{"uv":[0.75,6.75,1.125,7.5],"rotation":0,"texture":"#0","tintindex":0},"up":{"uv":[1.0,8.5,0.625,8.125],"rotation":0,"texture":"#0","tintindex":0},"west":{"uv":[1.125,6.75,1.5,7.5],"rotation":0,"texture":"#0","tintindex":0}}},{"name":"cube","from":[6.8,6.8,6.44],"to":[9.2,9.2,9.440001],"rotation":{"angle":0.0,"axis":"x","origin":[4.3999996,-6.4000006,7.4]},"faces":{"down":{"uv":[3.125,6.5,2.625,7.125],"rotation":0,"texture":"#0","tintindex":0},"east":{"uv":[4.5,6.375,5.125,6.875],"rotation":0,"texture":"#0","tintindex":0},"north":{"uv":[7.0,0.5,7.5,1.0],"rotation":0,"texture":"#0","tintindex":0},"south":{"uv":[1.5,7.0,2.0,7.5],"rotation":0,"texture":"#0","tintindex":0},"up":{"uv":[2.625,7.125,2.125,6.5],"rotation":0,"texture":"#0","tintindex":0},"west":{"uv":[1.5,6.5,2.125,7.0],"rotation":0,"texture":"#0","tintindex":0}}}],"display":{"head":{"translation":[0.0,-6.4,0.0],"rotation":[0.0,0.0,0.0],"scale":[3.8095,3.8095,3.8095]}}}