{"textures":{"0":"modelengine:entity/mrkia"},"elements":[{"name":"cube","from":[7.46,5.0,7.04],"to":[9.139999,8.6,8.84],"rotation":{"angle":0.0,"axis":"x","origin":[11.6,-6.4000006,7.4]},"faces":{"down":{"uv":[8.5,4.0,8.125,4.375],"rotation":0,"texture":"#0","tintindex":0},"east":{"uv":[6.875,1.375,7.25,2.125],"rotation":0,"texture":"#0","tintindex":0},"north":{"uv":[6.75,4.25,7.125,5.0],"rotation":0,"texture":"#0","tintindex":0},"south":{"uv":[6.875,2.125,7.25,2.875],"rotation":0,"texture":"#0","tintindex":0},"up":{"uv":[8.5,4.0,8.125,3.625],"rotation":0,"texture":"#0","tintindex":0},"west":{"uv":[3.75,6.875,4.125,7.625],"rotation":0,"texture":"#0","tintindex":0}}},{"name":"cube","from":[6.8,6.8,6.44],"to":[9.2,9.2,9.440001],"rotation":{"angle":0.0,"axis":"x","origin":[11.6,-6.4000006,7.4]},"faces":{"down":{"uv":[6.25,6.5,5.75,7.125],"rotation":0,"texture":"#0","tintindex":0},"east":{"uv":[3.125,6.5,3.75,7.0],"rotation":0,"texture":"#0","tintindex":0},"north":{"uv":[3.125,7.0,3.625,7.5],"rotation":0,"texture":"#0","tintindex":0},"south":{"uv":[7.0,3.5,7.5,4.0],"rotation":0,"texture":"#0","tintindex":0},"up":{"uv":[7.0,6.125,6.5,5.5],"rotation":0,"texture":"#0","tintindex":0},"west":{"uv":[5.125,6.5,5.75,7.0],"rotation":0,"texture":"#0","tintindex":0}}}],"display":{"head":{"translation":[0.0,-6.4,0.0],"rotation":[0.0,0.0,0.0],"scale":[3.8095,3.8095,3.8095]}}}