{"textures":{"0":"modelengine:entity/mrkia"},"elements":[{"name":"cube","from":[5.6,16.16,7.1],"to":[10.4,22.759998,9.8],"rotation":{"angle":0.0,"axis":"x","origin":[8.0,8.0,8.0]},"faces":{"down":{"uv":[4.25,2.0,3.25,2.5],"rotation":0,"texture":"#0","tintindex":0},"east":{"uv":[2.25,0.75,2.75,2.125],"rotation":0,"texture":"#0","tintindex":0},"north":{"uv":[0.0,0.0,1.0,1.375],"rotation":0,"texture":"#0","tintindex":0},"south":{"uv":[1.0,0.0,2.0,1.375],"rotation":0,"texture":"#0","tintindex":0},"up":{"uv":[4.25,2.0,3.25,1.5],"rotation":0,"texture":"#0","tintindex":0},"west":{"uv":[2.75,0.75,3.25,2.125],"rotation":0,"texture":"#0","tintindex":0}}},{"name":"cube","from":[5.48,19.400002,6.8599997],"to":[10.52,23.0,10.1],"rotation":{"angle":0.0,"axis":"x","origin":[8.0,8.0,8.0]},"faces":{"down":{"uv":[3.1875,2.125,2.125,2.8125],"rotation":0,"texture":"#0","tintindex":0},"east":{"uv":[3.0,0.0,3.6875,0.75],"rotation":0,"texture":"#0","tintindex":0},"north":{"uv":[0.0,1.375,1.0625,2.125],"rotation":0,"texture":"#0","tintindex":0},"south":{"uv":[1.125,1.375,2.1875,2.125],"rotation":0,"texture":"#0","tintindex":0},"up":{"uv":[2.0625,2.8125,1.0,2.125],"rotation":0,"texture":"#0","tintindex":0},"west":{"uv":[3.25,0.75,3.9375,1.5],"rotation":0,"texture":"#0","tintindex":0}}},{"name":"cube","from":[6.26,26.26619,0.1147182],"to":[9.74,28.666191,0.71471834],"rotation":{"angle":45.0,"axis":"x","origin":[8.0,13.666191,0.71471834]},"faces":{"down":{"uv":[8.875,6.625,8.125,6.75],"rotation":0,"texture":"#0","tintindex":0},"east":{"uv":[4.875,3.75,5.0,4.25],"rotation":0,"texture":"#0","tintindex":0},"north":{"uv":[1.875,5.25,2.625,5.75],"rotation":0,"texture":"#0","tintindex":0},"south":{"uv":[5.375,0.625,6.125,1.125],"rotation":0,"texture":"#0","tintindex":0},"up":{"uv":[8.75,2.625,8.0,2.5],"rotation":0,"texture":"#0","tintindex":0},"west":{"uv":[2.625,5.25,2.75,5.75],"rotation":0,"texture":"#0","tintindex":0}}},{"name":"cube","from":[10.73,23.745586,7.4],"to":[11.33,25.545586,9.8],"rotation":{"angle":-45.0,"axis":"z","origin":[8.93,25.545586,8.0]},"faces":{"down":{"uv":[6.25,1.375,6.125,1.875],"rotation":0,"texture":"#0","tintindex":0},"east":{"uv":[1.5,7.5,2.0,7.875],"rotation":0,"texture":"#0","tintindex":0},"north":{"uv":[3.75,6.5,3.875,6.875],"rotation":0,"texture":"#0","tintindex":0},"south":{"uv":[3.625,7.0,3.75,7.375],"rotation":0,"texture":"#0","tintindex":0},"up":{"uv":[4.0,6.25,3.875,5.75],"rotation":0,"texture":"#0","tintindex":0},"west":{"uv":[5.125,7.5,5.625,7.875],"rotation":0,"texture":"#0","tintindex":0}}},{"name":"cube","from":[4.6699996,23.745586,7.4],"to":[5.2699995,25.545586,9.8],"rotation":{"angle":45.0,"axis":"z","origin":[7.0699997,25.545586,8.0]},"faces":{"down":{"uv":[6.875,2.0,6.75,2.5],"rotation":0,"texture":"#0","tintindex":0},"east":{"uv":[7.5,6.75,8.0,7.125],"rotation":0,"texture":"#0","tintindex":0},"north":{"uv":[3.0,7.125,3.125,7.5],"rotation":0,"texture":"#0","tintindex":0},"south":{"uv":[7.125,4.5,7.25,4.875],"rotation":0,"texture":"#0","tintindex":0},"up":{"uv":[6.25,3.0,6.125,2.5],"rotation":0,"texture":"#0","tintindex":0},"west":{"uv":[7.0,7.5,7.5,7.875],"rotation":0,"texture":"#0","tintindex":0}}},{"name":"cube","from":[7.4,23.0,7.4],"to":[8.6,24.2,8.6],"rotation":{"angle":0.0,"axis":"x","origin":[8.0,8.0,8.0]},"faces":{"down":{"uv":[0.0,0.0,0.25,0.25],"rotation":0,"texture":"#0","tintindex":0},"east":{"uv":[5.375,0.0,5.625,0.25],"rotation":0,"texture":"#0","tintindex":0},"north":{"uv":[5.25,0.125,5.5,0.375],"rotation":0,"texture":"#0","tintindex":0},"south":{"uv":[5.0,0.0,5.25,0.25],"rotation":0,"texture":"#0","tintindex":0},"up":{"uv":[5.25,0.0,5.5,0.25],"rotation":0,"texture":"#0","tintindex":0},"west":{"uv":[5.4375,0.0,5.6875,0.25],"rotation":0,"texture":"#0","tintindex":0}}}],"display":{"head":{"translation":[0.0,-6.4,0.0],"rotation":[0.0,0.0,0.0],"scale":[3.8095,3.8095,3.8095]}}}