{"textures":{"0":"modelengine:entity/mrkia"},"elements":[{"name":"cube","from":[6.8,6.2,6.2],"to":[8.6,8.0,8.6],"rotation":{"angle":0.0,"axis":"x","origin":[4.3999996,-3.4000006,6.8]},"faces":{"down":{"uv":[8.125,1.375,7.75,1.875],"rotation":0,"texture":"#0","tintindex":0},"east":{"uv":[3.625,7.625,4.125,8.0],"rotation":0,"texture":"#0","tintindex":0},"north":{"uv":[1.0,8.125,1.375,8.5],"rotation":0,"texture":"#0","tintindex":0},"south":{"uv":[8.125,1.25,8.5,1.625],"rotation":0,"texture":"#0","tintindex":0},"up":{"uv":[8.125,1.375,7.75,0.875],"rotation":0,"texture":"#0","tintindex":0},"west":{"uv":[7.625,4.0,8.125,4.375],"rotation":0,"texture":"#0","tintindex":0}}},{"name":"cube","from":[6.6800003,4.3999996,6.08],"to":[8.780001,6.2,8.719999],"rotation":{"angle":0.0,"axis":"x","origin":[4.3999996,-3.4000006,6.8]},"faces":{"down":{"uv":[7.6875,1.0,7.25,1.5625],"rotation":0,"texture":"#0","tintindex":0},"east":{"uv":[3.0,7.5,3.5625,7.875],"rotation":0,"texture":"#0","tintindex":0},"north":{"uv":[3.125,7.875,3.5625,8.25],"rotation":0,"texture":"#0","tintindex":0},"south":{"uv":[5.125,7.875,5.5625,8.25],"rotation":0,"texture":"#0","tintindex":0},"up":{"uv":[6.0625,7.6875,5.625,7.125],"rotation":0,"texture":"#0","tintindex":0},"west":{"uv":[7.5,3.625,8.0625,4.0],"rotation":0,"texture":"#0","tintindex":0}}},{"name":"cube","from":[6.6800003,7.4,6.08],"to":[8.719999,8.0,8.719999],"rotation":{"angle":0.0,"axis":"x","origin":[4.3999996,-3.4000006,6.8]},"faces":{"down":{"uv":[7.6875,2.25,7.25,2.8125],"rotation":0,"texture":"#0","tintindex":0},"east":{"uv":[7.25,8.25,7.8125,8.375],"rotation":0,"texture":"#0","tintindex":0},"north":{"uv":[7.5,5.875,7.9375,6.0],"rotation":0,"texture":"#0","tintindex":0},"south":{"uv":[8.375,3.0,8.8125,3.125],"rotation":0,"texture":"#0","tintindex":0},"up":{"uv":[7.6875,2.1875,7.25,1.625],"rotation":0,"texture":"#0","tintindex":0},"west":{"uv":[0.0,8.375,0.5625,8.5],"rotation":0,"texture":"#0","tintindex":0}}}],"display":{"head":{"translation":[0.0,-6.4,0.0],"rotation":[0.0,0.0,0.0],"scale":[3.8095,3.8095,3.8095]}}}