{"textures":{"0":"modelengine:entity/mrkia"},"elements":[{"name":"cube","from":[6.98,3.7999997,6.8],"to":[9.08,5.48,7.4],"rotation":{"angle":0.0,"axis":"x","origin":[6.8,3.7999997,8.0]},"faces":{"down":{"uv":[8.8125,5.25,8.375,5.375],"rotation":0,"texture":"#0","tintindex":0},"east":{"uv":[7.375,0.0,7.5,0.375],"rotation":0,"texture":"#0","tintindex":0},"north":{"uv":[6.625,7.875,7.0625,8.25],"rotation":0,"texture":"#0","tintindex":0},"south":{"uv":[7.125,7.875,7.5625,8.25],"rotation":0,"texture":"#0","tintindex":0},"up":{"uv":[8.8125,5.25,8.375,5.125],"rotation":0,"texture":"#0","tintindex":0},"west":{"uv":[1.875,7.875,2.0,8.25],"rotation":0,"texture":"#0","tintindex":0}}},{"name":"cube","from":[6.98,3.7999997,6.2],"to":[9.08,4.88,6.8],"rotation":{"angle":0.0,"axis":"x","origin":[6.8,3.7999997,8.0]},"faces":{"down":{"uv":[6.4375,8.375,6.0,8.5],"rotation":0,"texture":"#0","tintindex":0},"east":{"uv":[6.875,2.875,7.0,3.125],"rotation":0,"texture":"#0","tintindex":0},"north":{"uv":[8.125,1.625,8.5625,1.875],"rotation":0,"texture":"#0","tintindex":0},"south":{"uv":[8.125,6.375,8.5625,6.625],"rotation":0,"texture":"#0","tintindex":0},"up":{"uv":[8.8125,5.5,8.375,5.375],"rotation":0,"texture":"#0","tintindex":0},"west":{"uv":[7.0,2.875,7.125,3.125],"rotation":0,"texture":"#0","tintindex":0}}},{"name":"cube","from":[6.8,3.7999997,7.4],"to":[9.2,8.0,9.8],"rotation":{"angle":0.0,"axis":"x","origin":[6.8,3.7999997,8.0]},"faces":{"down":{"uv":[7.5,5.5,7.0,6.0],"rotation":0,"texture":"#0","tintindex":0},"east":{"uv":[4.25,1.625,4.75,2.5],"rotation":0,"texture":"#0","tintindex":0},"north":{"uv":[4.25,0.75,4.75,1.625],"rotation":0,"texture":"#0","tintindex":0},"south":{"uv":[4.25,2.5,4.75,3.375],"rotation":0,"texture":"#0","tintindex":0},"up":{"uv":[5.625,7.5,5.125,7.0],"rotation":0,"texture":"#0","tintindex":0},"west":{"uv":[3.25,4.25,3.75,5.125],"rotation":0,"texture":"#0","tintindex":0}}},{"name":"cube","from":[6.62,3.7999997,7.4],"to":[9.32,5.0,9.98],"rotation":{"angle":0.0,"axis":"x","origin":[6.8,3.7999997,8.0]},"faces":{"down":{"uv":[6.6875,4.875,6.125,5.4375],"rotation":0,"texture":"#0","tintindex":0},"east":{"uv":[8.375,0.625,8.9375,0.75],"rotation":0,"texture":"#0","tintindex":0},"north":{"uv":[8.375,0.25,8.9375,0.375],"rotation":0,"texture":"#0","tintindex":0},"south":{"uv":[8.375,0.75,8.9375,0.875],"rotation":0,"texture":"#0","tintindex":0},"up":{"uv":[6.6875,4.8125,6.125,4.25],"rotation":0,"texture":"#0","tintindex":0},"west":{"uv":[1.375,8.375,1.9375,8.5],"rotation":0,"texture":"#0","tintindex":0}}},{"name":"cube","from":[6.5,5.6,7.1],"to":[9.5,6.8,10.1],"rotation":{"angle":0.0,"axis":"x","origin":[6.8,3.7999997,8.0]},"faces":{"down":{"uv":[3.375,5.125,2.75,5.75],"rotation":0,"texture":"#0","tintindex":0},"east":{"uv":[8.0,4.625,8.625,4.875],"rotation":0,"texture":"#0","tintindex":0},"north":{"uv":[8.0,4.375,8.625,4.625],"rotation":0,"texture":"#0","tintindex":0},"south":{"uv":[8.0,4.875,8.625,5.125],"rotation":0,"texture":"#0","tintindex":0},"up":{"uv":[5.625,5.625,5.0,5.0],"rotation":0,"texture":"#0","tintindex":0},"west":{"uv":[8.0,5.875,8.625,6.125],"rotation":0,"texture":"#0","tintindex":0}}}],"display":{"head":{"translation":[0.0,-6.4,0.0],"rotation":[0.0,0.0,0.0],"scale":[3.8095,3.8095,3.8095]}}}