{"textures":{"0":"modelengine:entity/mrkia"},"elements":[{"name":"cube","from":[7.82,6.4399996,5.6],"to":[8.120001,10.639999,8.18],"rotation":{"angle":0.0,"axis":"x","origin":[7.52,6.4399996,6.2]},"faces":{"down":{"uv":[2.1875,8.5,2.125,9.0625],"rotation":0,"texture":"#0","tintindex":0},"east":{"uv":[4.375,4.25,4.9375,5.0],"rotation":0,"texture":"#0","tintindex":0},"north":{"uv":[5.375,8.25,5.4375,9.0],"rotation":0,"texture":"#0","tintindex":0},"south":{"uv":[5.5,8.25,5.5625,9.0],"rotation":0,"texture":"#0","tintindex":0},"up":{"uv":[2.0625,9.0625,2.0,8.5],"rotation":0,"texture":"#0","tintindex":0},"west":{"uv":[0.0,4.5,0.5625,5.25],"rotation":0,"texture":"#0","tintindex":0}}},{"name":"cube","from":[7.4,6.5600004,5.72],"to":[7.82,10.52,8.6],"rotation":{"angle":0.0,"axis":"x","origin":[7.2200003,6.4399996,6.2]},"faces":{"down":{"uv":[1.9375,8.5,1.875,9.125],"rotation":0,"texture":"#0","tintindex":0},"east":{"uv":[4.375,0.0,5.0,0.6875],"rotation":0,"texture":"#0","tintindex":0},"north":{"uv":[1.125,8.5,1.1875,9.1875],"rotation":0,"texture":"#0","tintindex":0},"south":{"uv":[1.25,8.5,1.3125,9.1875],"rotation":0,"texture":"#0","tintindex":0},"up":{"uv":[1.8125,9.125,1.75,8.5],"rotation":0,"texture":"#0","tintindex":0},"west":{"uv":[3.75,4.375,4.375,5.0625],"rotation":0,"texture":"#0","tintindex":0}}}],"display":{"head":{"translation":[0.0,-6.4,0.0],"rotation":[0.0,0.0,0.0],"scale":[3.8095,3.8095,3.8095]}}}