{"textures":{"0":"modelengine:entity/mrkia"},"elements":[{"name":"cube","from":[7.8200006,4.0399995,3.7999997],"to":[8.120001,12.4400015,9.860001],"rotation":{"angle":0.0,"axis":"x","origin":[7.5200005,6.4399996,6.2]},"faces":{"down":{"uv":[4.5625,8.5,4.5,9.0],"rotation":0,"texture":"#0","tintindex":0},"east":{"uv":[5.625,5.0,6.125,5.75],"rotation":0,"texture":"#0","tintindex":0},"north":{"uv":[0.5,8.5,0.5625,9.25],"rotation":0,"texture":"#0","tintindex":0},"south":{"uv":[0.625,8.5,0.6875,9.25],"rotation":0,"texture":"#0","tintindex":0},"up":{"uv":[4.4375,9.0,4.375,8.5],"rotation":0,"texture":"#0","tintindex":0},"west":{"uv":[1.875,5.75,2.375,6.5],"rotation":0,"texture":"#0","tintindex":0}}}],"display":{"head":{"translation":[0.0,-6.4,0.0],"rotation":[0.0,0.0,0.0],"scale":[3.8095,3.8095,3.8095]}}}