{"textures":{"0":"modelengine:entity/mrkia"},"elements":[{"name":"cube","from":[7.4,6.2,6.2],"to":[9.2,8.0,8.6],"rotation":{"angle":0.0,"axis":"x","origin":[11.6,-3.4000006,6.8]},"faces":{"down":{"uv":[2.625,7.875,2.25,8.375],"rotation":0,"texture":"#0","tintindex":0},"east":{"uv":[5.625,7.75,6.125,8.125],"rotation":0,"texture":"#0","tintindex":0},"north":{"uv":[8.125,5.5,8.5,5.875],"rotation":0,"texture":"#0","tintindex":0},"south":{"uv":[5.625,8.125,6.0,8.5],"rotation":0,"texture":"#0","tintindex":0},"up":{"uv":[1.875,8.375,1.5,7.875],"rotation":0,"texture":"#0","tintindex":0},"west":{"uv":[7.875,0.0,8.375,0.375],"rotation":0,"texture":"#0","tintindex":0}}},{"name":"cube","from":[7.22,4.3999996,6.08],"to":[9.32,6.2,8.719999],"rotation":{"angle":0.0,"axis":"x","origin":[11.6,-3.4000006,6.8]},"faces":{"down":{"uv":[6.5625,7.25,6.125,7.8125],"rotation":0,"texture":"#0","tintindex":0},"east":{"uv":[7.5,5.5,8.0625,5.875],"rotation":0,"texture":"#0","tintindex":0},"north":{"uv":[7.875,5.125,8.3125,5.5],"rotation":0,"texture":"#0","tintindex":0},"south":{"uv":[6.125,7.875,6.5625,8.25],"rotation":0,"texture":"#0","tintindex":0},"up":{"uv":[7.6875,5.0625,7.25,4.5],"rotation":0,"texture":"#0","tintindex":0},"west":{"uv":[7.5,6.375,8.0625,6.75],"rotation":0,"texture":"#0","tintindex":0}}},{"name":"cube","from":[7.28,7.4,6.08],"to":[9.32,8.0,8.719999],"rotation":{"angle":0.0,"axis":"x","origin":[11.6,-3.4000006,6.8]},"faces":{"down":{"uv":[5.0625,7.375,4.625,7.9375],"rotation":0,"texture":"#0","tintindex":0},"east":{"uv":[8.375,0.0,8.9375,0.125],"rotation":0,"texture":"#0","tintindex":0},"north":{"uv":[8.375,3.375,8.8125,3.5],"rotation":0,"texture":"#0","tintindex":0},"south":{"uv":[8.375,3.5,8.8125,3.625],"rotation":0,"texture":"#0","tintindex":0},"up":{"uv":[4.5625,7.9375,4.125,7.375],"rotation":0,"texture":"#0","tintindex":0},"west":{"uv":[8.375,0.125,8.9375,0.25],"rotation":0,"texture":"#0","tintindex":0}}}],"display":{"head":{"translation":[0.0,-6.4,0.0],"rotation":[0.0,0.0,0.0],"scale":[3.8095,3.8095,3.8095]}}}