{"textures":{"0":"modelengine:entity/mrkia"},"elements":[{"name":"cube","from":[7.88,6.4399996,5.6],"to":[8.18,10.639999,8.12],"rotation":{"angle":0.0,"axis":"x","origin":[8.48,6.4399996,6.2]},"faces":{"down":{"uv":[4.3125,8.5,4.25,9.0],"rotation":0,"texture":"#0","tintindex":0},"east":{"uv":[4.5,5.625,5.0,6.375],"rotation":0,"texture":"#0","tintindex":0},"north":{"uv":[8.0,8.25,8.0625,9.0],"rotation":0,"texture":"#0","tintindex":0},"south":{"uv":[8.375,7.875,8.4375,8.625],"rotation":0,"texture":"#0","tintindex":0},"up":{"uv":[4.1875,9.0,4.125,8.5],"rotation":0,"texture":"#0","tintindex":0},"west":{"uv":[5.0,5.625,5.5,6.375],"rotation":0,"texture":"#0","tintindex":0}}},{"name":"cube","from":[8.18,6.5600004,5.72],"to":[8.6,10.52,8.48],"rotation":{"angle":0.0,"axis":"x","origin":[8.780001,6.4399996,6.2]},"faces":{"down":{"uv":[2.4375,8.5,2.375,9.0625],"rotation":0,"texture":"#0","tintindex":0},"east":{"uv":[0.625,5.25,1.1875,5.9375],"rotation":0,"texture":"#0","tintindex":0},"north":{"uv":[1.375,8.5,1.4375,9.1875],"rotation":0,"texture":"#0","tintindex":0},"south":{"uv":[1.5,8.5,1.5625,9.1875],"rotation":0,"texture":"#0","tintindex":0},"up":{"uv":[2.3125,9.0625,2.25,8.5],"rotation":0,"texture":"#0","tintindex":0},"west":{"uv":[1.25,5.25,1.8125,5.9375],"rotation":0,"texture":"#0","tintindex":0}}}],"display":{"head":{"translation":[0.0,-6.4,0.0],"rotation":[0.0,0.0,0.0],"scale":[3.8095,3.8095,3.8095]}}}