{"textures":{"0":"modelengine:entity/mrkia"},"elements":[{"name":"cube","from":[6.92,3.7999997,6.8],"to":[9.02,5.48,7.4],"rotation":{"angle":0.0,"axis":"x","origin":[9.2,3.7999997,8.0]},"faces":{"down":{"uv":[7.4375,8.375,7.0,8.5],"rotation":0,"texture":"#0","tintindex":0},"east":{"uv":[8.5,0.875,8.625,1.25],"rotation":0,"texture":"#0","tintindex":0},"north":{"uv":[7.625,7.875,8.0625,8.25],"rotation":0,"texture":"#0","tintindex":0},"south":{"uv":[8.0,1.875,8.4375,2.25],"rotation":0,"texture":"#0","tintindex":0},"up":{"uv":[6.9375,8.5,6.5,8.375],"rotation":0,"texture":"#0","tintindex":0},"west":{"uv":[1.0,8.5,1.125,8.875],"rotation":0,"texture":"#0","tintindex":0}}},{"name":"cube","from":[6.92,3.7999997,6.2],"to":[9.02,4.88,6.8],"rotation":{"angle":0.0,"axis":"x","origin":[9.2,3.7999997,8.0]},"faces":{"down":{"uv":[8.8125,7.75,8.375,7.875],"rotation":0,"texture":"#0","tintindex":0},"east":{"uv":[7.0,4.0,7.125,4.25],"rotation":0,"texture":"#0","tintindex":0},"north":{"uv":[8.25,3.125,8.6875,3.375],"rotation":0,"texture":"#0","tintindex":0},"south":{"uv":[4.125,8.25,4.5625,8.5],"rotation":0,"texture":"#0","tintindex":0},"up":{"uv":[7.9375,8.5,7.5,8.375],"rotation":0,"texture":"#0","tintindex":0},"west":{"uv":[3.625,7.375,3.75,7.625],"rotation":0,"texture":"#0","tintindex":0}}},{"name":"cube","from":[6.8,3.7999997,7.4],"to":[9.2,8.0,9.8],"rotation":{"angle":0.0,"axis":"x","origin":[9.2,3.7999997,8.0]},"faces":{"down":{"uv":[3.0,7.125,2.5,7.625],"rotation":0,"texture":"#0","tintindex":0},"east":{"uv":[1.75,4.375,2.25,5.25],"rotation":0,"texture":"#0","tintindex":0},"north":{"uv":[1.25,4.375,1.75,5.25],"rotation":0,"texture":"#0","tintindex":0},"south":{"uv":[2.25,4.375,2.75,5.25],"rotation":0,"texture":"#0","tintindex":0},"up":{"uv":[2.5,7.625,2.0,7.125],"rotation":0,"texture":"#0","tintindex":0},"west":{"uv":[4.375,3.375,4.875,4.25],"rotation":0,"texture":"#0","tintindex":0}}},{"name":"cube","from":[6.6800003,3.7999997,7.4],"to":[9.38,5.0,9.98],"rotation":{"angle":0.0,"axis":"x","origin":[9.2,3.7999997,8.0]},"faces":{"down":{"uv":[6.8125,1.375,6.25,1.9375],"rotation":0,"texture":"#0","tintindex":0},"east":{"uv":[8.375,2.625,8.9375,2.75],"rotation":0,"texture":"#0","tintindex":0},"north":{"uv":[2.0,8.375,2.5625,8.5],"rotation":0,"texture":"#0","tintindex":0},"south":{"uv":[8.375,2.75,8.9375,2.875],"rotation":0,"texture":"#0","tintindex":0},"up":{"uv":[6.8125,0.5625,6.25,0.0],"rotation":0,"texture":"#0","tintindex":0},"west":{"uv":[8.375,2.875,8.9375,3.0],"rotation":0,"texture":"#0","tintindex":0}}},{"name":"cube","from":[6.5,5.6,7.1],"to":[9.5,6.8,10.1],"rotation":{"angle":0.0,"axis":"x","origin":[9.2,3.7999997,8.0]},"faces":{"down":{"uv":[0.625,5.25,0.0,5.875],"rotation":0,"texture":"#0","tintindex":0},"east":{"uv":[8.0,6.75,8.625,7.0],"rotation":0,"texture":"#0","tintindex":0},"north":{"uv":[8.0,6.125,8.625,6.375],"rotation":0,"texture":"#0","tintindex":0},"south":{"uv":[8.0,7.0,8.625,7.25],"rotation":0,"texture":"#0","tintindex":0},"up":{"uv":[4.0,5.75,3.375,5.125],"rotation":0,"texture":"#0","tintindex":0},"west":{"uv":[8.0,7.25,8.625,7.5],"rotation":0,"texture":"#0","tintindex":0}}}],"display":{"head":{"translation":[0.0,-6.4,0.0],"rotation":[0.0,0.0,0.0],"scale":[3.8095,3.8095,3.8095]}}}