{"textures":{"0":"modelengine:entity/mrkia"},"elements":[{"name":"cube","from":[7.8800006,4.0399995,3.7999997],"to":[8.18,12.4400015,9.860001],"rotation":{"angle":0.0,"axis":"x","origin":[8.4800005,6.4399996,6.2]},"faces":{"down":{"uv":[8.5625,3.625,8.5,4.1875],"rotation":0,"texture":"#0","tintindex":0},"east":{"uv":[0.625,4.5,1.1875,5.25],"rotation":0,"texture":"#0","tintindex":0},"north":{"uv":[0.25,8.5,0.3125,9.25],"rotation":0,"texture":"#0","tintindex":0},"south":{"uv":[0.375,8.5,0.4375,9.25],"rotation":0,"texture":"#0","tintindex":0},"up":{"uv":[2.5625,9.0625,2.5,8.5],"rotation":0,"texture":"#0","tintindex":0},"west":{"uv":[4.75,0.75,5.3125,1.5],"rotation":0,"texture":"#0","tintindex":0}}},{"name":"cube","from":[8.18,4.16,3.92],"to":[9.2,12.320001,9.8],"rotation":{"angle":0.0,"axis":"x","origin":[8.780001,6.4399996,6.2]},"faces":{"down":{"uv":[5.3125,8.25,5.125,8.75],"rotation":0,"texture":"#0","tintindex":0},"east":{"uv":[6.125,0.625,6.625,1.3125],"rotation":0,"texture":"#0","tintindex":0},"north":{"uv":[4.875,8.0,5.0625,8.6875],"rotation":0,"texture":"#0","tintindex":0},"south":{"uv":[8.125,7.75,8.3125,8.4375],"rotation":0,"texture":"#0","tintindex":0},"up":{"uv":[4.8125,8.75,4.625,8.25],"rotation":0,"texture":"#0","tintindex":0},"west":{"uv":[6.125,3.5,6.625,4.1875],"rotation":0,"texture":"#0","tintindex":0}}}],"display":{"head":{"translation":[0.0,-6.4,0.0],"rotation":[0.0,0.0,0.0],"scale":[3.8095,3.8095,3.8095]}}}