{"textures":{"0":"modelengine:entity/mrkia"},"elements":[{"name":"cube","from":[7.4,4.1,9.8],"to":[8.66,12.500001,9.98],"rotation":{"angle":0.0,"axis":"x","origin":[8.96,6.5,9.2]},"faces":{"down":{"uv":[5.375,6.375,5.125,6.4375],"rotation":0,"texture":"#0","tintindex":0},"east":{"uv":[0.75,8.5,0.8125,9.25],"rotation":0,"texture":"#0","tintindex":0},"north":{"uv":[2.625,7.875,2.875,8.625],"rotation":0,"texture":"#0","tintindex":0},"south":{"uv":[2.875,7.875,3.125,8.625],"rotation":0,"texture":"#0","tintindex":0},"up":{"uv":[6.375,5.6875,6.125,5.625],"rotation":0,"texture":"#0","tintindex":0},"west":{"uv":[0.875,8.5,0.9375,9.25],"rotation":0,"texture":"#0","tintindex":0}}}],"display":{"head":{"translation":[0.0,-6.4,0.0],"rotation":[0.0,0.0,0.0],"scale":[3.8095,3.8095,3.8095]}}}