{"textures":{"0":"modelengine:entity/mrkia"},"elements":[{"name":"cube","from":[7.34,6.5,8.0],"to":[8.6,10.700001,8.18],"rotation":{"angle":0.0,"axis":"x","origin":[7.04,6.5,9.2]},"faces":{"down":{"uv":[1.5,4.25,1.25,4.3125],"rotation":0,"texture":"#0","tintindex":0},"east":{"uv":[0.0,8.5,0.0625,9.25],"rotation":0,"texture":"#0","tintindex":0},"north":{"uv":[7.75,1.875,8.0,2.625],"rotation":0,"texture":"#0","tintindex":0},"south":{"uv":[7.75,4.375,8.0,5.125],"rotation":0,"texture":"#0","tintindex":0},"up":{"uv":[2.25,1.3125,2.0,1.25],"rotation":0,"texture":"#0","tintindex":0},"west":{"uv":[0.125,8.5,0.1875,9.25],"rotation":0,"texture":"#0","tintindex":0}}}],"display":{"head":{"translation":[0.0,-6.4,0.0],"rotation":[0.0,0.0,0.0],"scale":[3.8095,3.8095,3.8095]}}}