{"textures":{"0":"modelengine:entity/mrkia"},"elements":[{"name":"cube","from":[6.8,5.6,7.4],"to":[9.2,8.0,8.0],"rotation":{"angle":0.0,"axis":"x","origin":[9.2,-0.40000033,6.2]},"faces":{"down":{"uv":[1.0,0.0,0.0,0.0],"rotation":0,"texture":"#0","tintindex":0},"east":{"uv":[0.0,0.0,0.0,0.5],"rotation":0,"texture":"#0","tintindex":0},"north":{"uv":[3.25,2.5,4.25,3.0],"rotation":0,"texture":"#0","tintindex":0},"south":{"uv":[3.25,3.0,4.25,3.5],"rotation":0,"texture":"#0","tintindex":0},"up":{"uv":[1.0,0.0,0.0,0.0],"rotation":0,"texture":"#0","tintindex":0},"west":{"uv":[0.0,0.0,0.0,0.5],"rotation":0,"texture":"#0","tintindex":0}}}],"display":{"head":{"translation":[0.0,-6.4,0.0],"rotation":[0.0,0.0,0.0],"scale":[3.8095,3.8095,3.8095]}}}