{"textures":{"0":"modelengine:entity/mrkia"},"elements":[{"name":"cube","from":[6.8,3.1999998,7.4],"to":[9.2,8.0,8.0],"rotation":{"angle":0.0,"axis":"x","origin":[6.8,1.9999998,6.2]},"faces":{"down":{"uv":[0.0,0.0,1.0,0.0],"rotation":0,"texture":"#0","tintindex":0},"east":{"uv":[0.0,0.0,0.0,0.75],"rotation":0,"texture":"#0","tintindex":0},"north":{"uv":[3.0,0.0,2.0,0.75],"rotation":0,"texture":"#0","tintindex":0},"south":{"uv":[1.0,2.125,0.0,2.875],"rotation":0,"texture":"#0","tintindex":0},"up":{"uv":[0.0,0.0,1.0,0.0],"rotation":0,"texture":"#0","tintindex":0},"west":{"uv":[0.0,0.0,0.0,0.75],"rotation":0,"texture":"#0","tintindex":0}}}],"display":{"head":{"translation":[0.0,-6.4,0.0],"rotation":[0.0,0.0,0.0],"scale":[3.8095,3.8095,3.8095]}}}