{"textures":{"0":"modelengine:entity/mrkia"},"elements":[{"name":"cube","from":[5.6,4.3999996,7.4],"to":[10.4,8.0,8.0],"rotation":{"angle":0.0,"axis":"x","origin":[5.6,-0.40000033,6.2]},"faces":{"down":{"uv":[0.0,0.0,1.0,0.0],"rotation":0,"texture":"#0","tintindex":0},"east":{"uv":[0.0,0.0,0.0,0.5],"rotation":0,"texture":"#0","tintindex":0},"north":{"uv":[4.25,2.5,3.25,3.0],"rotation":0,"texture":"#0","tintindex":0},"south":{"uv":[4.25,3.0,3.25,3.5],"rotation":0,"texture":"#0","tintindex":0},"up":{"uv":[0.0,0.0,1.0,0.0],"rotation":0,"texture":"#0","tintindex":0},"west":{"uv":[0.0,0.0,0.0,0.5],"rotation":0,"texture":"#0","tintindex":0}}}],"display":{"head":{"translation":[0.0,-6.4,0.0],"rotation":[0.0,0.0,0.0],"scale":[3.8095,3.8095,3.8095]}}}