{"textures":{"0":"modelengine:entity/mrkia"},"elements":[{"name":"cube","from":[6.2,8.6,8.0],"to":[9.8,12.8,10.4],"rotation":{"angle":0.0,"axis":"x","origin":[8.0,12.8,8.0]},"faces":{"down":{"uv":[6.25,3.0,5.5,3.5],"rotation":0,"texture":"#0","tintindex":0},"east":{"uv":[2.75,3.625,3.25,4.5],"rotation":0,"texture":"#0","tintindex":0},"north":{"uv":[0.0,2.875,0.75,3.75],"rotation":0,"texture":"#0","tintindex":0},"south":{"uv":[0.75,2.875,1.5,3.75],"rotation":0,"texture":"#0","tintindex":0},"up":{"uv":[6.125,3.0,5.375,2.5],"rotation":0,"texture":"#0","tintindex":0},"west":{"uv":[3.875,3.5,4.375,4.375],"rotation":0,"texture":"#0","tintindex":0}}},{"name":"cube","from":[4.64,10.04,7.58],"to":[6.5,13.040001,10.58],"rotation":{"angle":22.5,"axis":"z","origin":[5.24,14.240001,7.58]},"faces":{"down":{"uv":[1.875,6.0,1.5,6.5],"rotation":0,"texture":"#0","tintindex":0},"east":{"uv":[2.75,4.5,3.25,5.125],"rotation":0,"texture":"#0","tintindex":0},"north":{"uv":[6.625,7.25,7.0,7.875],"rotation":0,"texture":"#0","tintindex":0},"south":{"uv":[0.0,7.375,0.375,8.0],"rotation":0,"texture":"#0","tintindex":0},"up":{"uv":[4.375,5.625,4.0,5.125],"rotation":0,"texture":"#0","tintindex":0},"west":{"uv":[6.25,2.0,6.75,2.625],"rotation":0,"texture":"#0","tintindex":0}}},{"name":"cube","from":[6.47,8.6,6.8],"to":[9.530001,11.6,9.8],"rotation":{"angle":0.0,"axis":"x","origin":[7.97,12.8,5.6]},"faces":{"down":{"uv":[5.625,4.375,5.0,5.0],"rotation":0,"texture":"#0","tintindex":0},"east":{"uv":[4.875,3.125,5.5,3.75],"rotation":0,"texture":"#0","tintindex":0},"north":{"uv":[4.75,2.5,5.375,3.125],"rotation":0,"texture":"#0","tintindex":0},"south":{"uv":[5.0,0.0,5.625,0.625],"rotation":0,"texture":"#0","tintindex":0},"up":{"uv":[5.0,5.625,4.375,5.0],"rotation":0,"texture":"#0","tintindex":0},"west":{"uv":[5.0,3.75,5.625,4.375],"rotation":0,"texture":"#0","tintindex":0}}},{"name":"cube","from":[7.0699997,8.0,6.74],"to":[8.93,8.6,9.8],"rotation":{"angle":0.0,"axis":"x","origin":[7.97,9.8,5.6]},"faces":{"down":{"uv":[0.75,7.5,0.375,8.125],"rotation":0,"texture":"#0","tintindex":0},"east":{"uv":[6.0,8.25,6.625,8.375],"rotation":0,"texture":"#0","tintindex":0},"north":{"uv":[5.0,0.625,5.375,0.75],"rotation":0,"texture":"#0","tintindex":0},"south":{"uv":[6.125,5.5,6.5,5.625],"rotation":0,"texture":"#0","tintindex":0},"up":{"uv":[7.875,0.625,7.5,0.0],"rotation":0,"texture":"#0","tintindex":0},"west":{"uv":[6.625,8.25,7.25,8.375],"rotation":0,"texture":"#0","tintindex":0}}},{"name":"cube","from":[6.05,9.8,7.46],"to":[9.950001,11.6,9.8],"rotation":{"angle":0.0,"axis":"x","origin":[7.97,13.400001,5.6]},"faces":{"down":{"uv":[5.5625,2.0,4.75,2.5],"rotation":0,"texture":"#0","tintindex":0},"east":{"uv":[7.5,7.125,8.0,7.5],"rotation":0,"texture":"#0","tintindex":0},"north":{"uv":[6.25,3.125,7.0625,3.5],"rotation":0,"texture":"#0","tintindex":0},"south":{"uv":[6.5,6.125,7.3125,6.5],"rotation":0,"texture":"#0","tintindex":0},"up":{"uv":[5.5625,2.0,4.75,1.5],"rotation":0,"texture":"#0","tintindex":0},"west":{"uv":[7.5,7.5,8.0,7.875],"rotation":0,"texture":"#0","tintindex":0}}},{"name":"cube","from":[6.6499996,11.0,6.6800003],"to":[9.35,12.2,9.8],"rotation":{"angle":0.0,"axis":"x","origin":[7.97,14.6,5.6]},"faces":{"down":{"uv":[6.1875,1.875,5.625,2.5],"rotation":0,"texture":"#0","tintindex":0},"east":{"uv":[7.625,3.125,8.25,3.375],"rotation":0,"texture":"#0","tintindex":0},"north":{"uv":[8.0,7.5,8.5625,7.75],"rotation":0,"texture":"#0","tintindex":0},"south":{"uv":[0.0,8.125,0.5625,8.375],"rotation":0,"texture":"#0","tintindex":0},"up":{"uv":[6.1875,0.625,5.625,0.0],"rotation":0,"texture":"#0","tintindex":0},"west":{"uv":[7.75,2.625,8.375,2.875],"rotation":0,"texture":"#0","tintindex":0}}},{"name":"cube","from":[7.7,9.860001,6.8],"to":[8.3,11.0,8.0],"rotation":{"angle":22.5,"axis":"x","origin":[8.0,11.0,6.2]},"faces":{"down":{"uv":[5.625,3.5,5.5,3.75],"rotation":0,"texture":"#0","tintindex":0},"east":{"uv":[5.375,1.125,5.625,1.4375],"rotation":0,"texture":"#0","tintindex":0},"north":{"uv":[8.5,1.25,8.625,1.5625],"rotation":0,"texture":"#0","tintindex":0},"south":{"uv":[1.625,8.5,1.75,8.8125],"rotation":0,"texture":"#0","tintindex":0},"up":{"uv":[4.875,3.375,4.75,3.125],"rotation":0,"texture":"#0","tintindex":0},"west":{"uv":[7.0,1.0,7.25,1.3125],"rotation":0,"texture":"#0","tintindex":0}}},{"name":"cube","from":[6.44,11.0,9.8],"to":[9.2,14.059999,11.0],"rotation":{"angle":22.5,"axis":"x","origin":[8.0,12.8,8.0]},"faces":{"down":{"uv":[8.625,2.25,8.0,2.5],"rotation":0,"texture":"#0","tintindex":0},"east":{"uv":[4.0,0.75,4.25,1.5],"rotation":0,"texture":"#0","tintindex":0},"north":{"uv":[3.25,3.5,3.875,4.25],"rotation":0,"texture":"#0","tintindex":0},"south":{"uv":[1.5,3.625,2.125,4.375],"rotation":0,"texture":"#0","tintindex":0},"up":{"uv":[8.5,0.625,7.875,0.375],"rotation":0,"texture":"#0","tintindex":0},"west":{"uv":[2.0,7.625,2.25,8.375],"rotation":0,"texture":"#0","tintindex":0}}},{"name":"cube","from":[6.14,12.2,10.4],"to":[9.56,14.3,11.6],"rotation":{"angle":45.0,"axis":"x","origin":[7.7599998,12.8,8.0]},"faces":{"down":{"uv":[4.875,8.0,4.25,8.25],"rotation":0,"texture":"#0","tintindex":0},"east":{"uv":[2.0,0.75,2.25,1.25],"rotation":0,"texture":"#0","tintindex":0},"north":{"uv":[6.25,2.625,6.875,3.125],"rotation":0,"texture":"#0","tintindex":0},"south":{"uv":[3.875,6.375,4.5,6.875],"rotation":0,"texture":"#0","tintindex":0},"up":{"uv":[4.25,8.25,3.625,8.0],"rotation":0,"texture":"#0","tintindex":0},"west":{"uv":[1.25,3.75,1.5,4.25],"rotation":0,"texture":"#0","tintindex":0}}},{"name":"cube","from":[6.3199997,10.174153,8.551813],"to":[9.2,13.654153,10.351814],"rotation":{"angle":0.0,"axis":"x","origin":[8.0,11.9741535,7.3518133]},"faces":{"down":{"uv":[8.0,6.0,7.375,6.375],"rotation":0,"texture":"#0","tintindex":0},"east":{"uv":[6.25,6.5,6.625,7.25],"rotation":0,"texture":"#0","tintindex":0},"north":{"uv":[2.125,3.625,2.75,4.375],"rotation":0,"texture":"#0","tintindex":0},"south":{"uv":[0.0,3.75,0.625,4.5],"rotation":0,"texture":"#0","tintindex":0},"up":{"uv":[7.875,5.5,7.25,5.125],"rotation":0,"texture":"#0","tintindex":0},"west":{"uv":[0.0,6.625,0.375,7.375],"rotation":0,"texture":"#0","tintindex":0}}},{"name":"cube","from":[8.6,11.0,7.4],"to":[10.4,13.640001,10.460001],"rotation":{"angle":-22.5,"axis":"z","origin":[8.0,12.8,8.0]},"faces":{"down":{"uv":[1.5,7.5,1.125,8.125],"rotation":0,"texture":"#0","tintindex":0},"east":{"uv":[3.75,0.0,4.375,0.75],"rotation":0,"texture":"#0","tintindex":0},"north":{"uv":[6.625,0.625,7.0,1.375],"rotation":0,"texture":"#0","tintindex":0},"south":{"uv":[6.625,3.5,7.0,4.25],"rotation":0,"texture":"#0","tintindex":0},"up":{"uv":[1.125,8.125,0.75,7.5],"rotation":0,"texture":"#0","tintindex":0},"west":{"uv":[0.625,3.75,1.25,4.5],"rotation":0,"texture":"#0","tintindex":0}}},{"name":"cube","from":[7.4,11.6,6.8],"to":[9.8,14.6,9.2],"rotation":{"angle":-22.5,"axis":"x","origin":[8.0,12.8,8.0]},"faces":{"down":{"uv":[7.375,0.0,6.875,0.5],"rotation":0,"texture":"#0","tintindex":0},"east":{"uv":[5.625,3.5,6.125,4.25],"rotation":0,"texture":"#0","tintindex":0},"north":{"uv":[5.625,1.125,6.125,1.875],"rotation":0,"texture":"#0","tintindex":0},"south":{"uv":[4.0,5.625,4.5,6.375],"rotation":0,"texture":"#0","tintindex":0},"up":{"uv":[7.25,5.5,6.75,5.0],"rotation":0,"texture":"#0","tintindex":0},"west":{"uv":[5.625,4.25,6.125,5.0],"rotation":0,"texture":"#0","tintindex":0}}},{"name":"cube","from":[6.14,11.0,6.8],"to":[7.4,13.7,9.2],"rotation":{"angle":-22.5,"axis":"x","origin":[8.0,12.8,8.0]},"faces":{"down":{"uv":[4.125,8.25,3.875,8.75],"rotation":0,"texture":"#0","tintindex":0},"east":{"uv":[4.125,6.875,4.625,7.375],"rotation":0,"texture":"#0","tintindex":0},"north":{"uv":[3.125,8.25,3.375,8.75],"rotation":0,"texture":"#0","tintindex":0},"south":{"uv":[3.375,8.25,3.625,8.75],"rotation":0,"texture":"#0","tintindex":0},"up":{"uv":[3.875,8.75,3.625,8.25],"rotation":0,"texture":"#0","tintindex":0},"west":{"uv":[4.625,6.875,5.125,7.375],"rotation":0,"texture":"#0","tintindex":0}}},{"name":"cube","from":[5.8999996,10.16,6.56],"to":[10.1,11.360001,10.16],"rotation":{"angle":0.0,"axis":"x","origin":[8.3,-7.420001,8.0]},"faces":{"down":{"uv":[3.25,2.875,2.375,3.625],"rotation":0,"texture":"#0","tintindex":0},"east":{"uv":[2.25,7.625,3.0,7.875],"rotation":0,"texture":"#0","tintindex":0},"north":{"uv":[7.5,0.625,8.375,0.875],"rotation":0,"texture":"#0","tintindex":0},"south":{"uv":[7.5,3.375,8.375,3.625],"rotation":0,"texture":"#0","tintindex":0},"up":{"uv":[2.375,3.625,1.5,2.875],"rotation":0,"texture":"#0","tintindex":0},"west":{"uv":[7.625,2.875,8.375,3.125],"rotation":0,"texture":"#0","tintindex":0}}}],"display":{"head":{"translation":[0.0,-6.4,0.0],"rotation":[0.0,0.0,0.0],"scale":[3.8095,3.8095,3.8095]}}}