{"textures":{"0":"modelengine:entity/mrkia"},"elements":[{"name":"cube","from":[6.8,4.3999996,7.4],"to":[9.2,8.0,9.8],"rotation":{"angle":0.0,"axis":"x","origin":[6.8,0.19999981,8.0]},"faces":{"down":{"uv":[7.5,7.0,7.0,7.5],"rotation":0,"texture":"#0","tintindex":0},"east":{"uv":[2.875,5.75,3.375,6.5],"rotation":0,"texture":"#0","tintindex":0},"north":{"uv":[2.375,5.75,2.875,6.5],"rotation":0,"texture":"#0","tintindex":0},"south":{"uv":[3.375,5.75,3.875,6.5],"rotation":0,"texture":"#0","tintindex":0},"up":{"uv":[7.5,7.0,7.0,6.5],"rotation":0,"texture":"#0","tintindex":0},"west":{"uv":[5.5,5.75,6.0,6.5],"rotation":0,"texture":"#0","tintindex":0}}}],"display":{"head":{"translation":[0.0,-6.4,0.0],"rotation":[0.0,0.0,0.0],"scale":[3.8095,3.8095,3.8095]}}}