{"textures":{"0":"modelengine:entity/mrkia"},"elements":[{"name":"cube","from":[6.8,4.3999996,7.4],"to":[9.2,8.0,9.8],"rotation":{"angle":0.0,"axis":"x","origin":[9.2,0.19999981,8.0]},"faces":{"down":{"uv":[7.625,4.0,7.125,4.5],"rotation":0,"texture":"#0","tintindex":0},"east":{"uv":[0.5,6.0,1.0,6.75],"rotation":0,"texture":"#0","tintindex":0},"north":{"uv":[0.0,5.875,0.5,6.625],"rotation":0,"texture":"#0","tintindex":0},"south":{"uv":[1.0,6.0,1.5,6.75],"rotation":0,"texture":"#0","tintindex":0},"up":{"uv":[7.625,3.375,7.125,2.875],"rotation":0,"texture":"#0","tintindex":0},"west":{"uv":[6.0,5.75,6.5,6.5],"rotation":0,"texture":"#0","tintindex":0}}}],"display":{"head":{"translation":[0.0,-6.4,0.0],"rotation":[0.0,0.0,0.0],"scale":[3.8095,3.8095,3.8095]}}}