{"textures":{"0":"modelengine:entity/goldenretriever"},"elements":[{"name":"cube","from":[6.9794235,3.76064,6.8594236],"to":[9.294945,9.039104,8.866208],"rotation":{"angle":0.0,"axis":"x","origin":[7.905632,6.5392637,7.94]},"faces":{"down":{"uv":[5.0625,4.9375,6.5625,7.5375],"rotation":0,"texture":"#0","tintindex":0},"east":{"uv":[5.0625,4.9375,6.5625,7.5375],"rotation":0,"texture":"#0","tintindex":0},"north":{"uv":[5.0625,4.9375,6.5625,7.5375],"rotation":0,"texture":"#0","tintindex":0},"south":{"uv":[5.0625,4.9375,6.5625,7.5375],"rotation":0,"texture":"#0","tintindex":0},"up":{"uv":[5.0625,4.9375,6.5625,7.5375],"rotation":0,"texture":"#0","tintindex":0},"west":{"uv":[5.0625,4.9375,6.5625,7.5375],"rotation":0,"texture":"#0","tintindex":0}}}],"display":{"head":{"translation":[0.0,-6.4,0.0],"rotation":[0.0,0.0,0.0],"scale":[3.8095,3.8095,3.8095]}}}