{"textures":{"0":"modelengine:entity/goldenretriever"},"elements":[{"name":"cube","from":[6.7050557,3.76064,6.9842243],"to":[9.0205765,9.759105,8.991008],"rotation":{"angle":0.0,"axis":"x","origin":[7.9399996,6.5392637,8.0648]},"faces":{"down":{"uv":[5.0625,4.9375,6.5625,7.5375],"rotation":0,"texture":"#0","tintindex":0},"east":{"uv":[5.0625,4.9375,6.5625,7.5375],"rotation":0,"texture":"#0","tintindex":0},"north":{"uv":[5.0625,4.9375,6.5625,7.5375],"rotation":0,"texture":"#0","tintindex":0},"south":{"uv":[5.0625,4.9375,6.5625,7.5375],"rotation":0,"texture":"#0","tintindex":0},"up":{"uv":[5.0625,4.9375,6.5625,7.5375],"rotation":0,"texture":"#0","tintindex":0},"west":{"uv":[5.0625,4.9375,6.5625,7.5375],"rotation":0,"texture":"#0","tintindex":0}}}],"display":{"head":{"translation":[0.0,-6.4,0.0],"rotation":[0.0,0.0,0.0],"scale":[3.8095,3.8095,3.8095]}}}