{"textures":{"0":"modelengine:entity/goldenretriever"},"elements":[{"name":"cube","from":[-2.7787714,8.171517,5.775872],"to":[-1.6981955,12.802557,9.171968],"rotation":{"angle":0.0,"axis":"x","origin":[1.04,9.575936,13.031169]},"faces":{"down":{"uv":[3.25,4.8125,4.85,6.1875],"rotation":0,"texture":"#0","tintindex":0},"east":{"uv":[3.25,4.8125,4.85,6.1875],"rotation":0,"texture":"#0","tintindex":0},"north":{"uv":[3.25,4.8125,4.6,6.1875],"rotation":0,"texture":"#0","tintindex":0},"south":{"uv":[3.25,4.8125,4.85,6.1875],"rotation":0,"texture":"#0","tintindex":0},"up":{"uv":[3.25,4.8125,4.85,6.1875],"rotation":0,"texture":"#0","tintindex":0},"west":{"uv":[2.8125,4.8125,4.4125,6.1875],"rotation":0,"texture":"#0","tintindex":0}}}],"display":{"head":{"translation":[0.0,-6.4,0.0],"rotation":[0.0,0.0,0.0],"scale":[3.8095,3.8095,3.8095]}}}