{"textures":{"0":"modelengine:entity/goldenretriever"},"elements":[{"name":"cube","from":[3.6238265,8.943357,-9.944128],"to":[4.704403,12.64819,-6.548032],"rotation":{"angle":0.0,"axis":"x","origin":[1.04,9.575936,-2.6888323]},"faces":{"down":{"uv":[2.6875,4.75,4.2875,6.125],"rotation":0,"texture":"#0","tintindex":0},"east":{"uv":[2.125,4.8125,3.725,6.1875],"rotation":0,"texture":"#0","tintindex":0},"north":{"uv":[3.25,4.8125,4.85,6.1875],"rotation":0,"texture":"#0","tintindex":0},"south":{"uv":[2.75,4.875,4.35,6.25],"rotation":0,"texture":"#0","tintindex":0},"up":{"uv":[2.5,4.625,4.1,6.0],"rotation":0,"texture":"#0","tintindex":0},"west":{"uv":[3.25,4.8125,4.85,6.1875],"rotation":0,"texture":"#0","tintindex":0}}}],"display":{"head":{"translation":[0.0,-6.4,0.0],"rotation":[0.0,0.0,0.0],"scale":[3.8095,3.8095,3.8095]}}}