{"textures":{"0":"modelengine:entity/goldenretriever"},"elements":[{"name":"cube","from":[7.22816,6.3388157,1.0632322],"to":[8.617472,8.191232,1.5263356],"rotation":{"angle":0.0,"axis":"x","origin":[8.0,8.654336,11.560256]},"faces":{"down":{"uv":[10.2,11.7,10.8125,12.3],"rotation":0,"texture":"#0","tintindex":0},"east":{"uv":[10.2,11.7,10.8125,12.3],"rotation":0,"texture":"#0","tintindex":0},"north":{"uv":[10.2,11.7,10.8125,12.3],"rotation":0,"texture":"#0","tintindex":0},"south":{"uv":[10.2,11.7,10.8125,12.3],"rotation":0,"texture":"#0","tintindex":0},"up":{"uv":[10.2,11.7,10.8125,12.3],"rotation":0,"texture":"#0","tintindex":0},"west":{"uv":[10.2,11.7,10.8125,12.3],"rotation":0,"texture":"#0","tintindex":0}}},{"name":"cube","from":[5.067008,6.03008,3.687488],"to":[10.932992,11.587328,8.936],"rotation":{"angle":0.0,"axis":"x","origin":[8.0,7.882496,11.405888]},"faces":{"down":{"uv":[0.4375,4.75,3.6625,5.5],"rotation":0,"texture":"#0","tintindex":0},"east":{"uv":[3.9,2.9375,0.5,6.4125],"rotation":0,"texture":"#0","tintindex":0},"north":{"uv":[5.25,1.25,6.7375,3.725],"rotation":0,"texture":"#0","tintindex":0},"south":{"uv":[1.5,1.25,5.3,4.85],"rotation":0,"texture":"#0","tintindex":0},"up":{"uv":[0.8125,2.8125,4.6125,6.2125],"rotation":0,"texture":"#0","tintindex":0},"west":{"uv":[0.6875,3.375,4.0875,6.6],"rotation":0,"texture":"#0","tintindex":0}}},{"name":"cube","from":[6.301952,6.3388157,1.3719686],"to":[9.698048,9.271808,3.996224],"rotation":{"angle":0.0,"axis":"x","origin":[8.0,8.654336,11.560256]},"faces":{"down":{"uv":[0.9375,3.0625,3.1375,4.9625],"rotation":0,"texture":"#0","tintindex":0},"east":{"uv":[7.8875,13.25,6.5,15.15],"rotation":0,"texture":"#0","tintindex":0},"north":{"uv":[6.625,13.375,8.7,15.15],"rotation":0,"texture":"#0","tintindex":0},"south":{"uv":[6.5,13.25,8.7,15.15],"rotation":0,"texture":"#0","tintindex":0},"up":{"uv":[6.5,13.25,8.3875,14.2125],"rotation":0,"texture":"#0","tintindex":0},"west":{"uv":[8.7,13.25,7.8125,15.15],"rotation":0,"texture":"#0","tintindex":0}}},{"name":"cube","from":[7.22816,8.191232,1.0632322],"to":[8.617472,9.426176,1.9894403],"rotation":{"angle":0.0,"axis":"x","origin":[8.0,8.654336,11.560256]},"faces":{"down":{"uv":[10.45,11.45,11.0,12.05],"rotation":0,"texture":"#0","tintindex":0},"east":{"uv":[10.45,11.45,11.0,12.05],"rotation":0,"texture":"#0","tintindex":0},"north":{"uv":[10.45,11.45,11.0,12.05],"rotation":0,"texture":"#0","tintindex":0},"south":{"uv":[10.45,11.45,11.0,12.05],"rotation":0,"texture":"#0","tintindex":0},"up":{"uv":[10.45,11.45,11.0,12.05],"rotation":0,"texture":"#0","tintindex":0},"west":{"uv":[10.45,11.45,11.0,12.05],"rotation":0,"texture":"#0","tintindex":0}}}],"display":{"head":{"translation":[0.0,-6.4,0.0],"rotation":[0.0,0.0,0.0],"scale":[3.8095,3.8095,3.8095]}}}