{"textures":{"0":"modelengine:entity/goldenretriever"},"elements":[{"name":"cube","from":[6.6706877,3.6914034,7.2951207],"to":[9.140575,9.2486515,9.301905],"rotation":{"angle":-45.0,"axis":"x","origin":[8.06,7.1866875,8.334656]},"faces":{"down":{"uv":[2.25,3.1875,4.225,5.8125],"rotation":0,"texture":"#0","tintindex":0},"east":{"uv":[2.25,3.1875,4.225,5.8125],"rotation":0,"texture":"#0","tintindex":0},"north":{"uv":[2.25,3.1875,4.225,5.8125],"rotation":0,"texture":"#0","tintindex":0},"south":{"uv":[2.25,3.1875,4.225,5.8125],"rotation":0,"texture":"#0","tintindex":0},"up":{"uv":[2.25,3.1875,4.225,5.8125],"rotation":0,"texture":"#0","tintindex":0},"west":{"uv":[2.25,3.1875,4.225,5.8125],"rotation":0,"texture":"#0","tintindex":0}}}],"display":{"head":{"translation":[0.0,-6.4,0.0],"rotation":[0.0,0.0,0.0],"scale":[3.8095,3.8095,3.8095]}}}