{"textures":{"0":"modelengine:entity/goldenretriever"},"elements":[{"name":"cube","from":[4.554368,4.603904,0.14431953],"to":[11.655295,11.396097,13.519039],"rotation":{"angle":0.0,"axis":"x","origin":[8.104832,8.0,8.705984]},"faces":{"down":{"uv":[0.4375,6.625,3.6625,2.4375],"rotation":0,"texture":"#0","tintindex":0},"east":{"uv":[4.75,2.75,0.5625,6.1875],"rotation":0,"texture":"#0","tintindex":0},"north":{"uv":[0.1875,5.0,3.5,2.8125],"rotation":0,"texture":"#0","tintindex":0},"south":{"uv":[4.1875,3.5,0.5625,6.1875],"rotation":0,"texture":"#0","tintindex":0},"up":{"uv":[0.25,3.5,3.6,4.75],"rotation":0,"texture":"#0","tintindex":0},"west":{"uv":[5.0625,1.0,0.5625,5.9375],"rotation":0,"texture":"#0","tintindex":0}}},{"name":"cube","from":[7.434368,3.547904,0.04831958],"to":[8.775296,4.580096,1.4230396],"rotation":{"angle":0.0,"axis":"x","origin":[8.104832,8.0,8.705984]},"faces":{"down":{"uv":[0.9375,13.875,1.9125,13.75],"rotation":0,"texture":"#0","tintindex":0},"east":{"uv":[0.9375,13.875,1.9125,13.75],"rotation":0,"texture":"#0","tintindex":0},"north":{"uv":[0.9375,13.875,3.9125,9.5625],"rotation":0,"texture":"#0","tintindex":0},"south":{"uv":[0.9375,13.875,1.9125,13.75],"rotation":0,"texture":"#0","tintindex":0},"up":{"uv":[0.9375,13.875,1.9125,13.75],"rotation":0,"texture":"#0","tintindex":0},"west":{"uv":[0.9375,13.875,1.9125,13.75],"rotation":0,"texture":"#0","tintindex":0}}},{"name":"cube","from":[4.3999996,3.5233278,-0.31878448],"to":[11.772033,11.704832,13.827776],"rotation":{"angle":0.0,"axis":"x","origin":[8.104832,8.0,8.705984]},"faces":{"down":{"uv":[0.0,0.0,0.0,0.0],"rotation":0,"texture":"#0","tintindex":0},"east":{"uv":[0.4375,4.125,5.25,7.9375],"rotation":0,"texture":"#0","tintindex":0},"north":{"uv":[4.625,4.125,0.4375,7.9375],"rotation":0,"texture":"#0","tintindex":0},"south":{"uv":[4.625,4.125,0.4375,7.9375],"rotation":0,"texture":"#0","tintindex":0},"up":{"uv":[4.5,2.25,0.3125,6.9375],"rotation":0,"texture":"#0","tintindex":0},"west":{"uv":[5.25,4.125,0.4375,7.9375],"rotation":0,"texture":"#0","tintindex":0}}}],"display":{"head":{"translation":[0.0,-6.4,0.0],"rotation":[0.0,0.0,0.0],"scale":[3.8095,3.8095,3.8095]}}}