{
	"credit": "Made with Blockbench",
	"textures": {
		"0": "item/custom/ladautay",
		"particle": "item/custom/ladautay"
	},
	"elements": [
		{
			"from": [4.79552, 1.25756, 5.6],
			"to": [5.19552, 3.25756, 6],
			"rotation": {"angle": -22.5, "axis": "z", "origin": [3.59552, -5.14244, -24]},
			"faces": {
				"north": {"uv": [11.55, 5.5, 12.9, 10.3], "texture": "#0"},
				"east": {"uv": [11.55, 5.5, 12.9, 10.3], "texture": "#0"},
				"south": {"uv": [11.55, 5.5, 12.9, 10.3], "texture": "#0"},
				"west": {"uv": [11.55, 5.5, 12.9, 10.3], "texture": "#0"},
				"up": {"uv": [11.55, 5.5, 12.9, 10.3], "texture": "#0"},
				"down": {"uv": [11.55, 5.5, 12.9, 10.3], "texture": "#0"}
			}
		},
		{
			"from": [9.99552, -4.34244, 5.6],
			"to": [10.39552, -2.74244, 6],
			"rotation": {"angle": 45, "axis": "z", "origin": [2.39552, -5.94244, -24]},
			"faces": {
				"north": {"uv": [11.55, 5.5, 12.9, 10.3], "texture": "#0"},
				"east": {"uv": [11.55, 5.5, 12.9, 10.3], "texture": "#0"},
				"south": {"uv": [11.55, 5.5, 12.9, 10.3], "texture": "#0"},
				"west": {"uv": [11.55, 5.5, 12.9, 10.3], "texture": "#0"},
				"up": {"uv": [11.55, 5.5, 12.9, 10.3], "texture": "#0"},
				"down": {"uv": [11.55, 5.5, 12.9, 10.3], "texture": "#0"}
			}
		},
		{
			"from": [5.54076, 0.14808, 7.30388],
			"to": [7.14076, 1.74808, 7.30388],
			"rotation": {"angle": -22.5, "axis": "x", "origin": [7.94076, -2.70864, 3.6]},
			"faces": {
				"north": {"uv": [0.125, 3.625, 16, 16], "rotation": 180, "texture": "#0"},
				"east": {"uv": [0.125, 3.625, 16, 16], "rotation": 90, "texture": "#0"},
				"south": {"uv": [0.125, 16, 16, 3.5], "texture": "#0"},
				"west": {"uv": [0.125, 3.625, 16, 16], "rotation": 270, "texture": "#0"},
				"up": {"uv": [0.125, 3.625, 16, 16], "texture": "#0"},
				"down": {"uv": [0.125, 3.625, 16, 16], "rotation": 180, "texture": "#0"}
			}
		},
		{
			"from": [5.94076, -3.50864, 10.8],
			"to": [9.94076, 1.29136, 10.8],
			"rotation": {"angle": -45, "axis": "x", "origin": [-9.25924, -7.10864, 3.6]},
			"faces": {
				"north": {"uv": [0.125, 3.625, 16, 16], "rotation": 180, "texture": "#0"},
				"east": {"uv": [0.125, 3.625, 16, 16], "rotation": 90, "texture": "#0"},
				"south": {"uv": [0.125, 16, 16, 3.5], "texture": "#0"},
				"west": {"uv": [0.125, 3.625, 16, 16], "rotation": 270, "texture": "#0"},
				"up": {"uv": [0.125, 3.625, 16, 16], "texture": "#0"},
				"down": {"uv": [0.125, 3.625, 16, 16], "rotation": 180, "texture": "#0"}
			}
		},
		{
			"from": [7.94076, 1.29136, 4],
			"to": [12.34076, 6.09136, 4],
			"rotation": {"angle": -45, "axis": "y", "origin": [6.34076, 3.29136, 3.6]},
			"faces": {
				"north": {"uv": [0.125, 3.625, 16, 16], "rotation": 180, "texture": "#0"},
				"east": {"uv": [0.125, 3.625, 16, 16], "rotation": 90, "texture": "#0"},
				"south": {"uv": [0.125, 16, 16, 3.5], "texture": "#0"},
				"west": {"uv": [0.125, 3.625, 16, 16], "rotation": 270, "texture": "#0"},
				"up": {"uv": [0.125, 3.625, 16, 16], "texture": "#0"},
				"down": {"uv": [0.125, 3.625, 16, 16], "rotation": 180, "texture": "#0"}
			}
		},
		{
			"from": [2.74076, 1.69136, 2],
			"to": [6.34076, 1.69136, 5.6],
			"rotation": {"angle": 22.5, "axis": "x", "origin": [13.14076, -1.50864, 5.2]},
			"faces": {
				"north": {"uv": [0.125, 3.625, 16, 16], "rotation": 180, "texture": "#0"},
				"east": {"uv": [0.125, 3.625, 16, 16], "rotation": 180, "texture": "#0"},
				"south": {"uv": [0.125, 3.625, 16, 16], "rotation": 180, "texture": "#0"},
				"west": {"uv": [0.125, 3.625, 16, 16], "rotation": 180, "texture": "#0"},
				"up": {"uv": [0.125, 16, 16, 3.5], "rotation": 270, "texture": "#0"},
				"down": {"uv": [0.125, 3.625, 16, 16], "rotation": 90, "texture": "#0"}
			}
		},
		{
			"from": [9.2, -0.4, 5.6],
			"to": [10, 1.2, 6],
			"rotation": {"angle": 22.5, "axis": "z", "origin": [8, -6, -24]},
			"faces": {
				"north": {"uv": [11.55, 5.5, 12.9, 10.3], "texture": "#0"},
				"east": {"uv": [11.55, 5.5, 12.9, 10.3], "texture": "#0"},
				"south": {"uv": [11.55, 5.5, 12.9, 10.3], "texture": "#0"},
				"west": {"uv": [11.55, 5.5, 12.9, 10.3], "texture": "#0"},
				"up": {"uv": [11.55, 5.5, 12.9, 10.3], "texture": "#0"},
				"down": {"uv": [11.55, 5.5, 12.9, 10.3], "texture": "#0"}
			}
		}
	],
	"display": {
		"fixed": {
			"rotation": [-90, 0, 0],
			"translation": [3, 8, -27.25],
			"scale": [3.5, 3.5, 3.5]
		}
	}
}