{
	"credit": "Made with Blockbench",
	"textures": {
		"0": "item/custom/ladautayxanhtot",
		"1": "item/custom/dauxanh",
		"particle": "item/custom/ladautayxanhtot"
	},
	"elements": [
		{
			"from": [9.30221, 3.57837, 11.92564],
			"to": [9.65221, 4.97837, 12.27564],
			"rotation": {"angle": -45, "axis": "x", "origin": [2.80841, -5.61648, 13.32564]},
			"faces": {
				"north": {"uv": [11.55, 5.5, 12.9, 10.3], "texture": "#0"},
				"east": {"uv": [11.55, 5.5, 12.9, 10.3], "texture": "#0"},
				"south": {"uv": [11.55, 5.5, 12.9, 10.3], "texture": "#0"},
				"west": {"uv": [11.55, 5.5, 12.9, 10.3], "texture": "#0"},
				"up": {"uv": [11.55, 5.5, 12.9, 10.3], "texture": "#0"},
				"down": {"uv": [11.55, 5.5, 12.9, 10.3], "texture": "#0"}
			}
		},
		{
			"from": [4.84608, 0.75037, 5.9],
			"to": [6.59608, 1.10037, 6.25],
			"rotation": {"angle": -22.5, "axis": "z", "origin": [5.54608, -5.89963, -20]},
			"faces": {
				"north": {"uv": [11.55, 5.5, 12.9, 10.3], "rotation": 90, "texture": "#0"},
				"east": {"uv": [11.55, 5.5, 12.9, 10.3], "rotation": 270, "texture": "#0"},
				"south": {"uv": [11.55, 5.5, 12.9, 10.3], "rotation": 270, "texture": "#0"},
				"west": {"uv": [11.55, 5.5, 12.9, 10.3], "rotation": 270, "texture": "#0"},
				"up": {"uv": [11.55, 5.5, 12.9, 10.3], "rotation": 270, "texture": "#0"},
				"down": {"uv": [11.55, 5.5, 12.9, 10.3], "rotation": 270, "texture": "#0"}
			}
		},
		{
			"from": [1.99946, 3.20222, 5.9],
			"to": [3.04946, 3.55222, 6.25],
			"rotation": {"angle": -45, "axis": "z", "origin": [1.99946, -3.44778, -20]},
			"faces": {
				"north": {"uv": [11.55, 5.5, 12.9, 10.3], "rotation": 90, "texture": "#0"},
				"east": {"uv": [11.55, 5.5, 12.9, 10.3], "rotation": 270, "texture": "#0"},
				"south": {"uv": [11.55, 5.5, 12.9, 10.3], "rotation": 270, "texture": "#0"},
				"west": {"uv": [11.55, 5.5, 12.9, 10.3], "rotation": 270, "texture": "#0"},
				"up": {"uv": [11.55, 5.5, 12.9, 10.3], "rotation": 270, "texture": "#0"},
				"down": {"uv": [11.55, 5.5, 12.9, 10.3], "rotation": 270, "texture": "#0"}
			}
		},
		{
			"from": [9.34816, 1.22084, 3.40037],
			"to": [10.74817, 1.22084, 4.80037],
			"rotation": {"angle": 22.5, "axis": "x", "origin": [10.74817, -2.37006, 4.15]},
			"faces": {
				"north": {"uv": [0.125, 3.625, 16, 16], "rotation": 180, "texture": "#0"},
				"east": {"uv": [0.125, 3.625, 16, 16], "rotation": 180, "texture": "#0"},
				"south": {"uv": [0.125, 3.625, 16, 16], "rotation": 180, "texture": "#0"},
				"west": {"uv": [0.125, 3.625, 16, 16], "rotation": 180, "texture": "#0"},
				"up": {"uv": [0.125, 16, 16, 3.5], "texture": "#0"},
				"down": {"uv": [0.125, 3.625, 16, 16], "texture": "#0"}
			}
		},
		{
			"from": [7.94817, -0.57043, 6.69089],
			"to": [9.34816, 0.82957, 6.69089],
			"rotation": {"angle": -22.5, "axis": "x", "origin": [10.74817, -2.37006, 4.15]},
			"faces": {
				"north": {"uv": [0.125, 3.625, 16, 16], "rotation": 180, "texture": "#0"},
				"east": {"uv": [0.125, 3.625, 16, 16], "rotation": 90, "texture": "#0"},
				"south": {"uv": [0.125, 16, 16, 3.5], "texture": "#0"},
				"west": {"uv": [0.125, 3.625, 16, 16], "rotation": 270, "texture": "#0"},
				"up": {"uv": [0.125, 3.625, 16, 16], "texture": "#0"},
				"down": {"uv": [0.125, 3.625, 16, 16], "rotation": 180, "texture": "#0"}
			}
		},
		{
			"from": [8.29817, 0.42994, -1.8],
			"to": [11.79817, 0.42994, 2.4],
			"rotation": {"angle": 22.5, "axis": "x", "origin": [-4.30183, -7.27006, 4.15]},
			"faces": {
				"north": {"uv": [0.125, 3.625, 16, 16], "rotation": 180, "texture": "#0"},
				"east": {"uv": [0.125, 3.625, 16, 16], "rotation": 180, "texture": "#0"},
				"south": {"uv": [0.125, 3.625, 16, 16], "rotation": 180, "texture": "#0"},
				"west": {"uv": [0.125, 3.625, 16, 16], "rotation": 180, "texture": "#0"},
				"up": {"uv": [0.125, 16, 16, 3.5], "texture": "#0"},
				"down": {"uv": [0.125, 3.625, 16, 16], "texture": "#0"}
			}
		},
		{
			"from": [9.461, 1.24275, 4.85],
			"to": [13.66101, 1.24275, 8.35],
			"rotation": {"angle": 22.5, "axis": "x", "origin": [12.14817, 1.47994, 4.15]},
			"faces": {
				"north": {"uv": [0.125, 3.625, 16, 16], "rotation": 180, "texture": "#0"},
				"east": {"uv": [0.125, 3.625, 16, 16], "rotation": 180, "texture": "#0"},
				"south": {"uv": [0.125, 3.625, 16, 16], "rotation": 180, "texture": "#0"},
				"west": {"uv": [0.125, 3.625, 16, 16], "rotation": 180, "texture": "#0"},
				"up": {"uv": [0.125, 16, 16, 3.5], "rotation": 90, "texture": "#0"},
				"down": {"uv": [0.125, 3.625, 16, 16], "rotation": 270, "texture": "#0"}
			}
		},
		{
			"from": [6.78536, 2.29275, 3.1],
			"to": [9.58536, 2.29275, 5.9],
			"rotation": {"angle": 45, "axis": "x", "origin": [12.14817, 1.47994, 4.15]},
			"faces": {
				"north": {"uv": [0.125, 3.625, 16, 16], "rotation": 180, "texture": "#0"},
				"east": {"uv": [0.125, 3.625, 16, 16], "rotation": 180, "texture": "#0"},
				"south": {"uv": [0.125, 3.625, 16, 16], "rotation": 180, "texture": "#0"},
				"west": {"uv": [0.125, 3.625, 16, 16], "rotation": 180, "texture": "#0"},
				"up": {"uv": [0.125, 16, 16, 3.5], "rotation": 270, "texture": "#0"},
				"down": {"uv": [0.125, 3.625, 16, 16], "rotation": 90, "texture": "#0"}
			}
		},
		{
			"from": [8.64817, -0.62006, 6.25],
			"to": [12.49817, -0.62006, 10.45],
			"rotation": {"angle": -22.5, "axis": "x", "origin": [8.29817, 2.17994, 4.15]},
			"faces": {
				"north": {"uv": [0.125, 3.625, 16, 16], "texture": "#0"},
				"east": {"uv": [0.125, 3.625, 16, 16], "texture": "#0"},
				"south": {"uv": [0.125, 3.625, 16, 16], "texture": "#0"},
				"west": {"uv": [0.125, 3.625, 16, 16], "texture": "#0"},
				"up": {"uv": [0.125, 3.625, 16, 16], "texture": "#0"},
				"down": {"uv": [0.125, 16, 16, 3.5], "texture": "#0"}
			}
		},
		{
			"from": [4.09816, -5.52006, 3.45],
			"to": [7.59816, -5.52006, 7.3],
			"rotation": {"angle": -45, "axis": "z", "origin": [14.94816, -2.02006, 5.55]},
			"faces": {
				"north": {"uv": [0.125, 3.625, 16, 16], "rotation": 180, "texture": "#0"},
				"east": {"uv": [0.125, 3.625, 16, 16], "rotation": 180, "texture": "#0"},
				"south": {"uv": [0.125, 3.625, 16, 16], "rotation": 180, "texture": "#0"},
				"west": {"uv": [0.125, 3.625, 16, 16], "rotation": 180, "texture": "#0"},
				"up": {"uv": [0.125, 16, 16, 3.5], "rotation": 270, "texture": "#0"},
				"down": {"uv": [0.125, 3.625, 16, 16], "rotation": 90, "texture": "#0"}
			}
		},
		{
			"from": [5.49817, 0.42994, 7.3],
			"to": [8.29817, 0.42994, 10.1],
			"rotation": {"angle": -22.5, "axis": "x", "origin": [14.94816, -2.02006, 5.55]},
			"faces": {
				"north": {"uv": [0.125, 3.625, 16, 16], "rotation": 180, "texture": "#0"},
				"east": {"uv": [0.125, 3.625, 16, 16], "rotation": 180, "texture": "#0"},
				"south": {"uv": [0.125, 3.625, 16, 16], "rotation": 180, "texture": "#0"},
				"west": {"uv": [0.125, 3.625, 16, 16], "rotation": 180, "texture": "#0"},
				"up": {"uv": [0.125, 16, 16, 3.5], "rotation": 180, "texture": "#0"},
				"down": {"uv": [0.125, 3.625, 16, 16], "rotation": 180, "texture": "#0"}
			}
		},
		{
			"from": [9.15437, -2.13395, 5.9],
			"to": [11.95437, -2.13395, 8.7],
			"rotation": {"angle": -45, "axis": "z", "origin": [13.19816, 1.47994, 6.25]},
			"faces": {
				"north": {"uv": [0.125, 3.625, 16, 16], "rotation": 180, "texture": "#0"},
				"east": {"uv": [0.125, 3.625, 16, 16], "rotation": 180, "texture": "#0"},
				"south": {"uv": [0.125, 3.625, 16, 16], "rotation": 180, "texture": "#0"},
				"west": {"uv": [0.125, 3.625, 16, 16], "rotation": 180, "texture": "#0"},
				"up": {"uv": [0.125, 16, 16, 3.5], "rotation": 180, "texture": "#0"},
				"down": {"uv": [0.125, 3.625, 16, 16], "rotation": 180, "texture": "#0"}
			}
		},
		{
			"from": [9.05, -0.35, 5.55],
			"to": [9.75, 0.35, 6.6],
			"rotation": {"angle": 0, "axis": "y", "origin": [-20, 0, -20]},
			"faces": {
				"north": {"uv": [11.5, 7, 12.7, 8.3], "texture": "#0"},
				"east": {"uv": [11.5, 7, 12.7, 8.3], "texture": "#0"},
				"south": {"uv": [11.5, 7, 12.7, 8.3], "texture": "#0"},
				"west": {"uv": [11.5, 7, 12.7, 8.3], "texture": "#0"},
				"up": {"uv": [11.5, 7, 12.7, 8.3], "texture": "#0"},
				"down": {"uv": [11.5, 7, 12.7, 8.3], "texture": "#0"}
			}
		},
		{
			"from": [7.3, -1.4, 9.4],
			"to": [9.75, -1.4, 11.5],
			"rotation": {"angle": -22.5, "axis": "x", "origin": [-3.9, -6.3, 4.15]},
			"faces": {
				"north": {"uv": [0.125, 3.625, 16, 16], "texture": "#0"},
				"east": {"uv": [0.125, 3.625, 16, 16], "texture": "#0"},
				"south": {"uv": [0.125, 3.625, 16, 16], "texture": "#0"},
				"west": {"uv": [0.125, 3.625, 16, 16], "texture": "#0"},
				"up": {"uv": [0.125, 3.625, 16, 16], "rotation": 90, "texture": "#0"},
				"down": {"uv": [0.125, 16, 16, 3.5], "rotation": 270, "texture": "#0"}
			}
		},
		{
			"from": [9.05, -0.35, 5.55],
			"to": [9.75, 0.35, 6.6],
			"rotation": {"angle": 0, "axis": "y", "origin": [-20, 0, -20]},
			"faces": {
				"north": {"uv": [11.5, 7, 12.7, 8.3], "texture": "#0"},
				"east": {"uv": [11.5, 7, 12.7, 8.3], "texture": "#0"},
				"south": {"uv": [11.5, 7, 12.7, 8.3], "texture": "#0"},
				"west": {"uv": [11.5, 7, 12.7, 8.3], "texture": "#0"},
				"up": {"uv": [11.5, 7, 12.7, 8.3], "texture": "#0"},
				"down": {"uv": [11.5, 7, 12.7, 8.3], "texture": "#0"}
			}
		},
		{
			"from": [9.4, 0, 6.25],
			"to": [9.75, 0.35, 8.35],
			"rotation": {"angle": -22.5, "axis": "x", "origin": [10.8, 0, 6.95]},
			"faces": {
				"north": {"uv": [11.5, 7, 12.7, 8.3], "texture": "#0"},
				"east": {"uv": [11.5, 7, 12.7, 8.3], "texture": "#0"},
				"south": {"uv": [11.5, 7, 12.7, 8.3], "texture": "#0"},
				"west": {"uv": [11.5, 7, 12.7, 8.3], "texture": "#0"},
				"up": {"uv": [11.5, 7, 12.7, 8.3], "texture": "#0"},
				"down": {"uv": [11.5, 7, 12.7, 8.3], "texture": "#0"}
			}
		},
		{
			"from": [6.95, 1.75, 5.9],
			"to": [7.65, 1.75, 6.6],
			"rotation": {"angle": -22.5, "axis": "z", "origin": [6.25, 0.7, 6.6]},
			"faces": {
				"north": {"uv": [10.64706, 10.58824, 16, 15.58824], "rotation": 180, "texture": "#1"},
				"east": {"uv": [10.64706, 10.58824, 16, 15.58824], "rotation": 90, "texture": "#1"},
				"south": {"uv": [10.64706, 10.58824, 16, 15.58824], "texture": "#1"},
				"west": {"uv": [10.64706, 10.58824, 16, 15.58824], "rotation": 270, "texture": "#1"},
				"up": {"uv": [10.64706, 10.58824, 16, 15.58824], "texture": "#1"},
				"down": {"uv": [10.64706, 10.58824, 16, 15.58824], "rotation": 180, "texture": "#1"}
			}
		},
		{
			"from": [6.6, 1.4, 6.25],
			"to": [7.3, 1.4, 6.95],
			"rotation": {"angle": 0, "axis": "y", "origin": [-22.1, 0.7, -19.3]},
			"faces": {
				"north": {"uv": [10.64706, 10.58824, 16, 15.58824], "rotation": 180, "texture": "#1"},
				"east": {"uv": [10.64706, 10.58824, 16, 15.58824], "rotation": 90, "texture": "#1"},
				"south": {"uv": [10.64706, 10.58824, 16, 15.58824], "texture": "#1"},
				"west": {"uv": [10.64706, 10.58824, 16, 15.58824], "rotation": 270, "texture": "#1"},
				"up": {"uv": [10.64706, 10.58824, 16, 15.58824], "texture": "#1"},
				"down": {"uv": [10.64706, 10.58824, 16, 15.58824], "rotation": 180, "texture": "#1"}
			}
		},
		{
			"from": [7.3, 1.4, 6.25],
			"to": [7.65, 1.4, 6.6],
			"rotation": {"angle": 45, "axis": "x", "origin": [6.25, 0.7, 6.6]},
			"faces": {
				"north": {"uv": [10.64706, 10.58824, 16, 15.58824], "rotation": 180, "texture": "#1"},
				"east": {"uv": [10.64706, 10.58824, 16, 15.58824], "rotation": 90, "texture": "#1"},
				"south": {"uv": [10.64706, 10.58824, 16, 15.58824], "texture": "#1"},
				"west": {"uv": [10.64706, 10.58824, 16, 15.58824], "rotation": 270, "texture": "#1"},
				"up": {"uv": [10.64706, 10.58824, 16, 15.58824], "texture": "#1"},
				"down": {"uv": [10.64706, 10.58824, 16, 15.58824], "rotation": 180, "texture": "#1"}
			}
		},
		{
			"from": [9.05, 1.05, 5.9],
			"to": [9.4, 1.05, 6.25],
			"rotation": {"angle": -22.5, "axis": "z", "origin": [8.35, 0, 5.9]},
			"faces": {
				"north": {"uv": [10.64706, 10.58824, 16, 15.58824], "rotation": 180, "texture": "#1"},
				"east": {"uv": [10.64706, 10.58824, 16, 15.58824], "rotation": 90, "texture": "#1"},
				"south": {"uv": [10.64706, 10.58824, 16, 15.58824], "texture": "#1"},
				"west": {"uv": [10.64706, 10.58824, 16, 15.58824], "rotation": 270, "texture": "#1"},
				"up": {"uv": [10.64706, 10.58824, 16, 15.58824], "texture": "#1"},
				"down": {"uv": [10.64706, 10.58824, 16, 15.58824], "rotation": 180, "texture": "#1"}
			}
		},
		{
			"from": [9.05, 1.05, 5.55],
			"to": [9.4, 1.05, 5.9],
			"rotation": {"angle": -22.5, "axis": "z", "origin": [8.35, 0, 5.9]},
			"faces": {
				"north": {"uv": [10.64706, 10.58824, 16, 15.58824], "rotation": 180, "texture": "#1"},
				"east": {"uv": [10.64706, 10.58824, 16, 15.58824], "rotation": 90, "texture": "#1"},
				"south": {"uv": [10.64706, 10.58824, 16, 15.58824], "texture": "#1"},
				"west": {"uv": [10.64706, 10.58824, 16, 15.58824], "rotation": 270, "texture": "#1"},
				"up": {"uv": [10.64706, 10.58824, 16, 15.58824], "texture": "#1"},
				"down": {"uv": [10.64706, 10.58824, 16, 15.58824], "rotation": 180, "texture": "#1"}
			}
		},
		{
			"from": [8.7, 0.7, 5.55],
			"to": [9.4, 0.7, 6.25],
			"rotation": {"angle": 0, "axis": "y", "origin": [-20, 0, -20]},
			"faces": {
				"north": {"uv": [10.64706, 10.58824, 16, 15.58824], "rotation": 180, "texture": "#1"},
				"east": {"uv": [10.64706, 10.58824, 16, 15.58824], "rotation": 90, "texture": "#1"},
				"south": {"uv": [10.64706, 10.58824, 16, 15.58824], "texture": "#1"},
				"west": {"uv": [10.64706, 10.58824, 16, 15.58824], "rotation": 270, "texture": "#1"},
				"up": {"uv": [10.64706, 10.58824, 16, 15.58824], "texture": "#1"},
				"down": {"uv": [10.64706, 10.58824, 16, 15.58824], "rotation": 180, "texture": "#1"}
			}
		},
		{
			"from": [9.05, 0.7, 5.55],
			"to": [9.4, 0.7, 5.9],
			"rotation": {"angle": 45, "axis": "x", "origin": [8.35, 0, 5.9]},
			"faces": {
				"north": {"uv": [10.64706, 10.58824, 16, 15.58824], "rotation": 180, "texture": "#1"},
				"east": {"uv": [10.64706, 10.58824, 16, 15.58824], "rotation": 90, "texture": "#1"},
				"south": {"uv": [10.64706, 10.58824, 16, 15.58824], "texture": "#1"},
				"west": {"uv": [10.64706, 10.58824, 16, 15.58824], "rotation": 270, "texture": "#1"},
				"up": {"uv": [10.64706, 10.58824, 16, 15.58824], "texture": "#1"},
				"down": {"uv": [10.64706, 10.58824, 16, 15.58824], "rotation": 180, "texture": "#1"}
			}
		},
		{
			"from": [9.05, 1.05, 8.35],
			"to": [9.4, 1.05, 8.7],
			"rotation": {"angle": -45, "axis": "x", "origin": [9.05, 0.7, 8.7]},
			"faces": {
				"north": {"uv": [10.64706, 10.58824, 16, 15.58824], "rotation": 180, "texture": "#1"},
				"east": {"uv": [10.64706, 10.58824, 16, 15.58824], "rotation": 90, "texture": "#1"},
				"south": {"uv": [10.64706, 10.58824, 16, 15.58824], "texture": "#1"},
				"west": {"uv": [10.64706, 10.58824, 16, 15.58824], "rotation": 270, "texture": "#1"},
				"up": {"uv": [10.64706, 10.58824, 16, 15.58824], "texture": "#1"},
				"down": {"uv": [10.64706, 10.58824, 16, 15.58824], "rotation": 180, "texture": "#1"}
			}
		},
		{
			"from": [9.4, 1.05, 8.35],
			"to": [10.1, 1.05, 9.05],
			"rotation": {"angle": -45, "axis": "x", "origin": [9.05, 0.7, 8.7]},
			"faces": {
				"north": {"uv": [10.64706, 10.58824, 16, 15.58824], "rotation": 180, "texture": "#1"},
				"east": {"uv": [10.64706, 10.58824, 16, 15.58824], "rotation": 90, "texture": "#1"},
				"south": {"uv": [10.64706, 10.58824, 16, 15.58824], "texture": "#1"},
				"west": {"uv": [10.64706, 10.58824, 16, 15.58824], "rotation": 270, "texture": "#1"},
				"up": {"uv": [10.64706, 10.58824, 16, 15.58824], "texture": "#1"},
				"down": {"uv": [10.64706, 10.58824, 16, 15.58824], "rotation": 180, "texture": "#1"}
			}
		},
		{
			"from": [9.05, 0.80252, 7.75252],
			"to": [9.4, 0.80252, 8.10251],
			"rotation": {"angle": 0, "axis": "x", "origin": [9.05, 0.7, 8.7]},
			"faces": {
				"north": {"uv": [10.64706, 10.58824, 16, 15.58824], "rotation": 180, "texture": "#1"},
				"east": {"uv": [10.64706, 10.58824, 16, 15.58824], "rotation": 90, "texture": "#1"},
				"south": {"uv": [10.64706, 10.58824, 16, 15.58824], "texture": "#1"},
				"west": {"uv": [10.64706, 10.58824, 16, 15.58824], "rotation": 270, "texture": "#1"},
				"up": {"uv": [10.64706, 10.58824, 16, 15.58824], "texture": "#1"},
				"down": {"uv": [10.64706, 10.58824, 16, 15.58824], "rotation": 180, "texture": "#1"}
			}
		},
		{
			"from": [7.15, -0.25, 4.85],
			"to": [7.85, 0.45, 4.85],
			"rotation": {"angle": 45, "axis": "y", "origin": [10.65, 5, 4.5]},
			"faces": {
				"north": {"uv": [0, 12.05294, 9.55294, 0], "rotation": 90, "texture": "#1"},
				"east": {"uv": [0, 0, 9.55294, 11.94706], "rotation": 270, "texture": "#1"},
				"south": {"uv": [0, 0, 9.55294, 11.94706], "rotation": 90, "texture": "#1"},
				"west": {"uv": [0, 0, 9.55294, 11.94706], "rotation": 90, "texture": "#1"},
				"up": {"uv": [0, 0, 9.55294, 11.94706], "rotation": 180, "texture": "#1"},
				"down": {"uv": [0, 0, 9.55294, 11.94706], "texture": "#1"}
			}
		},
		{
			"from": [7.15, 0.1, 4.5],
			"to": [7.85, 0.1, 5.2],
			"rotation": {"angle": 45, "axis": "y", "origin": [10.65, 5, 4.5]},
			"faces": {
				"north": {"uv": [0, 0, 9.55294, 11.94706], "rotation": 180, "texture": "#1"},
				"east": {"uv": [0, 0, 9.55294, 11.94706], "rotation": 180, "texture": "#1"},
				"south": {"uv": [0, 0, 9.55294, 11.94706], "rotation": 180, "texture": "#1"},
				"west": {"uv": [0, 0, 9.55294, 11.94706], "rotation": 180, "texture": "#1"},
				"up": {"uv": [0, 12.05294, 9.55294, 0], "rotation": 270, "texture": "#1"},
				"down": {"uv": [0, 0, 9.55294, 11.94706], "rotation": 90, "texture": "#1"}
			}
		},
		{
			"from": [6.11959, -3.15, 6.18994],
			"to": [6.46959, -3.15, 6.53994],
			"rotation": {"angle": 45, "axis": "z", "origin": [3.8, 1.4, 9.4]},
			"faces": {
				"north": {"uv": [0, 0, 9.55294, 11.94706], "rotation": 180, "texture": "#1"},
				"east": {"uv": [0, 0, 9.55294, 11.94706], "rotation": 180, "texture": "#1"},
				"south": {"uv": [0, 0, 9.55294, 11.94706], "rotation": 180, "texture": "#1"},
				"west": {"uv": [0, 0, 9.55294, 11.94706], "rotation": 180, "texture": "#1"},
				"up": {"uv": [0, 12.05294, 9.55294, 0], "rotation": 270, "texture": "#1"},
				"down": {"uv": [0, 0, 9.55294, 11.94706], "rotation": 90, "texture": "#1"}
			}
		},
		{
			"from": [6.1, 1.15, 6.6],
			"to": [6.8, 1.85, 6.6],
			"rotation": {"angle": 22.5, "axis": "z", "origin": [10.65, 5, 4.5]},
			"faces": {
				"north": {"uv": [0, 12.05294, 9.55294, 0], "rotation": 90, "texture": "#1"},
				"east": {"uv": [0, 0, 9.55294, 11.94706], "rotation": 270, "texture": "#1"},
				"south": {"uv": [0, 0, 9.55294, 11.94706], "rotation": 90, "texture": "#1"},
				"west": {"uv": [0, 0, 9.55294, 11.94706], "rotation": 90, "texture": "#1"},
				"up": {"uv": [0, 0, 9.55294, 11.94706], "rotation": 180, "texture": "#1"},
				"down": {"uv": [0, 0, 9.55294, 11.94706], "texture": "#1"}
			}
		},
		{
			"from": [6.1, 1.5, 6.25],
			"to": [6.8, 1.5, 6.95],
			"rotation": {"angle": 22.5, "axis": "z", "origin": [10.65, 5, 4.5]},
			"faces": {
				"north": {"uv": [0, 0, 9.55294, 11.94706], "rotation": 180, "texture": "#1"},
				"east": {"uv": [0, 0, 9.55294, 11.94706], "rotation": 180, "texture": "#1"},
				"south": {"uv": [0, 0, 9.55294, 11.94706], "rotation": 180, "texture": "#1"},
				"west": {"uv": [0, 0, 9.55294, 11.94706], "rotation": 180, "texture": "#1"},
				"up": {"uv": [0, 12.05294, 9.55294, 0], "rotation": 270, "texture": "#1"},
				"down": {"uv": [0, 0, 9.55294, 11.94706], "rotation": 90, "texture": "#1"}
			}
		},
		{
			"from": [10.25, -0.15, 5.2],
			"to": [10.25, 0.55, 5.9],
			"rotation": {"angle": -22.5, "axis": "y", "origin": [10.25, 5.1, 4.5]},
			"faces": {
				"north": {"uv": [0, 0, 9.55294, 11.94706], "rotation": 90, "texture": "#1"},
				"east": {"uv": [0, 12.05294, 9.55294, 0], "rotation": 90, "texture": "#1"},
				"south": {"uv": [0, 0, 9.55294, 11.94706], "rotation": 270, "texture": "#1"},
				"west": {"uv": [0, 0, 9.55294, 11.94706], "rotation": 90, "texture": "#1"},
				"up": {"uv": [0, 0, 9.55294, 11.94706], "rotation": 270, "texture": "#1"},
				"down": {"uv": [0, 0, 9.55294, 11.94706], "rotation": 270, "texture": "#1"}
			}
		},
		{
			"from": [9.9, 0.2, 5.2],
			"to": [10.6, 0.2, 5.9],
			"rotation": {"angle": -22.5, "axis": "y", "origin": [10.25, 5.1, 4.5]},
			"faces": {
				"north": {"uv": [0, 0, 9.55294, 11.94706], "rotation": 180, "texture": "#1"},
				"east": {"uv": [0, 0, 9.55294, 11.94706], "rotation": 180, "texture": "#1"},
				"south": {"uv": [0, 0, 9.55294, 11.94706], "rotation": 180, "texture": "#1"},
				"west": {"uv": [0, 0, 9.55294, 11.94706], "rotation": 180, "texture": "#1"},
				"up": {"uv": [0, 12.05294, 9.55294, 0], "texture": "#1"},
				"down": {"uv": [0, 0, 9.55294, 11.94706], "texture": "#1"}
			}
		},
		{
			"from": [9.55, -0.15, 5.9],
			"to": [10.25, 0.55, 5.9],
			"rotation": {"angle": 22.5, "axis": "y", "origin": [10.25, 5.1, 4.5]},
			"faces": {
				"north": {"uv": [0, 0, 9.55294, 11.94706], "rotation": 90, "texture": "#1"},
				"east": {"uv": [0, 0, 9.55294, 11.94706], "rotation": 90, "texture": "#1"},
				"south": {"uv": [0, 12.05294, 9.55294, 0], "rotation": 90, "texture": "#1"},
				"west": {"uv": [0, 0, 9.55294, 11.94706], "rotation": 270, "texture": "#1"},
				"up": {"uv": [0, 0, 9.55294, 11.94706], "texture": "#1"},
				"down": {"uv": [0, 0, 9.55294, 11.94706], "rotation": 180, "texture": "#1"}
			}
		},
		{
			"from": [9.55, 0.2, 5.55],
			"to": [10.25, 0.2, 6.25],
			"rotation": {"angle": 22.5, "axis": "y", "origin": [10.25, 5.1, 4.5]},
			"faces": {
				"north": {"uv": [0, 0, 9.55294, 11.94706], "rotation": 180, "texture": "#1"},
				"east": {"uv": [0, 0, 9.55294, 11.94706], "rotation": 180, "texture": "#1"},
				"south": {"uv": [0, 0, 9.55294, 11.94706], "rotation": 180, "texture": "#1"},
				"west": {"uv": [0, 0, 9.55294, 11.94706], "rotation": 180, "texture": "#1"},
				"up": {"uv": [0, 12.05294, 9.55294, 0], "rotation": 90, "texture": "#1"},
				"down": {"uv": [0, 0, 9.55294, 11.94706], "rotation": 270, "texture": "#1"}
			}
		},
		{
			"from": [10.95, -0.15, 4.5],
			"to": [10.95, 0.55, 5.55],
			"rotation": {"angle": -45, "axis": "y", "origin": [10.25, 5.1, 4.5]},
			"faces": {
				"north": {"uv": [0, 0, 9.55294, 11.94706], "rotation": 90, "texture": "#1"},
				"east": {"uv": [0, 12.05294, 9.55294, 0], "rotation": 90, "texture": "#1"},
				"south": {"uv": [0, 0, 9.55294, 11.94706], "rotation": 270, "texture": "#1"},
				"west": {"uv": [0, 0, 9.55294, 11.94706], "rotation": 90, "texture": "#1"},
				"up": {"uv": [0, 0, 9.55294, 11.94706], "rotation": 270, "texture": "#1"},
				"down": {"uv": [0, 0, 9.55294, 11.94706], "rotation": 270, "texture": "#1"}
			}
		},
		{
			"from": [10.6, 0.2, 4.5],
			"to": [11.3, 0.2, 5.55],
			"rotation": {"angle": -45, "axis": "y", "origin": [10.25, 5.1, 4.5]},
			"faces": {
				"north": {"uv": [0, 0, 9.55294, 11.94706], "rotation": 180, "texture": "#1"},
				"east": {"uv": [0, 0, 9.55294, 11.94706], "rotation": 180, "texture": "#1"},
				"south": {"uv": [0, 0, 9.55294, 11.94706], "rotation": 180, "texture": "#1"},
				"west": {"uv": [0, 0, 9.55294, 11.94706], "rotation": 180, "texture": "#1"},
				"up": {"uv": [0, 12.05294, 9.55294, 0], "texture": "#1"},
				"down": {"uv": [0, 0, 9.55294, 11.94706], "texture": "#1"}
			}
		},
		{
			"from": [6.25, 1.05, 5.55],
			"to": [6.95, 1.75, 5.55],
			"rotation": {"angle": 22.5, "axis": "z", "origin": [10.45, 4.9, 4.5]},
			"faces": {
				"north": {"uv": [0, 12.05294, 9.55294, 0], "rotation": 90, "texture": "#1"},
				"east": {"uv": [0, 0, 9.55294, 11.94706], "rotation": 270, "texture": "#1"},
				"south": {"uv": [0, 0, 9.55294, 11.94706], "rotation": 90, "texture": "#1"},
				"west": {"uv": [0, 0, 9.55294, 11.94706], "rotation": 90, "texture": "#1"},
				"up": {"uv": [0, 0, 9.55294, 11.94706], "rotation": 180, "texture": "#1"},
				"down": {"uv": [0, 0, 9.55294, 11.94706], "texture": "#1"}
			}
		},
		{
			"from": [6.25, 1.4, 5.2],
			"to": [6.95, 1.4, 5.9],
			"rotation": {"angle": 22.5, "axis": "z", "origin": [10.45, 4.9, 4.5]},
			"faces": {
				"north": {"uv": [0, 0, 9.55294, 11.94706], "rotation": 180, "texture": "#1"},
				"east": {"uv": [0, 0, 9.55294, 11.94706], "rotation": 180, "texture": "#1"},
				"south": {"uv": [0, 0, 9.55294, 11.94706], "rotation": 180, "texture": "#1"},
				"west": {"uv": [0, 0, 9.55294, 11.94706], "rotation": 180, "texture": "#1"},
				"up": {"uv": [0, 12.05294, 9.55294, 0], "rotation": 270, "texture": "#1"},
				"down": {"uv": [0, 0, 9.55294, 11.94706], "rotation": 90, "texture": "#1"}
			}
		}
	],
	"display": {
		"fixed": {
			"rotation": [-90, 0, 0],
			"translation": [-4, 5.75, -25],
			"scale": [3, 3, 3]
		}
	},
	"groups": [
		0,
		1,
		2,
		3,
		4,
		5,
		6,
		7,
		8,
		9,
		10,
		11,
		12,
		13,
		14,
		15,
		{
			"name": "group",
			"origin": [8.1, 0, 7.4],
			"color": 0,
			"children": [16, 17, 18]
		},
		{
			"name": "group",
			"origin": [8.1, 0, 7.4],
			"color": 0,
			"children": [19, 20, 21, 22]
		},
		{
			"name": "group",
			"origin": [8.1, 0, 7.4],
			"color": 0,
			"children": [23, 24, 25]
		},
		{
			"name": "group",
			"origin": [9.1, -0.1, 7.5],
			"color": 0,
			"children": [26, 27]
		},
		{
			"name": "group",
			"origin": [9.1, -0.1, 7.5],
			"color": 0,
			"children": [28]
		},
		{
			"name": "group",
			"origin": [9.1, -0.1, 7.5],
			"color": 0,
			"children": [
				29,
				30,
				{
					"name": "group",
					"origin": [9.1, -0.1, 7.5],
					"color": 0,
					"children": [31, 32]
				},
				{
					"name": "group",
					"origin": [9.1, -0.1, 7.5],
					"color": 0,
					"children": [33, 34]
				},
				{
					"name": "group",
					"origin": [9.1, -0.1, 7.5],
					"color": 0,
					"children": [35, 36]
				},
				{
					"name": "group",
					"origin": [9.1, -0.1, 7.5],
					"color": 0,
					"children": [37, 38]
				}
			]
		}
	]
}