{
	"credit": "Made with Blockbench",
	"textures": {
		"0": "item/custom/ladautaybiheo",
		"particle": "item/custom/ladautaybiheo"
	},
	"elements": [
		{
			"from": [9.30221, 3.57837, 11.92564],
			"to": [9.65221, 4.97837, 12.27564],
			"rotation": {"angle": -45, "axis": "x", "origin": [2.80841, -5.61648, 13.32564]},
			"faces": {
				"north": {"uv": [11.55, 5.5, 12.9, 10.3], "texture": "#0"},
				"east": {"uv": [11.55, 5.5, 12.9, 10.3], "texture": "#0"},
				"south": {"uv": [11.55, 5.5, 12.9, 10.3], "texture": "#0"},
				"west": {"uv": [11.55, 5.5, 12.9, 10.3], "texture": "#0"},
				"up": {"uv": [11.55, 5.5, 12.9, 10.3], "texture": "#0"},
				"down": {"uv": [11.55, 5.5, 12.9, 10.3], "texture": "#0"}
			}
		},
		{
			"from": [5.19608, 0.75037, 5.9],
			"to": [6.59608, 1.10037, 6.25],
			"rotation": {"angle": -22.5, "axis": "z", "origin": [5.54608, -5.89963, -20]},
			"faces": {
				"north": {"uv": [11.55, 5.5, 12.9, 10.3], "rotation": 90, "texture": "#0"},
				"east": {"uv": [11.55, 5.5, 12.9, 10.3], "rotation": 270, "texture": "#0"},
				"south": {"uv": [11.55, 5.5, 12.9, 10.3], "rotation": 270, "texture": "#0"},
				"west": {"uv": [11.55, 5.5, 12.9, 10.3], "rotation": 270, "texture": "#0"},
				"up": {"uv": [11.55, 5.5, 12.9, 10.3], "rotation": 270, "texture": "#0"},
				"down": {"uv": [11.55, 5.5, 12.9, 10.3], "rotation": 270, "texture": "#0"}
			}
		},
		{
			"from": [2.67282, 3.06828, 5.9],
			"to": [3.37283, 3.41828, 6.25],
			"rotation": {"angle": -45, "axis": "z", "origin": [2.32283, -3.58172, -20]},
			"faces": {
				"north": {"uv": [11.55, 5.5, 12.9, 10.3], "rotation": 90, "texture": "#0"},
				"east": {"uv": [11.55, 5.5, 12.9, 10.3], "rotation": 270, "texture": "#0"},
				"south": {"uv": [11.55, 5.5, 12.9, 10.3], "rotation": 270, "texture": "#0"},
				"west": {"uv": [11.55, 5.5, 12.9, 10.3], "rotation": 270, "texture": "#0"},
				"up": {"uv": [11.55, 5.5, 12.9, 10.3], "rotation": 270, "texture": "#0"},
				"down": {"uv": [11.55, 5.5, 12.9, 10.3], "rotation": 270, "texture": "#0"}
			}
		},
		{
			"from": [9.34816, 1.22084, 3.40037],
			"to": [10.74817, 1.22084, 4.80037],
			"rotation": {"angle": 22.5, "axis": "x", "origin": [10.74817, -2.37006, 4.15]},
			"faces": {
				"north": {"uv": [0.125, 3.625, 16, 16], "rotation": 180, "texture": "#0"},
				"east": {"uv": [0.125, 3.625, 16, 16], "rotation": 180, "texture": "#0"},
				"south": {"uv": [0.125, 3.625, 16, 16], "rotation": 180, "texture": "#0"},
				"west": {"uv": [0.125, 3.625, 16, 16], "rotation": 180, "texture": "#0"},
				"up": {"uv": [0.125, 16, 16, 3.5], "texture": "#0"},
				"down": {"uv": [0.125, 3.625, 16, 16], "texture": "#0"}
			}
		},
		{
			"from": [7.94817, -0.57043, 6.69089],
			"to": [9.34816, 0.82957, 6.69089],
			"rotation": {"angle": -22.5, "axis": "x", "origin": [10.74817, -2.37006, 4.15]},
			"faces": {
				"north": {"uv": [0.125, 3.625, 16, 16], "rotation": 180, "texture": "#0"},
				"east": {"uv": [0.125, 3.625, 16, 16], "rotation": 90, "texture": "#0"},
				"south": {"uv": [0.125, 16, 16, 3.5], "texture": "#0"},
				"west": {"uv": [0.125, 3.625, 16, 16], "rotation": 270, "texture": "#0"},
				"up": {"uv": [0.125, 3.625, 16, 16], "texture": "#0"},
				"down": {"uv": [0.125, 3.625, 16, 16], "rotation": 180, "texture": "#0"}
			}
		},
		{
			"from": [8.29817, 0.42994, -1.8],
			"to": [11.79817, 0.42994, 2.4],
			"rotation": {"angle": 22.5, "axis": "x", "origin": [-4.30183, -7.27006, 4.15]},
			"faces": {
				"north": {"uv": [0.125, 3.625, 16, 16], "rotation": 180, "texture": "#0"},
				"east": {"uv": [0.125, 3.625, 16, 16], "rotation": 180, "texture": "#0"},
				"south": {"uv": [0.125, 3.625, 16, 16], "rotation": 180, "texture": "#0"},
				"west": {"uv": [0.125, 3.625, 16, 16], "rotation": 180, "texture": "#0"},
				"up": {"uv": [0.125, 16, 16, 3.5], "texture": "#0"},
				"down": {"uv": [0.125, 3.625, 16, 16], "texture": "#0"}
			}
		},
		{
			"from": [9.111, 1.59275, 4.85],
			"to": [13.311, 1.59275, 8.35],
			"rotation": {"angle": 22.5, "axis": "x", "origin": [12.14817, 1.47994, 4.15]},
			"faces": {
				"north": {"uv": [0.125, 3.625, 16, 16], "rotation": 180, "texture": "#0"},
				"east": {"uv": [0.125, 3.625, 16, 16], "rotation": 180, "texture": "#0"},
				"south": {"uv": [0.125, 3.625, 16, 16], "rotation": 180, "texture": "#0"},
				"west": {"uv": [0.125, 3.625, 16, 16], "rotation": 180, "texture": "#0"},
				"up": {"uv": [0.125, 16, 16, 3.5], "rotation": 90, "texture": "#0"},
				"down": {"uv": [0.125, 3.625, 16, 16], "rotation": 270, "texture": "#0"}
			}
		},
		{
			"from": [6.78536, 2.29275, 3.45],
			"to": [9.58536, 2.29275, 6.25],
			"rotation": {"angle": 45, "axis": "x", "origin": [12.14817, 1.47994, 4.15]},
			"faces": {
				"north": {"uv": [0.125, 3.625, 16, 16], "rotation": 180, "texture": "#0"},
				"east": {"uv": [0.125, 3.625, 16, 16], "rotation": 180, "texture": "#0"},
				"south": {"uv": [0.125, 3.625, 16, 16], "rotation": 180, "texture": "#0"},
				"west": {"uv": [0.125, 3.625, 16, 16], "rotation": 180, "texture": "#0"},
				"up": {"uv": [0.125, 16, 16, 3.5], "rotation": 270, "texture": "#0"},
				"down": {"uv": [0.125, 3.625, 16, 16], "rotation": 90, "texture": "#0"}
			}
		},
		{
			"from": [8.99817, 0.07994, 4.5],
			"to": [12.84816, 0.07994, 8.7],
			"rotation": {"angle": -22.5, "axis": "x", "origin": [8.29817, 2.17994, 4.15]},
			"faces": {
				"north": {"uv": [0.125, 3.625, 16, 16], "texture": "#0"},
				"east": {"uv": [0.125, 3.625, 16, 16], "texture": "#0"},
				"south": {"uv": [0.125, 3.625, 16, 16], "texture": "#0"},
				"west": {"uv": [0.125, 3.625, 16, 16], "texture": "#0"},
				"up": {"uv": [0.125, 3.625, 16, 16], "texture": "#0"},
				"down": {"uv": [0.125, 16, 16, 3.5], "texture": "#0"}
			}
		},
		{
			"from": [4.79816, -5.17006, 3.45],
			"to": [8.29817, -5.17006, 7.3],
			"rotation": {"angle": -45, "axis": "z", "origin": [14.94816, -2.02006, 5.55]},
			"faces": {
				"north": {"uv": [0.125, 3.625, 16, 16], "rotation": 180, "texture": "#0"},
				"east": {"uv": [0.125, 3.625, 16, 16], "rotation": 180, "texture": "#0"},
				"south": {"uv": [0.125, 3.625, 16, 16], "rotation": 180, "texture": "#0"},
				"west": {"uv": [0.125, 3.625, 16, 16], "rotation": 180, "texture": "#0"},
				"up": {"uv": [0.125, 16, 16, 3.5], "rotation": 270, "texture": "#0"},
				"down": {"uv": [0.125, 3.625, 16, 16], "rotation": 90, "texture": "#0"}
			}
		},
		{
			"from": [5.84816, 0.42994, 7.3],
			"to": [8.64817, 0.42994, 10.1],
			"rotation": {"angle": -22.5, "axis": "x", "origin": [14.94816, -2.02006, 5.55]},
			"faces": {
				"north": {"uv": [0.125, 3.625, 16, 16], "rotation": 180, "texture": "#0"},
				"east": {"uv": [0.125, 3.625, 16, 16], "rotation": 180, "texture": "#0"},
				"south": {"uv": [0.125, 3.625, 16, 16], "rotation": 180, "texture": "#0"},
				"west": {"uv": [0.125, 3.625, 16, 16], "rotation": 180, "texture": "#0"},
				"up": {"uv": [0.125, 16, 16, 3.5], "rotation": 180, "texture": "#0"},
				"down": {"uv": [0.125, 3.625, 16, 16], "rotation": 180, "texture": "#0"}
			}
		},
		{
			"from": [7.3, -0.7, 8.35],
			"to": [9.75, -0.7, 10.45],
			"rotation": {"angle": -22.5, "axis": "x", "origin": [-3.9, -6.3, 4.15]},
			"faces": {
				"north": {"uv": [0.125, 3.625, 16, 16], "texture": "#0"},
				"east": {"uv": [0.125, 3.625, 16, 16], "texture": "#0"},
				"south": {"uv": [0.125, 3.625, 16, 16], "texture": "#0"},
				"west": {"uv": [0.125, 3.625, 16, 16], "texture": "#0"},
				"up": {"uv": [0.125, 3.625, 16, 16], "rotation": 90, "texture": "#0"},
				"down": {"uv": [0.125, 16, 16, 3.5], "rotation": 270, "texture": "#0"}
			}
		},
		{
			"from": [9.05, -0.35, 5.55],
			"to": [9.75, 0.35, 6.6],
			"rotation": {"angle": 0, "axis": "y", "origin": [-20, 0, -20]},
			"faces": {
				"north": {"uv": [11.5, 7, 12.7, 8.3], "texture": "#0"},
				"east": {"uv": [11.5, 7, 12.7, 8.3], "texture": "#0"},
				"south": {"uv": [11.5, 7, 12.7, 8.3], "texture": "#0"},
				"west": {"uv": [11.5, 7, 12.7, 8.3], "texture": "#0"},
				"up": {"uv": [11.5, 7, 12.7, 8.3], "texture": "#0"},
				"down": {"uv": [11.5, 7, 12.7, 8.3], "texture": "#0"}
			}
		}
	],
	"display": {
		"fixed": {
			"rotation": [-90, 0, 0],
			"translation": [-4, 7.25, -24.75],
			"scale": [3, 3, 3]
		}
	}
}