{
	"credit": "Made with Blockbench",
	"textures": {
		"0": "item/custom/ladautay",
		"particle": "item/custom/ladautay"
	},
	"elements": [
		{
			"from": [7.16, 0, 5.48],
			"to": [7.58, 0.84, 5.9],
			"rotation": {"angle": 0, "axis": "y", "origin": [-25.6, -7.14, -25.6]},
			"faces": {
				"north": {"uv": [11.55, 5.5, 12.9, 10.3], "texture": "#0"},
				"east": {"uv": [11.55, 5.5, 12.9, 10.3], "texture": "#0"},
				"south": {"uv": [11.55, 5.5, 12.9, 10.3], "texture": "#0"},
				"west": {"uv": [11.55, 5.5, 12.9, 10.3], "texture": "#0"},
				"up": {"uv": [11.55, 5.5, 12.9, 10.3], "texture": "#0"},
				"down": {"uv": [11.55, 5.5, 12.9, 10.3], "texture": "#0"}
			}
		},
		{
			"from": [6.3, -0.00044, 5.58907],
			"to": [8.66, 2.35956, 5.58907],
			"rotation": {"angle": -22.5, "axis": "z", "origin": [8.84, -0.84, 3.38]},
			"faces": {
				"north": {"uv": [0.125, 3.625, 16, 16], "rotation": 180, "texture": "#0"},
				"east": {"uv": [0.125, 3.625, 16, 16], "rotation": 90, "texture": "#0"},
				"south": {"uv": [0.125, 16, 16, 3.5], "texture": "#0"},
				"west": {"uv": [0.125, 3.625, 16, 16], "rotation": 270, "texture": "#0"},
				"up": {"uv": [0.125, 3.625, 16, 16], "texture": "#0"},
				"down": {"uv": [0.125, 3.625, 16, 16], "rotation": 180, "texture": "#0"}
			}
		},
		{
			"from": [0.44, 5.88, 5.48],
			"to": [3.38, 8.82, 5.48],
			"rotation": {"angle": -22.5, "axis": "z", "origin": [-9.64, -7.14, 3.38]},
			"faces": {
				"north": {"uv": [0.125, 3.625, 16, 16], "rotation": 270, "texture": "#0"},
				"east": {"uv": [0.125, 3.625, 16, 16], "rotation": 90, "texture": "#0"},
				"south": {"uv": [0.125, 16, 16, 3.5], "rotation": 270, "texture": "#0"},
				"west": {"uv": [0.125, 3.625, 16, 16], "rotation": 270, "texture": "#0"},
				"up": {"uv": [0.125, 3.625, 16, 16], "texture": "#0"},
				"down": {"uv": [0.125, 3.625, 16, 16], "rotation": 180, "texture": "#0"}
			}
		}
	],
	"display": {
		"fixed": {
			"rotation": [-90, 0, 0],
			"translation": [2, 6.75, -23.75],
			"scale": [3, 3, 3]
		}
	}
}