{
	"credit": "Made with Blockbench",
	"textures": {
		"0": "item/custom/ladautayxanhtot",
		"1": "item/custom/traidau",
		"particle": "item/custom/ladautayxanhtot"
	},
	"elements": [
		{
			"from": [9.30221, 3.57837, 11.92564],
			"to": [9.65221, 4.97837, 12.27564],
			"rotation": {"angle": -45, "axis": "x", "origin": [2.80841, -5.61648, 13.32564]},
			"faces": {
				"north": {"uv": [11.55, 5.5, 12.9, 10.3], "texture": "#0"},
				"east": {"uv": [11.55, 5.5, 12.9, 10.3], "texture": "#0"},
				"south": {"uv": [11.55, 5.5, 12.9, 10.3], "texture": "#0"},
				"west": {"uv": [11.55, 5.5, 12.9, 10.3], "texture": "#0"},
				"up": {"uv": [11.55, 5.5, 12.9, 10.3], "texture": "#0"},
				"down": {"uv": [11.55, 5.5, 12.9, 10.3], "texture": "#0"}
			}
		},
		{
			"from": [4.84608, 0.75037, 5.9],
			"to": [6.59608, 1.10037, 6.25],
			"rotation": {"angle": -22.5, "axis": "z", "origin": [5.54608, -5.89963, -20]},
			"faces": {
				"north": {"uv": [11.55, 5.5, 12.9, 10.3], "rotation": 90, "texture": "#0"},
				"east": {"uv": [11.55, 5.5, 12.9, 10.3], "rotation": 270, "texture": "#0"},
				"south": {"uv": [11.55, 5.5, 12.9, 10.3], "rotation": 270, "texture": "#0"},
				"west": {"uv": [11.55, 5.5, 12.9, 10.3], "rotation": 270, "texture": "#0"},
				"up": {"uv": [11.55, 5.5, 12.9, 10.3], "rotation": 270, "texture": "#0"},
				"down": {"uv": [11.55, 5.5, 12.9, 10.3], "rotation": 270, "texture": "#0"}
			}
		},
		{
			"from": [1.99946, 3.20222, 5.9],
			"to": [3.04946, 3.55222, 6.25],
			"rotation": {"angle": -45, "axis": "z", "origin": [1.99946, -3.44778, -20]},
			"faces": {
				"north": {"uv": [11.55, 5.5, 12.9, 10.3], "rotation": 90, "texture": "#0"},
				"east": {"uv": [11.55, 5.5, 12.9, 10.3], "rotation": 270, "texture": "#0"},
				"south": {"uv": [11.55, 5.5, 12.9, 10.3], "rotation": 270, "texture": "#0"},
				"west": {"uv": [11.55, 5.5, 12.9, 10.3], "rotation": 270, "texture": "#0"},
				"up": {"uv": [11.55, 5.5, 12.9, 10.3], "rotation": 270, "texture": "#0"},
				"down": {"uv": [11.55, 5.5, 12.9, 10.3], "rotation": 270, "texture": "#0"}
			}
		},
		{
			"from": [9.34816, 1.22084, 3.40037],
			"to": [10.74817, 1.22084, 4.80037],
			"rotation": {"angle": 22.5, "axis": "x", "origin": [10.74817, -2.37006, 4.15]},
			"faces": {
				"north": {"uv": [0.125, 3.625, 16, 16], "rotation": 180, "texture": "#0"},
				"east": {"uv": [0.125, 3.625, 16, 16], "rotation": 180, "texture": "#0"},
				"south": {"uv": [0.125, 3.625, 16, 16], "rotation": 180, "texture": "#0"},
				"west": {"uv": [0.125, 3.625, 16, 16], "rotation": 180, "texture": "#0"},
				"up": {"uv": [0.125, 16, 16, 3.5], "texture": "#0"},
				"down": {"uv": [0.125, 3.625, 16, 16], "texture": "#0"}
			}
		},
		{
			"from": [7.94817, -0.57043, 6.69089],
			"to": [9.34816, 0.82957, 6.69089],
			"rotation": {"angle": -22.5, "axis": "x", "origin": [10.74817, -2.37006, 4.15]},
			"faces": {
				"north": {"uv": [0.125, 3.625, 16, 16], "rotation": 180, "texture": "#0"},
				"east": {"uv": [0.125, 3.625, 16, 16], "rotation": 90, "texture": "#0"},
				"south": {"uv": [0.125, 16, 16, 3.5], "texture": "#0"},
				"west": {"uv": [0.125, 3.625, 16, 16], "rotation": 270, "texture": "#0"},
				"up": {"uv": [0.125, 3.625, 16, 16], "texture": "#0"},
				"down": {"uv": [0.125, 3.625, 16, 16], "rotation": 180, "texture": "#0"}
			}
		},
		{
			"from": [8.29817, 0.42994, -1.8],
			"to": [11.79817, 0.42994, 2.4],
			"rotation": {"angle": 22.5, "axis": "x", "origin": [-4.30183, -7.27006, 4.15]},
			"faces": {
				"north": {"uv": [0.125, 3.625, 16, 16], "rotation": 180, "texture": "#0"},
				"east": {"uv": [0.125, 3.625, 16, 16], "rotation": 180, "texture": "#0"},
				"south": {"uv": [0.125, 3.625, 16, 16], "rotation": 180, "texture": "#0"},
				"west": {"uv": [0.125, 3.625, 16, 16], "rotation": 180, "texture": "#0"},
				"up": {"uv": [0.125, 16, 16, 3.5], "texture": "#0"},
				"down": {"uv": [0.125, 3.625, 16, 16], "texture": "#0"}
			}
		},
		{
			"from": [9.461, 1.24275, 4.85],
			"to": [13.66101, 1.24275, 8.35],
			"rotation": {"angle": 22.5, "axis": "x", "origin": [12.14817, 1.47994, 4.15]},
			"faces": {
				"north": {"uv": [0.125, 3.625, 16, 16], "rotation": 180, "texture": "#0"},
				"east": {"uv": [0.125, 3.625, 16, 16], "rotation": 180, "texture": "#0"},
				"south": {"uv": [0.125, 3.625, 16, 16], "rotation": 180, "texture": "#0"},
				"west": {"uv": [0.125, 3.625, 16, 16], "rotation": 180, "texture": "#0"},
				"up": {"uv": [0.125, 16, 16, 3.5], "rotation": 90, "texture": "#0"},
				"down": {"uv": [0.125, 3.625, 16, 16], "rotation": 270, "texture": "#0"}
			}
		},
		{
			"from": [6.78536, 2.29275, 3.1],
			"to": [9.58536, 2.29275, 5.9],
			"rotation": {"angle": 45, "axis": "x", "origin": [12.14817, 1.47994, 4.15]},
			"faces": {
				"north": {"uv": [0.125, 3.625, 16, 16], "rotation": 180, "texture": "#0"},
				"east": {"uv": [0.125, 3.625, 16, 16], "rotation": 180, "texture": "#0"},
				"south": {"uv": [0.125, 3.625, 16, 16], "rotation": 180, "texture": "#0"},
				"west": {"uv": [0.125, 3.625, 16, 16], "rotation": 180, "texture": "#0"},
				"up": {"uv": [0.125, 16, 16, 3.5], "rotation": 270, "texture": "#0"},
				"down": {"uv": [0.125, 3.625, 16, 16], "rotation": 90, "texture": "#0"}
			}
		},
		{
			"from": [8.64817, -0.62006, 6.25],
			"to": [12.49817, -0.62006, 10.45],
			"rotation": {"angle": -22.5, "axis": "x", "origin": [8.29817, 2.17994, 4.15]},
			"faces": {
				"north": {"uv": [0.125, 3.625, 16, 16], "texture": "#0"},
				"east": {"uv": [0.125, 3.625, 16, 16], "texture": "#0"},
				"south": {"uv": [0.125, 3.625, 16, 16], "texture": "#0"},
				"west": {"uv": [0.125, 3.625, 16, 16], "texture": "#0"},
				"up": {"uv": [0.125, 3.625, 16, 16], "texture": "#0"},
				"down": {"uv": [0.125, 16, 16, 3.5], "texture": "#0"}
			}
		},
		{
			"from": [4.09816, -5.52006, 3.45],
			"to": [7.59816, -5.52006, 7.3],
			"rotation": {"angle": -45, "axis": "z", "origin": [14.94816, -2.02006, 5.55]},
			"faces": {
				"north": {"uv": [0.125, 3.625, 16, 16], "rotation": 180, "texture": "#0"},
				"east": {"uv": [0.125, 3.625, 16, 16], "rotation": 180, "texture": "#0"},
				"south": {"uv": [0.125, 3.625, 16, 16], "rotation": 180, "texture": "#0"},
				"west": {"uv": [0.125, 3.625, 16, 16], "rotation": 180, "texture": "#0"},
				"up": {"uv": [0.125, 16, 16, 3.5], "rotation": 270, "texture": "#0"},
				"down": {"uv": [0.125, 3.625, 16, 16], "rotation": 90, "texture": "#0"}
			}
		},
		{
			"from": [5.49817, 0.42994, 7.3],
			"to": [8.29817, 0.42994, 10.1],
			"rotation": {"angle": -22.5, "axis": "x", "origin": [14.94816, -2.02006, 5.55]},
			"faces": {
				"north": {"uv": [0.125, 3.625, 16, 16], "rotation": 180, "texture": "#0"},
				"east": {"uv": [0.125, 3.625, 16, 16], "rotation": 180, "texture": "#0"},
				"south": {"uv": [0.125, 3.625, 16, 16], "rotation": 180, "texture": "#0"},
				"west": {"uv": [0.125, 3.625, 16, 16], "rotation": 180, "texture": "#0"},
				"up": {"uv": [0.125, 16, 16, 3.5], "rotation": 180, "texture": "#0"},
				"down": {"uv": [0.125, 3.625, 16, 16], "rotation": 180, "texture": "#0"}
			}
		},
		{
			"from": [9.15437, -2.13395, 5.9],
			"to": [11.95437, -2.13395, 8.7],
			"rotation": {"angle": -45, "axis": "z", "origin": [13.19816, 1.47994, 6.25]},
			"faces": {
				"north": {"uv": [0.125, 3.625, 16, 16], "rotation": 180, "texture": "#0"},
				"east": {"uv": [0.125, 3.625, 16, 16], "rotation": 180, "texture": "#0"},
				"south": {"uv": [0.125, 3.625, 16, 16], "rotation": 180, "texture": "#0"},
				"west": {"uv": [0.125, 3.625, 16, 16], "rotation": 180, "texture": "#0"},
				"up": {"uv": [0.125, 16, 16, 3.5], "rotation": 180, "texture": "#0"},
				"down": {"uv": [0.125, 3.625, 16, 16], "rotation": 180, "texture": "#0"}
			}
		},
		{
			"from": [9.05, -0.25, 5.55],
			"to": [9.75, 0.45, 6.6],
			"rotation": {"angle": 0, "axis": "y", "origin": [-20, 0.1, -20]},
			"faces": {
				"north": {"uv": [11.5, 7, 12.7, 8.3], "texture": "#0"},
				"east": {"uv": [11.5, 7, 12.7, 8.3], "texture": "#0"},
				"south": {"uv": [11.5, 7, 12.7, 8.3], "texture": "#0"},
				"west": {"uv": [11.5, 7, 12.7, 8.3], "texture": "#0"},
				"up": {"uv": [11.5, 7, 12.7, 8.3], "texture": "#0"},
				"down": {"uv": [11.5, 7, 12.7, 8.3], "texture": "#0"}
			}
		},
		{
			"from": [7.3, -1.4, 9.4],
			"to": [9.75, -1.4, 11.5],
			"rotation": {"angle": -22.5, "axis": "x", "origin": [-3.9, -6.3, 4.15]},
			"faces": {
				"north": {"uv": [0.125, 3.625, 16, 16], "texture": "#0"},
				"east": {"uv": [0.125, 3.625, 16, 16], "texture": "#0"},
				"south": {"uv": [0.125, 3.625, 16, 16], "texture": "#0"},
				"west": {"uv": [0.125, 3.625, 16, 16], "texture": "#0"},
				"up": {"uv": [0.125, 3.625, 16, 16], "rotation": 90, "texture": "#0"},
				"down": {"uv": [0.125, 16, 16, 3.5], "rotation": 270, "texture": "#0"}
			}
		},
		{
			"from": [9.05, 0.2, 5.55],
			"to": [11.15, 0.2, 5.9],
			"rotation": {"angle": 45, "axis": "y", "origin": [9.4, 0.2, 4.85]},
			"faces": {
				"north": {"uv": [6.5, 7.55, 4.1, 4], "texture": "#0"},
				"east": {"uv": [6.5, 7.55, 4.1, 4], "texture": "#0"},
				"south": {"uv": [6.5, 7.55, 4.1, 4], "texture": "#0"},
				"west": {"uv": [6.5, 7.55, 4.1, 4], "texture": "#0"},
				"up": {"uv": [6.5, 7.55, 4.1, 4], "texture": "#0"},
				"down": {"uv": [6.5, 7.55, 4.1, 4], "texture": "#0"}
			}
		},
		{
			"from": [9.75, 0.2, 4.15],
			"to": [10.1, 0.2, 5.2],
			"rotation": {"angle": -22.5, "axis": "y", "origin": [9.4, 0.2, 4.85]},
			"faces": {
				"north": {"uv": [6.5, 7.55, 4.1, 4], "texture": "#0"},
				"east": {"uv": [6.5, 7.55, 4.1, 4], "texture": "#0"},
				"south": {"uv": [6.5, 7.55, 4.1, 4], "texture": "#0"},
				"west": {"uv": [6.5, 7.55, 4.1, 4], "texture": "#0"},
				"up": {"uv": [6.5, 7.55, 4.1, 4], "rotation": 270, "texture": "#0"},
				"down": {"uv": [6.5, 7.55, 4.1, 4], "rotation": 90, "texture": "#0"}
			}
		},
		{
			"from": [7.65, 0.2, 5.9],
			"to": [9.4, 0.2, 6.25],
			"rotation": {"angle": -22.5, "axis": "y", "origin": [9.4, 0.2, 4.85]},
			"faces": {
				"north": {"uv": [6.5, 7.55, 4.1, 4], "texture": "#0"},
				"east": {"uv": [6.5, 7.55, 4.1, 4], "texture": "#0"},
				"south": {"uv": [6.5, 7.55, 4.1, 4], "texture": "#0"},
				"west": {"uv": [6.5, 7.55, 4.1, 4], "texture": "#0"},
				"up": {"uv": [6.5, 7.55, 4.1, 4], "rotation": 180, "texture": "#0"},
				"down": {"uv": [6.5, 7.55, 4.1, 4], "rotation": 180, "texture": "#0"}
			}
		},
		{
			"from": [7.3, 0.25, 6.25],
			"to": [9.05, 0.25, 6.6],
			"rotation": {"angle": 0, "axis": "y", "origin": [9.4, 0.6, 4.85]},
			"faces": {
				"north": {"uv": [6.5, 7.55, 4.1, 4], "texture": "#0"},
				"east": {"uv": [6.5, 7.55, 4.1, 4], "texture": "#0"},
				"south": {"uv": [6.5, 7.55, 4.1, 4], "texture": "#0"},
				"west": {"uv": [6.5, 7.55, 4.1, 4], "texture": "#0"},
				"up": {"uv": [6.5, 7.55, 4.1, 4], "rotation": 180, "texture": "#0"},
				"down": {"uv": [6.5, 7.55, 4.1, 4], "rotation": 180, "texture": "#0"}
			}
		},
		{
			"from": [9.05, 0.7, 4.85],
			"to": [11.5, 1.05, 4.85],
			"rotation": {"angle": 0, "axis": "x", "origin": [9.4, 0, 4.85]},
			"faces": {
				"north": {"uv": [11.5, 7, 12.7, 8.3], "rotation": 180, "texture": "#0"},
				"east": {"uv": [11.5, 7, 12.7, 8.3], "rotation": 90, "texture": "#0"},
				"south": {"uv": [11.5, 7, 12.7, 8.3], "texture": "#0"},
				"west": {"uv": [11.5, 7, 12.7, 8.3], "rotation": 270, "texture": "#0"},
				"up": {"uv": [11.5, 7, 12.7, 8.3], "texture": "#0"},
				"down": {"uv": [11.5, 7, 12.7, 8.3], "rotation": 180, "texture": "#0"}
			}
		},
		{
			"from": [9.4, 0, 6.25],
			"to": [9.75, 0.35, 8.35],
			"rotation": {"angle": -22.5, "axis": "x", "origin": [10.8, 0, 6.95]},
			"faces": {
				"north": {"uv": [11.5, 7, 12.7, 8.3], "texture": "#0"},
				"east": {"uv": [11.5, 7, 12.7, 8.3], "texture": "#0"},
				"south": {"uv": [11.5, 7, 12.7, 8.3], "texture": "#0"},
				"west": {"uv": [11.5, 7, 12.7, 8.3], "texture": "#0"},
				"up": {"uv": [11.5, 7, 12.7, 8.3], "texture": "#0"},
				"down": {"uv": [11.5, 7, 12.7, 8.3], "texture": "#0"}
			}
		},
		{
			"from": [4.35, -0.3, 5.2],
			"to": [5.75, 0.9, 5.2],
			"rotation": {"angle": 45, "axis": "y", "origin": [10.45, 4.9, 4.5]},
			"faces": {
				"north": {"uv": [0, 12.05294, 9.55294, 0], "rotation": 90, "texture": "#1"},
				"east": {"uv": [0, 0, 9.55294, 11.94706], "rotation": 270, "texture": "#1"},
				"south": {"uv": [0, 0, 9.55294, 11.94706], "rotation": 90, "texture": "#1"},
				"west": {"uv": [0, 0, 9.55294, 11.94706], "rotation": 90, "texture": "#1"},
				"up": {"uv": [0, 0, 9.55294, 11.94706], "rotation": 180, "texture": "#1"},
				"down": {"uv": [0, 0, 9.55294, 11.94706], "texture": "#1"}
			}
		},
		{
			"from": [4.35, 0.3, 4.5],
			"to": [5.75, 0.3, 5.9],
			"rotation": {"angle": 45, "axis": "y", "origin": [10.45, 4.9, 4.5]},
			"faces": {
				"north": {"uv": [0, 0, 9.55294, 11.94706], "rotation": 180, "texture": "#1"},
				"east": {"uv": [0, 0, 9.55294, 11.94706], "rotation": 180, "texture": "#1"},
				"south": {"uv": [0, 0, 9.55294, 11.94706], "rotation": 180, "texture": "#1"},
				"west": {"uv": [0, 0, 9.55294, 11.94706], "rotation": 180, "texture": "#1"},
				"up": {"uv": [0, 12.05294, 9.55294, 0], "rotation": 270, "texture": "#1"},
				"down": {"uv": [0, 0, 9.55294, 11.94706], "rotation": 90, "texture": "#1"}
			}
		},
		{
			"from": [5.75, 0.3, 5.9],
			"to": [8.2, 0.3, 6.25],
			"rotation": {"angle": 45, "axis": "y", "origin": [9.4, 0, 4.85]},
			"faces": {
				"north": {"uv": [6.5, 7.55, 4.1, 4], "texture": "#0"},
				"east": {"uv": [6.5, 7.55, 4.1, 4], "texture": "#0"},
				"south": {"uv": [6.5, 7.55, 4.1, 4], "texture": "#0"},
				"west": {"uv": [6.5, 7.55, 4.1, 4], "texture": "#0"},
				"up": {"uv": [6.5, 7.55, 4.1, 4], "rotation": 180, "texture": "#0"},
				"down": {"uv": [6.5, 7.55, 4.1, 4], "rotation": 180, "texture": "#0"}
			}
		},
		{
			"from": [10.1, -0.15, 3.8],
			"to": [10.1, 0.55, 4.5],
			"rotation": {"angle": -22.5, "axis": "y", "origin": [10.45, 5.1, 4.5]},
			"faces": {
				"north": {"uv": [0, 0, 9.55294, 11.94706], "rotation": 90, "texture": "#1"},
				"east": {"uv": [0, 12.05294, 9.55294, 0], "rotation": 90, "texture": "#1"},
				"south": {"uv": [0, 0, 9.55294, 11.94706], "rotation": 270, "texture": "#1"},
				"west": {"uv": [0, 0, 9.55294, 11.94706], "rotation": 90, "texture": "#1"},
				"up": {"uv": [0, 0, 9.55294, 11.94706], "rotation": 270, "texture": "#1"},
				"down": {"uv": [0, 0, 9.55294, 11.94706], "rotation": 270, "texture": "#1"}
			}
		},
		{
			"from": [9.75, 0.2, 3.8],
			"to": [10.45, 0.2, 4.5],
			"rotation": {"angle": -22.5, "axis": "y", "origin": [10.45, 5.1, 4.5]},
			"faces": {
				"north": {"uv": [0, 0, 9.55294, 11.94706], "rotation": 180, "texture": "#1"},
				"east": {"uv": [0, 0, 9.55294, 11.94706], "rotation": 180, "texture": "#1"},
				"south": {"uv": [0, 0, 9.55294, 11.94706], "rotation": 180, "texture": "#1"},
				"west": {"uv": [0, 0, 9.55294, 11.94706], "rotation": 180, "texture": "#1"},
				"up": {"uv": [0, 12.05294, 9.55294, 0], "texture": "#1"},
				"down": {"uv": [0, 0, 9.55294, 11.94706], "texture": "#1"}
			}
		},
		{
			"from": [9.05, 0.2, 5.55],
			"to": [11.15, 0.2, 5.9],
			"rotation": {"angle": 22.5, "axis": "y", "origin": [9.4, 0.2, 4.85]},
			"faces": {
				"north": {"uv": [6.5, 7.55, 4.1, 4], "texture": "#0"},
				"east": {"uv": [6.5, 7.55, 4.1, 4], "texture": "#0"},
				"south": {"uv": [6.5, 7.55, 4.1, 4], "texture": "#0"},
				"west": {"uv": [6.5, 7.55, 4.1, 4], "texture": "#0"},
				"up": {"uv": [3.85, 7.55, 6.5, 4], "texture": "#0"},
				"down": {"uv": [6.5, 7.55, 4.1, 4], "texture": "#0"}
			}
		},
		{
			"from": [10.8, -0.15, 2.75],
			"to": [10.8, 0.9, 3.8],
			"rotation": {"angle": -45, "axis": "y", "origin": [10.45, 5.1, 4.5]},
			"faces": {
				"north": {"uv": [0, 0, 9.55294, 11.94706], "rotation": 90, "texture": "#1"},
				"east": {"uv": [0, 12.05294, 9.55294, 0], "rotation": 90, "texture": "#1"},
				"south": {"uv": [0, 0, 9.55294, 11.94706], "rotation": 270, "texture": "#1"},
				"west": {"uv": [0, 0, 9.55294, 11.94706], "rotation": 90, "texture": "#1"},
				"up": {"uv": [0, 0, 9.55294, 11.94706], "rotation": 270, "texture": "#1"},
				"down": {"uv": [0, 0, 9.55294, 11.94706], "rotation": 270, "texture": "#1"}
			}
		},
		{
			"from": [10.1, 0.2, 2.75],
			"to": [11.5, 0.2, 3.8],
			"rotation": {"angle": -45, "axis": "y", "origin": [10.45, 5.1, 4.5]},
			"faces": {
				"north": {"uv": [0, 0, 9.55294, 11.94706], "rotation": 180, "texture": "#1"},
				"east": {"uv": [0, 0, 9.55294, 11.94706], "rotation": 180, "texture": "#1"},
				"south": {"uv": [0, 0, 9.55294, 11.94706], "rotation": 180, "texture": "#1"},
				"west": {"uv": [0, 0, 9.55294, 11.94706], "rotation": 180, "texture": "#1"},
				"up": {"uv": [0, 12.05294, 9.55294, 0], "texture": "#1"},
				"down": {"uv": [0, 0, 9.55294, 11.94706], "texture": "#1"}
			}
		},
		{
			"from": [11.15, -0.15, 5.2],
			"to": [11.85, 0.55, 5.2],
			"rotation": {"angle": 22.5, "axis": "y", "origin": [10.45, 5.1, 4.5]},
			"faces": {
				"north": {"uv": [0, 0, 9.55294, 11.94706], "rotation": 90, "texture": "#1"},
				"east": {"uv": [0, 0, 9.55294, 11.94706], "rotation": 90, "texture": "#1"},
				"south": {"uv": [0, 12.05294, 9.55294, 0], "rotation": 90, "texture": "#1"},
				"west": {"uv": [0, 0, 9.55294, 11.94706], "rotation": 270, "texture": "#1"},
				"up": {"uv": [0, 0, 9.55294, 11.94706], "texture": "#1"},
				"down": {"uv": [0, 0, 9.55294, 11.94706], "rotation": 180, "texture": "#1"}
			}
		},
		{
			"from": [11.15, 0.2, 4.85],
			"to": [11.85, 0.2, 5.55],
			"rotation": {"angle": 22.5, "axis": "y", "origin": [10.45, 5.1, 4.5]},
			"faces": {
				"north": {"uv": [0, 0, 9.55294, 11.94706], "rotation": 180, "texture": "#1"},
				"east": {"uv": [0, 0, 9.55294, 11.94706], "rotation": 180, "texture": "#1"},
				"south": {"uv": [0, 0, 9.55294, 11.94706], "rotation": 180, "texture": "#1"},
				"west": {"uv": [0, 0, 9.55294, 11.94706], "rotation": 180, "texture": "#1"},
				"up": {"uv": [0, 12.05294, 9.55294, 0], "rotation": 90, "texture": "#1"},
				"down": {"uv": [0, 0, 9.55294, 11.94706], "rotation": 270, "texture": "#1"}
			}
		},
		{
			"from": [4.85, 1.6, 5.2],
			"to": [5.9, 2.3, 5.2],
			"rotation": {"angle": 22.5, "axis": "z", "origin": [10.45, 5.1, 4.5]},
			"faces": {
				"north": {"uv": [0, 12.05294, 9.55294, 0], "rotation": 90, "texture": "#1"},
				"east": {"uv": [0, 0, 9.55294, 11.94706], "rotation": 270, "texture": "#1"},
				"south": {"uv": [0, 0, 9.55294, 11.94706], "rotation": 90, "texture": "#1"},
				"west": {"uv": [0, 0, 9.55294, 11.94706], "rotation": 90, "texture": "#1"},
				"up": {"uv": [0, 0, 9.55294, 11.94706], "rotation": 180, "texture": "#1"},
				"down": {"uv": [0, 0, 9.55294, 11.94706], "texture": "#1"}
			}
		},
		{
			"from": [4.85, 1.95, 4.5],
			"to": [5.9, 1.95, 5.9],
			"rotation": {"angle": 22.5, "axis": "z", "origin": [10.45, 5.1, 4.5]},
			"faces": {
				"north": {"uv": [0, 0, 9.55294, 11.94706], "rotation": 180, "texture": "#1"},
				"east": {"uv": [0, 0, 9.55294, 11.94706], "rotation": 180, "texture": "#1"},
				"south": {"uv": [0, 0, 9.55294, 11.94706], "rotation": 180, "texture": "#1"},
				"west": {"uv": [0, 0, 9.55294, 11.94706], "rotation": 180, "texture": "#1"},
				"up": {"uv": [0, 12.05294, 9.55294, 0], "rotation": 270, "texture": "#1"},
				"down": {"uv": [0, 0, 9.55294, 11.94706], "rotation": 90, "texture": "#1"}
			}
		},
		{
			"from": [4.85, 1.55, 6.25],
			"to": [5.55, 2.25, 6.25],
			"rotation": {"angle": 22.5, "axis": "z", "origin": [10.45, 5.4, 4.5]},
			"faces": {
				"north": {"uv": [0, 12.05294, 9.55294, 0], "rotation": 90, "texture": "#1"},
				"east": {"uv": [0, 0, 9.55294, 11.94706], "rotation": 270, "texture": "#1"},
				"south": {"uv": [0, 0, 9.55294, 11.94706], "rotation": 90, "texture": "#1"},
				"west": {"uv": [0, 0, 9.55294, 11.94706], "rotation": 90, "texture": "#1"},
				"up": {"uv": [0, 0, 9.55294, 11.94706], "rotation": 180, "texture": "#1"},
				"down": {"uv": [0, 0, 9.55294, 11.94706], "texture": "#1"}
			}
		},
		{
			"from": [4.85, 2, 5.9],
			"to": [5.55, 2, 6.6],
			"rotation": {"angle": 22.5, "axis": "z", "origin": [10.45, 5.5, 4.5]},
			"faces": {
				"north": {"uv": [0, 0, 9.55294, 11.94706], "rotation": 180, "texture": "#1"},
				"east": {"uv": [0, 0, 9.55294, 11.94706], "rotation": 180, "texture": "#1"},
				"south": {"uv": [0, 0, 9.55294, 11.94706], "rotation": 180, "texture": "#1"},
				"west": {"uv": [0, 0, 9.55294, 11.94706], "rotation": 180, "texture": "#1"},
				"up": {"uv": [0, 12.05294, 9.55294, 0], "rotation": 270, "texture": "#1"},
				"down": {"uv": [0, 0, 9.55294, 11.94706], "rotation": 90, "texture": "#1"}
			}
		},
		{
			"from": [6.21959, -2.95, 6.18994],
			"to": [6.56959, -2.95, 6.53994],
			"rotation": {"angle": 45, "axis": "z", "origin": [3.8, 1.4, 9.4]},
			"faces": {
				"north": {"uv": [0, 0, 9.55294, 11.94706], "rotation": 180, "texture": "#1"},
				"east": {"uv": [0, 0, 9.55294, 11.94706], "rotation": 180, "texture": "#1"},
				"south": {"uv": [0, 0, 9.55294, 11.94706], "rotation": 180, "texture": "#1"},
				"west": {"uv": [0, 0, 9.55294, 11.94706], "rotation": 180, "texture": "#1"},
				"up": {"uv": [0, 12.05294, 9.55294, 0], "rotation": 270, "texture": "#1"},
				"down": {"uv": [0, 0, 9.55294, 11.94706], "rotation": 90, "texture": "#1"}
			}
		}
	],
	"display": {
		"fixed": {
			"rotation": [-90, 0, 0],
			"translation": [-5.5, 6.75, -33.75],
			"scale": [4, 4, 4]
		}
	},
	"groups": [
		0,
		1,
		2,
		3,
		4,
		5,
		6,
		7,
		8,
		9,
		10,
		11,
		12,
		13,
		14,
		15,
		16,
		17,
		18,
		19,
		{
			"name": "group",
			"origin": [9.1, -0.1, 7.5],
			"color": 0,
			"children": [20, 21, 22]
		},
		{
			"name": "group",
			"origin": [9.1, -0.1, 7.5],
			"color": 0,
			"children": [23, 24, 25]
		},
		{
			"name": "group",
			"origin": [9.1, -0.1, 7.5],
			"color": 0,
			"children": [26, 27]
		},
		{
			"name": "group",
			"origin": [9.1, -0.1, 7.5],
			"color": 0,
			"children": [28, 29]
		},
		{
			"name": "group",
			"origin": [9.1, -0.1, 7.5],
			"color": 0,
			"children": [30, 31]
		},
		{
			"name": "group",
			"origin": [9.1, -0.1, 7.5],
			"color": 0,
			"children": [32, 33]
		},
		{
			"name": "group",
			"origin": [9.1, -0.1, 7.5],
			"color": 0,
			"children": [34]
		}
	]
}