{
	"credit": "Made with Blockbench",
	"textures": {
		"0": "item/custom/hatgiong",
		"particle": "item/custom/hatgiong"
	},
	"elements": [
		{
			"from": [6.72, 0, 7.68],
			"to": [7.168, 0.384, 8.128],
			"rotation": {"angle": 0, "axis": "y", "origin": [2.88, 0, 2.88]},
			"faces": {
				"north": {"uv": [2.25, 4.5, 12.45, 14.55], "texture": "#0"},
				"east": {"uv": [2.25, 4.5, 12.45, 14.55], "texture": "#0"},
				"south": {"uv": [2.25, 4.5, 12.45, 14.55], "texture": "#0"},
				"west": {"uv": [2.25, 4.5, 12.45, 14.55], "texture": "#0"},
				"up": {"uv": [2.25, 4.5, 12.45, 14.55], "texture": "#0"},
				"down": {"uv": [2.25, 4.5, 12.45, 14.55], "texture": "#0"}
			}
		},
		{
			"from": [7.496, 0, 7.664],
			"to": [8.168, 0.504, 8.42],
			"rotation": {"angle": 22.5, "axis": "x", "origin": [7.748, -0.168, 7.664]},
			"faces": {
				"north": {"uv": [2.25, 4.5, 12.45, 14.55], "rotation": 270, "texture": "#0"},
				"east": {"uv": [2.25, 4.5, 12.45, 14.55], "rotation": 270, "texture": "#0"},
				"south": {"uv": [2.25, 4.5, 12.45, 14.55], "rotation": 270, "texture": "#0"},
				"west": {"uv": [2.25, 4.5, 12.45, 14.55], "rotation": 270, "texture": "#0"},
				"up": {"uv": [2.25, 4.5, 12.45, 14.55], "rotation": 270, "texture": "#0"},
				"down": {"uv": [2.25, 4.5, 12.45, 14.55], "rotation": 270, "texture": "#0"}
			}
		},
		{
			"from": [8.1, -0.2, 7.6],
			"to": [8.8, 0.4, 8.3],
			"rotation": {"angle": -22.5, "axis": "x", "origin": [7.7, -0.2, 7.6]},
			"faces": {
				"north": {"uv": [2.25, 4.5, 12.45, 14.55], "rotation": 270, "texture": "#0"},
				"east": {"uv": [2.25, 4.5, 12.45, 14.55], "rotation": 270, "texture": "#0"},
				"south": {"uv": [2.25, 4.5, 12.45, 14.55], "rotation": 270, "texture": "#0"},
				"west": {"uv": [2.25, 4.5, 12.45, 14.55], "rotation": 270, "texture": "#0"},
				"up": {"uv": [2.25, 4.5, 12.45, 14.55], "rotation": 270, "texture": "#0"},
				"down": {"uv": [2.25, 4.5, 12.45, 14.55], "rotation": 270, "texture": "#0"}
			}
		},
		{
			"from": [8.192, -0.128, 8.064],
			"to": [8.64, 0.256, 8.512],
			"rotation": {"angle": 0, "axis": "y", "origin": [3.392, -0.128, 12.416]},
			"faces": {
				"north": {"uv": [2.25, 4.5, 12.45, 14.55], "rotation": 270, "texture": "#0"},
				"east": {"uv": [2.25, 4.5, 12.45, 14.55], "rotation": 270, "texture": "#0"},
				"south": {"uv": [2.25, 4.5, 12.45, 14.55], "rotation": 270, "texture": "#0"},
				"west": {"uv": [2.25, 4.5, 12.45, 14.55], "rotation": 270, "texture": "#0"},
				"up": {"uv": [2.25, 4.5, 12.45, 14.55], "rotation": 270, "texture": "#0"},
				"down": {"uv": [2.25, 4.5, 12.45, 14.55], "rotation": 270, "texture": "#0"}
			}
		},
		{
			"from": [6.9, 0.1, 6.8],
			"to": [7.7, 0.7, 7.7],
			"rotation": {"angle": 22.5, "axis": "x", "origin": [7.2, -0.1, 6.6]},
			"faces": {
				"north": {"uv": [2.25, 4.5, 12.45, 14.55], "rotation": 270, "texture": "#0"},
				"east": {"uv": [2.25, 4.5, 12.45, 14.55], "rotation": 270, "texture": "#0"},
				"south": {"uv": [2.25, 4.5, 12.45, 14.55], "rotation": 270, "texture": "#0"},
				"west": {"uv": [2.25, 4.5, 12.45, 14.55], "rotation": 270, "texture": "#0"},
				"up": {"uv": [2.25, 4.5, 12.45, 14.55], "rotation": 270, "texture": "#0"},
				"down": {"uv": [2.25, 4.5, 12.45, 14.55], "rotation": 270, "texture": "#0"}
			}
		},
		{
			"from": [7.35488, -0.10752, 7.08608],
			"to": [7.83872, 0.21504, 7.56992],
			"rotation": {"angle": 0, "axis": "y", "origin": [7.56992, -0.05376, 7.24736]},
			"faces": {
				"north": {"uv": [2.25, 4.5, 12.45, 14.55], "rotation": 270, "texture": "#0"},
				"east": {"uv": [2.25, 4.5, 12.45, 14.55], "rotation": 270, "texture": "#0"},
				"south": {"uv": [2.25, 4.5, 12.45, 14.55], "rotation": 270, "texture": "#0"},
				"west": {"uv": [2.25, 4.5, 12.45, 14.55], "rotation": 270, "texture": "#0"},
				"up": {"uv": [2.25, 4.5, 12.45, 14.55], "rotation": 270, "texture": "#0"},
				"down": {"uv": [2.25, 4.5, 12.45, 14.55], "rotation": 270, "texture": "#0"}
			}
		},
		{
			"from": [6.9, -0.1, 8.5],
			"to": [7.6, 0.5, 9.2],
			"rotation": {"angle": 22.5, "axis": "z", "origin": [6.9, -0.1, 9.6]},
			"faces": {
				"north": {"uv": [2.25, 4.5, 12.45, 14.55], "rotation": 180, "texture": "#0"},
				"east": {"uv": [2.25, 4.5, 12.45, 14.55], "rotation": 180, "texture": "#0"},
				"south": {"uv": [2.25, 4.5, 12.45, 14.55], "rotation": 180, "texture": "#0"},
				"west": {"uv": [2.25, 4.5, 12.45, 14.55], "rotation": 180, "texture": "#0"},
				"up": {"uv": [2.25, 4.5, 12.45, 14.55], "rotation": 180, "texture": "#0"},
				"down": {"uv": [2.25, 4.5, 12.45, 14.55], "rotation": 180, "texture": "#0"}
			}
		},
		{
			"from": [7.8, -0.1, 7.1],
			"to": [8.5, 0.5, 7.8],
			"rotation": {"angle": 0, "axis": "y", "origin": [0.3, -0.1, 13.9]},
			"faces": {
				"north": {"uv": [2.25, 4.5, 12.45, 14.55], "rotation": 270, "texture": "#0"},
				"east": {"uv": [2.25, 4.5, 12.45, 14.55], "rotation": 270, "texture": "#0"},
				"south": {"uv": [2.25, 4.5, 12.45, 14.55], "rotation": 270, "texture": "#0"},
				"west": {"uv": [2.25, 4.5, 12.45, 14.55], "rotation": 270, "texture": "#0"},
				"up": {"uv": [2.25, 4.5, 12.45, 14.55], "rotation": 270, "texture": "#0"},
				"down": {"uv": [2.25, 4.5, 12.45, 14.55], "rotation": 270, "texture": "#0"}
			}
		},
		{
			"from": [8.05376, 0, 8.32256],
			"to": [8.5376, 0.32256, 8.75264],
			"rotation": {"angle": -22.5, "axis": "z", "origin": [7.94624, -0.10752, 8.59136]},
			"faces": {
				"north": {"uv": [2.25, 4.5, 12.45, 14.55], "rotation": 180, "texture": "#0"},
				"east": {"uv": [2.25, 4.5, 12.45, 14.55], "rotation": 180, "texture": "#0"},
				"south": {"uv": [2.25, 4.5, 12.45, 14.55], "rotation": 180, "texture": "#0"},
				"west": {"uv": [2.25, 4.5, 12.45, 14.55], "rotation": 180, "texture": "#0"},
				"up": {"uv": [2.25, 4.5, 12.45, 14.55], "rotation": 180, "texture": "#0"},
				"down": {"uv": [2.25, 4.5, 12.45, 14.55], "rotation": 180, "texture": "#0"}
			}
		},
		{
			"from": [7.6, -0.3, 8.6],
			"to": [8.5, 0.3, 9.5],
			"rotation": {"angle": 0, "axis": "y", "origin": [7.9, -0.2, 9.1]},
			"faces": {
				"north": {"uv": [2.25, 4.5, 12.45, 14.55], "rotation": 180, "texture": "#0"},
				"east": {"uv": [2.25, 4.5, 12.45, 14.55], "rotation": 180, "texture": "#0"},
				"south": {"uv": [2.25, 4.5, 12.45, 14.55], "rotation": 180, "texture": "#0"},
				"west": {"uv": [2.25, 4.5, 12.45, 14.55], "rotation": 180, "texture": "#0"},
				"up": {"uv": [2.25, 4.5, 12.45, 14.55], "rotation": 180, "texture": "#0"},
				"down": {"uv": [2.25, 4.5, 12.45, 14.55], "rotation": 180, "texture": "#0"}
			}
		},
		{
			"from": [7.1, 0.1, 9.1],
			"to": [8, 0.7, 9.9],
			"rotation": {"angle": -22.5, "axis": "z", "origin": [6.9, -0.1, 9.6]},
			"faces": {
				"north": {"uv": [2.25, 4.5, 12.45, 14.55], "rotation": 180, "texture": "#0"},
				"east": {"uv": [2.25, 4.5, 12.45, 14.55], "rotation": 180, "texture": "#0"},
				"south": {"uv": [2.25, 4.5, 12.45, 14.55], "rotation": 180, "texture": "#0"},
				"west": {"uv": [2.25, 4.5, 12.45, 14.55], "rotation": 180, "texture": "#0"},
				"up": {"uv": [2.25, 4.5, 12.45, 14.55], "rotation": 180, "texture": "#0"},
				"down": {"uv": [2.25, 4.5, 12.45, 14.55], "rotation": 180, "texture": "#0"}
			}
		},
		{
			"from": [6.852, -0.164, 8.902],
			"to": [7.59, 0.328, 9.64],
			"rotation": {"angle": 0, "axis": "y", "origin": [7.098, -0.082, 9.312]},
			"faces": {
				"north": {"uv": [2.25, 4.5, 12.45, 14.55], "rotation": 180, "texture": "#0"},
				"east": {"uv": [2.25, 4.5, 12.45, 14.55], "rotation": 180, "texture": "#0"},
				"south": {"uv": [2.25, 4.5, 12.45, 14.55], "rotation": 180, "texture": "#0"},
				"west": {"uv": [2.25, 4.5, 12.45, 14.55], "rotation": 180, "texture": "#0"},
				"up": {"uv": [2.25, 4.5, 12.45, 14.55], "rotation": 180, "texture": "#0"},
				"down": {"uv": [2.25, 4.5, 12.45, 14.55], "rotation": 180, "texture": "#0"}
			}
		},
		{
			"from": [7.78496, -0.05376, 7.24736],
			"to": [8.16128, 0.2688, 7.62368],
			"rotation": {"angle": -22.5, "axis": "x", "origin": [7.56992, -0.05376, 7.24736]},
			"faces": {
				"north": {"uv": [2.25, 4.5, 12.45, 14.55], "rotation": 270, "texture": "#0"},
				"east": {"uv": [2.25, 4.5, 12.45, 14.55], "rotation": 270, "texture": "#0"},
				"south": {"uv": [2.25, 4.5, 12.45, 14.55], "rotation": 270, "texture": "#0"},
				"west": {"uv": [2.25, 4.5, 12.45, 14.55], "rotation": 270, "texture": "#0"},
				"up": {"uv": [2.25, 4.5, 12.45, 14.55], "rotation": 270, "texture": "#0"},
				"down": {"uv": [2.25, 4.5, 12.45, 14.55], "rotation": 270, "texture": "#0"}
			}
		},
		{
			"from": [7.59, -0.082, 8.246],
			"to": [8.164, 0.41, 8.82],
			"rotation": {"angle": 0, "axis": "y", "origin": [13.084, -0.082, 14.97]},
			"faces": {
				"north": {"uv": [2.25, 4.5, 12.45, 14.55], "rotation": 180, "texture": "#0"},
				"east": {"uv": [2.25, 4.5, 12.45, 14.55], "rotation": 180, "texture": "#0"},
				"south": {"uv": [2.25, 4.5, 12.45, 14.55], "rotation": 180, "texture": "#0"},
				"west": {"uv": [2.25, 4.5, 12.45, 14.55], "rotation": 180, "texture": "#0"},
				"up": {"uv": [2.25, 4.5, 12.45, 14.55], "rotation": 180, "texture": "#0"},
				"down": {"uv": [2.25, 4.5, 12.45, 14.55], "rotation": 180, "texture": "#0"}
			}
		},
		{
			"from": [6, 0.1, 8],
			"to": [6.8, 0.7, 8.9],
			"rotation": {"angle": -22.5, "axis": "x", "origin": [6.5, -0.1, 8.9]},
			"faces": {
				"north": {"uv": [2.25, 4.5, 12.45, 14.55], "rotation": 90, "texture": "#0"},
				"east": {"uv": [2.25, 4.5, 12.45, 14.55], "rotation": 90, "texture": "#0"},
				"south": {"uv": [2.25, 4.5, 12.45, 14.55], "rotation": 90, "texture": "#0"},
				"west": {"uv": [2.25, 4.5, 12.45, 14.55], "rotation": 90, "texture": "#0"},
				"up": {"uv": [2.25, 4.5, 12.45, 14.55], "rotation": 90, "texture": "#0"},
				"down": {"uv": [2.25, 4.5, 12.45, 14.55], "rotation": 90, "texture": "#0"}
			}
		},
		{
			"from": [6.336, -0.064, 8.128],
			"to": [6.784, 0.32, 8.576],
			"rotation": {"angle": 22.5, "axis": "x", "origin": [7.04, -0.064, 8.576]},
			"faces": {
				"north": {"uv": [2.25, 4.5, 12.45, 14.55], "rotation": 90, "texture": "#0"},
				"east": {"uv": [2.25, 4.5, 12.45, 14.55], "rotation": 90, "texture": "#0"},
				"south": {"uv": [2.25, 4.5, 12.45, 14.55], "rotation": 90, "texture": "#0"},
				"west": {"uv": [2.25, 4.5, 12.45, 14.55], "rotation": 90, "texture": "#0"},
				"up": {"uv": [2.25, 4.5, 12.45, 14.55], "rotation": 90, "texture": "#0"},
				"down": {"uv": [2.25, 4.5, 12.45, 14.55], "rotation": 90, "texture": "#0"}
			}
		},
		{
			"from": [5.648, -0.084, 7.748],
			"to": [6.236, 0.42, 8.336],
			"rotation": {"angle": 0, "axis": "y", "origin": [12.536, -0.084, 2.624]},
			"faces": {
				"north": {"uv": [2.25, 4.5, 12.45, 14.55], "rotation": 90, "texture": "#0"},
				"east": {"uv": [2.25, 4.5, 12.45, 14.55], "rotation": 90, "texture": "#0"},
				"south": {"uv": [2.25, 4.5, 12.45, 14.55], "rotation": 90, "texture": "#0"},
				"west": {"uv": [2.25, 4.5, 12.45, 14.55], "rotation": 90, "texture": "#0"},
				"up": {"uv": [2.25, 4.5, 12.45, 14.55], "rotation": 90, "texture": "#0"},
				"down": {"uv": [2.25, 4.5, 12.45, 14.55], "rotation": 90, "texture": "#0"}
			}
		},
		{
			"from": [6.5, 0.2, 8.8],
			"to": [7.3, 0.8, 9.7],
			"rotation": {"angle": -22.5, "axis": "x", "origin": [7, 0, 9.9]},
			"faces": {
				"north": {"uv": [2.25, 4.5, 12.45, 14.55], "rotation": 90, "texture": "#0"},
				"east": {"uv": [2.25, 4.5, 12.45, 14.55], "rotation": 90, "texture": "#0"},
				"south": {"uv": [2.25, 4.5, 12.45, 14.55], "rotation": 90, "texture": "#0"},
				"west": {"uv": [2.25, 4.5, 12.45, 14.55], "rotation": 90, "texture": "#0"},
				"up": {"uv": [2.25, 4.5, 12.45, 14.55], "rotation": 90, "texture": "#0"},
				"down": {"uv": [2.25, 4.5, 12.45, 14.55], "rotation": 90, "texture": "#0"}
			}
		},
		{
			"from": [7.04, -0.064, 8.832],
			"to": [7.616, 0.32, 9.408],
			"rotation": {"angle": 0, "axis": "y", "origin": [7.36, 0, 9.216]},
			"faces": {
				"north": {"uv": [2.25, 4.5, 12.45, 14.55], "rotation": 90, "texture": "#0"},
				"east": {"uv": [2.25, 4.5, 12.45, 14.55], "rotation": 90, "texture": "#0"},
				"south": {"uv": [2.25, 4.5, 12.45, 14.55], "rotation": 90, "texture": "#0"},
				"west": {"uv": [2.25, 4.5, 12.45, 14.55], "rotation": 90, "texture": "#0"},
				"up": {"uv": [2.25, 4.5, 12.45, 14.55], "rotation": 90, "texture": "#0"},
				"down": {"uv": [2.25, 4.5, 12.45, 14.55], "rotation": 90, "texture": "#0"}
			}
		},
		{
			"from": [6.824, 0, 7.412],
			"to": [7.412, 0.504, 8],
			"rotation": {"angle": -22.5, "axis": "z", "origin": [7.412, 0, 7.076]},
			"faces": {
				"north": {"uv": [2.25, 4.5, 12.45, 14.55], "texture": "#0"},
				"east": {"uv": [2.25, 4.5, 12.45, 14.55], "texture": "#0"},
				"south": {"uv": [2.25, 4.5, 12.45, 14.55], "texture": "#0"},
				"west": {"uv": [2.25, 4.5, 12.45, 14.55], "texture": "#0"},
				"up": {"uv": [2.25, 4.5, 12.45, 14.55], "texture": "#0"},
				"down": {"uv": [2.25, 4.5, 12.45, 14.55], "texture": "#0"}
			}
		},
		{
			"from": [6.114, 0, 8.574],
			"to": [6.688, 0.492, 9.148],
			"rotation": {"angle": 0, "axis": "y", "origin": [12.838, 0, 3.572]},
			"faces": {
				"north": {"uv": [2.25, 4.5, 12.45, 14.55], "rotation": 90, "texture": "#0"},
				"east": {"uv": [2.25, 4.5, 12.45, 14.55], "rotation": 90, "texture": "#0"},
				"south": {"uv": [2.25, 4.5, 12.45, 14.55], "rotation": 90, "texture": "#0"},
				"west": {"uv": [2.25, 4.5, 12.45, 14.55], "rotation": 90, "texture": "#0"},
				"up": {"uv": [2.25, 4.5, 12.45, 14.55], "rotation": 90, "texture": "#0"},
				"down": {"uv": [2.25, 4.5, 12.45, 14.55], "rotation": 90, "texture": "#0"}
			}
		},
		{
			"from": [6.208, 0.064, 7.424],
			"to": [6.784, 0.448, 7.936],
			"rotation": {"angle": 22.5, "axis": "z", "origin": [6.912, -0.064, 7.616]},
			"faces": {
				"north": {"uv": [2.25, 4.5, 12.45, 14.55], "texture": "#0"},
				"east": {"uv": [2.25, 4.5, 12.45, 14.55], "texture": "#0"},
				"south": {"uv": [2.25, 4.5, 12.45, 14.55], "texture": "#0"},
				"west": {"uv": [2.25, 4.5, 12.45, 14.55], "texture": "#0"},
				"up": {"uv": [2.25, 4.5, 12.45, 14.55], "texture": "#0"},
				"down": {"uv": [2.25, 4.5, 12.45, 14.55], "texture": "#0"}
			}
		},
		{
			"from": [6.068, -0.168, 7.16],
			"to": [6.824, 0.336, 7.916],
			"rotation": {"angle": 0, "axis": "y", "origin": [6.572, -0.084, 7.496]},
			"faces": {
				"north": {"uv": [2.25, 4.5, 12.45, 14.55], "texture": "#0"},
				"east": {"uv": [2.25, 4.5, 12.45, 14.55], "texture": "#0"},
				"south": {"uv": [2.25, 4.5, 12.45, 14.55], "texture": "#0"},
				"west": {"uv": [2.25, 4.5, 12.45, 14.55], "texture": "#0"},
				"up": {"uv": [2.25, 4.5, 12.45, 14.55], "texture": "#0"},
				"down": {"uv": [2.25, 4.5, 12.45, 14.55], "texture": "#0"}
			}
		},
		{
			"from": [6.278, 0, 8.984],
			"to": [6.852, 0.492, 9.558],
			"rotation": {"angle": 22.5, "axis": "x", "origin": [7.18, 0, 9.558]},
			"faces": {
				"north": {"uv": [2.25, 4.5, 12.45, 14.55], "rotation": 90, "texture": "#0"},
				"east": {"uv": [2.25, 4.5, 12.45, 14.55], "rotation": 90, "texture": "#0"},
				"south": {"uv": [2.25, 4.5, 12.45, 14.55], "rotation": 90, "texture": "#0"},
				"west": {"uv": [2.25, 4.5, 12.45, 14.55], "rotation": 90, "texture": "#0"},
				"up": {"uv": [2.25, 4.5, 12.45, 14.55], "rotation": 90, "texture": "#0"},
				"down": {"uv": [2.25, 4.5, 12.45, 14.55], "rotation": 90, "texture": "#0"}
			}
		},
		{
			"from": [7.168, -0.064, 7.04],
			"to": [7.744, 0.32, 7.616],
			"rotation": {"angle": 0, "axis": "z", "origin": [7.552, 0, 7.296]},
			"faces": {
				"north": {"uv": [2.25, 4.5, 12.45, 14.55], "texture": "#0"},
				"east": {"uv": [2.25, 4.5, 12.45, 14.55], "texture": "#0"},
				"south": {"uv": [2.25, 4.5, 12.45, 14.55], "texture": "#0"},
				"west": {"uv": [2.25, 4.5, 12.45, 14.55], "texture": "#0"},
				"up": {"uv": [2.25, 4.5, 12.45, 14.55], "texture": "#0"},
				"down": {"uv": [2.25, 4.5, 12.45, 14.55], "texture": "#0"}
			}
		},
		{
			"from": [6.488, 0.168, 6.824],
			"to": [7.244, 0.672, 7.496],
			"rotation": {"angle": 22.5, "axis": "z", "origin": [7.412, 0, 7.076]},
			"faces": {
				"north": {"uv": [2.25, 4.5, 12.45, 14.55], "texture": "#0"},
				"east": {"uv": [2.25, 4.5, 12.45, 14.55], "texture": "#0"},
				"south": {"uv": [2.25, 4.5, 12.45, 14.55], "texture": "#0"},
				"west": {"uv": [2.25, 4.5, 12.45, 14.55], "texture": "#0"},
				"up": {"uv": [2.25, 4.5, 12.45, 14.55], "texture": "#0"},
				"down": {"uv": [2.25, 4.5, 12.45, 14.55], "texture": "#0"}
			}
		}
	],
	"display": {
		"fixed": {
			"rotation": [-90, 0, 0],
			"translation": [2.25, -1, -23.25],
			"scale": [3, 3, 3]
		}
	}
}