{
	"credit": "Made with Blockbench",
	"textures": {
		"0": "item/custom/turnip_stage3",
		"particle": "item/custom/turnip_stage3"
	},
	"elements": [
		{
			"from": [2, 1.5, 6.8],
			"to": [14, 16.5, 6.8],
			"rotation": {"angle": -22.5, "axis": "x", "origin": [8, 1.5, 6.8]},
			"faces": {
				"north": {"uv": [0, 0, 4, 5], "texture": "#0"},
				"east": {"uv": [0, 0, 0, 5], "texture": "#0"},
				"south": {"uv": [0, 0, 4, 5], "texture": "#0"},
				"west": {"uv": [0, 0, 0, 5], "texture": "#0"},
				"up": {"uv": [4, 0, 0, 0], "texture": "#0"},
				"down": {"uv": [4, 0, 0, 0], "texture": "#0"}
			}
		},
		{
			"from": [4.4, 0, 5.3],
			"to": [11.6, 1.2, 10.7],
			"rotation": {"angle": 0, "axis": "y", "origin": [-16, 0, -16]},
			"faces": {
				"north": {"uv": [12, 8, 14.5, 8.5], "texture": "#0"},
				"east": {"uv": [14, 2, 15.75, 2.5], "texture": "#0"},
				"south": {"uv": [12, 9, 14.5, 9.5], "texture": "#0"},
				"west": {"uv": [14, 3, 15.75, 3.5], "texture": "#0"},
				"up": {"uv": [10.5, 11.75, 8, 10], "texture": "#0"},
				"down": {"uv": [13.5, 10, 11, 11.75], "texture": "#0"}
			}
		},
		{
			"from": [5.3, 0, 4.4],
			"to": [10.7, 1.2, 11.6],
			"rotation": {"angle": 0, "axis": "y", "origin": [-16, 0, -16]},
			"faces": {
				"north": {"uv": [14, 4, 15.75, 4.5], "texture": "#0"},
				"east": {"uv": [10, 12, 12.5, 12.5], "texture": "#0"},
				"south": {"uv": [14, 5, 15.75, 5.5], "texture": "#0"},
				"west": {"uv": [10, 13, 12.5, 13.5], "texture": "#0"},
				"up": {"uv": [13.75, 2.5, 12, 0], "texture": "#0"},
				"down": {"uv": [13.75, 3, 12, 5.5], "texture": "#0"}
			}
		},
		{
			"from": [5, 0, 5],
			"to": [11, 1.5, 11],
			"rotation": {"angle": 0, "axis": "y", "origin": [-16, 0, -16]},
			"faces": {
				"north": {"uv": [13, 12, 15, 12.5], "texture": "#0"},
				"east": {"uv": [13, 13, 15, 13.5], "texture": "#0"},
				"south": {"uv": [14, 0, 16, 0.5], "texture": "#0"},
				"west": {"uv": [14, 1, 16, 1.5], "texture": "#0"},
				"up": {"uv": [14, 8, 12, 6], "texture": "#0"},
				"down": {"uv": [10, 12, 8, 14], "texture": "#0"}
			}
		},
		{
			"from": [2, 1.5, 9.2],
			"to": [14, 16.5, 9.2],
			"rotation": {"angle": 22.5, "axis": "x", "origin": [8, 1.5, 9.2]},
			"faces": {
				"north": {"uv": [0, 0, 4, 5], "texture": "#0"},
				"east": {"uv": [0, 0, 0, 5], "texture": "#0"},
				"south": {"uv": [0, 0, 4, 5], "texture": "#0"},
				"west": {"uv": [0, 0, 0, 5], "texture": "#0"},
				"up": {"uv": [4, 0, 0, 0], "texture": "#0"},
				"down": {"uv": [4, 0, 0, 0], "texture": "#0"}
			}
		},
		{
			"from": [9.2, 1.5, 2],
			"to": [9.2, 16.5, 14],
			"rotation": {"angle": -22.5, "axis": "z", "origin": [9.2, 1.5, 8]},
			"faces": {
				"north": {"uv": [0, 0, 0, 5], "texture": "#0"},
				"east": {"uv": [0, 0, 4, 5], "texture": "#0"},
				"south": {"uv": [0, 0, 0, 5], "texture": "#0"},
				"west": {"uv": [0, 0, 4, 5], "texture": "#0"},
				"up": {"uv": [0, 4, 0, 0], "texture": "#0"},
				"down": {"uv": [0, 0, 0, 4], "texture": "#0"}
			}
		},
		{
			"from": [6.8, 1.5, 2],
			"to": [6.8, 16.5, 14],
			"rotation": {"angle": 22.5, "axis": "z", "origin": [6.8, 1.5, 8]},
			"faces": {
				"north": {"uv": [0, 0, 0, 5], "texture": "#0"},
				"east": {"uv": [0, 0, 4, 5], "texture": "#0"},
				"south": {"uv": [0, 0, 0, 5], "texture": "#0"},
				"west": {"uv": [0, 0, 4, 5], "texture": "#0"},
				"up": {"uv": [0, 4, 0, 0], "texture": "#0"},
				"down": {"uv": [0, 0, 0, 4], "texture": "#0"}
			}
		}
	],
	"display": {
		"fixed": {
			"rotation": [-90, 0, 0],
			"translation": [0, 0, -8]
		}
	},
	"groups": [
		{
			"name": "group",
			"origin": [8, 8, 8],
			"color": 0,
			"children": [0, 1, 2, 3, 4, 5, 6]
		}
	]
}