{
	"credit": "Made with Blockbench",
	"texture_size": [64, 64],
	"textures": {
		"0": "item/custom/turnip_stage4",
		"particle": "item/custom/turnip_stage4"
	},
	"elements": [
		{
			"from": [5, 3, 6.8],
			"to": [11, 13.5, 6.8],
			"rotation": {"angle": -22.5, "axis": "x", "origin": [8, 3, 6.8]},
			"faces": {
				"north": {"uv": [4.5, 11, 6, 13.625], "texture": "#0"},
				"east": {"uv": [0, 0, 0, 2.625], "texture": "#0"},
				"south": {"uv": [4.5, 11, 6, 13.625], "texture": "#0"},
				"west": {"uv": [0, 0, 0, 2.625], "texture": "#0"},
				"up": {"uv": [1.5, 0, 0, 0], "texture": "#0"},
				"down": {"uv": [1.5, 0, 0, 0], "texture": "#0"}
			}
		},
		{
			"from": [2, 12.69992, -10.71736],
			"to": [14, 12.69992, 2.78264],
			"rotation": {"angle": 22.5, "axis": "x", "origin": [8, 12.69992, 2.78264]},
			"faces": {
				"north": {"uv": [0, 0, 3, 0], "texture": "#0"},
				"east": {"uv": [0, 0, 3.375, 0], "texture": "#0"},
				"south": {"uv": [0, 0, 3, 0], "texture": "#0"},
				"west": {"uv": [0, 0, 3.375, 0], "texture": "#0"},
				"up": {"uv": [3, 3.5, 6, 6.875], "texture": "#0"},
				"down": {"uv": [6, 3.5, 3, 6.875], "rotation": 180, "texture": "#0"}
			}
		},
		{
			"from": [2.675, 0, 4.25],
			"to": [13.325, 2.25, 11.9],
			"rotation": {"angle": 0, "axis": "y", "origin": [-15.775, 0, -16]},
			"faces": {
				"north": {"uv": [11.5, 3.75, 14.1875, 4.3125], "texture": "#0"},
				"east": {"uv": [11.5, 6.75, 13.4375, 7.3125], "texture": "#0"},
				"south": {"uv": [11.5, 4.5, 14.1875, 5.0625], "texture": "#0"},
				"west": {"uv": [11.75, 0, 13.6875, 0.5625], "texture": "#0"},
				"up": {"uv": [6.1875, 10.9375, 3.5, 9], "texture": "#0"},
				"down": {"uv": [8.9375, 9, 6.25, 10.9375], "texture": "#0"}
			}
		},
		{
			"from": [4.4, 0, 2.75],
			"to": [11.6, 2.4, 13.4],
			"rotation": {"angle": 0, "axis": "y", "origin": [-16, 0, -16]},
			"faces": {
				"north": {"uv": [11.5, 5.25, 13.3125, 5.875], "texture": "#0"},
				"east": {"uv": [11.5, 2.25, 14.1875, 2.875], "texture": "#0"},
				"south": {"uv": [11.5, 6, 13.3125, 6.625], "texture": "#0"},
				"west": {"uv": [11.5, 3, 14.1875, 3.625], "texture": "#0"},
				"up": {"uv": [11.3125, 4.9375, 9.5, 2.25], "texture": "#0"},
				"down": {"uv": [11.3125, 5, 9.5, 7.6875], "texture": "#0"}
			}
		},
		{
			"from": [3.5, 0, 3.5],
			"to": [12.5, 3, 12.5],
			"rotation": {"angle": 0, "axis": "y", "origin": [-16, 0, -16]},
			"faces": {
				"north": {"uv": [3.5, 7, 5.75, 7.75], "texture": "#0"},
				"east": {"uv": [3.5, 7.75, 5.75, 8.5], "texture": "#0"},
				"south": {"uv": [10.5, 11.25, 12.75, 12], "texture": "#0"},
				"west": {"uv": [11.25, 10.5, 13.5, 11.25], "texture": "#0"},
				"up": {"uv": [11.25, 11.25, 9, 9], "texture": "#0"},
				"down": {"uv": [11.75, 0, 9.5, 2.25], "texture": "#0"}
			}
		},
		{
			"from": [5, 3, 9.2],
			"to": [11, 13.5, 9.2],
			"rotation": {"angle": 22.5, "axis": "x", "origin": [8, 3, 9.2]},
			"faces": {
				"north": {"uv": [4.5, 11, 6, 13.625], "texture": "#0"},
				"east": {"uv": [0, 0, 0, 2.625], "texture": "#0"},
				"south": {"uv": [4.5, 11, 6, 13.625], "texture": "#0"},
				"west": {"uv": [0, 0, 0, 2.625], "texture": "#0"},
				"up": {"uv": [1.5, 0, 0, 0], "texture": "#0"},
				"down": {"uv": [1.5, 0, 0, 0], "texture": "#0"}
			}
		},
		{
			"from": [2, 12.70016, 13.21956],
			"to": [14, 12.70016, 26.71956],
			"rotation": {"angle": -22.5, "axis": "x", "origin": [8, 12.70016, 13.21956]},
			"faces": {
				"north": {"uv": [0, 0, 3, 0], "texture": "#0"},
				"east": {"uv": [0, 0, 3.375, 0], "texture": "#0"},
				"south": {"uv": [0, 0, 3, 0], "texture": "#0"},
				"west": {"uv": [0, 0, 3.375, 0], "texture": "#0"},
				"up": {"uv": [6, 6.875, 3, 3.5], "texture": "#0"},
				"down": {"uv": [6, 3.5, 3, 6.875], "texture": "#0"}
			}
		},
		{
			"from": [9.2, 3, 5],
			"to": [9.2, 13.5, 11],
			"rotation": {"angle": -22.5, "axis": "z", "origin": [9.2, 3, 8]},
			"faces": {
				"north": {"uv": [0, 0, 0, 2.625], "texture": "#0"},
				"east": {"uv": [4.5, 11, 6, 13.625], "texture": "#0"},
				"south": {"uv": [0, 0, 0, 2.625], "texture": "#0"},
				"west": {"uv": [4.5, 11, 6, 13.625], "texture": "#0"},
				"up": {"uv": [0, 1.5, 0, 0], "texture": "#0"},
				"down": {"uv": [0, 0, 0, 1.5], "texture": "#0"}
			}
		},
		{
			"from": [13.22014, 12.69878, 2],
			"to": [26.72014, 12.69878, 14],
			"rotation": {"angle": 22.5, "axis": "z", "origin": [13.22014, 12.69878, 8]},
			"faces": {
				"north": {"uv": [0, 0, 3.375, 0], "texture": "#0"},
				"east": {"uv": [0, 0, 3, 0], "texture": "#0"},
				"south": {"uv": [0, 0, 3.375, 0], "texture": "#0"},
				"west": {"uv": [0, 0, 3, 0], "texture": "#0"},
				"up": {"uv": [6, 6.875, 3, 3.5], "rotation": 270, "texture": "#0"},
				"down": {"uv": [3, 3.5, 6, 6.875], "rotation": 90, "texture": "#0"}
			}
		},
		{
			"from": [6.8, 3, 5],
			"to": [6.8, 13.5, 11],
			"rotation": {"angle": 22.5, "axis": "z", "origin": [6.8, 3, 8]},
			"faces": {
				"north": {"uv": [0, 0, 0, 2.625], "texture": "#0"},
				"east": {"uv": [4.5, 11, 6, 13.625], "texture": "#0"},
				"south": {"uv": [0, 0, 0, 2.625], "texture": "#0"},
				"west": {"uv": [4.5, 11, 6, 13.625], "texture": "#0"},
				"up": {"uv": [0, 1.5, 0, 0], "texture": "#0"},
				"down": {"uv": [0, 0, 0, 1.5], "texture": "#0"}
			}
		},
		{
			"from": [-10.71875, 12.69935, 2],
			"to": [2.78125, 12.69935, 14],
			"rotation": {"angle": -22.5, "axis": "z", "origin": [2.78125, 12.69935, 8]},
			"faces": {
				"north": {"uv": [0, 0, 3.375, 0], "texture": "#0"},
				"east": {"uv": [0, 0, 3, 0], "texture": "#0"},
				"south": {"uv": [0, 0, 3.375, 0], "texture": "#0"},
				"west": {"uv": [0, 0, 3, 0], "texture": "#0"},
				"up": {"uv": [6, 6.875, 3, 3.5], "rotation": 90, "texture": "#0"},
				"down": {"uv": [3, 6.875, 6, 3.5], "rotation": 90, "texture": "#0"}
			}
		}
	],
	"display": {
		"fixed": {
			"rotation": [-90, 0, 0],
			"translation": [0, 0, -8]
		}
	},
	"groups": [
		{
			"name": "group",
			"origin": [8, 8, 8],
			"color": 0,
			"children": [0, 1, 2, 3, 4, 5, 6, 7, 8, 9, 10]
		}
	]
}