{
	"credit": "Made with Blockbench",
	"textures": {
		"0": "item/custom/turnip_stage2",
		"particle": "item/custom/turnip_stage2"
	},
	"elements": [
		{
			"from": [7.776, 0, 7.552],
			"to": [8, 4.48, 7.776],
			"rotation": {"angle": -22.5, "axis": "x", "origin": [8, -1.12, 7.552]},
			"faces": {
				"north": {"uv": [6, 4, 6.25, 7.25], "texture": "#0"},
				"east": {"uv": [7, 4, 7.25, 7.25], "texture": "#0"},
				"south": {"uv": [0, 8, 0.25, 11.25], "texture": "#0"},
				"west": {"uv": [1, 8, 1.25, 11.25], "texture": "#0"},
				"up": {"uv": [10.25, 8.25, 10, 8], "texture": "#0"},
				"down": {"uv": [10.25, 9, 10, 9.25], "texture": "#0"}
			}
		},
		{
			"from": [8, 0, 8.2253],
			"to": [8.224, 4.48, 8.4493],
			"rotation": {"angle": 22.5, "axis": "x", "origin": [8, -1.1992, 8.4493]},
			"faces": {
				"north": {"uv": [2, 8, 2.25, 11.25], "texture": "#0"},
				"east": {"uv": [3, 8, 3.25, 11.25], "texture": "#0"},
				"south": {"uv": [4, 8, 4.25, 11.25], "texture": "#0"},
				"west": {"uv": [8, 4, 8.25, 7.25], "texture": "#0"},
				"up": {"uv": [10.25, 10.25, 10, 10], "texture": "#0"},
				"down": {"uv": [11.25, 0, 11, 0.25], "texture": "#0"}
			}
		},
		{
			"from": [7.56775, 0, 8.01705],
			"to": [7.79175, 4.48, 8.24105],
			"rotation": {"angle": 22.5, "axis": "z", "origin": [7.56775, -1.1992, 8.01705]},
			"faces": {
				"north": {"uv": [5, 8, 5.25, 11.25], "texture": "#0"},
				"east": {"uv": [6, 8, 6.25, 11.25], "texture": "#0"},
				"south": {"uv": [7, 8, 7.25, 11.25], "texture": "#0"},
				"west": {"uv": [8, 8, 8.25, 11.25], "texture": "#0"},
				"up": {"uv": [11.25, 1.25, 11, 1], "texture": "#0"},
				"down": {"uv": [11.25, 2, 11, 2.25], "texture": "#0"}
			}
		},
		{
			"from": [8.20825, 0, 7.79305],
			"to": [8.43225, 4.48, 8.01705],
			"rotation": {"angle": -22.5, "axis": "z", "origin": [8.43225, -1.1992, 8.01705]},
			"faces": {
				"north": {"uv": [9, 4, 9.25, 7.25], "texture": "#0"},
				"east": {"uv": [9, 8, 9.25, 11.25], "texture": "#0"},
				"south": {"uv": [10, 0, 10.25, 3.25], "texture": "#0"},
				"west": {"uv": [10, 4, 10.25, 7.25], "texture": "#0"},
				"up": {"uv": [11.25, 3.25, 11, 3], "texture": "#0"},
				"down": {"uv": [11.25, 4, 11, 4.25], "texture": "#0"}
			}
		},
		{
			"from": [6.88, 4.55062, 0.8235],
			"to": [9.12, 4.55062, 5.3035],
			"rotation": {"angle": 45, "axis": "x", "origin": [8, 3.99898, 4.85758]},
			"faces": {
				"north": {"uv": [0, 0, 1.5, 0], "texture": "#0"},
				"east": {"uv": [0, 0, 3.25, 0], "texture": "#0"},
				"south": {"uv": [0, 0, 1.5, 0], "texture": "#0"},
				"west": {"uv": [0, 0, 3.25, 0], "texture": "#0"},
				"up": {"uv": [0, 4, 1.5, 7.25], "texture": "#0"},
				"down": {"uv": [0, 7.25, 1.5, 4], "texture": "#0"}
			}
		},
		{
			"from": [6.88, 3.55306, 10.59078],
			"to": [9.12, 8.03306, 10.59078],
			"rotation": {"angle": 45, "axis": "x", "origin": [8, 3.99898, 11.14242]},
			"faces": {
				"north": {"uv": [0, 4, 1.5, 7.25], "texture": "#0"},
				"east": {"uv": [0, 0, 0, 3.25], "texture": "#0"},
				"south": {"uv": [1.5, 4, 0, 7.25], "texture": "#0"},
				"west": {"uv": [0, 0, 0, 3.25], "texture": "#0"},
				"up": {"uv": [1.5, 0, 0, 0], "texture": "#0"},
				"down": {"uv": [1.5, 0, 0, 0], "texture": "#0"}
			}
		},
		{
			"from": [0.75353, 4.27062, 6.89705],
			"to": [5.23353, 4.27062, 9.13705],
			"rotation": {"angle": -45, "axis": "z", "origin": [5.09733, 3.63978, 8.01705]},
			"faces": {
				"north": {"uv": [0, 0, 3.25, 0], "texture": "#0"},
				"east": {"uv": [0, 0, 1.5, 0], "texture": "#0"},
				"south": {"uv": [0, 0, 3.25, 0], "texture": "#0"},
				"west": {"uv": [0, 0, 1.5, 0], "texture": "#0"},
				"up": {"uv": [1.5, 7.25, 0, 4], "rotation": 90, "texture": "#0"},
				"down": {"uv": [0, 7.25, 1.5, 4], "rotation": 90, "texture": "#0"}
			}
		},
		{
			"from": [10.76647, 4.27062, 6.89705],
			"to": [15.24647, 4.27062, 9.13705],
			"rotation": {"angle": 45, "axis": "z", "origin": [10.90267, 3.63978, 8.01705]},
			"faces": {
				"north": {"uv": [0, 0, 3.25, 0], "texture": "#0"},
				"east": {"uv": [0, 0, 1.5, 0], "texture": "#0"},
				"south": {"uv": [0, 0, 3.25, 0], "texture": "#0"},
				"west": {"uv": [0, 0, 1.5, 0], "texture": "#0"},
				"up": {"uv": [1.5, 7.25, 0, 4], "rotation": 270, "texture": "#0"},
				"down": {"uv": [0, 7.25, 1.5, 4], "rotation": 270, "texture": "#0"}
			}
		}
	],
	"display": {
		"fixed": {
			"rotation": [-90, 0, 0],
			"translation": [0, 0, -8]
		}
	},
	"groups": [
		{
			"name": "group",
			"origin": [8, 8, 8],
			"color": 0,
			"children": [0, 1, 2, 3, 4, 5, 6, 7]
		}
	]
}