{
	"credit": "Made with Blockbench",
	"texture_size": [32, 32],
	"textures": {
		"0": "item/custom/wheat_stage1",
		"particle": "item/custom/wheat_stage1"
	},
	"elements": [
		{
			"from": [-2.6, 0, -2.87941],
			"to": [-2.4, 11, -2.67941],
			"rotation": {"angle": 0, "axis": "y", "origin": [-2.6, 0, -2.87941]},
			"faces": {
				"north": {"uv": [6, 0, 6.25, 6.5], "texture": "#0"},
				"east": {"uv": [6.5, 0, 6.75, 6.5], "texture": "#0"},
				"south": {"uv": [6, 6.5, 6.25, 13], "texture": "#0"},
				"west": {"uv": [6.5, 6.5, 6.75, 13], "texture": "#0"},
				"up": {"uv": [3.75, 7.75, 3.5, 7.5], "texture": "#0"},
				"down": {"uv": [4.25, 7.5, 4, 7.75], "texture": "#0"}
			}
		},
		{
			"from": [-2.6, 2, -2.97941],
			"to": [-2.2, 7, 3.02059],
			"rotation": {"angle": -45, "axis": "y", "origin": [-2.5, 4, -2.87941]},
			"faces": {
				"north": {"uv": [1, 7.5, 1.25, 10], "texture": "#0"},
				"east": {"uv": [3, 2.5, 0, 5], "texture": "#0"},
				"south": {"uv": [1.5, 7.5, 1.75, 10], "texture": "#0"},
				"west": {"uv": [0, 2.5, 3, 5], "texture": "#0"},
				"up": {"uv": [7.25, 3, 7, 0], "texture": "#0"},
				"down": {"uv": [7.25, 3, 7, 6], "texture": "#0"}
			}
		},
		{
			"from": [-2.8, 9.6, -2.97941],
			"to": [-2.4, 14.6, 3.02059],
			"rotation": {"angle": 45, "axis": "y", "origin": [-2.5, 12, -2.87941]},
			"faces": {
				"north": {"uv": [2, 7.5, 2.25, 10], "texture": "#0"},
				"east": {"uv": [3, 2.5, 0, 5], "texture": "#0"},
				"south": {"uv": [2.5, 7.5, 2.75, 10], "texture": "#0"},
				"west": {"uv": [0, 2.5, 3, 5], "texture": "#0"},
				"up": {"uv": [7.25, 9, 7, 6], "texture": "#0"},
				"down": {"uv": [0.25, 7.5, 0, 10.5], "texture": "#0"}
			}
		},
		{
			"from": [-2.7, 5, -8.57941],
			"to": [-2.3, 10, -2.57941],
			"rotation": {"angle": 0, "axis": "y", "origin": [-2.5, 7, -2.87941]},
			"faces": {
				"north": {"uv": [3, 7.5, 3.25, 10], "texture": "#0"},
				"east": {"uv": [0, 2.5, 3, 5], "texture": "#0"},
				"south": {"uv": [7.5, 3, 7.75, 5.5], "texture": "#0"},
				"west": {"uv": [3, 2.5, 0, 5], "texture": "#0"},
				"up": {"uv": [7.75, 3, 7.5, 0], "texture": "#0"},
				"down": {"uv": [0.75, 7.5, 0.5, 10.5], "texture": "#0"}
			}
		},
		{
			"from": [-2.6, 0, 4.12059],
			"to": [-2.4, 11, 4.32059],
			"rotation": {"angle": 0, "axis": "y", "origin": [-2.6, 0, 4.12059]},
			"faces": {
				"north": {"uv": [6, 0, 6.25, 6.5], "texture": "#0"},
				"east": {"uv": [6.5, 0, 6.75, 6.5], "texture": "#0"},
				"south": {"uv": [6, 6.5, 6.25, 13], "texture": "#0"},
				"west": {"uv": [6.5, 6.5, 6.75, 13], "texture": "#0"},
				"up": {"uv": [3.75, 7.75, 3.5, 7.5], "texture": "#0"},
				"down": {"uv": [4.25, 7.5, 4, 7.75], "texture": "#0"}
			}
		},
		{
			"from": [-2.6, 2, 4.02059],
			"to": [-2.2, 7, 10.02059],
			"rotation": {"angle": -45, "axis": "y", "origin": [-2.5, 4, 4.12059]},
			"faces": {
				"north": {"uv": [1, 7.5, 1.25, 10], "texture": "#0"},
				"east": {"uv": [3, 2.5, 0, 5], "texture": "#0"},
				"south": {"uv": [1.5, 7.5, 1.75, 10], "texture": "#0"},
				"west": {"uv": [0, 2.5, 3, 5], "texture": "#0"},
				"up": {"uv": [7.25, 3, 7, 0], "texture": "#0"},
				"down": {"uv": [7.25, 3, 7, 6], "texture": "#0"}
			}
		},
		{
			"from": [-2.8, 9.6, 4.02059],
			"to": [-2.4, 14.6, 10.02059],
			"rotation": {"angle": 45, "axis": "y", "origin": [-2.5, 12, 4.12059]},
			"faces": {
				"north": {"uv": [2, 7.5, 2.25, 10], "texture": "#0"},
				"east": {"uv": [3, 2.5, 0, 5], "texture": "#0"},
				"south": {"uv": [2.5, 7.5, 2.75, 10], "texture": "#0"},
				"west": {"uv": [0, 2.5, 3, 5], "texture": "#0"},
				"up": {"uv": [7.25, 9, 7, 6], "texture": "#0"},
				"down": {"uv": [0.25, 7.5, 0, 10.5], "texture": "#0"}
			}
		},
		{
			"from": [-2.7, 5, -1.57941],
			"to": [-2.3, 10, 4.42059],
			"rotation": {"angle": 0, "axis": "y", "origin": [-2.5, 7, 4.12059]},
			"faces": {
				"north": {"uv": [3, 7.5, 3.25, 10], "texture": "#0"},
				"east": {"uv": [0, 2.5, 3, 5], "texture": "#0"},
				"south": {"uv": [7.5, 3, 7.75, 5.5], "texture": "#0"},
				"west": {"uv": [3, 2.5, 0, 5], "texture": "#0"},
				"up": {"uv": [7.75, 3, 7.5, 0], "texture": "#0"},
				"down": {"uv": [0.75, 7.5, 0.5, 10.5], "texture": "#0"}
			}
		},
		{
			"from": [-2.6, 0, 11.12059],
			"to": [-2.4, 11, 11.32059],
			"rotation": {"angle": 0, "axis": "y", "origin": [-2.6, 0, 11.12059]},
			"faces": {
				"north": {"uv": [6, 0, 6.25, 6.5], "texture": "#0"},
				"east": {"uv": [6.5, 0, 6.75, 6.5], "texture": "#0"},
				"south": {"uv": [6, 6.5, 6.25, 13], "texture": "#0"},
				"west": {"uv": [6.5, 6.5, 6.75, 13], "texture": "#0"},
				"up": {"uv": [3.75, 7.75, 3.5, 7.5], "texture": "#0"},
				"down": {"uv": [4.25, 7.5, 4, 7.75], "texture": "#0"}
			}
		},
		{
			"from": [-2.6, 2, 11.02059],
			"to": [-2.2, 7, 17.02059],
			"rotation": {"angle": -45, "axis": "y", "origin": [-2.5, 4, 11.12059]},
			"faces": {
				"north": {"uv": [1, 7.5, 1.25, 10], "texture": "#0"},
				"east": {"uv": [3, 2.5, 0, 5], "texture": "#0"},
				"south": {"uv": [1.5, 7.5, 1.75, 10], "texture": "#0"},
				"west": {"uv": [0, 2.5, 3, 5], "texture": "#0"},
				"up": {"uv": [7.25, 3, 7, 0], "texture": "#0"},
				"down": {"uv": [7.25, 3, 7, 6], "texture": "#0"}
			}
		},
		{
			"from": [-2.8, 9.6, 11.02059],
			"to": [-2.4, 14.6, 17.02059],
			"rotation": {"angle": 45, "axis": "y", "origin": [-2.5, 12, 11.12059]},
			"faces": {
				"north": {"uv": [2, 7.5, 2.25, 10], "texture": "#0"},
				"east": {"uv": [3, 2.5, 0, 5], "texture": "#0"},
				"south": {"uv": [2.5, 7.5, 2.75, 10], "texture": "#0"},
				"west": {"uv": [0, 2.5, 3, 5], "texture": "#0"},
				"up": {"uv": [7.25, 9, 7, 6], "texture": "#0"},
				"down": {"uv": [0.25, 7.5, 0, 10.5], "texture": "#0"}
			}
		},
		{
			"from": [-2.7, 5, 5.42059],
			"to": [-2.3, 10, 11.42059],
			"rotation": {"angle": 0, "axis": "y", "origin": [-2.5, 7, 11.12059]},
			"faces": {
				"north": {"uv": [3, 7.5, 3.25, 10], "texture": "#0"},
				"east": {"uv": [0, 2.5, 3, 5], "texture": "#0"},
				"south": {"uv": [7.5, 3, 7.75, 5.5], "texture": "#0"},
				"west": {"uv": [3, 2.5, 0, 5], "texture": "#0"},
				"up": {"uv": [7.75, 3, 7.5, 0], "texture": "#0"},
				"down": {"uv": [0.75, 7.5, 0.5, 10.5], "texture": "#0"}
			}
		},
		{
			"from": [-2.6, 0, 18.12059],
			"to": [-2.4, 11, 18.32059],
			"rotation": {"angle": 0, "axis": "y", "origin": [-2.6, 0, 18.12059]},
			"faces": {
				"north": {"uv": [6, 0, 6.25, 6.5], "texture": "#0"},
				"east": {"uv": [6.5, 0, 6.75, 6.5], "texture": "#0"},
				"south": {"uv": [6, 6.5, 6.25, 13], "texture": "#0"},
				"west": {"uv": [6.5, 6.5, 6.75, 13], "texture": "#0"},
				"up": {"uv": [3.75, 7.75, 3.5, 7.5], "texture": "#0"},
				"down": {"uv": [4.25, 7.5, 4, 7.75], "texture": "#0"}
			}
		},
		{
			"from": [-2.6, 2, 18.02059],
			"to": [-2.2, 7, 24.02059],
			"rotation": {"angle": -45, "axis": "y", "origin": [-2.5, 4, 18.12059]},
			"faces": {
				"north": {"uv": [1, 7.5, 1.25, 10], "texture": "#0"},
				"east": {"uv": [3, 2.5, 0, 5], "texture": "#0"},
				"south": {"uv": [1.5, 7.5, 1.75, 10], "texture": "#0"},
				"west": {"uv": [0, 2.5, 3, 5], "texture": "#0"},
				"up": {"uv": [7.25, 3, 7, 0], "texture": "#0"},
				"down": {"uv": [7.25, 3, 7, 6], "texture": "#0"}
			}
		},
		{
			"from": [-2.8, 9.6, 18.02059],
			"to": [-2.4, 14.6, 24.02059],
			"rotation": {"angle": 45, "axis": "y", "origin": [-2.5, 12, 18.12059]},
			"faces": {
				"north": {"uv": [2, 7.5, 2.25, 10], "texture": "#0"},
				"east": {"uv": [3, 2.5, 0, 5], "texture": "#0"},
				"south": {"uv": [2.5, 7.5, 2.75, 10], "texture": "#0"},
				"west": {"uv": [0, 2.5, 3, 5], "texture": "#0"},
				"up": {"uv": [7.25, 9, 7, 6], "texture": "#0"},
				"down": {"uv": [0.25, 7.5, 0, 10.5], "texture": "#0"}
			}
		},
		{
			"from": [-2.7, 5, 12.42059],
			"to": [-2.3, 10, 18.42059],
			"rotation": {"angle": 0, "axis": "y", "origin": [-2.5, 7, 18.12059]},
			"faces": {
				"north": {"uv": [3, 7.5, 3.25, 10], "texture": "#0"},
				"east": {"uv": [0, 2.5, 3, 5], "texture": "#0"},
				"south": {"uv": [7.5, 3, 7.75, 5.5], "texture": "#0"},
				"west": {"uv": [3, 2.5, 0, 5], "texture": "#0"},
				"up": {"uv": [7.75, 3, 7.5, 0], "texture": "#0"},
				"down": {"uv": [0.75, 7.5, 0.5, 10.5], "texture": "#0"}
			}
		},
		{
			"from": [4.4, 0, -2.87941],
			"to": [4.6, 11, -2.67941],
			"rotation": {"angle": 0, "axis": "y", "origin": [4.4, 0, -2.87941]},
			"faces": {
				"north": {"uv": [6, 0, 6.25, 6.5], "texture": "#0"},
				"east": {"uv": [6.5, 0, 6.75, 6.5], "texture": "#0"},
				"south": {"uv": [6, 6.5, 6.25, 13], "texture": "#0"},
				"west": {"uv": [6.5, 6.5, 6.75, 13], "texture": "#0"},
				"up": {"uv": [3.75, 7.75, 3.5, 7.5], "texture": "#0"},
				"down": {"uv": [4.25, 7.5, 4, 7.75], "texture": "#0"}
			}
		},
		{
			"from": [4.4, 2, -2.97941],
			"to": [4.8, 7, 3.02059],
			"rotation": {"angle": -45, "axis": "y", "origin": [4.5, 4, -2.87941]},
			"faces": {
				"north": {"uv": [1, 7.5, 1.25, 10], "texture": "#0"},
				"east": {"uv": [3, 2.5, 0, 5], "texture": "#0"},
				"south": {"uv": [1.5, 7.5, 1.75, 10], "texture": "#0"},
				"west": {"uv": [0, 2.5, 3, 5], "texture": "#0"},
				"up": {"uv": [7.25, 3, 7, 0], "texture": "#0"},
				"down": {"uv": [7.25, 3, 7, 6], "texture": "#0"}
			}
		},
		{
			"from": [4.2, 9.6, -2.97941],
			"to": [4.6, 14.6, 3.02059],
			"rotation": {"angle": 45, "axis": "y", "origin": [4.5, 12, -2.87941]},
			"faces": {
				"north": {"uv": [2, 7.5, 2.25, 10], "texture": "#0"},
				"east": {"uv": [3, 2.5, 0, 5], "texture": "#0"},
				"south": {"uv": [2.5, 7.5, 2.75, 10], "texture": "#0"},
				"west": {"uv": [0, 2.5, 3, 5], "texture": "#0"},
				"up": {"uv": [7.25, 9, 7, 6], "texture": "#0"},
				"down": {"uv": [0.25, 7.5, 0, 10.5], "texture": "#0"}
			}
		},
		{
			"from": [4.3, 5, -8.57941],
			"to": [4.7, 10, -2.57941],
			"rotation": {"angle": 0, "axis": "y", "origin": [4.5, 7, -2.87941]},
			"faces": {
				"north": {"uv": [3, 7.5, 3.25, 10], "texture": "#0"},
				"east": {"uv": [0, 2.5, 3, 5], "texture": "#0"},
				"south": {"uv": [7.5, 3, 7.75, 5.5], "texture": "#0"},
				"west": {"uv": [3, 2.5, 0, 5], "texture": "#0"},
				"up": {"uv": [7.75, 3, 7.5, 0], "texture": "#0"},
				"down": {"uv": [0.75, 7.5, 0.5, 10.5], "texture": "#0"}
			}
		},
		{
			"from": [4.4, 0, 4.12059],
			"to": [4.6, 11, 4.32059],
			"rotation": {"angle": 0, "axis": "y", "origin": [4.4, 0, 4.12059]},
			"faces": {
				"north": {"uv": [6, 0, 6.25, 6.5], "texture": "#0"},
				"east": {"uv": [6.5, 0, 6.75, 6.5], "texture": "#0"},
				"south": {"uv": [6, 6.5, 6.25, 13], "texture": "#0"},
				"west": {"uv": [6.5, 6.5, 6.75, 13], "texture": "#0"},
				"up": {"uv": [3.75, 7.75, 3.5, 7.5], "texture": "#0"},
				"down": {"uv": [4.25, 7.5, 4, 7.75], "texture": "#0"}
			}
		},
		{
			"from": [4.4, 2, 4.02059],
			"to": [4.8, 7, 10.02059],
			"rotation": {"angle": -45, "axis": "y", "origin": [4.5, 4, 4.12059]},
			"faces": {
				"north": {"uv": [1, 7.5, 1.25, 10], "texture": "#0"},
				"east": {"uv": [3, 2.5, 0, 5], "texture": "#0"},
				"south": {"uv": [1.5, 7.5, 1.75, 10], "texture": "#0"},
				"west": {"uv": [0, 2.5, 3, 5], "texture": "#0"},
				"up": {"uv": [7.25, 3, 7, 0], "texture": "#0"},
				"down": {"uv": [7.25, 3, 7, 6], "texture": "#0"}
			}
		},
		{
			"from": [4.2, 9.6, 4.02059],
			"to": [4.6, 14.6, 10.02059],
			"rotation": {"angle": 45, "axis": "y", "origin": [4.5, 12, 4.12059]},
			"faces": {
				"north": {"uv": [2, 7.5, 2.25, 10], "texture": "#0"},
				"east": {"uv": [3, 2.5, 0, 5], "texture": "#0"},
				"south": {"uv": [2.5, 7.5, 2.75, 10], "texture": "#0"},
				"west": {"uv": [0, 2.5, 3, 5], "texture": "#0"},
				"up": {"uv": [7.25, 9, 7, 6], "texture": "#0"},
				"down": {"uv": [0.25, 7.5, 0, 10.5], "texture": "#0"}
			}
		},
		{
			"from": [4.3, 5, -1.57941],
			"to": [4.7, 10, 4.42059],
			"rotation": {"angle": 0, "axis": "y", "origin": [4.5, 7, 4.12059]},
			"faces": {
				"north": {"uv": [3, 7.5, 3.25, 10], "texture": "#0"},
				"east": {"uv": [0, 2.5, 3, 5], "texture": "#0"},
				"south": {"uv": [7.5, 3, 7.75, 5.5], "texture": "#0"},
				"west": {"uv": [3, 2.5, 0, 5], "texture": "#0"},
				"up": {"uv": [7.75, 3, 7.5, 0], "texture": "#0"},
				"down": {"uv": [0.75, 7.5, 0.5, 10.5], "texture": "#0"}
			}
		},
		{
			"from": [4.4, 0, 11.12059],
			"to": [4.6, 11, 11.32059],
			"rotation": {"angle": 0, "axis": "y", "origin": [4.4, 0, 11.12059]},
			"faces": {
				"north": {"uv": [6, 0, 6.25, 6.5], "texture": "#0"},
				"east": {"uv": [6.5, 0, 6.75, 6.5], "texture": "#0"},
				"south": {"uv": [6, 6.5, 6.25, 13], "texture": "#0"},
				"west": {"uv": [6.5, 6.5, 6.75, 13], "texture": "#0"},
				"up": {"uv": [3.75, 7.75, 3.5, 7.5], "texture": "#0"},
				"down": {"uv": [4.25, 7.5, 4, 7.75], "texture": "#0"}
			}
		},
		{
			"from": [4.4, 2, 11.02059],
			"to": [4.8, 7, 17.02059],
			"rotation": {"angle": -45, "axis": "y", "origin": [4.5, 4, 11.12059]},
			"faces": {
				"north": {"uv": [1, 7.5, 1.25, 10], "texture": "#0"},
				"east": {"uv": [3, 2.5, 0, 5], "texture": "#0"},
				"south": {"uv": [1.5, 7.5, 1.75, 10], "texture": "#0"},
				"west": {"uv": [0, 2.5, 3, 5], "texture": "#0"},
				"up": {"uv": [7.25, 3, 7, 0], "texture": "#0"},
				"down": {"uv": [7.25, 3, 7, 6], "texture": "#0"}
			}
		},
		{
			"from": [4.2, 9.6, 11.02059],
			"to": [4.6, 14.6, 17.02059],
			"rotation": {"angle": 45, "axis": "y", "origin": [4.5, 12, 11.12059]},
			"faces": {
				"north": {"uv": [2, 7.5, 2.25, 10], "texture": "#0"},
				"east": {"uv": [3, 2.5, 0, 5], "texture": "#0"},
				"south": {"uv": [2.5, 7.5, 2.75, 10], "texture": "#0"},
				"west": {"uv": [0, 2.5, 3, 5], "texture": "#0"},
				"up": {"uv": [7.25, 9, 7, 6], "texture": "#0"},
				"down": {"uv": [0.25, 7.5, 0, 10.5], "texture": "#0"}
			}
		},
		{
			"from": [4.3, 5, 5.42059],
			"to": [4.7, 10, 11.42059],
			"rotation": {"angle": 0, "axis": "y", "origin": [4.5, 7, 11.12059]},
			"faces": {
				"north": {"uv": [3, 7.5, 3.25, 10], "texture": "#0"},
				"east": {"uv": [0, 2.5, 3, 5], "texture": "#0"},
				"south": {"uv": [7.5, 3, 7.75, 5.5], "texture": "#0"},
				"west": {"uv": [3, 2.5, 0, 5], "texture": "#0"},
				"up": {"uv": [7.75, 3, 7.5, 0], "texture": "#0"},
				"down": {"uv": [0.75, 7.5, 0.5, 10.5], "texture": "#0"}
			}
		},
		{
			"from": [4.4, 0, 18.12059],
			"to": [4.6, 11, 18.32059],
			"rotation": {"angle": 0, "axis": "y", "origin": [4.4, 0, 18.12059]},
			"faces": {
				"north": {"uv": [6, 0, 6.25, 6.5], "texture": "#0"},
				"east": {"uv": [6.5, 0, 6.75, 6.5], "texture": "#0"},
				"south": {"uv": [6, 6.5, 6.25, 13], "texture": "#0"},
				"west": {"uv": [6.5, 6.5, 6.75, 13], "texture": "#0"},
				"up": {"uv": [3.75, 7.75, 3.5, 7.5], "texture": "#0"},
				"down": {"uv": [4.25, 7.5, 4, 7.75], "texture": "#0"}
			}
		},
		{
			"from": [4.4, 2, 18.02059],
			"to": [4.8, 7, 24.02059],
			"rotation": {"angle": -45, "axis": "y", "origin": [4.5, 4, 18.12059]},
			"faces": {
				"north": {"uv": [1, 7.5, 1.25, 10], "texture": "#0"},
				"east": {"uv": [3, 2.5, 0, 5], "texture": "#0"},
				"south": {"uv": [1.5, 7.5, 1.75, 10], "texture": "#0"},
				"west": {"uv": [0, 2.5, 3, 5], "texture": "#0"},
				"up": {"uv": [7.25, 3, 7, 0], "texture": "#0"},
				"down": {"uv": [7.25, 3, 7, 6], "texture": "#0"}
			}
		},
		{
			"from": [4.2, 9.6, 18.02059],
			"to": [4.6, 14.6, 24.02059],
			"rotation": {"angle": 45, "axis": "y", "origin": [4.5, 12, 18.12059]},
			"faces": {
				"north": {"uv": [2, 7.5, 2.25, 10], "texture": "#0"},
				"east": {"uv": [3, 2.5, 0, 5], "texture": "#0"},
				"south": {"uv": [2.5, 7.5, 2.75, 10], "texture": "#0"},
				"west": {"uv": [0, 2.5, 3, 5], "texture": "#0"},
				"up": {"uv": [7.25, 9, 7, 6], "texture": "#0"},
				"down": {"uv": [0.25, 7.5, 0, 10.5], "texture": "#0"}
			}
		},
		{
			"from": [4.3, 5, 11.42059],
			"to": [4.7, 10, 17.42059],
			"rotation": {"angle": 0, "axis": "y", "origin": [4.5, 7, 17.12059]},
			"faces": {
				"north": {"uv": [3, 7.5, 3.25, 10], "texture": "#0"},
				"east": {"uv": [0, 2.5, 3, 5], "texture": "#0"},
				"south": {"uv": [7.5, 3, 7.75, 5.5], "texture": "#0"},
				"west": {"uv": [3, 2.5, 0, 5], "texture": "#0"},
				"up": {"uv": [7.75, 3, 7.5, 0], "texture": "#0"},
				"down": {"uv": [0.75, 7.5, 0.5, 10.5], "texture": "#0"}
			}
		},
		{
			"from": [11.4, 0, -2.87941],
			"to": [11.6, 11, -2.67941],
			"rotation": {"angle": 0, "axis": "y", "origin": [11.4, 0, -2.87941]},
			"faces": {
				"north": {"uv": [6, 0, 6.25, 6.5], "texture": "#0"},
				"east": {"uv": [6.5, 0, 6.75, 6.5], "texture": "#0"},
				"south": {"uv": [6, 6.5, 6.25, 13], "texture": "#0"},
				"west": {"uv": [6.5, 6.5, 6.75, 13], "texture": "#0"},
				"up": {"uv": [3.75, 7.75, 3.5, 7.5], "texture": "#0"},
				"down": {"uv": [4.25, 7.5, 4, 7.75], "texture": "#0"}
			}
		},
		{
			"from": [11.4, 2, -2.97941],
			"to": [11.8, 7, 3.02059],
			"rotation": {"angle": -45, "axis": "y", "origin": [11.5, 4, -2.87941]},
			"faces": {
				"north": {"uv": [1, 7.5, 1.25, 10], "texture": "#0"},
				"east": {"uv": [3, 2.5, 0, 5], "texture": "#0"},
				"south": {"uv": [1.5, 7.5, 1.75, 10], "texture": "#0"},
				"west": {"uv": [0, 2.5, 3, 5], "texture": "#0"},
				"up": {"uv": [7.25, 3, 7, 0], "texture": "#0"},
				"down": {"uv": [7.25, 3, 7, 6], "texture": "#0"}
			}
		},
		{
			"from": [11.2, 9.6, -2.97941],
			"to": [11.6, 14.6, 3.02059],
			"rotation": {"angle": 45, "axis": "y", "origin": [11.5, 12, -2.87941]},
			"faces": {
				"north": {"uv": [2, 7.5, 2.25, 10], "texture": "#0"},
				"east": {"uv": [3, 2.5, 0, 5], "texture": "#0"},
				"south": {"uv": [2.5, 7.5, 2.75, 10], "texture": "#0"},
				"west": {"uv": [0, 2.5, 3, 5], "texture": "#0"},
				"up": {"uv": [7.25, 9, 7, 6], "texture": "#0"},
				"down": {"uv": [0.25, 7.5, 0, 10.5], "texture": "#0"}
			}
		},
		{
			"from": [11.3, 5, -8.57941],
			"to": [11.7, 10, -2.57941],
			"rotation": {"angle": 0, "axis": "y", "origin": [11.5, 7, -2.87941]},
			"faces": {
				"north": {"uv": [3, 7.5, 3.25, 10], "texture": "#0"},
				"east": {"uv": [0, 2.5, 3, 5], "texture": "#0"},
				"south": {"uv": [7.5, 3, 7.75, 5.5], "texture": "#0"},
				"west": {"uv": [3, 2.5, 0, 5], "texture": "#0"},
				"up": {"uv": [7.75, 3, 7.5, 0], "texture": "#0"},
				"down": {"uv": [0.75, 7.5, 0.5, 10.5], "texture": "#0"}
			}
		},
		{
			"from": [11.4, 0, 4.12059],
			"to": [11.6, 11, 4.32059],
			"rotation": {"angle": 0, "axis": "y", "origin": [11.4, 0, 4.12059]},
			"faces": {
				"north": {"uv": [6, 0, 6.25, 6.5], "texture": "#0"},
				"east": {"uv": [6.5, 0, 6.75, 6.5], "texture": "#0"},
				"south": {"uv": [6, 6.5, 6.25, 13], "texture": "#0"},
				"west": {"uv": [6.5, 6.5, 6.75, 13], "texture": "#0"},
				"up": {"uv": [3.75, 7.75, 3.5, 7.5], "texture": "#0"},
				"down": {"uv": [4.25, 7.5, 4, 7.75], "texture": "#0"}
			}
		},
		{
			"from": [11.4, 2, 4.02059],
			"to": [11.8, 7, 10.02059],
			"rotation": {"angle": -45, "axis": "y", "origin": [11.5, 4, 4.12059]},
			"faces": {
				"north": {"uv": [1, 7.5, 1.25, 10], "texture": "#0"},
				"east": {"uv": [3, 2.5, 0, 5], "texture": "#0"},
				"south": {"uv": [1.5, 7.5, 1.75, 10], "texture": "#0"},
				"west": {"uv": [0, 2.5, 3, 5], "texture": "#0"},
				"up": {"uv": [7.25, 3, 7, 0], "texture": "#0"},
				"down": {"uv": [7.25, 3, 7, 6], "texture": "#0"}
			}
		},
		{
			"from": [11.2, 9.6, 4.02059],
			"to": [11.6, 14.6, 10.02059],
			"rotation": {"angle": 45, "axis": "y", "origin": [11.5, 12, 4.12059]},
			"faces": {
				"north": {"uv": [2, 7.5, 2.25, 10], "texture": "#0"},
				"east": {"uv": [3, 2.5, 0, 5], "texture": "#0"},
				"south": {"uv": [2.5, 7.5, 2.75, 10], "texture": "#0"},
				"west": {"uv": [0, 2.5, 3, 5], "texture": "#0"},
				"up": {"uv": [7.25, 9, 7, 6], "texture": "#0"},
				"down": {"uv": [0.25, 7.5, 0, 10.5], "texture": "#0"}
			}
		},
		{
			"from": [11.3, 5, -1.57941],
			"to": [11.7, 10, 4.42059],
			"rotation": {"angle": 0, "axis": "y", "origin": [11.5, 7, 4.12059]},
			"faces": {
				"north": {"uv": [3, 7.5, 3.25, 10], "texture": "#0"},
				"east": {"uv": [0, 2.5, 3, 5], "texture": "#0"},
				"south": {"uv": [7.5, 3, 7.75, 5.5], "texture": "#0"},
				"west": {"uv": [3, 2.5, 0, 5], "texture": "#0"},
				"up": {"uv": [7.75, 3, 7.5, 0], "texture": "#0"},
				"down": {"uv": [0.75, 7.5, 0.5, 10.5], "texture": "#0"}
			}
		},
		{
			"from": [11.4, 0, 11.12059],
			"to": [11.6, 11, 11.32059],
			"rotation": {"angle": 0, "axis": "y", "origin": [11.4, 0, 11.12059]},
			"faces": {
				"north": {"uv": [6, 0, 6.25, 6.5], "texture": "#0"},
				"east": {"uv": [6.5, 0, 6.75, 6.5], "texture": "#0"},
				"south": {"uv": [6, 6.5, 6.25, 13], "texture": "#0"},
				"west": {"uv": [6.5, 6.5, 6.75, 13], "texture": "#0"},
				"up": {"uv": [3.75, 7.75, 3.5, 7.5], "texture": "#0"},
				"down": {"uv": [4.25, 7.5, 4, 7.75], "texture": "#0"}
			}
		},
		{
			"from": [11.4, 2, 11.02059],
			"to": [11.8, 7, 17.02059],
			"rotation": {"angle": -45, "axis": "y", "origin": [11.5, 4, 11.12059]},
			"faces": {
				"north": {"uv": [1, 7.5, 1.25, 10], "texture": "#0"},
				"east": {"uv": [3, 2.5, 0, 5], "texture": "#0"},
				"south": {"uv": [1.5, 7.5, 1.75, 10], "texture": "#0"},
				"west": {"uv": [0, 2.5, 3, 5], "texture": "#0"},
				"up": {"uv": [7.25, 3, 7, 0], "texture": "#0"},
				"down": {"uv": [7.25, 3, 7, 6], "texture": "#0"}
			}
		},
		{
			"from": [11.2, 9.6, 11.02059],
			"to": [11.6, 14.6, 17.02059],
			"rotation": {"angle": 45, "axis": "y", "origin": [11.5, 12, 11.12059]},
			"faces": {
				"north": {"uv": [2, 7.5, 2.25, 10], "texture": "#0"},
				"east": {"uv": [3, 2.5, 0, 5], "texture": "#0"},
				"south": {"uv": [2.5, 7.5, 2.75, 10], "texture": "#0"},
				"west": {"uv": [0, 2.5, 3, 5], "texture": "#0"},
				"up": {"uv": [7.25, 9, 7, 6], "texture": "#0"},
				"down": {"uv": [0.25, 7.5, 0, 10.5], "texture": "#0"}
			}
		},
		{
			"from": [11.3, 5, 5.42059],
			"to": [11.7, 10, 11.42059],
			"rotation": {"angle": 0, "axis": "y", "origin": [11.5, 7, 11.12059]},
			"faces": {
				"north": {"uv": [3, 7.5, 3.25, 10], "texture": "#0"},
				"east": {"uv": [0, 2.5, 3, 5], "texture": "#0"},
				"south": {"uv": [7.5, 3, 7.75, 5.5], "texture": "#0"},
				"west": {"uv": [3, 2.5, 0, 5], "texture": "#0"},
				"up": {"uv": [7.75, 3, 7.5, 0], "texture": "#0"},
				"down": {"uv": [0.75, 7.5, 0.5, 10.5], "texture": "#0"}
			}
		},
		{
			"from": [11.4, 0, 18.12059],
			"to": [11.6, 11, 18.32059],
			"rotation": {"angle": 0, "axis": "y", "origin": [11.4, 0, 18.12059]},
			"faces": {
				"north": {"uv": [6, 0, 6.25, 6.5], "texture": "#0"},
				"east": {"uv": [6.5, 0, 6.75, 6.5], "texture": "#0"},
				"south": {"uv": [6, 6.5, 6.25, 13], "texture": "#0"},
				"west": {"uv": [6.5, 6.5, 6.75, 13], "texture": "#0"},
				"up": {"uv": [3.75, 7.75, 3.5, 7.5], "texture": "#0"},
				"down": {"uv": [4.25, 7.5, 4, 7.75], "texture": "#0"}
			}
		},
		{
			"from": [11.4, 2, 18.02059],
			"to": [11.8, 7, 24.02059],
			"rotation": {"angle": -45, "axis": "y", "origin": [11.5, 4, 18.12059]},
			"faces": {
				"north": {"uv": [1, 7.5, 1.25, 10], "texture": "#0"},
				"east": {"uv": [3, 2.5, 0, 5], "texture": "#0"},
				"south": {"uv": [1.5, 7.5, 1.75, 10], "texture": "#0"},
				"west": {"uv": [0, 2.5, 3, 5], "texture": "#0"},
				"up": {"uv": [7.25, 3, 7, 0], "texture": "#0"},
				"down": {"uv": [7.25, 3, 7, 6], "texture": "#0"}
			}
		},
		{
			"from": [11.2, 9.6, 18.02059],
			"to": [11.6, 14.6, 24.02059],
			"rotation": {"angle": 45, "axis": "y", "origin": [11.5, 12, 18.12059]},
			"faces": {
				"north": {"uv": [2, 7.5, 2.25, 10], "texture": "#0"},
				"east": {"uv": [3, 2.5, 0, 5], "texture": "#0"},
				"south": {"uv": [2.5, 7.5, 2.75, 10], "texture": "#0"},
				"west": {"uv": [0, 2.5, 3, 5], "texture": "#0"},
				"up": {"uv": [7.25, 9, 7, 6], "texture": "#0"},
				"down": {"uv": [0.25, 7.5, 0, 10.5], "texture": "#0"}
			}
		},
		{
			"from": [11.3, 5, 12.42059],
			"to": [11.7, 10, 18.42059],
			"rotation": {"angle": 0, "axis": "y", "origin": [11.5, 7, 18.12059]},
			"faces": {
				"north": {"uv": [3, 7.5, 3.25, 10], "texture": "#0"},
				"east": {"uv": [0, 2.5, 3, 5], "texture": "#0"},
				"south": {"uv": [7.5, 3, 7.75, 5.5], "texture": "#0"},
				"west": {"uv": [3, 2.5, 0, 5], "texture": "#0"},
				"up": {"uv": [7.75, 3, 7.5, 0], "texture": "#0"},
				"down": {"uv": [0.75, 7.5, 0.5, 10.5], "texture": "#0"}
			}
		},
		{
			"from": [18.4, 0, -2.87941],
			"to": [18.6, 11, -2.67941],
			"rotation": {"angle": 0, "axis": "y", "origin": [18.4, 0, -2.87941]},
			"faces": {
				"north": {"uv": [6, 0, 6.25, 6.5], "texture": "#0"},
				"east": {"uv": [6.5, 0, 6.75, 6.5], "texture": "#0"},
				"south": {"uv": [6, 6.5, 6.25, 13], "texture": "#0"},
				"west": {"uv": [6.5, 6.5, 6.75, 13], "texture": "#0"},
				"up": {"uv": [3.75, 7.75, 3.5, 7.5], "texture": "#0"},
				"down": {"uv": [4.25, 7.5, 4, 7.75], "texture": "#0"}
			}
		},
		{
			"from": [18.4, 2, -2.97941],
			"to": [18.8, 7, 3.02059],
			"rotation": {"angle": -45, "axis": "y", "origin": [18.5, 4, -2.87941]},
			"faces": {
				"north": {"uv": [1, 7.5, 1.25, 10], "texture": "#0"},
				"east": {"uv": [3, 2.5, 0, 5], "texture": "#0"},
				"south": {"uv": [1.5, 7.5, 1.75, 10], "texture": "#0"},
				"west": {"uv": [0, 2.5, 3, 5], "texture": "#0"},
				"up": {"uv": [7.25, 3, 7, 0], "texture": "#0"},
				"down": {"uv": [7.25, 3, 7, 6], "texture": "#0"}
			}
		},
		{
			"from": [18.2, 9.6, -2.97941],
			"to": [18.6, 14.6, 3.02059],
			"rotation": {"angle": 45, "axis": "y", "origin": [18.5, 12, -2.87941]},
			"faces": {
				"north": {"uv": [2, 7.5, 2.25, 10], "texture": "#0"},
				"east": {"uv": [3, 2.5, 0, 5], "texture": "#0"},
				"south": {"uv": [2.5, 7.5, 2.75, 10], "texture": "#0"},
				"west": {"uv": [0, 2.5, 3, 5], "texture": "#0"},
				"up": {"uv": [7.25, 9, 7, 6], "texture": "#0"},
				"down": {"uv": [0.25, 7.5, 0, 10.5], "texture": "#0"}
			}
		},
		{
			"from": [18.3, 5, -8.57941],
			"to": [18.7, 10, -2.57941],
			"rotation": {"angle": 0, "axis": "y", "origin": [18.5, 7, -2.87941]},
			"faces": {
				"north": {"uv": [3, 7.5, 3.25, 10], "texture": "#0"},
				"east": {"uv": [0, 2.5, 3, 5], "texture": "#0"},
				"south": {"uv": [7.5, 3, 7.75, 5.5], "texture": "#0"},
				"west": {"uv": [3, 2.5, 0, 5], "texture": "#0"},
				"up": {"uv": [7.75, 3, 7.5, 0], "texture": "#0"},
				"down": {"uv": [0.75, 7.5, 0.5, 10.5], "texture": "#0"}
			}
		},
		{
			"from": [18.4, 0, 4.12059],
			"to": [18.6, 11, 4.32059],
			"rotation": {"angle": 0, "axis": "y", "origin": [18.4, 0, 4.12059]},
			"faces": {
				"north": {"uv": [6, 0, 6.25, 6.5], "texture": "#0"},
				"east": {"uv": [6.5, 0, 6.75, 6.5], "texture": "#0"},
				"south": {"uv": [6, 6.5, 6.25, 13], "texture": "#0"},
				"west": {"uv": [6.5, 6.5, 6.75, 13], "texture": "#0"},
				"up": {"uv": [3.75, 7.75, 3.5, 7.5], "texture": "#0"},
				"down": {"uv": [4.25, 7.5, 4, 7.75], "texture": "#0"}
			}
		},
		{
			"from": [18.4, 2, 4.02059],
			"to": [18.8, 7, 10.02059],
			"rotation": {"angle": -45, "axis": "y", "origin": [18.5, 4, 4.12059]},
			"faces": {
				"north": {"uv": [1, 7.5, 1.25, 10], "texture": "#0"},
				"east": {"uv": [3, 2.5, 0, 5], "texture": "#0"},
				"south": {"uv": [1.5, 7.5, 1.75, 10], "texture": "#0"},
				"west": {"uv": [0, 2.5, 3, 5], "texture": "#0"},
				"up": {"uv": [7.25, 3, 7, 0], "texture": "#0"},
				"down": {"uv": [7.25, 3, 7, 6], "texture": "#0"}
			}
		},
		{
			"from": [18.2, 9.6, 4.02059],
			"to": [18.6, 14.6, 10.02059],
			"rotation": {"angle": 45, "axis": "y", "origin": [18.5, 12, 4.12059]},
			"faces": {
				"north": {"uv": [2, 7.5, 2.25, 10], "texture": "#0"},
				"east": {"uv": [3, 2.5, 0, 5], "texture": "#0"},
				"south": {"uv": [2.5, 7.5, 2.75, 10], "texture": "#0"},
				"west": {"uv": [0, 2.5, 3, 5], "texture": "#0"},
				"up": {"uv": [7.25, 9, 7, 6], "texture": "#0"},
				"down": {"uv": [0.25, 7.5, 0, 10.5], "texture": "#0"}
			}
		},
		{
			"from": [18.3, 5, -1.57941],
			"to": [18.7, 10, 4.42059],
			"rotation": {"angle": 0, "axis": "y", "origin": [18.5, 7, 4.12059]},
			"faces": {
				"north": {"uv": [3, 7.5, 3.25, 10], "texture": "#0"},
				"east": {"uv": [0, 2.5, 3, 5], "texture": "#0"},
				"south": {"uv": [7.5, 3, 7.75, 5.5], "texture": "#0"},
				"west": {"uv": [3, 2.5, 0, 5], "texture": "#0"},
				"up": {"uv": [7.75, 3, 7.5, 0], "texture": "#0"},
				"down": {"uv": [0.75, 7.5, 0.5, 10.5], "texture": "#0"}
			}
		},
		{
			"from": [18.4, 0, 11.12059],
			"to": [18.6, 11, 11.32059],
			"rotation": {"angle": 0, "axis": "y", "origin": [18.4, 0, 11.12059]},
			"faces": {
				"north": {"uv": [6, 0, 6.25, 6.5], "texture": "#0"},
				"east": {"uv": [6.5, 0, 6.75, 6.5], "texture": "#0"},
				"south": {"uv": [6, 6.5, 6.25, 13], "texture": "#0"},
				"west": {"uv": [6.5, 6.5, 6.75, 13], "texture": "#0"},
				"up": {"uv": [3.75, 7.75, 3.5, 7.5], "texture": "#0"},
				"down": {"uv": [4.25, 7.5, 4, 7.75], "texture": "#0"}
			}
		},
		{
			"from": [18.4, 2, 11.02059],
			"to": [18.8, 7, 17.02059],
			"rotation": {"angle": -45, "axis": "y", "origin": [18.5, 4, 11.12059]},
			"faces": {
				"north": {"uv": [1, 7.5, 1.25, 10], "texture": "#0"},
				"east": {"uv": [3, 2.5, 0, 5], "texture": "#0"},
				"south": {"uv": [1.5, 7.5, 1.75, 10], "texture": "#0"},
				"west": {"uv": [0, 2.5, 3, 5], "texture": "#0"},
				"up": {"uv": [7.25, 3, 7, 0], "texture": "#0"},
				"down": {"uv": [7.25, 3, 7, 6], "texture": "#0"}
			}
		},
		{
			"from": [18.2, 9.6, 11.02059],
			"to": [18.6, 14.6, 17.02059],
			"rotation": {"angle": 45, "axis": "y", "origin": [18.5, 12, 11.12059]},
			"faces": {
				"north": {"uv": [2, 7.5, 2.25, 10], "texture": "#0"},
				"east": {"uv": [3, 2.5, 0, 5], "texture": "#0"},
				"south": {"uv": [2.5, 7.5, 2.75, 10], "texture": "#0"},
				"west": {"uv": [0, 2.5, 3, 5], "texture": "#0"},
				"up": {"uv": [7.25, 9, 7, 6], "texture": "#0"},
				"down": {"uv": [0.25, 7.5, 0, 10.5], "texture": "#0"}
			}
		},
		{
			"from": [18.3, 5, 5.42059],
			"to": [18.7, 10, 11.42059],
			"rotation": {"angle": 0, "axis": "y", "origin": [18.5, 7, 11.12059]},
			"faces": {
				"north": {"uv": [3, 7.5, 3.25, 10], "texture": "#0"},
				"east": {"uv": [0, 2.5, 3, 5], "texture": "#0"},
				"south": {"uv": [7.5, 3, 7.75, 5.5], "texture": "#0"},
				"west": {"uv": [3, 2.5, 0, 5], "texture": "#0"},
				"up": {"uv": [7.75, 3, 7.5, 0], "texture": "#0"},
				"down": {"uv": [0.75, 7.5, 0.5, 10.5], "texture": "#0"}
			}
		},
		{
			"from": [18.4, 0, 18.12059],
			"to": [18.6, 11, 18.32059],
			"rotation": {"angle": 0, "axis": "y", "origin": [18.4, 0, 18.12059]},
			"faces": {
				"north": {"uv": [6, 0, 6.25, 6.5], "texture": "#0"},
				"east": {"uv": [6.5, 0, 6.75, 6.5], "texture": "#0"},
				"south": {"uv": [6, 6.5, 6.25, 13], "texture": "#0"},
				"west": {"uv": [6.5, 6.5, 6.75, 13], "texture": "#0"},
				"up": {"uv": [3.75, 7.75, 3.5, 7.5], "texture": "#0"},
				"down": {"uv": [4.25, 7.5, 4, 7.75], "texture": "#0"}
			}
		},
		{
			"from": [18.4, 2, 18.02059],
			"to": [18.8, 7, 24.02059],
			"rotation": {"angle": -45, "axis": "y", "origin": [18.5, 4, 18.12059]},
			"faces": {
				"north": {"uv": [1, 7.5, 1.25, 10], "texture": "#0"},
				"east": {"uv": [3, 2.5, 0, 5], "texture": "#0"},
				"south": {"uv": [1.5, 7.5, 1.75, 10], "texture": "#0"},
				"west": {"uv": [0, 2.5, 3, 5], "texture": "#0"},
				"up": {"uv": [7.25, 3, 7, 0], "texture": "#0"},
				"down": {"uv": [7.25, 3, 7, 6], "texture": "#0"}
			}
		},
		{
			"from": [18.2, 9.6, 18.02059],
			"to": [18.6, 14.6, 24.02059],
			"rotation": {"angle": 45, "axis": "y", "origin": [18.5, 12, 18.12059]},
			"faces": {
				"north": {"uv": [2, 7.5, 2.25, 10], "texture": "#0"},
				"east": {"uv": [3, 2.5, 0, 5], "texture": "#0"},
				"south": {"uv": [2.5, 7.5, 2.75, 10], "texture": "#0"},
				"west": {"uv": [0, 2.5, 3, 5], "texture": "#0"},
				"up": {"uv": [7.25, 9, 7, 6], "texture": "#0"},
				"down": {"uv": [0.25, 7.5, 0, 10.5], "texture": "#0"}
			}
		},
		{
			"from": [18.3, 5, 11.42059],
			"to": [18.7, 10, 17.42059],
			"rotation": {"angle": 0, "axis": "y", "origin": [18.5, 7, 17.12059]},
			"faces": {
				"north": {"uv": [3, 7.5, 3.25, 10], "texture": "#0"},
				"east": {"uv": [0, 2.5, 3, 5], "texture": "#0"},
				"south": {"uv": [7.5, 3, 7.75, 5.5], "texture": "#0"},
				"west": {"uv": [3, 2.5, 0, 5], "texture": "#0"},
				"up": {"uv": [7.75, 3, 7.5, 0], "texture": "#0"},
				"down": {"uv": [0.75, 7.5, 0.5, 10.5], "texture": "#0"}
			}
		}
	],
	"display": {
		"fixed": {
			"rotation": [-90, 0, 0],
			"translation": [0, 0, -8]
		}
	},
	"groups": [
		{
			"name": "wheat",
			"origin": [-4.1, 9.414, -2.38611],
			"color": 0,
			"children": [0, 1, 2, 3, 4, 5, 6, 7, 8, 9, 10, 11, 12, 13, 14, 15]
		},
		{
			"name": "wheat",
			"origin": [-4.1, 9.414, -2.38611],
			"color": 0,
			"children": [16, 17, 18, 19, 20, 21, 22, 23, 24, 25, 26, 27, 28, 29, 30, 31]
		},
		{
			"name": "wheat",
			"origin": [-4.1, 9.414, -2.38611],
			"color": 0,
			"children": [32, 33, 34, 35, 36, 37, 38, 39, 40, 41, 42, 43, 44, 45, 46, 47]
		},
		{
			"name": "wheat",
			"origin": [-4.1, 9.414, -2.38611],
			"color": 0,
			"children": [48, 49, 50, 51, 52, 53, 54, 55, 56, 57, 58, 59, 60, 61, 62, 63]
		}
	]
}