{
	"credit": "Made with Blockbench",
	"textures": {
		"0": "item/custom/wheat_stage0",
		"particle": "item/custom/wheat_stage0"
	},
	"elements": [
		{
			"from": [-6, 0, -4],
			"to": [-2, 5, -4],
			"rotation": {"angle": 0, "axis": "x", "origin": [-5, 0, -3]},
			"faces": {
				"north": {"uv": [4, 10, 8, 15], "texture": "#0"},
				"east": {"uv": [0, 0, 0, 5], "texture": "#0"},
				"south": {"uv": [4, 10, 8, 15], "texture": "#0"},
				"west": {"uv": [0, 0, 0, 5], "texture": "#0"},
				"up": {"uv": [4, 0, 0, 0], "texture": "#0"},
				"down": {"uv": [4, 0, 0, 0], "texture": "#0"}
			}
		},
		{
			"from": [-4, 0, -6],
			"to": [-4, 5, -2],
			"rotation": {"angle": 0, "axis": "y", "origin": [-5, 0, -3]},
			"faces": {
				"north": {"uv": [0, 0, 0, 5], "texture": "#0"},
				"east": {"uv": [4, 10, 8, 15], "texture": "#0"},
				"south": {"uv": [0, 0, 0, 5], "texture": "#0"},
				"west": {"uv": [4, 10, 8, 15], "texture": "#0"},
				"up": {"uv": [4, 0, 0, 0], "rotation": 270, "texture": "#0"},
				"down": {"uv": [4, 0, 0, 0], "rotation": 90, "texture": "#0"}
			}
		},
		{
			"from": [-6, 0, 4],
			"to": [-2, 5, 4],
			"rotation": {"angle": 0, "axis": "x", "origin": [-5, 0, 5]},
			"faces": {
				"north": {"uv": [4, 10, 8, 15], "texture": "#0"},
				"east": {"uv": [0, 0, 0, 5], "texture": "#0"},
				"south": {"uv": [4, 10, 8, 15], "texture": "#0"},
				"west": {"uv": [0, 0, 0, 5], "texture": "#0"},
				"up": {"uv": [4, 0, 0, 0], "texture": "#0"},
				"down": {"uv": [4, 0, 0, 0], "texture": "#0"}
			}
		},
		{
			"from": [-4, 0, 2],
			"to": [-4, 5, 6],
			"rotation": {"angle": 0, "axis": "y", "origin": [-5, 0, 5]},
			"faces": {
				"north": {"uv": [0, 0, 0, 5], "texture": "#0"},
				"east": {"uv": [4, 10, 8, 15], "texture": "#0"},
				"south": {"uv": [0, 0, 0, 5], "texture": "#0"},
				"west": {"uv": [4, 10, 8, 15], "texture": "#0"},
				"up": {"uv": [4, 0, 0, 0], "rotation": 270, "texture": "#0"},
				"down": {"uv": [4, 0, 0, 0], "rotation": 90, "texture": "#0"}
			}
		},
		{
			"from": [-6, 0, 12],
			"to": [-2, 5, 12],
			"rotation": {"angle": 0, "axis": "x", "origin": [-5, 0, 13]},
			"faces": {
				"north": {"uv": [4, 10, 8, 15], "texture": "#0"},
				"east": {"uv": [0, 0, 0, 5], "texture": "#0"},
				"south": {"uv": [4, 10, 8, 15], "texture": "#0"},
				"west": {"uv": [0, 0, 0, 5], "texture": "#0"},
				"up": {"uv": [4, 0, 0, 0], "texture": "#0"},
				"down": {"uv": [4, 0, 0, 0], "texture": "#0"}
			}
		},
		{
			"from": [-4, 0, 10],
			"to": [-4, 5, 14],
			"rotation": {"angle": 0, "axis": "y", "origin": [-5, 0, 13]},
			"faces": {
				"north": {"uv": [0, 0, 0, 5], "texture": "#0"},
				"east": {"uv": [4, 10, 8, 15], "texture": "#0"},
				"south": {"uv": [0, 0, 0, 5], "texture": "#0"},
				"west": {"uv": [4, 10, 8, 15], "texture": "#0"},
				"up": {"uv": [4, 0, 0, 0], "rotation": 270, "texture": "#0"},
				"down": {"uv": [4, 0, 0, 0], "rotation": 90, "texture": "#0"}
			}
		},
		{
			"from": [-6, 0, 20],
			"to": [-2, 5, 20],
			"rotation": {"angle": 0, "axis": "x", "origin": [-5, 0, 21]},
			"faces": {
				"north": {"uv": [4, 10, 8, 15], "texture": "#0"},
				"east": {"uv": [0, 0, 0, 5], "texture": "#0"},
				"south": {"uv": [4, 10, 8, 15], "texture": "#0"},
				"west": {"uv": [0, 0, 0, 5], "texture": "#0"},
				"up": {"uv": [4, 0, 0, 0], "texture": "#0"},
				"down": {"uv": [4, 0, 0, 0], "texture": "#0"}
			}
		},
		{
			"from": [-4, 0, 18],
			"to": [-4, 5, 22],
			"rotation": {"angle": 0, "axis": "y", "origin": [-5, 0, 21]},
			"faces": {
				"north": {"uv": [0, 0, 0, 5], "texture": "#0"},
				"east": {"uv": [4, 10, 8, 15], "texture": "#0"},
				"south": {"uv": [0, 0, 0, 5], "texture": "#0"},
				"west": {"uv": [4, 10, 8, 15], "texture": "#0"},
				"up": {"uv": [4, 0, 0, 0], "rotation": 270, "texture": "#0"},
				"down": {"uv": [4, 0, 0, 0], "rotation": 90, "texture": "#0"}
			}
		},
		{
			"from": [2, 0, -4],
			"to": [6, 5, -4],
			"rotation": {"angle": 0, "axis": "x", "origin": [3, 0, -3]},
			"faces": {
				"north": {"uv": [4, 10, 8, 15], "texture": "#0"},
				"east": {"uv": [0, 0, 0, 5], "texture": "#0"},
				"south": {"uv": [4, 10, 8, 15], "texture": "#0"},
				"west": {"uv": [0, 0, 0, 5], "texture": "#0"},
				"up": {"uv": [4, 0, 0, 0], "texture": "#0"},
				"down": {"uv": [4, 0, 0, 0], "texture": "#0"}
			}
		},
		{
			"from": [4, 0, -6],
			"to": [4, 5, -2],
			"rotation": {"angle": 0, "axis": "y", "origin": [3, 0, -3]},
			"faces": {
				"north": {"uv": [0, 0, 0, 5], "texture": "#0"},
				"east": {"uv": [4, 10, 8, 15], "texture": "#0"},
				"south": {"uv": [0, 0, 0, 5], "texture": "#0"},
				"west": {"uv": [4, 10, 8, 15], "texture": "#0"},
				"up": {"uv": [4, 0, 0, 0], "rotation": 270, "texture": "#0"},
				"down": {"uv": [4, 0, 0, 0], "rotation": 90, "texture": "#0"}
			}
		},
		{
			"from": [2, 0, 4],
			"to": [6, 5, 4],
			"rotation": {"angle": 0, "axis": "x", "origin": [3, 0, 5]},
			"faces": {
				"north": {"uv": [4, 10, 8, 15], "texture": "#0"},
				"east": {"uv": [0, 0, 0, 5], "texture": "#0"},
				"south": {"uv": [4, 10, 8, 15], "texture": "#0"},
				"west": {"uv": [0, 0, 0, 5], "texture": "#0"},
				"up": {"uv": [4, 0, 0, 0], "texture": "#0"},
				"down": {"uv": [4, 0, 0, 0], "texture": "#0"}
			}
		},
		{
			"from": [4, 0, 2],
			"to": [4, 5, 6],
			"rotation": {"angle": 0, "axis": "y", "origin": [3, 0, 5]},
			"faces": {
				"north": {"uv": [0, 0, 0, 5], "texture": "#0"},
				"east": {"uv": [4, 10, 8, 15], "texture": "#0"},
				"south": {"uv": [0, 0, 0, 5], "texture": "#0"},
				"west": {"uv": [4, 10, 8, 15], "texture": "#0"},
				"up": {"uv": [4, 0, 0, 0], "rotation": 270, "texture": "#0"},
				"down": {"uv": [4, 0, 0, 0], "rotation": 90, "texture": "#0"}
			}
		},
		{
			"from": [2, 0, 12],
			"to": [6, 5, 12],
			"rotation": {"angle": 0, "axis": "x", "origin": [3, 0, 13]},
			"faces": {
				"north": {"uv": [4, 10, 8, 15], "texture": "#0"},
				"east": {"uv": [0, 0, 0, 5], "texture": "#0"},
				"south": {"uv": [4, 10, 8, 15], "texture": "#0"},
				"west": {"uv": [0, 0, 0, 5], "texture": "#0"},
				"up": {"uv": [4, 0, 0, 0], "texture": "#0"},
				"down": {"uv": [4, 0, 0, 0], "texture": "#0"}
			}
		},
		{
			"from": [4, 0, 10],
			"to": [4, 5, 14],
			"rotation": {"angle": 0, "axis": "y", "origin": [3, 0, 13]},
			"faces": {
				"north": {"uv": [0, 0, 0, 5], "texture": "#0"},
				"east": {"uv": [4, 10, 8, 15], "texture": "#0"},
				"south": {"uv": [0, 0, 0, 5], "texture": "#0"},
				"west": {"uv": [4, 10, 8, 15], "texture": "#0"},
				"up": {"uv": [4, 0, 0, 0], "rotation": 270, "texture": "#0"},
				"down": {"uv": [4, 0, 0, 0], "rotation": 90, "texture": "#0"}
			}
		},
		{
			"from": [2, 0, 20],
			"to": [6, 5, 20],
			"rotation": {"angle": 0, "axis": "x", "origin": [3, 0, 21]},
			"faces": {
				"north": {"uv": [4, 10, 8, 15], "texture": "#0"},
				"east": {"uv": [0, 0, 0, 5], "texture": "#0"},
				"south": {"uv": [4, 10, 8, 15], "texture": "#0"},
				"west": {"uv": [0, 0, 0, 5], "texture": "#0"},
				"up": {"uv": [4, 0, 0, 0], "texture": "#0"},
				"down": {"uv": [4, 0, 0, 0], "texture": "#0"}
			}
		},
		{
			"from": [4, 0, 18],
			"to": [4, 5, 22],
			"rotation": {"angle": 0, "axis": "y", "origin": [3, 0, 21]},
			"faces": {
				"north": {"uv": [0, 0, 0, 5], "texture": "#0"},
				"east": {"uv": [4, 10, 8, 15], "texture": "#0"},
				"south": {"uv": [0, 0, 0, 5], "texture": "#0"},
				"west": {"uv": [4, 10, 8, 15], "texture": "#0"},
				"up": {"uv": [4, 0, 0, 0], "rotation": 270, "texture": "#0"},
				"down": {"uv": [4, 0, 0, 0], "rotation": 90, "texture": "#0"}
			}
		},
		{
			"from": [10, 0, -4],
			"to": [14, 5, -4],
			"rotation": {"angle": 0, "axis": "x", "origin": [11, 0, -3]},
			"faces": {
				"north": {"uv": [4, 10, 8, 15], "texture": "#0"},
				"east": {"uv": [0, 0, 0, 5], "texture": "#0"},
				"south": {"uv": [4, 10, 8, 15], "texture": "#0"},
				"west": {"uv": [0, 0, 0, 5], "texture": "#0"},
				"up": {"uv": [4, 0, 0, 0], "texture": "#0"},
				"down": {"uv": [4, 0, 0, 0], "texture": "#0"}
			}
		},
		{
			"from": [12, 0, -6],
			"to": [12, 5, -2],
			"rotation": {"angle": 0, "axis": "y", "origin": [11, 0, -3]},
			"faces": {
				"north": {"uv": [0, 0, 0, 5], "texture": "#0"},
				"east": {"uv": [4, 10, 8, 15], "texture": "#0"},
				"south": {"uv": [0, 0, 0, 5], "texture": "#0"},
				"west": {"uv": [4, 10, 8, 15], "texture": "#0"},
				"up": {"uv": [4, 0, 0, 0], "rotation": 270, "texture": "#0"},
				"down": {"uv": [4, 0, 0, 0], "rotation": 90, "texture": "#0"}
			}
		},
		{
			"from": [10, 0, 4],
			"to": [14, 5, 4],
			"rotation": {"angle": 0, "axis": "x", "origin": [11, 0, 5]},
			"faces": {
				"north": {"uv": [4, 10, 8, 15], "texture": "#0"},
				"east": {"uv": [0, 0, 0, 5], "texture": "#0"},
				"south": {"uv": [4, 10, 8, 15], "texture": "#0"},
				"west": {"uv": [0, 0, 0, 5], "texture": "#0"},
				"up": {"uv": [4, 0, 0, 0], "texture": "#0"},
				"down": {"uv": [4, 0, 0, 0], "texture": "#0"}
			}
		},
		{
			"from": [12, 0, 2],
			"to": [12, 5, 6],
			"rotation": {"angle": 0, "axis": "y", "origin": [11, 0, 5]},
			"faces": {
				"north": {"uv": [0, 0, 0, 5], "texture": "#0"},
				"east": {"uv": [4, 10, 8, 15], "texture": "#0"},
				"south": {"uv": [0, 0, 0, 5], "texture": "#0"},
				"west": {"uv": [4, 10, 8, 15], "texture": "#0"},
				"up": {"uv": [4, 0, 0, 0], "rotation": 270, "texture": "#0"},
				"down": {"uv": [4, 0, 0, 0], "rotation": 90, "texture": "#0"}
			}
		},
		{
			"from": [10, 0, 12],
			"to": [14, 5, 12],
			"rotation": {"angle": 0, "axis": "x", "origin": [11, 0, 13]},
			"faces": {
				"north": {"uv": [4, 10, 8, 15], "texture": "#0"},
				"east": {"uv": [0, 0, 0, 5], "texture": "#0"},
				"south": {"uv": [4, 10, 8, 15], "texture": "#0"},
				"west": {"uv": [0, 0, 0, 5], "texture": "#0"},
				"up": {"uv": [4, 0, 0, 0], "texture": "#0"},
				"down": {"uv": [4, 0, 0, 0], "texture": "#0"}
			}
		},
		{
			"from": [12, 0, 10],
			"to": [12, 5, 14],
			"rotation": {"angle": 0, "axis": "y", "origin": [11, 0, 13]},
			"faces": {
				"north": {"uv": [0, 0, 0, 5], "texture": "#0"},
				"east": {"uv": [4, 10, 8, 15], "texture": "#0"},
				"south": {"uv": [0, 0, 0, 5], "texture": "#0"},
				"west": {"uv": [4, 10, 8, 15], "texture": "#0"},
				"up": {"uv": [4, 0, 0, 0], "rotation": 270, "texture": "#0"},
				"down": {"uv": [4, 0, 0, 0], "rotation": 90, "texture": "#0"}
			}
		},
		{
			"from": [10, 0, 20],
			"to": [14, 5, 20],
			"rotation": {"angle": 0, "axis": "x", "origin": [11, 0, 21]},
			"faces": {
				"north": {"uv": [4, 10, 8, 15], "texture": "#0"},
				"east": {"uv": [0, 0, 0, 5], "texture": "#0"},
				"south": {"uv": [4, 10, 8, 15], "texture": "#0"},
				"west": {"uv": [0, 0, 0, 5], "texture": "#0"},
				"up": {"uv": [4, 0, 0, 0], "texture": "#0"},
				"down": {"uv": [4, 0, 0, 0], "texture": "#0"}
			}
		},
		{
			"from": [12, 0, 18],
			"to": [12, 5, 22],
			"rotation": {"angle": 0, "axis": "y", "origin": [11, 0, 21]},
			"faces": {
				"north": {"uv": [0, 0, 0, 5], "texture": "#0"},
				"east": {"uv": [4, 10, 8, 15], "texture": "#0"},
				"south": {"uv": [0, 0, 0, 5], "texture": "#0"},
				"west": {"uv": [4, 10, 8, 15], "texture": "#0"},
				"up": {"uv": [4, 0, 0, 0], "rotation": 270, "texture": "#0"},
				"down": {"uv": [4, 0, 0, 0], "rotation": 90, "texture": "#0"}
			}
		},
		{
			"from": [18, 0, -4],
			"to": [22, 5, -4],
			"rotation": {"angle": 0, "axis": "x", "origin": [19, 0, -3]},
			"faces": {
				"north": {"uv": [4, 10, 8, 15], "texture": "#0"},
				"east": {"uv": [0, 0, 0, 5], "texture": "#0"},
				"south": {"uv": [4, 10, 8, 15], "texture": "#0"},
				"west": {"uv": [0, 0, 0, 5], "texture": "#0"},
				"up": {"uv": [4, 0, 0, 0], "texture": "#0"},
				"down": {"uv": [4, 0, 0, 0], "texture": "#0"}
			}
		},
		{
			"from": [20, 0, -6],
			"to": [20, 5, -2],
			"rotation": {"angle": 0, "axis": "y", "origin": [19, 0, -3]},
			"faces": {
				"north": {"uv": [0, 0, 0, 5], "texture": "#0"},
				"east": {"uv": [4, 10, 8, 15], "texture": "#0"},
				"south": {"uv": [0, 0, 0, 5], "texture": "#0"},
				"west": {"uv": [4, 10, 8, 15], "texture": "#0"},
				"up": {"uv": [4, 0, 0, 0], "rotation": 270, "texture": "#0"},
				"down": {"uv": [4, 0, 0, 0], "rotation": 90, "texture": "#0"}
			}
		},
		{
			"from": [18, 0, 4],
			"to": [22, 5, 4],
			"rotation": {"angle": 0, "axis": "x", "origin": [19, 0, 5]},
			"faces": {
				"north": {"uv": [4, 10, 8, 15], "texture": "#0"},
				"east": {"uv": [0, 0, 0, 5], "texture": "#0"},
				"south": {"uv": [4, 10, 8, 15], "texture": "#0"},
				"west": {"uv": [0, 0, 0, 5], "texture": "#0"},
				"up": {"uv": [4, 0, 0, 0], "texture": "#0"},
				"down": {"uv": [4, 0, 0, 0], "texture": "#0"}
			}
		},
		{
			"from": [20, 0, 2],
			"to": [20, 5, 6],
			"rotation": {"angle": 0, "axis": "y", "origin": [19, 0, 5]},
			"faces": {
				"north": {"uv": [0, 0, 0, 5], "texture": "#0"},
				"east": {"uv": [4, 10, 8, 15], "texture": "#0"},
				"south": {"uv": [0, 0, 0, 5], "texture": "#0"},
				"west": {"uv": [4, 10, 8, 15], "texture": "#0"},
				"up": {"uv": [4, 0, 0, 0], "rotation": 270, "texture": "#0"},
				"down": {"uv": [4, 0, 0, 0], "rotation": 90, "texture": "#0"}
			}
		},
		{
			"from": [18, 0, 12],
			"to": [22, 5, 12],
			"rotation": {"angle": 0, "axis": "x", "origin": [19, 0, 13]},
			"faces": {
				"north": {"uv": [4, 10, 8, 15], "texture": "#0"},
				"east": {"uv": [0, 0, 0, 5], "texture": "#0"},
				"south": {"uv": [4, 10, 8, 15], "texture": "#0"},
				"west": {"uv": [0, 0, 0, 5], "texture": "#0"},
				"up": {"uv": [4, 0, 0, 0], "texture": "#0"},
				"down": {"uv": [4, 0, 0, 0], "texture": "#0"}
			}
		},
		{
			"from": [20, 0, 10],
			"to": [20, 5, 14],
			"rotation": {"angle": 0, "axis": "y", "origin": [19, 0, 13]},
			"faces": {
				"north": {"uv": [0, 0, 0, 5], "texture": "#0"},
				"east": {"uv": [4, 10, 8, 15], "texture": "#0"},
				"south": {"uv": [0, 0, 0, 5], "texture": "#0"},
				"west": {"uv": [4, 10, 8, 15], "texture": "#0"},
				"up": {"uv": [4, 0, 0, 0], "rotation": 270, "texture": "#0"},
				"down": {"uv": [4, 0, 0, 0], "rotation": 90, "texture": "#0"}
			}
		},
		{
			"from": [18, 0, 20],
			"to": [22, 5, 20],
			"rotation": {"angle": 0, "axis": "x", "origin": [19, 0, 21]},
			"faces": {
				"north": {"uv": [4, 10, 8, 15], "texture": "#0"},
				"east": {"uv": [0, 0, 0, 5], "texture": "#0"},
				"south": {"uv": [4, 10, 8, 15], "texture": "#0"},
				"west": {"uv": [0, 0, 0, 5], "texture": "#0"},
				"up": {"uv": [4, 0, 0, 0], "texture": "#0"},
				"down": {"uv": [4, 0, 0, 0], "texture": "#0"}
			}
		},
		{
			"from": [20, 0, 18],
			"to": [20, 5, 22],
			"rotation": {"angle": 0, "axis": "y", "origin": [19, 0, 21]},
			"faces": {
				"north": {"uv": [0, 0, 0, 5], "texture": "#0"},
				"east": {"uv": [4, 10, 8, 15], "texture": "#0"},
				"south": {"uv": [0, 0, 0, 5], "texture": "#0"},
				"west": {"uv": [4, 10, 8, 15], "texture": "#0"},
				"up": {"uv": [4, 0, 0, 0], "rotation": 270, "texture": "#0"},
				"down": {"uv": [4, 0, 0, 0], "rotation": 90, "texture": "#0"}
			}
		}
	],
	"display": {
		"fixed": {
			"rotation": [-90, 0, 0],
			"translation": [0, 0, -8]
		}
	},
	"groups": [
		{
			"name": "wheat",
			"origin": [-6, 0, -4],
			"color": 0,
			"children": [0, 1, 2, 3, 4, 5, 6, 7]
		},
		{
			"name": "wheat",
			"origin": [-6, 0, -4],
			"color": 0,
			"children": [8, 9, 10, 11, 12, 13, 14, 15]
		},
		{
			"name": "wheat",
			"origin": [-6, 0, -4],
			"color": 0,
			"children": [16, 17, 18, 19, 20, 21, 22, 23]
		},
		{
			"name": "wheat",
			"origin": [-6, 0, -4],
			"color": 0,
			"children": [24, 25, 26, 27, 28, 29, 30, 31]
		}
	]
}