{
	"credit": "Made with Blockbench",
	"texture_size": [64, 64],
	"textures": {
		"0": "item/custom/wheat_stage4",
		"particle": "item/custom/wheat_stage4"
	},
	"elements": [
		{
			"from": [-2.64928, 0, -2.19252],
			"to": [-2.44928, 15, -1.99252],
			"rotation": {"angle": 0, "axis": "y", "origin": [-2.64928, 0, -2.19252]},
			"faces": {
				"north": {"uv": [3.75, 3.25, 3.8125, 8.75], "texture": "#0"},
				"east": {"uv": [4, 3.25, 4.0625, 8.75], "texture": "#0"},
				"south": {"uv": [4.25, 3.25, 4.3125, 8.75], "texture": "#0"},
				"west": {"uv": [4.5, 0, 4.5625, 5.5], "texture": "#0"},
				"up": {"uv": [4.8125, 5.0625, 4.75, 5], "texture": "#0"},
				"down": {"uv": [5.0625, 4.75, 5, 4.8125], "texture": "#0"}
			}
		},
		{
			"from": [-8.44928, 2, -2.29252],
			"to": [-2.44928, 7, -1.89252],
			"rotation": {"angle": 22.5, "axis": "y", "origin": [-2.54928, 4, -2.19252]},
			"faces": {
				"north": {"uv": [1.5, 2.5, 0, 3.75], "texture": "#0"},
				"east": {"uv": [4.75, 2.5, 4.875, 3.75], "texture": "#0"},
				"south": {"uv": [0, 2.5, 1.5, 3.75], "texture": "#0"},
				"west": {"uv": [4.75, 3.75, 4.875, 5], "texture": "#0"},
				"up": {"uv": [6.25, 0.125, 4.75, 0], "texture": "#0"},
				"down": {"uv": [6.25, 0.25, 4.75, 0.375], "texture": "#0"}
			}
		},
		{
			"from": [-2.84928, 6.6, -2.29252],
			"to": [-2.44928, 11.6, 3.70748],
			"rotation": {"angle": 0, "axis": "y", "origin": [-2.54928, 12, -2.19252]},
			"faces": {
				"north": {"uv": [5, 1, 5.125, 2.25], "texture": "#0"},
				"east": {"uv": [0, 2.5, 1.5, 3.75], "texture": "#0"},
				"south": {"uv": [5, 2.25, 5.125, 3.5], "texture": "#0"},
				"west": {"uv": [1.5, 2.5, 0, 3.75], "texture": "#0"},
				"up": {"uv": [2.375, 6, 2.25, 4.5], "texture": "#0"},
				"down": {"uv": [2.625, 4.5, 2.5, 6], "texture": "#0"}
			}
		},
		{
			"from": [-2.84928, 10.6, -2.29252],
			"to": [3.15072, 15.6, -1.89252],
			"rotation": {"angle": 22.5, "axis": "y", "origin": [-2.54928, 12, -2.19252]},
			"faces": {
				"north": {"uv": [0, 2.5, 1.5, 3.75], "texture": "#0"},
				"east": {"uv": [3, 5, 3.125, 6.25], "texture": "#0"},
				"south": {"uv": [1.5, 2.5, 0, 3.75], "texture": "#0"},
				"west": {"uv": [3.25, 5, 3.375, 6.25], "texture": "#0"},
				"up": {"uv": [6.25, 0.625, 4.75, 0.5], "texture": "#0"},
				"down": {"uv": [6.25, 0.75, 4.75, 0.875], "texture": "#0"}
			}
		},
		{
			"from": [-2.74928, 4, -7.89252],
			"to": [-2.34928, 9, -1.89252],
			"rotation": {"angle": 0, "axis": "y", "origin": [-2.54928, 7, -2.19252]},
			"faces": {
				"north": {"uv": [3.5, 5, 3.625, 6.25], "texture": "#0"},
				"east": {"uv": [1.5, 2.5, 0, 3.75], "texture": "#0"},
				"south": {"uv": [5, 3.5, 5.125, 4.75], "texture": "#0"},
				"west": {"uv": [0, 2.5, 1.5, 3.75], "texture": "#0"},
				"up": {"uv": [2.875, 6, 2.75, 4.5], "texture": "#0"},
				"down": {"uv": [4.875, 1, 4.75, 2.5], "texture": "#0"}
			}
		},
		{
			"from": [-2.54928, 14.9, -3.69252],
			"to": [-2.54928, 24.9, -0.69252],
			"rotation": {"angle": 22.5, "axis": "x", "origin": [-2.64928, 15, -2.19252]},
			"faces": {
				"north": {"uv": [3, 2.5, 3.75, 5], "texture": "#0"},
				"east": {"uv": [2.25, 3.75, 1.5, 6.25], "texture": "#0"},
				"south": {"uv": [0.75, 3.75, 1.5, 6.25], "texture": "#0"},
				"west": {"uv": [1.5, 3.75, 2.25, 6.25], "texture": "#0"},
				"up": {"uv": [3, 4.5, 2.25, 3.75], "texture": "#0"},
				"down": {"uv": [4.5, 2.5, 3.75, 3.25], "texture": "#0"}
			}
		},
		{
			"from": [-4.14928, 14.9, -2.09252],
			"to": [-1.14928, 24.9, -2.09252],
			"rotation": {"angle": 22.5, "axis": "x", "origin": [-2.64928, 15, -2.19252]},
			"faces": {
				"north": {"uv": [2.25, 3.75, 1.5, 6.25], "texture": "#0"},
				"east": {"uv": [0.75, 3.75, 1.5, 6.25], "texture": "#0"},
				"south": {"uv": [1.5, 3.75, 2.25, 6.25], "texture": "#0"},
				"west": {"uv": [3, 2.5, 3.75, 5], "texture": "#0"},
				"up": {"uv": [3, 4.5, 2.25, 3.75], "rotation": 270, "texture": "#0"},
				"down": {"uv": [4.5, 2.5, 3.75, 3.25], "rotation": 90, "texture": "#0"}
			}
		},
		{
			"from": [-2.64928, 0, 4.80748],
			"to": [-2.44928, 15, 5.00748],
			"rotation": {"angle": 0, "axis": "y", "origin": [-2.64928, 0, 4.80748]},
			"faces": {
				"north": {"uv": [3.75, 3.25, 3.8125, 8.75], "texture": "#0"},
				"east": {"uv": [4, 3.25, 4.0625, 8.75], "texture": "#0"},
				"south": {"uv": [4.25, 3.25, 4.3125, 8.75], "texture": "#0"},
				"west": {"uv": [4.5, 0, 4.5625, 5.5], "texture": "#0"},
				"up": {"uv": [4.8125, 5.0625, 4.75, 5], "texture": "#0"},
				"down": {"uv": [5.0625, 4.75, 5, 4.8125], "texture": "#0"}
			}
		},
		{
			"from": [-8.44928, 2, 4.70748],
			"to": [-2.44928, 7, 5.10748],
			"rotation": {"angle": 22.5, "axis": "y", "origin": [-2.54928, 4, 4.80748]},
			"faces": {
				"north": {"uv": [1.5, 2.5, 0, 3.75], "texture": "#0"},
				"east": {"uv": [4.75, 2.5, 4.875, 3.75], "texture": "#0"},
				"south": {"uv": [0, 2.5, 1.5, 3.75], "texture": "#0"},
				"west": {"uv": [4.75, 3.75, 4.875, 5], "texture": "#0"},
				"up": {"uv": [6.25, 0.125, 4.75, 0], "texture": "#0"},
				"down": {"uv": [6.25, 0.25, 4.75, 0.375], "texture": "#0"}
			}
		},
		{
			"from": [-2.84928, 6.6, 4.70748],
			"to": [-2.44928, 11.6, 10.70748],
			"rotation": {"angle": 0, "axis": "y", "origin": [-2.54928, 12, 4.80748]},
			"faces": {
				"north": {"uv": [5, 1, 5.125, 2.25], "texture": "#0"},
				"east": {"uv": [0, 2.5, 1.5, 3.75], "texture": "#0"},
				"south": {"uv": [5, 2.25, 5.125, 3.5], "texture": "#0"},
				"west": {"uv": [1.5, 2.5, 0, 3.75], "texture": "#0"},
				"up": {"uv": [2.375, 6, 2.25, 4.5], "texture": "#0"},
				"down": {"uv": [2.625, 4.5, 2.5, 6], "texture": "#0"}
			}
		},
		{
			"from": [-2.84928, 10.6, 4.70748],
			"to": [3.15072, 15.6, 5.10748],
			"rotation": {"angle": 22.5, "axis": "y", "origin": [-2.54928, 12, 4.80748]},
			"faces": {
				"north": {"uv": [0, 2.5, 1.5, 3.75], "texture": "#0"},
				"east": {"uv": [3, 5, 3.125, 6.25], "texture": "#0"},
				"south": {"uv": [1.5, 2.5, 0, 3.75], "texture": "#0"},
				"west": {"uv": [3.25, 5, 3.375, 6.25], "texture": "#0"},
				"up": {"uv": [6.25, 0.625, 4.75, 0.5], "texture": "#0"},
				"down": {"uv": [6.25, 0.75, 4.75, 0.875], "texture": "#0"}
			}
		},
		{
			"from": [-2.74928, 4, -0.89252],
			"to": [-2.34928, 9, 5.10748],
			"rotation": {"angle": 0, "axis": "y", "origin": [-2.54928, 7, 4.80748]},
			"faces": {
				"north": {"uv": [3.5, 5, 3.625, 6.25], "texture": "#0"},
				"east": {"uv": [1.5, 2.5, 0, 3.75], "texture": "#0"},
				"south": {"uv": [5, 3.5, 5.125, 4.75], "texture": "#0"},
				"west": {"uv": [0, 2.5, 1.5, 3.75], "texture": "#0"},
				"up": {"uv": [2.875, 6, 2.75, 4.5], "texture": "#0"},
				"down": {"uv": [4.875, 1, 4.75, 2.5], "texture": "#0"}
			}
		},
		{
			"from": [-2.54928, 14.9, 3.30748],
			"to": [-2.54928, 24.9, 6.30748],
			"rotation": {"angle": 22.5, "axis": "z", "origin": [-2.64928, 15, 4.80748]},
			"faces": {
				"north": {"uv": [3, 2.5, 3.75, 5], "texture": "#0"},
				"east": {"uv": [2.25, 3.75, 1.5, 6.25], "texture": "#0"},
				"south": {"uv": [0.75, 3.75, 1.5, 6.25], "texture": "#0"},
				"west": {"uv": [1.5, 3.75, 2.25, 6.25], "texture": "#0"},
				"up": {"uv": [3, 4.5, 2.25, 3.75], "texture": "#0"},
				"down": {"uv": [4.5, 2.5, 3.75, 3.25], "texture": "#0"}
			}
		},
		{
			"from": [-4.14928, 14.9, 4.90748],
			"to": [-1.14928, 24.9, 4.90748],
			"rotation": {"angle": 22.5, "axis": "z", "origin": [-2.64928, 15, 4.80748]},
			"faces": {
				"north": {"uv": [2.25, 3.75, 1.5, 6.25], "texture": "#0"},
				"east": {"uv": [0.75, 3.75, 1.5, 6.25], "texture": "#0"},
				"south": {"uv": [1.5, 3.75, 2.25, 6.25], "texture": "#0"},
				"west": {"uv": [3, 2.5, 3.75, 5], "texture": "#0"},
				"up": {"uv": [3, 4.5, 2.25, 3.75], "rotation": 270, "texture": "#0"},
				"down": {"uv": [4.5, 2.5, 3.75, 3.25], "rotation": 90, "texture": "#0"}
			}
		},
		{
			"from": [-2.64928, 0, 11.80748],
			"to": [-2.44928, 15, 12.00748],
			"rotation": {"angle": 0, "axis": "y", "origin": [-2.64928, 0, 11.80748]},
			"faces": {
				"north": {"uv": [3.75, 3.25, 3.8125, 8.75], "texture": "#0"},
				"east": {"uv": [4, 3.25, 4.0625, 8.75], "texture": "#0"},
				"south": {"uv": [4.25, 3.25, 4.3125, 8.75], "texture": "#0"},
				"west": {"uv": [4.5, 0, 4.5625, 5.5], "texture": "#0"},
				"up": {"uv": [4.8125, 5.0625, 4.75, 5], "texture": "#0"},
				"down": {"uv": [5.0625, 4.75, 5, 4.8125], "texture": "#0"}
			}
		},
		{
			"from": [-8.44928, 2, 11.70748],
			"to": [-2.44928, 7, 12.10748],
			"rotation": {"angle": 22.5, "axis": "y", "origin": [-2.54928, 4, 11.80748]},
			"faces": {
				"north": {"uv": [1.5, 2.5, 0, 3.75], "texture": "#0"},
				"east": {"uv": [4.75, 2.5, 4.875, 3.75], "texture": "#0"},
				"south": {"uv": [0, 2.5, 1.5, 3.75], "texture": "#0"},
				"west": {"uv": [4.75, 3.75, 4.875, 5], "texture": "#0"},
				"up": {"uv": [6.25, 0.125, 4.75, 0], "texture": "#0"},
				"down": {"uv": [6.25, 0.25, 4.75, 0.375], "texture": "#0"}
			}
		},
		{
			"from": [-2.84928, 6.6, 11.70748],
			"to": [-2.44928, 11.6, 17.70748],
			"rotation": {"angle": 0, "axis": "y", "origin": [-2.54928, 12, 11.80748]},
			"faces": {
				"north": {"uv": [5, 1, 5.125, 2.25], "texture": "#0"},
				"east": {"uv": [0, 2.5, 1.5, 3.75], "texture": "#0"},
				"south": {"uv": [5, 2.25, 5.125, 3.5], "texture": "#0"},
				"west": {"uv": [1.5, 2.5, 0, 3.75], "texture": "#0"},
				"up": {"uv": [2.375, 6, 2.25, 4.5], "texture": "#0"},
				"down": {"uv": [2.625, 4.5, 2.5, 6], "texture": "#0"}
			}
		},
		{
			"from": [-2.84928, 10.6, 11.70748],
			"to": [3.15072, 15.6, 12.10748],
			"rotation": {"angle": 22.5, "axis": "y", "origin": [-2.54928, 12, 11.80748]},
			"faces": {
				"north": {"uv": [0, 2.5, 1.5, 3.75], "texture": "#0"},
				"east": {"uv": [3, 5, 3.125, 6.25], "texture": "#0"},
				"south": {"uv": [1.5, 2.5, 0, 3.75], "texture": "#0"},
				"west": {"uv": [3.25, 5, 3.375, 6.25], "texture": "#0"},
				"up": {"uv": [6.25, 0.625, 4.75, 0.5], "texture": "#0"},
				"down": {"uv": [6.25, 0.75, 4.75, 0.875], "texture": "#0"}
			}
		},
		{
			"from": [-2.74928, 4, 6.10748],
			"to": [-2.34928, 9, 12.10748],
			"rotation": {"angle": 0, "axis": "y", "origin": [-2.54928, 7, 11.80748]},
			"faces": {
				"north": {"uv": [3.5, 5, 3.625, 6.25], "texture": "#0"},
				"east": {"uv": [1.5, 2.5, 0, 3.75], "texture": "#0"},
				"south": {"uv": [5, 3.5, 5.125, 4.75], "texture": "#0"},
				"west": {"uv": [0, 2.5, 1.5, 3.75], "texture": "#0"},
				"up": {"uv": [2.875, 6, 2.75, 4.5], "texture": "#0"},
				"down": {"uv": [4.875, 1, 4.75, 2.5], "texture": "#0"}
			}
		},
		{
			"from": [-2.54928, 14.9, 10.30748],
			"to": [-2.54928, 24.9, 13.30748],
			"rotation": {"angle": 22.5, "axis": "x", "origin": [-2.64928, 15, 11.80748]},
			"faces": {
				"north": {"uv": [3, 2.5, 3.75, 5], "texture": "#0"},
				"east": {"uv": [2.25, 3.75, 1.5, 6.25], "texture": "#0"},
				"south": {"uv": [0.75, 3.75, 1.5, 6.25], "texture": "#0"},
				"west": {"uv": [1.5, 3.75, 2.25, 6.25], "texture": "#0"},
				"up": {"uv": [3, 4.5, 2.25, 3.75], "texture": "#0"},
				"down": {"uv": [4.5, 2.5, 3.75, 3.25], "texture": "#0"}
			}
		},
		{
			"from": [-4.14928, 14.9, 11.90748],
			"to": [-1.14928, 24.9, 11.90748],
			"rotation": {"angle": 22.5, "axis": "x", "origin": [-2.64928, 15, 11.80748]},
			"faces": {
				"north": {"uv": [2.25, 3.75, 1.5, 6.25], "texture": "#0"},
				"east": {"uv": [0.75, 3.75, 1.5, 6.25], "texture": "#0"},
				"south": {"uv": [1.5, 3.75, 2.25, 6.25], "texture": "#0"},
				"west": {"uv": [3, 2.5, 3.75, 5], "texture": "#0"},
				"up": {"uv": [3, 4.5, 2.25, 3.75], "rotation": 270, "texture": "#0"},
				"down": {"uv": [4.5, 2.5, 3.75, 3.25], "rotation": 90, "texture": "#0"}
			}
		},
		{
			"from": [-2.64928, 0, 18.80748],
			"to": [-2.44928, 15, 19.00748],
			"rotation": {"angle": 0, "axis": "y", "origin": [-2.64928, 0, 18.80748]},
			"faces": {
				"north": {"uv": [3.75, 3.25, 3.8125, 8.75], "texture": "#0"},
				"east": {"uv": [4, 3.25, 4.0625, 8.75], "texture": "#0"},
				"south": {"uv": [4.25, 3.25, 4.3125, 8.75], "texture": "#0"},
				"west": {"uv": [4.5, 0, 4.5625, 5.5], "texture": "#0"},
				"up": {"uv": [4.8125, 5.0625, 4.75, 5], "texture": "#0"},
				"down": {"uv": [5.0625, 4.75, 5, 4.8125], "texture": "#0"}
			}
		},
		{
			"from": [-8.44928, 2, 18.70748],
			"to": [-2.44928, 7, 19.10748],
			"rotation": {"angle": 22.5, "axis": "y", "origin": [-2.54928, 4, 18.80748]},
			"faces": {
				"north": {"uv": [1.5, 2.5, 0, 3.75], "texture": "#0"},
				"east": {"uv": [4.75, 2.5, 4.875, 3.75], "texture": "#0"},
				"south": {"uv": [0, 2.5, 1.5, 3.75], "texture": "#0"},
				"west": {"uv": [4.75, 3.75, 4.875, 5], "texture": "#0"},
				"up": {"uv": [6.25, 0.125, 4.75, 0], "texture": "#0"},
				"down": {"uv": [6.25, 0.25, 4.75, 0.375], "texture": "#0"}
			}
		},
		{
			"from": [-2.84928, 6.6, 18.70748],
			"to": [-2.44928, 11.6, 24.70748],
			"rotation": {"angle": 0, "axis": "y", "origin": [-2.54928, 12, 18.80748]},
			"faces": {
				"north": {"uv": [5, 1, 5.125, 2.25], "texture": "#0"},
				"east": {"uv": [0, 2.5, 1.5, 3.75], "texture": "#0"},
				"south": {"uv": [5, 2.25, 5.125, 3.5], "texture": "#0"},
				"west": {"uv": [1.5, 2.5, 0, 3.75], "texture": "#0"},
				"up": {"uv": [2.375, 6, 2.25, 4.5], "texture": "#0"},
				"down": {"uv": [2.625, 4.5, 2.5, 6], "texture": "#0"}
			}
		},
		{
			"from": [-2.84928, 10.6, 18.70748],
			"to": [3.15072, 15.6, 19.10748],
			"rotation": {"angle": 22.5, "axis": "y", "origin": [-2.54928, 12, 18.80748]},
			"faces": {
				"north": {"uv": [0, 2.5, 1.5, 3.75], "texture": "#0"},
				"east": {"uv": [3, 5, 3.125, 6.25], "texture": "#0"},
				"south": {"uv": [1.5, 2.5, 0, 3.75], "texture": "#0"},
				"west": {"uv": [3.25, 5, 3.375, 6.25], "texture": "#0"},
				"up": {"uv": [6.25, 0.625, 4.75, 0.5], "texture": "#0"},
				"down": {"uv": [6.25, 0.75, 4.75, 0.875], "texture": "#0"}
			}
		},
		{
			"from": [-2.74928, 4, 13.10748],
			"to": [-2.34928, 9, 19.10748],
			"rotation": {"angle": 0, "axis": "y", "origin": [-2.54928, 7, 18.80748]},
			"faces": {
				"north": {"uv": [3.5, 5, 3.625, 6.25], "texture": "#0"},
				"east": {"uv": [1.5, 2.5, 0, 3.75], "texture": "#0"},
				"south": {"uv": [5, 3.5, 5.125, 4.75], "texture": "#0"},
				"west": {"uv": [0, 2.5, 1.5, 3.75], "texture": "#0"},
				"up": {"uv": [2.875, 6, 2.75, 4.5], "texture": "#0"},
				"down": {"uv": [4.875, 1, 4.75, 2.5], "texture": "#0"}
			}
		},
		{
			"from": [-2.54928, 14.9, 17.30748],
			"to": [-2.54928, 24.9, 20.30748],
			"rotation": {"angle": 22.5, "axis": "z", "origin": [-2.64928, 15, 18.80748]},
			"faces": {
				"north": {"uv": [3, 2.5, 3.75, 5], "texture": "#0"},
				"east": {"uv": [2.25, 3.75, 1.5, 6.25], "texture": "#0"},
				"south": {"uv": [0.75, 3.75, 1.5, 6.25], "texture": "#0"},
				"west": {"uv": [1.5, 3.75, 2.25, 6.25], "texture": "#0"},
				"up": {"uv": [3, 4.5, 2.25, 3.75], "texture": "#0"},
				"down": {"uv": [4.5, 2.5, 3.75, 3.25], "texture": "#0"}
			}
		},
		{
			"from": [-4.14928, 14.9, 18.90748],
			"to": [-1.14928, 24.9, 18.90748],
			"rotation": {"angle": 22.5, "axis": "z", "origin": [-2.64928, 15, 18.80748]},
			"faces": {
				"north": {"uv": [2.25, 3.75, 1.5, 6.25], "texture": "#0"},
				"east": {"uv": [0.75, 3.75, 1.5, 6.25], "texture": "#0"},
				"south": {"uv": [1.5, 3.75, 2.25, 6.25], "texture": "#0"},
				"west": {"uv": [3, 2.5, 3.75, 5], "texture": "#0"},
				"up": {"uv": [3, 4.5, 2.25, 3.75], "rotation": 270, "texture": "#0"},
				"down": {"uv": [4.5, 2.5, 3.75, 3.25], "rotation": 90, "texture": "#0"}
			}
		},
		{
			"from": [4.35072, 0, -2.19252],
			"to": [4.55072, 15, -1.99252],
			"rotation": {"angle": 0, "axis": "y", "origin": [4.35072, 0, -2.19252]},
			"faces": {
				"north": {"uv": [3.75, 3.25, 3.8125, 8.75], "texture": "#0"},
				"east": {"uv": [4, 3.25, 4.0625, 8.75], "texture": "#0"},
				"south": {"uv": [4.25, 3.25, 4.3125, 8.75], "texture": "#0"},
				"west": {"uv": [4.5, 0, 4.5625, 5.5], "texture": "#0"},
				"up": {"uv": [4.8125, 5.0625, 4.75, 5], "texture": "#0"},
				"down": {"uv": [5.0625, 4.75, 5, 4.8125], "texture": "#0"}
			}
		},
		{
			"from": [-1.44928, 2, -2.29252],
			"to": [4.55072, 7, -1.89252],
			"rotation": {"angle": 22.5, "axis": "y", "origin": [4.45072, 4, -2.19252]},
			"faces": {
				"north": {"uv": [1.5, 2.5, 0, 3.75], "texture": "#0"},
				"east": {"uv": [4.75, 2.5, 4.875, 3.75], "texture": "#0"},
				"south": {"uv": [0, 2.5, 1.5, 3.75], "texture": "#0"},
				"west": {"uv": [4.75, 3.75, 4.875, 5], "texture": "#0"},
				"up": {"uv": [6.25, 0.125, 4.75, 0], "texture": "#0"},
				"down": {"uv": [6.25, 0.25, 4.75, 0.375], "texture": "#0"}
			}
		},
		{
			"from": [4.15072, 6.6, -2.29252],
			"to": [4.55072, 11.6, 3.70748],
			"rotation": {"angle": 0, "axis": "y", "origin": [4.45072, 12, -2.19252]},
			"faces": {
				"north": {"uv": [5, 1, 5.125, 2.25], "texture": "#0"},
				"east": {"uv": [0, 2.5, 1.5, 3.75], "texture": "#0"},
				"south": {"uv": [5, 2.25, 5.125, 3.5], "texture": "#0"},
				"west": {"uv": [1.5, 2.5, 0, 3.75], "texture": "#0"},
				"up": {"uv": [2.375, 6, 2.25, 4.5], "texture": "#0"},
				"down": {"uv": [2.625, 4.5, 2.5, 6], "texture": "#0"}
			}
		},
		{
			"from": [4.15072, 10.6, -2.29252],
			"to": [10.15072, 15.6, -1.89252],
			"rotation": {"angle": 22.5, "axis": "y", "origin": [4.45072, 12, -2.19252]},
			"faces": {
				"north": {"uv": [0, 2.5, 1.5, 3.75], "texture": "#0"},
				"east": {"uv": [3, 5, 3.125, 6.25], "texture": "#0"},
				"south": {"uv": [1.5, 2.5, 0, 3.75], "texture": "#0"},
				"west": {"uv": [3.25, 5, 3.375, 6.25], "texture": "#0"},
				"up": {"uv": [6.25, 0.625, 4.75, 0.5], "texture": "#0"},
				"down": {"uv": [6.25, 0.75, 4.75, 0.875], "texture": "#0"}
			}
		},
		{
			"from": [4.25072, 4, -7.89252],
			"to": [4.65072, 9, -1.89252],
			"rotation": {"angle": 0, "axis": "y", "origin": [4.45072, 7, -2.19252]},
			"faces": {
				"north": {"uv": [3.5, 5, 3.625, 6.25], "texture": "#0"},
				"east": {"uv": [1.5, 2.5, 0, 3.75], "texture": "#0"},
				"south": {"uv": [5, 3.5, 5.125, 4.75], "texture": "#0"},
				"west": {"uv": [0, 2.5, 1.5, 3.75], "texture": "#0"},
				"up": {"uv": [2.875, 6, 2.75, 4.5], "texture": "#0"},
				"down": {"uv": [4.875, 1, 4.75, 2.5], "texture": "#0"}
			}
		},
		{
			"from": [4.45072, 14.9, -3.69252],
			"to": [4.45072, 24.9, -0.69252],
			"rotation": {"angle": -22.5, "axis": "x", "origin": [4.35072, 15, -2.19252]},
			"faces": {
				"north": {"uv": [3, 2.5, 3.75, 5], "texture": "#0"},
				"east": {"uv": [2.25, 3.75, 1.5, 6.25], "texture": "#0"},
				"south": {"uv": [0.75, 3.75, 1.5, 6.25], "texture": "#0"},
				"west": {"uv": [1.5, 3.75, 2.25, 6.25], "texture": "#0"},
				"up": {"uv": [3, 4.5, 2.25, 3.75], "texture": "#0"},
				"down": {"uv": [4.5, 2.5, 3.75, 3.25], "texture": "#0"}
			}
		},
		{
			"from": [2.85072, 14.9, -2.09252],
			"to": [5.85072, 24.9, -2.09252],
			"rotation": {"angle": -22.5, "axis": "x", "origin": [4.35072, 15, -2.19252]},
			"faces": {
				"north": {"uv": [2.25, 3.75, 1.5, 6.25], "texture": "#0"},
				"east": {"uv": [0.75, 3.75, 1.5, 6.25], "texture": "#0"},
				"south": {"uv": [1.5, 3.75, 2.25, 6.25], "texture": "#0"},
				"west": {"uv": [3, 2.5, 3.75, 5], "texture": "#0"},
				"up": {"uv": [3, 4.5, 2.25, 3.75], "rotation": 270, "texture": "#0"},
				"down": {"uv": [4.5, 2.5, 3.75, 3.25], "rotation": 90, "texture": "#0"}
			}
		},
		{
			"from": [4.35072, 0, 4.80748],
			"to": [4.55072, 15, 5.00748],
			"rotation": {"angle": 0, "axis": "y", "origin": [4.35072, 0, 4.80748]},
			"faces": {
				"north": {"uv": [3.75, 3.25, 3.8125, 8.75], "texture": "#0"},
				"east": {"uv": [4, 3.25, 4.0625, 8.75], "texture": "#0"},
				"south": {"uv": [4.25, 3.25, 4.3125, 8.75], "texture": "#0"},
				"west": {"uv": [4.5, 0, 4.5625, 5.5], "texture": "#0"},
				"up": {"uv": [4.8125, 5.0625, 4.75, 5], "texture": "#0"},
				"down": {"uv": [5.0625, 4.75, 5, 4.8125], "texture": "#0"}
			}
		},
		{
			"from": [-1.44928, 2, 4.70748],
			"to": [4.55072, 7, 5.10748],
			"rotation": {"angle": 22.5, "axis": "y", "origin": [4.45072, 4, 4.80748]},
			"faces": {
				"north": {"uv": [1.5, 2.5, 0, 3.75], "texture": "#0"},
				"east": {"uv": [4.75, 2.5, 4.875, 3.75], "texture": "#0"},
				"south": {"uv": [0, 2.5, 1.5, 3.75], "texture": "#0"},
				"west": {"uv": [4.75, 3.75, 4.875, 5], "texture": "#0"},
				"up": {"uv": [6.25, 0.125, 4.75, 0], "texture": "#0"},
				"down": {"uv": [6.25, 0.25, 4.75, 0.375], "texture": "#0"}
			}
		},
		{
			"from": [4.15072, 6.6, 4.70748],
			"to": [4.55072, 11.6, 10.70748],
			"rotation": {"angle": 0, "axis": "y", "origin": [4.45072, 12, 4.80748]},
			"faces": {
				"north": {"uv": [5, 1, 5.125, 2.25], "texture": "#0"},
				"east": {"uv": [0, 2.5, 1.5, 3.75], "texture": "#0"},
				"south": {"uv": [5, 2.25, 5.125, 3.5], "texture": "#0"},
				"west": {"uv": [1.5, 2.5, 0, 3.75], "texture": "#0"},
				"up": {"uv": [2.375, 6, 2.25, 4.5], "texture": "#0"},
				"down": {"uv": [2.625, 4.5, 2.5, 6], "texture": "#0"}
			}
		},
		{
			"from": [4.15072, 10.6, 4.70748],
			"to": [10.15072, 15.6, 5.10748],
			"rotation": {"angle": 22.5, "axis": "y", "origin": [4.45072, 12, 4.80748]},
			"faces": {
				"north": {"uv": [0, 2.5, 1.5, 3.75], "texture": "#0"},
				"east": {"uv": [3, 5, 3.125, 6.25], "texture": "#0"},
				"south": {"uv": [1.5, 2.5, 0, 3.75], "texture": "#0"},
				"west": {"uv": [3.25, 5, 3.375, 6.25], "texture": "#0"},
				"up": {"uv": [6.25, 0.625, 4.75, 0.5], "texture": "#0"},
				"down": {"uv": [6.25, 0.75, 4.75, 0.875], "texture": "#0"}
			}
		},
		{
			"from": [4.25072, 4, -0.89252],
			"to": [4.65072, 9, 5.10748],
			"rotation": {"angle": 0, "axis": "y", "origin": [4.45072, 7, 4.80748]},
			"faces": {
				"north": {"uv": [3.5, 5, 3.625, 6.25], "texture": "#0"},
				"east": {"uv": [1.5, 2.5, 0, 3.75], "texture": "#0"},
				"south": {"uv": [5, 3.5, 5.125, 4.75], "texture": "#0"},
				"west": {"uv": [0, 2.5, 1.5, 3.75], "texture": "#0"},
				"up": {"uv": [2.875, 6, 2.75, 4.5], "texture": "#0"},
				"down": {"uv": [4.875, 1, 4.75, 2.5], "texture": "#0"}
			}
		},
		{
			"from": [4.45072, 14.9, 3.30748],
			"to": [4.45072, 24.9, 6.30748],
			"rotation": {"angle": 0, "axis": "x", "origin": [4.35072, 15, 4.80748]},
			"faces": {
				"north": {"uv": [3, 2.5, 3.75, 5], "texture": "#0"},
				"east": {"uv": [2.25, 3.75, 1.5, 6.25], "texture": "#0"},
				"south": {"uv": [0.75, 3.75, 1.5, 6.25], "texture": "#0"},
				"west": {"uv": [1.5, 3.75, 2.25, 6.25], "texture": "#0"},
				"up": {"uv": [3, 4.5, 2.25, 3.75], "texture": "#0"},
				"down": {"uv": [4.5, 2.5, 3.75, 3.25], "texture": "#0"}
			}
		},
		{
			"from": [2.85072, 14.9, 4.90748],
			"to": [5.85072, 24.9, 4.90748],
			"rotation": {"angle": 0, "axis": "x", "origin": [4.35072, 15, 4.80748]},
			"faces": {
				"north": {"uv": [2.25, 3.75, 1.5, 6.25], "texture": "#0"},
				"east": {"uv": [0.75, 3.75, 1.5, 6.25], "texture": "#0"},
				"south": {"uv": [1.5, 3.75, 2.25, 6.25], "texture": "#0"},
				"west": {"uv": [3, 2.5, 3.75, 5], "texture": "#0"},
				"up": {"uv": [3, 4.5, 2.25, 3.75], "rotation": 270, "texture": "#0"},
				"down": {"uv": [4.5, 2.5, 3.75, 3.25], "rotation": 90, "texture": "#0"}
			}
		},
		{
			"from": [4.35072, 0, 11.80748],
			"to": [4.55072, 15, 12.00748],
			"rotation": {"angle": 0, "axis": "y", "origin": [4.35072, 0, 11.80748]},
			"faces": {
				"north": {"uv": [3.75, 3.25, 3.8125, 8.75], "texture": "#0"},
				"east": {"uv": [4, 3.25, 4.0625, 8.75], "texture": "#0"},
				"south": {"uv": [4.25, 3.25, 4.3125, 8.75], "texture": "#0"},
				"west": {"uv": [4.5, 0, 4.5625, 5.5], "texture": "#0"},
				"up": {"uv": [4.8125, 5.0625, 4.75, 5], "texture": "#0"},
				"down": {"uv": [5.0625, 4.75, 5, 4.8125], "texture": "#0"}
			}
		},
		{
			"from": [-1.44928, 2, 11.70748],
			"to": [4.55072, 7, 12.10748],
			"rotation": {"angle": 22.5, "axis": "y", "origin": [4.45072, 4, 11.80748]},
			"faces": {
				"north": {"uv": [1.5, 2.5, 0, 3.75], "texture": "#0"},
				"east": {"uv": [4.75, 2.5, 4.875, 3.75], "texture": "#0"},
				"south": {"uv": [0, 2.5, 1.5, 3.75], "texture": "#0"},
				"west": {"uv": [4.75, 3.75, 4.875, 5], "texture": "#0"},
				"up": {"uv": [6.25, 0.125, 4.75, 0], "texture": "#0"},
				"down": {"uv": [6.25, 0.25, 4.75, 0.375], "texture": "#0"}
			}
		},
		{
			"from": [4.15072, 6.6, 11.70748],
			"to": [4.55072, 11.6, 17.70748],
			"rotation": {"angle": 0, "axis": "y", "origin": [4.45072, 12, 11.80748]},
			"faces": {
				"north": {"uv": [5, 1, 5.125, 2.25], "texture": "#0"},
				"east": {"uv": [0, 2.5, 1.5, 3.75], "texture": "#0"},
				"south": {"uv": [5, 2.25, 5.125, 3.5], "texture": "#0"},
				"west": {"uv": [1.5, 2.5, 0, 3.75], "texture": "#0"},
				"up": {"uv": [2.375, 6, 2.25, 4.5], "texture": "#0"},
				"down": {"uv": [2.625, 4.5, 2.5, 6], "texture": "#0"}
			}
		},
		{
			"from": [4.15072, 10.6, 11.70748],
			"to": [10.15072, 15.6, 12.10748],
			"rotation": {"angle": 22.5, "axis": "y", "origin": [4.45072, 12, 11.80748]},
			"faces": {
				"north": {"uv": [0, 2.5, 1.5, 3.75], "texture": "#0"},
				"east": {"uv": [3, 5, 3.125, 6.25], "texture": "#0"},
				"south": {"uv": [1.5, 2.5, 0, 3.75], "texture": "#0"},
				"west": {"uv": [3.25, 5, 3.375, 6.25], "texture": "#0"},
				"up": {"uv": [6.25, 0.625, 4.75, 0.5], "texture": "#0"},
				"down": {"uv": [6.25, 0.75, 4.75, 0.875], "texture": "#0"}
			}
		},
		{
			"from": [4.25072, 4, 6.10748],
			"to": [4.65072, 9, 12.10748],
			"rotation": {"angle": 0, "axis": "y", "origin": [4.45072, 7, 11.80748]},
			"faces": {
				"north": {"uv": [3.5, 5, 3.625, 6.25], "texture": "#0"},
				"east": {"uv": [1.5, 2.5, 0, 3.75], "texture": "#0"},
				"south": {"uv": [5, 3.5, 5.125, 4.75], "texture": "#0"},
				"west": {"uv": [0, 2.5, 1.5, 3.75], "texture": "#0"},
				"up": {"uv": [2.875, 6, 2.75, 4.5], "texture": "#0"},
				"down": {"uv": [4.875, 1, 4.75, 2.5], "texture": "#0"}
			}
		},
		{
			"from": [4.45072, 14.9, 10.30748],
			"to": [4.45072, 24.9, 13.30748],
			"rotation": {"angle": -22.5, "axis": "x", "origin": [4.35072, 15, 11.80748]},
			"faces": {
				"north": {"uv": [3, 2.5, 3.75, 5], "texture": "#0"},
				"east": {"uv": [2.25, 3.75, 1.5, 6.25], "texture": "#0"},
				"south": {"uv": [0.75, 3.75, 1.5, 6.25], "texture": "#0"},
				"west": {"uv": [1.5, 3.75, 2.25, 6.25], "texture": "#0"},
				"up": {"uv": [3, 4.5, 2.25, 3.75], "texture": "#0"},
				"down": {"uv": [4.5, 2.5, 3.75, 3.25], "texture": "#0"}
			}
		},
		{
			"from": [2.85072, 14.9, 11.90748],
			"to": [5.85072, 24.9, 11.90748],
			"rotation": {"angle": -22.5, "axis": "x", "origin": [4.35072, 15, 11.80748]},
			"faces": {
				"north": {"uv": [2.25, 3.75, 1.5, 6.25], "texture": "#0"},
				"east": {"uv": [0.75, 3.75, 1.5, 6.25], "texture": "#0"},
				"south": {"uv": [1.5, 3.75, 2.25, 6.25], "texture": "#0"},
				"west": {"uv": [3, 2.5, 3.75, 5], "texture": "#0"},
				"up": {"uv": [3, 4.5, 2.25, 3.75], "rotation": 270, "texture": "#0"},
				"down": {"uv": [4.5, 2.5, 3.75, 3.25], "rotation": 90, "texture": "#0"}
			}
		},
		{
			"from": [4.35072, 0, 18.80748],
			"to": [4.55072, 15, 19.00748],
			"rotation": {"angle": 0, "axis": "y", "origin": [4.35072, 0, 18.80748]},
			"faces": {
				"north": {"uv": [3.75, 3.25, 3.8125, 8.75], "texture": "#0"},
				"east": {"uv": [4, 3.25, 4.0625, 8.75], "texture": "#0"},
				"south": {"uv": [4.25, 3.25, 4.3125, 8.75], "texture": "#0"},
				"west": {"uv": [4.5, 0, 4.5625, 5.5], "texture": "#0"},
				"up": {"uv": [4.8125, 5.0625, 4.75, 5], "texture": "#0"},
				"down": {"uv": [5.0625, 4.75, 5, 4.8125], "texture": "#0"}
			}
		},
		{
			"from": [-1.44928, 2, 18.70748],
			"to": [4.55072, 7, 19.10748],
			"rotation": {"angle": 22.5, "axis": "y", "origin": [4.45072, 4, 18.80748]},
			"faces": {
				"north": {"uv": [1.5, 2.5, 0, 3.75], "texture": "#0"},
				"east": {"uv": [4.75, 2.5, 4.875, 3.75], "texture": "#0"},
				"south": {"uv": [0, 2.5, 1.5, 3.75], "texture": "#0"},
				"west": {"uv": [4.75, 3.75, 4.875, 5], "texture": "#0"},
				"up": {"uv": [6.25, 0.125, 4.75, 0], "texture": "#0"},
				"down": {"uv": [6.25, 0.25, 4.75, 0.375], "texture": "#0"}
			}
		},
		{
			"from": [4.15072, 6.6, 18.70748],
			"to": [4.55072, 11.6, 24.70748],
			"rotation": {"angle": 0, "axis": "y", "origin": [4.45072, 12, 18.80748]},
			"faces": {
				"north": {"uv": [5, 1, 5.125, 2.25], "texture": "#0"},
				"east": {"uv": [0, 2.5, 1.5, 3.75], "texture": "#0"},
				"south": {"uv": [5, 2.25, 5.125, 3.5], "texture": "#0"},
				"west": {"uv": [1.5, 2.5, 0, 3.75], "texture": "#0"},
				"up": {"uv": [2.375, 6, 2.25, 4.5], "texture": "#0"},
				"down": {"uv": [2.625, 4.5, 2.5, 6], "texture": "#0"}
			}
		},
		{
			"from": [4.15072, 10.6, 18.70748],
			"to": [10.15072, 15.6, 19.10748],
			"rotation": {"angle": 22.5, "axis": "y", "origin": [4.45072, 12, 18.80748]},
			"faces": {
				"north": {"uv": [0, 2.5, 1.5, 3.75], "texture": "#0"},
				"east": {"uv": [3, 5, 3.125, 6.25], "texture": "#0"},
				"south": {"uv": [1.5, 2.5, 0, 3.75], "texture": "#0"},
				"west": {"uv": [3.25, 5, 3.375, 6.25], "texture": "#0"},
				"up": {"uv": [6.25, 0.625, 4.75, 0.5], "texture": "#0"},
				"down": {"uv": [6.25, 0.75, 4.75, 0.875], "texture": "#0"}
			}
		},
		{
			"from": [4.25072, 4, 13.10748],
			"to": [4.65072, 9, 19.10748],
			"rotation": {"angle": 0, "axis": "y", "origin": [4.45072, 7, 18.80748]},
			"faces": {
				"north": {"uv": [3.5, 5, 3.625, 6.25], "texture": "#0"},
				"east": {"uv": [1.5, 2.5, 0, 3.75], "texture": "#0"},
				"south": {"uv": [5, 3.5, 5.125, 4.75], "texture": "#0"},
				"west": {"uv": [0, 2.5, 1.5, 3.75], "texture": "#0"},
				"up": {"uv": [2.875, 6, 2.75, 4.5], "texture": "#0"},
				"down": {"uv": [4.875, 1, 4.75, 2.5], "texture": "#0"}
			}
		},
		{
			"from": [4.45072, 14.9, 17.30748],
			"to": [4.45072, 24.9, 20.30748],
			"rotation": {"angle": -22.5, "axis": "z", "origin": [4.35072, 15, 18.80748]},
			"faces": {
				"north": {"uv": [3, 2.5, 3.75, 5], "texture": "#0"},
				"east": {"uv": [2.25, 3.75, 1.5, 6.25], "texture": "#0"},
				"south": {"uv": [0.75, 3.75, 1.5, 6.25], "texture": "#0"},
				"west": {"uv": [1.5, 3.75, 2.25, 6.25], "texture": "#0"},
				"up": {"uv": [3, 4.5, 2.25, 3.75], "texture": "#0"},
				"down": {"uv": [4.5, 2.5, 3.75, 3.25], "texture": "#0"}
			}
		},
		{
			"from": [2.85072, 14.9, 18.90748],
			"to": [5.85072, 24.9, 18.90748],
			"rotation": {"angle": -22.5, "axis": "z", "origin": [4.35072, 15, 18.80748]},
			"faces": {
				"north": {"uv": [2.25, 3.75, 1.5, 6.25], "texture": "#0"},
				"east": {"uv": [0.75, 3.75, 1.5, 6.25], "texture": "#0"},
				"south": {"uv": [1.5, 3.75, 2.25, 6.25], "texture": "#0"},
				"west": {"uv": [3, 2.5, 3.75, 5], "texture": "#0"},
				"up": {"uv": [3, 4.5, 2.25, 3.75], "rotation": 270, "texture": "#0"},
				"down": {"uv": [4.5, 2.5, 3.75, 3.25], "rotation": 90, "texture": "#0"}
			}
		},
		{
			"from": [11.35072, 0, -2.19252],
			"to": [11.55072, 15, -1.99252],
			"rotation": {"angle": 0, "axis": "y", "origin": [11.35072, 0, -2.19252]},
			"faces": {
				"north": {"uv": [3.75, 3.25, 3.8125, 8.75], "texture": "#0"},
				"east": {"uv": [4, 3.25, 4.0625, 8.75], "texture": "#0"},
				"south": {"uv": [4.25, 3.25, 4.3125, 8.75], "texture": "#0"},
				"west": {"uv": [4.5, 0, 4.5625, 5.5], "texture": "#0"},
				"up": {"uv": [4.8125, 5.0625, 4.75, 5], "texture": "#0"},
				"down": {"uv": [5.0625, 4.75, 5, 4.8125], "texture": "#0"}
			}
		},
		{
			"from": [5.55072, 2, -2.29252],
			"to": [11.55072, 7, -1.89252],
			"rotation": {"angle": 22.5, "axis": "y", "origin": [11.45072, 4, -2.19252]},
			"faces": {
				"north": {"uv": [1.5, 2.5, 0, 3.75], "texture": "#0"},
				"east": {"uv": [4.75, 2.5, 4.875, 3.75], "texture": "#0"},
				"south": {"uv": [0, 2.5, 1.5, 3.75], "texture": "#0"},
				"west": {"uv": [4.75, 3.75, 4.875, 5], "texture": "#0"},
				"up": {"uv": [6.25, 0.125, 4.75, 0], "texture": "#0"},
				"down": {"uv": [6.25, 0.25, 4.75, 0.375], "texture": "#0"}
			}
		},
		{
			"from": [11.15072, 6.6, -2.29252],
			"to": [11.55072, 11.6, 3.70748],
			"rotation": {"angle": 0, "axis": "y", "origin": [11.45072, 12, -2.19252]},
			"faces": {
				"north": {"uv": [5, 1, 5.125, 2.25], "texture": "#0"},
				"east": {"uv": [0, 2.5, 1.5, 3.75], "texture": "#0"},
				"south": {"uv": [5, 2.25, 5.125, 3.5], "texture": "#0"},
				"west": {"uv": [1.5, 2.5, 0, 3.75], "texture": "#0"},
				"up": {"uv": [2.375, 6, 2.25, 4.5], "texture": "#0"},
				"down": {"uv": [2.625, 4.5, 2.5, 6], "texture": "#0"}
			}
		},
		{
			"from": [11.15072, 10.6, -2.29252],
			"to": [17.15072, 15.6, -1.89252],
			"rotation": {"angle": 22.5, "axis": "y", "origin": [11.45072, 12, -2.19252]},
			"faces": {
				"north": {"uv": [0, 2.5, 1.5, 3.75], "texture": "#0"},
				"east": {"uv": [3, 5, 3.125, 6.25], "texture": "#0"},
				"south": {"uv": [1.5, 2.5, 0, 3.75], "texture": "#0"},
				"west": {"uv": [3.25, 5, 3.375, 6.25], "texture": "#0"},
				"up": {"uv": [6.25, 0.625, 4.75, 0.5], "texture": "#0"},
				"down": {"uv": [6.25, 0.75, 4.75, 0.875], "texture": "#0"}
			}
		},
		{
			"from": [11.25072, 4, -7.89252],
			"to": [11.65072, 9, -1.89252],
			"rotation": {"angle": 0, "axis": "y", "origin": [11.45072, 7, -2.19252]},
			"faces": {
				"north": {"uv": [3.5, 5, 3.625, 6.25], "texture": "#0"},
				"east": {"uv": [1.5, 2.5, 0, 3.75], "texture": "#0"},
				"south": {"uv": [5, 3.5, 5.125, 4.75], "texture": "#0"},
				"west": {"uv": [0, 2.5, 1.5, 3.75], "texture": "#0"},
				"up": {"uv": [2.875, 6, 2.75, 4.5], "texture": "#0"},
				"down": {"uv": [4.875, 1, 4.75, 2.5], "texture": "#0"}
			}
		},
		{
			"from": [11.45072, 14.9, -3.69252],
			"to": [11.45072, 24.9, -0.69252],
			"rotation": {"angle": -22.5, "axis": "z", "origin": [11.35072, 15, -2.19252]},
			"faces": {
				"north": {"uv": [3, 2.5, 3.75, 5], "texture": "#0"},
				"east": {"uv": [2.25, 3.75, 1.5, 6.25], "texture": "#0"},
				"south": {"uv": [0.75, 3.75, 1.5, 6.25], "texture": "#0"},
				"west": {"uv": [1.5, 3.75, 2.25, 6.25], "texture": "#0"},
				"up": {"uv": [3, 4.5, 2.25, 3.75], "texture": "#0"},
				"down": {"uv": [4.5, 2.5, 3.75, 3.25], "texture": "#0"}
			}
		},
		{
			"from": [9.85072, 14.9, -2.09252],
			"to": [12.85072, 24.9, -2.09252],
			"rotation": {"angle": -22.5, "axis": "z", "origin": [11.35072, 15, -2.19252]},
			"faces": {
				"north": {"uv": [2.25, 3.75, 1.5, 6.25], "texture": "#0"},
				"east": {"uv": [0.75, 3.75, 1.5, 6.25], "texture": "#0"},
				"south": {"uv": [1.5, 3.75, 2.25, 6.25], "texture": "#0"},
				"west": {"uv": [3, 2.5, 3.75, 5], "texture": "#0"},
				"up": {"uv": [3, 4.5, 2.25, 3.75], "rotation": 270, "texture": "#0"},
				"down": {"uv": [4.5, 2.5, 3.75, 3.25], "rotation": 90, "texture": "#0"}
			}
		},
		{
			"from": [11.35072, 0, 4.80748],
			"to": [11.55072, 15, 5.00748],
			"rotation": {"angle": 0, "axis": "y", "origin": [11.35072, 0, 4.80748]},
			"faces": {
				"north": {"uv": [3.75, 3.25, 3.8125, 8.75], "texture": "#0"},
				"east": {"uv": [4, 3.25, 4.0625, 8.75], "texture": "#0"},
				"south": {"uv": [4.25, 3.25, 4.3125, 8.75], "texture": "#0"},
				"west": {"uv": [4.5, 0, 4.5625, 5.5], "texture": "#0"},
				"up": {"uv": [4.8125, 5.0625, 4.75, 5], "texture": "#0"},
				"down": {"uv": [5.0625, 4.75, 5, 4.8125], "texture": "#0"}
			}
		},
		{
			"from": [5.55072, 2, 4.70748],
			"to": [11.55072, 7, 5.10748],
			"rotation": {"angle": 22.5, "axis": "y", "origin": [11.45072, 4, 4.80748]},
			"faces": {
				"north": {"uv": [1.5, 2.5, 0, 3.75], "texture": "#0"},
				"east": {"uv": [4.75, 2.5, 4.875, 3.75], "texture": "#0"},
				"south": {"uv": [0, 2.5, 1.5, 3.75], "texture": "#0"},
				"west": {"uv": [4.75, 3.75, 4.875, 5], "texture": "#0"},
				"up": {"uv": [6.25, 0.125, 4.75, 0], "texture": "#0"},
				"down": {"uv": [6.25, 0.25, 4.75, 0.375], "texture": "#0"}
			}
		},
		{
			"from": [11.15072, 6.6, 4.70748],
			"to": [11.55072, 11.6, 10.70748],
			"rotation": {"angle": 0, "axis": "y", "origin": [11.45072, 12, 4.80748]},
			"faces": {
				"north": {"uv": [5, 1, 5.125, 2.25], "texture": "#0"},
				"east": {"uv": [0, 2.5, 1.5, 3.75], "texture": "#0"},
				"south": {"uv": [5, 2.25, 5.125, 3.5], "texture": "#0"},
				"west": {"uv": [1.5, 2.5, 0, 3.75], "texture": "#0"},
				"up": {"uv": [2.375, 6, 2.25, 4.5], "texture": "#0"},
				"down": {"uv": [2.625, 4.5, 2.5, 6], "texture": "#0"}
			}
		},
		{
			"from": [11.15072, 10.6, 4.70748],
			"to": [17.15072, 15.6, 5.10748],
			"rotation": {"angle": 22.5, "axis": "y", "origin": [11.45072, 12, 4.80748]},
			"faces": {
				"north": {"uv": [0, 2.5, 1.5, 3.75], "texture": "#0"},
				"east": {"uv": [3, 5, 3.125, 6.25], "texture": "#0"},
				"south": {"uv": [1.5, 2.5, 0, 3.75], "texture": "#0"},
				"west": {"uv": [3.25, 5, 3.375, 6.25], "texture": "#0"},
				"up": {"uv": [6.25, 0.625, 4.75, 0.5], "texture": "#0"},
				"down": {"uv": [6.25, 0.75, 4.75, 0.875], "texture": "#0"}
			}
		},
		{
			"from": [11.25072, 4, -0.89252],
			"to": [11.65072, 9, 5.10748],
			"rotation": {"angle": 0, "axis": "y", "origin": [11.45072, 7, 4.80748]},
			"faces": {
				"north": {"uv": [3.5, 5, 3.625, 6.25], "texture": "#0"},
				"east": {"uv": [1.5, 2.5, 0, 3.75], "texture": "#0"},
				"south": {"uv": [5, 3.5, 5.125, 4.75], "texture": "#0"},
				"west": {"uv": [0, 2.5, 1.5, 3.75], "texture": "#0"},
				"up": {"uv": [2.875, 6, 2.75, 4.5], "texture": "#0"},
				"down": {"uv": [4.875, 1, 4.75, 2.5], "texture": "#0"}
			}
		},
		{
			"from": [11.45072, 14.9, 3.30748],
			"to": [11.45072, 24.9, 6.30748],
			"rotation": {"angle": -22.5, "axis": "x", "origin": [11.35072, 15, 4.80748]},
			"faces": {
				"north": {"uv": [3, 2.5, 3.75, 5], "texture": "#0"},
				"east": {"uv": [2.25, 3.75, 1.5, 6.25], "texture": "#0"},
				"south": {"uv": [0.75, 3.75, 1.5, 6.25], "texture": "#0"},
				"west": {"uv": [1.5, 3.75, 2.25, 6.25], "texture": "#0"},
				"up": {"uv": [3, 4.5, 2.25, 3.75], "texture": "#0"},
				"down": {"uv": [4.5, 2.5, 3.75, 3.25], "texture": "#0"}
			}
		},
		{
			"from": [9.85072, 14.9, 4.90748],
			"to": [12.85072, 24.9, 4.90748],
			"rotation": {"angle": -22.5, "axis": "x", "origin": [11.35072, 15, 4.80748]},
			"faces": {
				"north": {"uv": [2.25, 3.75, 1.5, 6.25], "texture": "#0"},
				"east": {"uv": [0.75, 3.75, 1.5, 6.25], "texture": "#0"},
				"south": {"uv": [1.5, 3.75, 2.25, 6.25], "texture": "#0"},
				"west": {"uv": [3, 2.5, 3.75, 5], "texture": "#0"},
				"up": {"uv": [3, 4.5, 2.25, 3.75], "rotation": 270, "texture": "#0"},
				"down": {"uv": [4.5, 2.5, 3.75, 3.25], "rotation": 90, "texture": "#0"}
			}
		},
		{
			"from": [11.35072, 0, 11.80748],
			"to": [11.55072, 15, 12.00748],
			"rotation": {"angle": 0, "axis": "y", "origin": [11.35072, 0, 11.80748]},
			"faces": {
				"north": {"uv": [3.75, 3.25, 3.8125, 8.75], "texture": "#0"},
				"east": {"uv": [4, 3.25, 4.0625, 8.75], "texture": "#0"},
				"south": {"uv": [4.25, 3.25, 4.3125, 8.75], "texture": "#0"},
				"west": {"uv": [4.5, 0, 4.5625, 5.5], "texture": "#0"},
				"up": {"uv": [4.8125, 5.0625, 4.75, 5], "texture": "#0"},
				"down": {"uv": [5.0625, 4.75, 5, 4.8125], "texture": "#0"}
			}
		},
		{
			"from": [5.55072, 2, 11.70748],
			"to": [11.55072, 7, 12.10748],
			"rotation": {"angle": 22.5, "axis": "y", "origin": [11.45072, 4, 11.80748]},
			"faces": {
				"north": {"uv": [1.5, 2.5, 0, 3.75], "texture": "#0"},
				"east": {"uv": [4.75, 2.5, 4.875, 3.75], "texture": "#0"},
				"south": {"uv": [0, 2.5, 1.5, 3.75], "texture": "#0"},
				"west": {"uv": [4.75, 3.75, 4.875, 5], "texture": "#0"},
				"up": {"uv": [6.25, 0.125, 4.75, 0], "texture": "#0"},
				"down": {"uv": [6.25, 0.25, 4.75, 0.375], "texture": "#0"}
			}
		},
		{
			"from": [11.15072, 6.6, 11.70748],
			"to": [11.55072, 11.6, 17.70748],
			"rotation": {"angle": 0, "axis": "y", "origin": [11.45072, 12, 11.80748]},
			"faces": {
				"north": {"uv": [5, 1, 5.125, 2.25], "texture": "#0"},
				"east": {"uv": [0, 2.5, 1.5, 3.75], "texture": "#0"},
				"south": {"uv": [5, 2.25, 5.125, 3.5], "texture": "#0"},
				"west": {"uv": [1.5, 2.5, 0, 3.75], "texture": "#0"},
				"up": {"uv": [2.375, 6, 2.25, 4.5], "texture": "#0"},
				"down": {"uv": [2.625, 4.5, 2.5, 6], "texture": "#0"}
			}
		},
		{
			"from": [11.15072, 10.6, 11.70748],
			"to": [17.15072, 15.6, 12.10748],
			"rotation": {"angle": 22.5, "axis": "y", "origin": [11.45072, 12, 11.80748]},
			"faces": {
				"north": {"uv": [0, 2.5, 1.5, 3.75], "texture": "#0"},
				"east": {"uv": [3, 5, 3.125, 6.25], "texture": "#0"},
				"south": {"uv": [1.5, 2.5, 0, 3.75], "texture": "#0"},
				"west": {"uv": [3.25, 5, 3.375, 6.25], "texture": "#0"},
				"up": {"uv": [6.25, 0.625, 4.75, 0.5], "texture": "#0"},
				"down": {"uv": [6.25, 0.75, 4.75, 0.875], "texture": "#0"}
			}
		},
		{
			"from": [11.25072, 4, 6.10748],
			"to": [11.65072, 9, 12.10748],
			"rotation": {"angle": 0, "axis": "y", "origin": [11.45072, 7, 11.80748]},
			"faces": {
				"north": {"uv": [3.5, 5, 3.625, 6.25], "texture": "#0"},
				"east": {"uv": [1.5, 2.5, 0, 3.75], "texture": "#0"},
				"south": {"uv": [5, 3.5, 5.125, 4.75], "texture": "#0"},
				"west": {"uv": [0, 2.5, 1.5, 3.75], "texture": "#0"},
				"up": {"uv": [2.875, 6, 2.75, 4.5], "texture": "#0"},
				"down": {"uv": [4.875, 1, 4.75, 2.5], "texture": "#0"}
			}
		},
		{
			"from": [11.45072, 14.9, 10.30748],
			"to": [11.45072, 24.9, 13.30748],
			"rotation": {"angle": -22.5, "axis": "z", "origin": [11.35072, 15, 11.80748]},
			"faces": {
				"north": {"uv": [3, 2.5, 3.75, 5], "texture": "#0"},
				"east": {"uv": [2.25, 3.75, 1.5, 6.25], "texture": "#0"},
				"south": {"uv": [0.75, 3.75, 1.5, 6.25], "texture": "#0"},
				"west": {"uv": [1.5, 3.75, 2.25, 6.25], "texture": "#0"},
				"up": {"uv": [3, 4.5, 2.25, 3.75], "texture": "#0"},
				"down": {"uv": [4.5, 2.5, 3.75, 3.25], "texture": "#0"}
			}
		},
		{
			"from": [9.85072, 14.9, 11.90748],
			"to": [12.85072, 24.9, 11.90748],
			"rotation": {"angle": -22.5, "axis": "z", "origin": [11.35072, 15, 11.80748]},
			"faces": {
				"north": {"uv": [2.25, 3.75, 1.5, 6.25], "texture": "#0"},
				"east": {"uv": [0.75, 3.75, 1.5, 6.25], "texture": "#0"},
				"south": {"uv": [1.5, 3.75, 2.25, 6.25], "texture": "#0"},
				"west": {"uv": [3, 2.5, 3.75, 5], "texture": "#0"},
				"up": {"uv": [3, 4.5, 2.25, 3.75], "rotation": 270, "texture": "#0"},
				"down": {"uv": [4.5, 2.5, 3.75, 3.25], "rotation": 90, "texture": "#0"}
			}
		},
		{
			"from": [11.35072, 0, 18.80748],
			"to": [11.55072, 15, 19.00748],
			"rotation": {"angle": 0, "axis": "y", "origin": [11.35072, 0, 18.80748]},
			"faces": {
				"north": {"uv": [3.75, 3.25, 3.8125, 8.75], "texture": "#0"},
				"east": {"uv": [4, 3.25, 4.0625, 8.75], "texture": "#0"},
				"south": {"uv": [4.25, 3.25, 4.3125, 8.75], "texture": "#0"},
				"west": {"uv": [4.5, 0, 4.5625, 5.5], "texture": "#0"},
				"up": {"uv": [4.8125, 5.0625, 4.75, 5], "texture": "#0"},
				"down": {"uv": [5.0625, 4.75, 5, 4.8125], "texture": "#0"}
			}
		},
		{
			"from": [5.55072, 2, 18.70748],
			"to": [11.55072, 7, 19.10748],
			"rotation": {"angle": 22.5, "axis": "y", "origin": [11.45072, 4, 18.80748]},
			"faces": {
				"north": {"uv": [1.5, 2.5, 0, 3.75], "texture": "#0"},
				"east": {"uv": [4.75, 2.5, 4.875, 3.75], "texture": "#0"},
				"south": {"uv": [0, 2.5, 1.5, 3.75], "texture": "#0"},
				"west": {"uv": [4.75, 3.75, 4.875, 5], "texture": "#0"},
				"up": {"uv": [6.25, 0.125, 4.75, 0], "texture": "#0"},
				"down": {"uv": [6.25, 0.25, 4.75, 0.375], "texture": "#0"}
			}
		},
		{
			"from": [11.15072, 6.6, 18.70748],
			"to": [11.55072, 11.6, 24.70748],
			"rotation": {"angle": 0, "axis": "y", "origin": [11.45072, 12, 18.80748]},
			"faces": {
				"north": {"uv": [5, 1, 5.125, 2.25], "texture": "#0"},
				"east": {"uv": [0, 2.5, 1.5, 3.75], "texture": "#0"},
				"south": {"uv": [5, 2.25, 5.125, 3.5], "texture": "#0"},
				"west": {"uv": [1.5, 2.5, 0, 3.75], "texture": "#0"},
				"up": {"uv": [2.375, 6, 2.25, 4.5], "texture": "#0"},
				"down": {"uv": [2.625, 4.5, 2.5, 6], "texture": "#0"}
			}
		},
		{
			"from": [11.15072, 10.6, 18.70748],
			"to": [17.15072, 15.6, 19.10748],
			"rotation": {"angle": 22.5, "axis": "y", "origin": [11.45072, 12, 18.80748]},
			"faces": {
				"north": {"uv": [0, 2.5, 1.5, 3.75], "texture": "#0"},
				"east": {"uv": [3, 5, 3.125, 6.25], "texture": "#0"},
				"south": {"uv": [1.5, 2.5, 0, 3.75], "texture": "#0"},
				"west": {"uv": [3.25, 5, 3.375, 6.25], "texture": "#0"},
				"up": {"uv": [6.25, 0.625, 4.75, 0.5], "texture": "#0"},
				"down": {"uv": [6.25, 0.75, 4.75, 0.875], "texture": "#0"}
			}
		},
		{
			"from": [11.25072, 4, 13.10748],
			"to": [11.65072, 9, 19.10748],
			"rotation": {"angle": 0, "axis": "y", "origin": [11.45072, 7, 18.80748]},
			"faces": {
				"north": {"uv": [3.5, 5, 3.625, 6.25], "texture": "#0"},
				"east": {"uv": [1.5, 2.5, 0, 3.75], "texture": "#0"},
				"south": {"uv": [5, 3.5, 5.125, 4.75], "texture": "#0"},
				"west": {"uv": [0, 2.5, 1.5, 3.75], "texture": "#0"},
				"up": {"uv": [2.875, 6, 2.75, 4.5], "texture": "#0"},
				"down": {"uv": [4.875, 1, 4.75, 2.5], "texture": "#0"}
			}
		},
		{
			"from": [11.45072, 14.9, 17.30748],
			"to": [11.45072, 24.9, 20.30748],
			"rotation": {"angle": 22.5, "axis": "x", "origin": [11.35072, 15, 18.80748]},
			"faces": {
				"north": {"uv": [3, 2.5, 3.75, 5], "texture": "#0"},
				"east": {"uv": [2.25, 3.75, 1.5, 6.25], "texture": "#0"},
				"south": {"uv": [0.75, 3.75, 1.5, 6.25], "texture": "#0"},
				"west": {"uv": [1.5, 3.75, 2.25, 6.25], "texture": "#0"},
				"up": {"uv": [3, 4.5, 2.25, 3.75], "texture": "#0"},
				"down": {"uv": [4.5, 2.5, 3.75, 3.25], "texture": "#0"}
			}
		},
		{
			"from": [9.85072, 14.9, 18.90748],
			"to": [12.85072, 24.9, 18.90748],
			"rotation": {"angle": 22.5, "axis": "x", "origin": [11.35072, 15, 18.80748]},
			"faces": {
				"north": {"uv": [2.25, 3.75, 1.5, 6.25], "texture": "#0"},
				"east": {"uv": [0.75, 3.75, 1.5, 6.25], "texture": "#0"},
				"south": {"uv": [1.5, 3.75, 2.25, 6.25], "texture": "#0"},
				"west": {"uv": [3, 2.5, 3.75, 5], "texture": "#0"},
				"up": {"uv": [3, 4.5, 2.25, 3.75], "rotation": 270, "texture": "#0"},
				"down": {"uv": [4.5, 2.5, 3.75, 3.25], "rotation": 90, "texture": "#0"}
			}
		},
		{
			"from": [18.35072, 0, -2.19252],
			"to": [18.55072, 15, -1.99252],
			"rotation": {"angle": 0, "axis": "y", "origin": [18.35072, 0, -2.19252]},
			"faces": {
				"north": {"uv": [3.75, 3.25, 3.8125, 8.75], "texture": "#0"},
				"east": {"uv": [4, 3.25, 4.0625, 8.75], "texture": "#0"},
				"south": {"uv": [4.25, 3.25, 4.3125, 8.75], "texture": "#0"},
				"west": {"uv": [4.5, 0, 4.5625, 5.5], "texture": "#0"},
				"up": {"uv": [4.8125, 5.0625, 4.75, 5], "texture": "#0"},
				"down": {"uv": [5.0625, 4.75, 5, 4.8125], "texture": "#0"}
			}
		},
		{
			"from": [12.55072, 2, -2.29252],
			"to": [18.55072, 7, -1.89252],
			"rotation": {"angle": 22.5, "axis": "y", "origin": [18.45072, 4, -2.19252]},
			"faces": {
				"north": {"uv": [1.5, 2.5, 0, 3.75], "texture": "#0"},
				"east": {"uv": [4.75, 2.5, 4.875, 3.75], "texture": "#0"},
				"south": {"uv": [0, 2.5, 1.5, 3.75], "texture": "#0"},
				"west": {"uv": [4.75, 3.75, 4.875, 5], "texture": "#0"},
				"up": {"uv": [6.25, 0.125, 4.75, 0], "texture": "#0"},
				"down": {"uv": [6.25, 0.25, 4.75, 0.375], "texture": "#0"}
			}
		},
		{
			"from": [18.15072, 6.6, -2.29252],
			"to": [18.55072, 11.6, 3.70748],
			"rotation": {"angle": 0, "axis": "y", "origin": [18.45072, 12, -2.19252]},
			"faces": {
				"north": {"uv": [5, 1, 5.125, 2.25], "texture": "#0"},
				"east": {"uv": [0, 2.5, 1.5, 3.75], "texture": "#0"},
				"south": {"uv": [5, 2.25, 5.125, 3.5], "texture": "#0"},
				"west": {"uv": [1.5, 2.5, 0, 3.75], "texture": "#0"},
				"up": {"uv": [2.375, 6, 2.25, 4.5], "texture": "#0"},
				"down": {"uv": [2.625, 4.5, 2.5, 6], "texture": "#0"}
			}
		},
		{
			"from": [18.15072, 10.6, -2.29252],
			"to": [24.15072, 15.6, -1.89252],
			"rotation": {"angle": 22.5, "axis": "y", "origin": [18.45072, 12, -2.19252]},
			"faces": {
				"north": {"uv": [0, 2.5, 1.5, 3.75], "texture": "#0"},
				"east": {"uv": [3, 5, 3.125, 6.25], "texture": "#0"},
				"south": {"uv": [1.5, 2.5, 0, 3.75], "texture": "#0"},
				"west": {"uv": [3.25, 5, 3.375, 6.25], "texture": "#0"},
				"up": {"uv": [6.25, 0.625, 4.75, 0.5], "texture": "#0"},
				"down": {"uv": [6.25, 0.75, 4.75, 0.875], "texture": "#0"}
			}
		},
		{
			"from": [18.25072, 4, -7.89252],
			"to": [18.65072, 9, -1.89252],
			"rotation": {"angle": 0, "axis": "y", "origin": [18.45072, 7, -2.19252]},
			"faces": {
				"north": {"uv": [3.5, 5, 3.625, 6.25], "texture": "#0"},
				"east": {"uv": [1.5, 2.5, 0, 3.75], "texture": "#0"},
				"south": {"uv": [5, 3.5, 5.125, 4.75], "texture": "#0"},
				"west": {"uv": [0, 2.5, 1.5, 3.75], "texture": "#0"},
				"up": {"uv": [2.875, 6, 2.75, 4.5], "texture": "#0"},
				"down": {"uv": [4.875, 1, 4.75, 2.5], "texture": "#0"}
			}
		},
		{
			"from": [18.45072, 14.9, -3.69252],
			"to": [18.45072, 24.9, -0.69252],
			"rotation": {"angle": -22.5, "axis": "x", "origin": [18.35072, 15, -2.19252]},
			"faces": {
				"north": {"uv": [3, 2.5, 3.75, 5], "texture": "#0"},
				"east": {"uv": [2.25, 3.75, 1.5, 6.25], "texture": "#0"},
				"south": {"uv": [0.75, 3.75, 1.5, 6.25], "texture": "#0"},
				"west": {"uv": [1.5, 3.75, 2.25, 6.25], "texture": "#0"},
				"up": {"uv": [3, 4.5, 2.25, 3.75], "texture": "#0"},
				"down": {"uv": [4.5, 2.5, 3.75, 3.25], "texture": "#0"}
			}
		},
		{
			"from": [16.85072, 14.9, -2.09252],
			"to": [19.85072, 24.9, -2.09252],
			"rotation": {"angle": -22.5, "axis": "x", "origin": [18.35072, 15, -2.19252]},
			"faces": {
				"north": {"uv": [2.25, 3.75, 1.5, 6.25], "texture": "#0"},
				"east": {"uv": [0.75, 3.75, 1.5, 6.25], "texture": "#0"},
				"south": {"uv": [1.5, 3.75, 2.25, 6.25], "texture": "#0"},
				"west": {"uv": [3, 2.5, 3.75, 5], "texture": "#0"},
				"up": {"uv": [3, 4.5, 2.25, 3.75], "rotation": 270, "texture": "#0"},
				"down": {"uv": [4.5, 2.5, 3.75, 3.25], "rotation": 90, "texture": "#0"}
			}
		},
		{
			"from": [18.35072, 0, 4.80748],
			"to": [18.55072, 15, 5.00748],
			"rotation": {"angle": 0, "axis": "y", "origin": [18.35072, 0, 4.80748]},
			"faces": {
				"north": {"uv": [3.75, 3.25, 3.8125, 8.75], "texture": "#0"},
				"east": {"uv": [4, 3.25, 4.0625, 8.75], "texture": "#0"},
				"south": {"uv": [4.25, 3.25, 4.3125, 8.75], "texture": "#0"},
				"west": {"uv": [4.5, 0, 4.5625, 5.5], "texture": "#0"},
				"up": {"uv": [4.8125, 5.0625, 4.75, 5], "texture": "#0"},
				"down": {"uv": [5.0625, 4.75, 5, 4.8125], "texture": "#0"}
			}
		},
		{
			"from": [12.55072, 2, 4.70748],
			"to": [18.55072, 7, 5.10748],
			"rotation": {"angle": 22.5, "axis": "y", "origin": [18.45072, 4, 4.80748]},
			"faces": {
				"north": {"uv": [1.5, 2.5, 0, 3.75], "texture": "#0"},
				"east": {"uv": [4.75, 2.5, 4.875, 3.75], "texture": "#0"},
				"south": {"uv": [0, 2.5, 1.5, 3.75], "texture": "#0"},
				"west": {"uv": [4.75, 3.75, 4.875, 5], "texture": "#0"},
				"up": {"uv": [6.25, 0.125, 4.75, 0], "texture": "#0"},
				"down": {"uv": [6.25, 0.25, 4.75, 0.375], "texture": "#0"}
			}
		},
		{
			"from": [18.15072, 6.6, 4.70748],
			"to": [18.55072, 11.6, 10.70748],
			"rotation": {"angle": 0, "axis": "y", "origin": [18.45072, 12, 4.80748]},
			"faces": {
				"north": {"uv": [5, 1, 5.125, 2.25], "texture": "#0"},
				"east": {"uv": [0, 2.5, 1.5, 3.75], "texture": "#0"},
				"south": {"uv": [5, 2.25, 5.125, 3.5], "texture": "#0"},
				"west": {"uv": [1.5, 2.5, 0, 3.75], "texture": "#0"},
				"up": {"uv": [2.375, 6, 2.25, 4.5], "texture": "#0"},
				"down": {"uv": [2.625, 4.5, 2.5, 6], "texture": "#0"}
			}
		},
		{
			"from": [18.15072, 10.6, 4.70748],
			"to": [24.15072, 15.6, 5.10748],
			"rotation": {"angle": 22.5, "axis": "y", "origin": [18.45072, 12, 4.80748]},
			"faces": {
				"north": {"uv": [0, 2.5, 1.5, 3.75], "texture": "#0"},
				"east": {"uv": [3, 5, 3.125, 6.25], "texture": "#0"},
				"south": {"uv": [1.5, 2.5, 0, 3.75], "texture": "#0"},
				"west": {"uv": [3.25, 5, 3.375, 6.25], "texture": "#0"},
				"up": {"uv": [6.25, 0.625, 4.75, 0.5], "texture": "#0"},
				"down": {"uv": [6.25, 0.75, 4.75, 0.875], "texture": "#0"}
			}
		},
		{
			"from": [18.25072, 4, -0.89252],
			"to": [18.65072, 9, 5.10748],
			"rotation": {"angle": 0, "axis": "y", "origin": [18.45072, 7, 4.80748]},
			"faces": {
				"north": {"uv": [3.5, 5, 3.625, 6.25], "texture": "#0"},
				"east": {"uv": [1.5, 2.5, 0, 3.75], "texture": "#0"},
				"south": {"uv": [5, 3.5, 5.125, 4.75], "texture": "#0"},
				"west": {"uv": [0, 2.5, 1.5, 3.75], "texture": "#0"},
				"up": {"uv": [2.875, 6, 2.75, 4.5], "texture": "#0"},
				"down": {"uv": [4.875, 1, 4.75, 2.5], "texture": "#0"}
			}
		},
		{
			"from": [18.45072, 14.9, 3.30748],
			"to": [18.45072, 24.9, 6.30748],
			"rotation": {"angle": -22.5, "axis": "z", "origin": [18.35072, 15, 4.80748]},
			"faces": {
				"north": {"uv": [3, 2.5, 3.75, 5], "texture": "#0"},
				"east": {"uv": [2.25, 3.75, 1.5, 6.25], "texture": "#0"},
				"south": {"uv": [0.75, 3.75, 1.5, 6.25], "texture": "#0"},
				"west": {"uv": [1.5, 3.75, 2.25, 6.25], "texture": "#0"},
				"up": {"uv": [3, 4.5, 2.25, 3.75], "texture": "#0"},
				"down": {"uv": [4.5, 2.5, 3.75, 3.25], "texture": "#0"}
			}
		},
		{
			"from": [16.85072, 14.9, 4.90748],
			"to": [19.85072, 24.9, 4.90748],
			"rotation": {"angle": -22.5, "axis": "z", "origin": [18.35072, 15, 4.80748]},
			"faces": {
				"north": {"uv": [2.25, 3.75, 1.5, 6.25], "texture": "#0"},
				"east": {"uv": [0.75, 3.75, 1.5, 6.25], "texture": "#0"},
				"south": {"uv": [1.5, 3.75, 2.25, 6.25], "texture": "#0"},
				"west": {"uv": [3, 2.5, 3.75, 5], "texture": "#0"},
				"up": {"uv": [3, 4.5, 2.25, 3.75], "rotation": 270, "texture": "#0"},
				"down": {"uv": [4.5, 2.5, 3.75, 3.25], "rotation": 90, "texture": "#0"}
			}
		},
		{
			"from": [18.35072, 0, 11.80748],
			"to": [18.55072, 15, 12.00748],
			"rotation": {"angle": 0, "axis": "y", "origin": [18.35072, 0, 11.80748]},
			"faces": {
				"north": {"uv": [3.75, 3.25, 3.8125, 8.75], "texture": "#0"},
				"east": {"uv": [4, 3.25, 4.0625, 8.75], "texture": "#0"},
				"south": {"uv": [4.25, 3.25, 4.3125, 8.75], "texture": "#0"},
				"west": {"uv": [4.5, 0, 4.5625, 5.5], "texture": "#0"},
				"up": {"uv": [4.8125, 5.0625, 4.75, 5], "texture": "#0"},
				"down": {"uv": [5.0625, 4.75, 5, 4.8125], "texture": "#0"}
			}
		},
		{
			"from": [12.55072, 2, 11.70748],
			"to": [18.55072, 7, 12.10748],
			"rotation": {"angle": 22.5, "axis": "y", "origin": [18.45072, 4, 11.80748]},
			"faces": {
				"north": {"uv": [1.5, 2.5, 0, 3.75], "texture": "#0"},
				"east": {"uv": [4.75, 2.5, 4.875, 3.75], "texture": "#0"},
				"south": {"uv": [0, 2.5, 1.5, 3.75], "texture": "#0"},
				"west": {"uv": [4.75, 3.75, 4.875, 5], "texture": "#0"},
				"up": {"uv": [6.25, 0.125, 4.75, 0], "texture": "#0"},
				"down": {"uv": [6.25, 0.25, 4.75, 0.375], "texture": "#0"}
			}
		},
		{
			"from": [18.15072, 6.6, 11.70748],
			"to": [18.55072, 11.6, 17.70748],
			"rotation": {"angle": 0, "axis": "y", "origin": [18.45072, 12, 11.80748]},
			"faces": {
				"north": {"uv": [5, 1, 5.125, 2.25], "texture": "#0"},
				"east": {"uv": [0, 2.5, 1.5, 3.75], "texture": "#0"},
				"south": {"uv": [5, 2.25, 5.125, 3.5], "texture": "#0"},
				"west": {"uv": [1.5, 2.5, 0, 3.75], "texture": "#0"},
				"up": {"uv": [2.375, 6, 2.25, 4.5], "texture": "#0"},
				"down": {"uv": [2.625, 4.5, 2.5, 6], "texture": "#0"}
			}
		},
		{
			"from": [18.15072, 10.6, 11.70748],
			"to": [24.15072, 15.6, 12.10748],
			"rotation": {"angle": 22.5, "axis": "y", "origin": [18.45072, 12, 11.80748]},
			"faces": {
				"north": {"uv": [0, 2.5, 1.5, 3.75], "texture": "#0"},
				"east": {"uv": [3, 5, 3.125, 6.25], "texture": "#0"},
				"south": {"uv": [1.5, 2.5, 0, 3.75], "texture": "#0"},
				"west": {"uv": [3.25, 5, 3.375, 6.25], "texture": "#0"},
				"up": {"uv": [6.25, 0.625, 4.75, 0.5], "texture": "#0"},
				"down": {"uv": [6.25, 0.75, 4.75, 0.875], "texture": "#0"}
			}
		},
		{
			"from": [18.25072, 4, 6.10748],
			"to": [18.65072, 9, 12.10748],
			"rotation": {"angle": 0, "axis": "y", "origin": [18.45072, 7, 11.80748]},
			"faces": {
				"north": {"uv": [3.5, 5, 3.625, 6.25], "texture": "#0"},
				"east": {"uv": [1.5, 2.5, 0, 3.75], "texture": "#0"},
				"south": {"uv": [5, 3.5, 5.125, 4.75], "texture": "#0"},
				"west": {"uv": [0, 2.5, 1.5, 3.75], "texture": "#0"},
				"up": {"uv": [2.875, 6, 2.75, 4.5], "texture": "#0"},
				"down": {"uv": [4.875, 1, 4.75, 2.5], "texture": "#0"}
			}
		},
		{
			"from": [18.45072, 14.9, 10.30748],
			"to": [18.45072, 24.9, 13.30748],
			"rotation": {"angle": 22.5, "axis": "x", "origin": [18.35072, 15, 11.80748]},
			"faces": {
				"north": {"uv": [3, 2.5, 3.75, 5], "texture": "#0"},
				"east": {"uv": [2.25, 3.75, 1.5, 6.25], "texture": "#0"},
				"south": {"uv": [0.75, 3.75, 1.5, 6.25], "texture": "#0"},
				"west": {"uv": [1.5, 3.75, 2.25, 6.25], "texture": "#0"},
				"up": {"uv": [3, 4.5, 2.25, 3.75], "texture": "#0"},
				"down": {"uv": [4.5, 2.5, 3.75, 3.25], "texture": "#0"}
			}
		},
		{
			"from": [16.85072, 14.9, 11.90748],
			"to": [19.85072, 24.9, 11.90748],
			"rotation": {"angle": 22.5, "axis": "x", "origin": [18.35072, 15, 11.80748]},
			"faces": {
				"north": {"uv": [2.25, 3.75, 1.5, 6.25], "texture": "#0"},
				"east": {"uv": [0.75, 3.75, 1.5, 6.25], "texture": "#0"},
				"south": {"uv": [1.5, 3.75, 2.25, 6.25], "texture": "#0"},
				"west": {"uv": [3, 2.5, 3.75, 5], "texture": "#0"},
				"up": {"uv": [3, 4.5, 2.25, 3.75], "rotation": 270, "texture": "#0"},
				"down": {"uv": [4.5, 2.5, 3.75, 3.25], "rotation": 90, "texture": "#0"}
			}
		},
		{
			"from": [18.35072, 0, 18.80748],
			"to": [18.55072, 15, 19.00748],
			"rotation": {"angle": 0, "axis": "y", "origin": [18.35072, 0, 18.80748]},
			"faces": {
				"north": {"uv": [3.75, 3.25, 3.8125, 8.75], "texture": "#0"},
				"east": {"uv": [4, 3.25, 4.0625, 8.75], "texture": "#0"},
				"south": {"uv": [4.25, 3.25, 4.3125, 8.75], "texture": "#0"},
				"west": {"uv": [4.5, 0, 4.5625, 5.5], "texture": "#0"},
				"up": {"uv": [4.8125, 5.0625, 4.75, 5], "texture": "#0"},
				"down": {"uv": [5.0625, 4.75, 5, 4.8125], "texture": "#0"}
			}
		},
		{
			"from": [12.55072, 2, 18.70748],
			"to": [18.55072, 7, 19.10748],
			"rotation": {"angle": 22.5, "axis": "y", "origin": [18.45072, 4, 18.80748]},
			"faces": {
				"north": {"uv": [1.5, 2.5, 0, 3.75], "texture": "#0"},
				"east": {"uv": [4.75, 2.5, 4.875, 3.75], "texture": "#0"},
				"south": {"uv": [0, 2.5, 1.5, 3.75], "texture": "#0"},
				"west": {"uv": [4.75, 3.75, 4.875, 5], "texture": "#0"},
				"up": {"uv": [6.25, 0.125, 4.75, 0], "texture": "#0"},
				"down": {"uv": [6.25, 0.25, 4.75, 0.375], "texture": "#0"}
			}
		},
		{
			"from": [18.15072, 6.6, 18.70748],
			"to": [18.55072, 11.6, 24.70748],
			"rotation": {"angle": 0, "axis": "y", "origin": [18.45072, 12, 18.80748]},
			"faces": {
				"north": {"uv": [5, 1, 5.125, 2.25], "texture": "#0"},
				"east": {"uv": [0, 2.5, 1.5, 3.75], "texture": "#0"},
				"south": {"uv": [5, 2.25, 5.125, 3.5], "texture": "#0"},
				"west": {"uv": [1.5, 2.5, 0, 3.75], "texture": "#0"},
				"up": {"uv": [2.375, 6, 2.25, 4.5], "texture": "#0"},
				"down": {"uv": [2.625, 4.5, 2.5, 6], "texture": "#0"}
			}
		},
		{
			"from": [18.15072, 10.6, 18.70748],
			"to": [24.15072, 15.6, 19.10748],
			"rotation": {"angle": 22.5, "axis": "y", "origin": [18.45072, 12, 18.80748]},
			"faces": {
				"north": {"uv": [0, 2.5, 1.5, 3.75], "texture": "#0"},
				"east": {"uv": [3, 5, 3.125, 6.25], "texture": "#0"},
				"south": {"uv": [1.5, 2.5, 0, 3.75], "texture": "#0"},
				"west": {"uv": [3.25, 5, 3.375, 6.25], "texture": "#0"},
				"up": {"uv": [6.25, 0.625, 4.75, 0.5], "texture": "#0"},
				"down": {"uv": [6.25, 0.75, 4.75, 0.875], "texture": "#0"}
			}
		},
		{
			"from": [18.25072, 4, 13.10748],
			"to": [18.65072, 9, 19.10748],
			"rotation": {"angle": 0, "axis": "y", "origin": [18.45072, 7, 18.80748]},
			"faces": {
				"north": {"uv": [3.5, 5, 3.625, 6.25], "texture": "#0"},
				"east": {"uv": [1.5, 2.5, 0, 3.75], "texture": "#0"},
				"south": {"uv": [5, 3.5, 5.125, 4.75], "texture": "#0"},
				"west": {"uv": [0, 2.5, 1.5, 3.75], "texture": "#0"},
				"up": {"uv": [2.875, 6, 2.75, 4.5], "texture": "#0"},
				"down": {"uv": [4.875, 1, 4.75, 2.5], "texture": "#0"}
			}
		},
		{
			"from": [18.45072, 14.9, 17.30748],
			"to": [18.45072, 24.9, 20.30748],
			"rotation": {"angle": -22.5, "axis": "z", "origin": [18.35072, 15, 18.80748]},
			"faces": {
				"north": {"uv": [3, 2.5, 3.75, 5], "texture": "#0"},
				"east": {"uv": [2.25, 3.75, 1.5, 6.25], "texture": "#0"},
				"south": {"uv": [0.75, 3.75, 1.5, 6.25], "texture": "#0"},
				"west": {"uv": [1.5, 3.75, 2.25, 6.25], "texture": "#0"},
				"up": {"uv": [3, 4.5, 2.25, 3.75], "texture": "#0"},
				"down": {"uv": [4.5, 2.5, 3.75, 3.25], "texture": "#0"}
			}
		},
		{
			"from": [16.85072, 14.9, 18.90748],
			"to": [19.85072, 24.9, 18.90748],
			"rotation": {"angle": -22.5, "axis": "z", "origin": [18.35072, 15, 18.80748]},
			"faces": {
				"north": {"uv": [2.25, 3.75, 1.5, 6.25], "texture": "#0"},
				"east": {"uv": [0.75, 3.75, 1.5, 6.25], "texture": "#0"},
				"south": {"uv": [1.5, 3.75, 2.25, 6.25], "texture": "#0"},
				"west": {"uv": [3, 2.5, 3.75, 5], "texture": "#0"},
				"up": {"uv": [3, 4.5, 2.25, 3.75], "rotation": 270, "texture": "#0"},
				"down": {"uv": [4.5, 2.5, 3.75, 3.25], "rotation": 90, "texture": "#0"}
			}
		}
	],
	"display": {
		"fixed": {
			"rotation": [-90, 0, 0],
			"translation": [0, 0, -8]
		}
	},
	"groups": [
		{
			"name": "wheat",
			"origin": [-4.1, 9.414, -2.38611],
			"color": 0,
			"children": [0, 1, 2, 3, 4, 5, 6, 7, 8, 9, 10, 11, 12, 13, 14, 15, 16, 17, 18, 19, 20, 21, 22, 23, 24, 25, 26, 27]
		},
		{
			"name": "wheat",
			"origin": [-4.1, 9.414, -2.38611],
			"color": 0,
			"children": [28, 29, 30, 31, 32, 33, 34, 35, 36, 37, 38, 39, 40, 41, 42, 43, 44, 45, 46, 47, 48, 49, 50, 51, 52, 53, 54, 55]
		},
		{
			"name": "wheat",
			"origin": [-4.1, 9.414, -2.38611],
			"color": 0,
			"children": [56, 57, 58, 59, 60, 61, 62, 63, 64, 65, 66, 67, 68, 69, 70, 71, 72, 73, 74, 75, 76, 77, 78, 79, 80, 81, 82, 83]
		},
		{
			"name": "wheat",
			"origin": [-4.1, 9.414, -2.38611],
			"color": 0,
			"children": [84, 85, 86, 87, 88, 89, 90, 91, 92, 93, 94, 95, 96, 97, 98, 99, 100, 101, 102, 103, 104, 105, 106, 107, 108, 109, 110, 111]
		}
	]
}