{
	"credit": "Made with Blockbench",
	"texture_size": [64, 64],
	"textures": {
		"0": "item/custom/wheat_stage3",
		"particle": "item/custom/wheat_stage3"
	},
	"elements": [
		{
			"from": [-2.55597, 0, -2.06656],
			"to": [-2.35597, 15, -1.86656],
			"rotation": {"angle": 0, "axis": "y", "origin": [-2.55597, 0, -2.06656]},
			"faces": {
				"north": {"uv": [3.75, 3.25, 3.8125, 8.75], "texture": "#0"},
				"east": {"uv": [4, 3.25, 4.0625, 8.75], "texture": "#0"},
				"south": {"uv": [4.25, 3.25, 4.3125, 8.75], "texture": "#0"},
				"west": {"uv": [4.5, 0, 4.5625, 5.5], "texture": "#0"},
				"up": {"uv": [4.8125, 5.0625, 4.75, 5], "texture": "#0"},
				"down": {"uv": [5.0625, 4.75, 5, 4.8125], "texture": "#0"}
			}
		},
		{
			"from": [-8.35597, 2, -2.16656],
			"to": [-2.35597, 7, -1.76656],
			"rotation": {"angle": 22.5, "axis": "y", "origin": [-2.45597, 4, -2.06656]},
			"faces": {
				"north": {"uv": [1.5, 2.5, 0, 3.75], "texture": "#0"},
				"east": {"uv": [4.75, 2.5, 4.875, 3.75], "texture": "#0"},
				"south": {"uv": [0, 2.5, 1.5, 3.75], "texture": "#0"},
				"west": {"uv": [4.75, 3.75, 4.875, 5], "texture": "#0"},
				"up": {"uv": [6.25, 0.125, 4.75, 0], "texture": "#0"},
				"down": {"uv": [6.25, 0.25, 4.75, 0.375], "texture": "#0"}
			}
		},
		{
			"from": [-2.75597, 6.6, -2.16656],
			"to": [-2.35597, 11.6, 3.83344],
			"rotation": {"angle": 0, "axis": "y", "origin": [-2.45597, 12, -2.06656]},
			"faces": {
				"north": {"uv": [5, 1, 5.125, 2.25], "texture": "#0"},
				"east": {"uv": [0, 2.5, 1.5, 3.75], "texture": "#0"},
				"south": {"uv": [5, 2.25, 5.125, 3.5], "texture": "#0"},
				"west": {"uv": [1.5, 2.5, 0, 3.75], "texture": "#0"},
				"up": {"uv": [2.375, 6, 2.25, 4.5], "texture": "#0"},
				"down": {"uv": [2.625, 4.5, 2.5, 6], "texture": "#0"}
			}
		},
		{
			"from": [-2.75597, 10.6, -2.16656],
			"to": [3.24403, 15.6, -1.76656],
			"rotation": {"angle": 22.5, "axis": "y", "origin": [-2.45597, 12, -2.06656]},
			"faces": {
				"north": {"uv": [0, 2.5, 1.5, 3.75], "texture": "#0"},
				"east": {"uv": [3, 5, 3.125, 6.25], "texture": "#0"},
				"south": {"uv": [1.5, 2.5, 0, 3.75], "texture": "#0"},
				"west": {"uv": [3.25, 5, 3.375, 6.25], "texture": "#0"},
				"up": {"uv": [6.25, 0.625, 4.75, 0.5], "texture": "#0"},
				"down": {"uv": [6.25, 0.75, 4.75, 0.875], "texture": "#0"}
			}
		},
		{
			"from": [-2.65597, 4, -7.76656],
			"to": [-2.25597, 9, -1.76656],
			"rotation": {"angle": 0, "axis": "y", "origin": [-2.45597, 7, -2.06656]},
			"faces": {
				"north": {"uv": [3.5, 5, 3.625, 6.25], "texture": "#0"},
				"east": {"uv": [1.5, 2.5, 0, 3.75], "texture": "#0"},
				"south": {"uv": [5, 3.5, 5.125, 4.75], "texture": "#0"},
				"west": {"uv": [0, 2.5, 1.5, 3.75], "texture": "#0"},
				"up": {"uv": [2.875, 6, 2.75, 4.5], "texture": "#0"},
				"down": {"uv": [4.875, 1, 4.75, 2.5], "texture": "#0"}
			}
		},
		{
			"from": [-2.45597, 14.9, -3.56656],
			"to": [-2.45597, 24.9, -0.56656],
			"rotation": {"angle": 22.5, "axis": "z", "origin": [-2.55597, 15, -2.06656]},
			"faces": {
				"north": {"uv": [3, 2.5, 3.75, 5], "texture": "#0"},
				"east": {"uv": [2.25, 3.75, 1.5, 6.25], "texture": "#0"},
				"south": {"uv": [0.75, 3.75, 1.5, 6.25], "texture": "#0"},
				"west": {"uv": [1.5, 3.75, 2.25, 6.25], "texture": "#0"},
				"up": {"uv": [3, 4.5, 2.25, 3.75], "texture": "#0"},
				"down": {"uv": [4.5, 2.5, 3.75, 3.25], "texture": "#0"}
			}
		},
		{
			"from": [-4.05597, 14.9, -1.96656],
			"to": [-1.05597, 24.9, -1.96656],
			"rotation": {"angle": 22.5, "axis": "z", "origin": [-2.55597, 15, -2.06656]},
			"faces": {
				"north": {"uv": [2.25, 3.75, 1.5, 6.25], "texture": "#0"},
				"east": {"uv": [0.75, 3.75, 1.5, 6.25], "texture": "#0"},
				"south": {"uv": [1.5, 3.75, 2.25, 6.25], "texture": "#0"},
				"west": {"uv": [3, 2.5, 3.75, 5], "texture": "#0"},
				"up": {"uv": [3, 4.5, 2.25, 3.75], "rotation": 270, "texture": "#0"},
				"down": {"uv": [4.5, 2.5, 3.75, 3.25], "rotation": 90, "texture": "#0"}
			}
		},
		{
			"from": [-2.55597, 0, 4.93344],
			"to": [-2.35597, 15, 5.13344],
			"rotation": {"angle": 0, "axis": "y", "origin": [-2.55597, 0, 4.93344]},
			"faces": {
				"north": {"uv": [3.75, 3.25, 3.8125, 8.75], "texture": "#0"},
				"east": {"uv": [4, 3.25, 4.0625, 8.75], "texture": "#0"},
				"south": {"uv": [4.25, 3.25, 4.3125, 8.75], "texture": "#0"},
				"west": {"uv": [4.5, 0, 4.5625, 5.5], "texture": "#0"},
				"up": {"uv": [4.8125, 5.0625, 4.75, 5], "texture": "#0"},
				"down": {"uv": [5.0625, 4.75, 5, 4.8125], "texture": "#0"}
			}
		},
		{
			"from": [-8.35597, 2, 4.83344],
			"to": [-2.35597, 7, 5.23344],
			"rotation": {"angle": 22.5, "axis": "y", "origin": [-2.45597, 4, 4.93344]},
			"faces": {
				"north": {"uv": [1.5, 2.5, 0, 3.75], "texture": "#0"},
				"east": {"uv": [4.75, 2.5, 4.875, 3.75], "texture": "#0"},
				"south": {"uv": [0, 2.5, 1.5, 3.75], "texture": "#0"},
				"west": {"uv": [4.75, 3.75, 4.875, 5], "texture": "#0"},
				"up": {"uv": [6.25, 0.125, 4.75, 0], "texture": "#0"},
				"down": {"uv": [6.25, 0.25, 4.75, 0.375], "texture": "#0"}
			}
		},
		{
			"from": [-2.75597, 6.6, 4.83344],
			"to": [-2.35597, 11.6, 10.83344],
			"rotation": {"angle": 0, "axis": "y", "origin": [-2.45597, 12, 4.93344]},
			"faces": {
				"north": {"uv": [5, 1, 5.125, 2.25], "texture": "#0"},
				"east": {"uv": [0, 2.5, 1.5, 3.75], "texture": "#0"},
				"south": {"uv": [5, 2.25, 5.125, 3.5], "texture": "#0"},
				"west": {"uv": [1.5, 2.5, 0, 3.75], "texture": "#0"},
				"up": {"uv": [2.375, 6, 2.25, 4.5], "texture": "#0"},
				"down": {"uv": [2.625, 4.5, 2.5, 6], "texture": "#0"}
			}
		},
		{
			"from": [-2.75597, 10.6, 4.83344],
			"to": [3.24403, 15.6, 5.23344],
			"rotation": {"angle": 22.5, "axis": "y", "origin": [-2.45597, 12, 4.93344]},
			"faces": {
				"north": {"uv": [0, 2.5, 1.5, 3.75], "texture": "#0"},
				"east": {"uv": [3, 5, 3.125, 6.25], "texture": "#0"},
				"south": {"uv": [1.5, 2.5, 0, 3.75], "texture": "#0"},
				"west": {"uv": [3.25, 5, 3.375, 6.25], "texture": "#0"},
				"up": {"uv": [6.25, 0.625, 4.75, 0.5], "texture": "#0"},
				"down": {"uv": [6.25, 0.75, 4.75, 0.875], "texture": "#0"}
			}
		},
		{
			"from": [-2.65597, 4, -0.76656],
			"to": [-2.25597, 9, 5.23344],
			"rotation": {"angle": 0, "axis": "y", "origin": [-2.45597, 7, 4.93344]},
			"faces": {
				"north": {"uv": [3.5, 5, 3.625, 6.25], "texture": "#0"},
				"east": {"uv": [1.5, 2.5, 0, 3.75], "texture": "#0"},
				"south": {"uv": [5, 3.5, 5.125, 4.75], "texture": "#0"},
				"west": {"uv": [0, 2.5, 1.5, 3.75], "texture": "#0"},
				"up": {"uv": [2.875, 6, 2.75, 4.5], "texture": "#0"},
				"down": {"uv": [4.875, 1, 4.75, 2.5], "texture": "#0"}
			}
		},
		{
			"from": [-2.45597, 14.9, 3.43344],
			"to": [-2.45597, 24.9, 6.43344],
			"rotation": {"angle": -22.5, "axis": "x", "origin": [-2.55597, 15, 4.93344]},
			"faces": {
				"north": {"uv": [3, 2.5, 3.75, 5], "texture": "#0"},
				"east": {"uv": [2.25, 3.75, 1.5, 6.25], "texture": "#0"},
				"south": {"uv": [0.75, 3.75, 1.5, 6.25], "texture": "#0"},
				"west": {"uv": [1.5, 3.75, 2.25, 6.25], "texture": "#0"},
				"up": {"uv": [3, 4.5, 2.25, 3.75], "texture": "#0"},
				"down": {"uv": [4.5, 2.5, 3.75, 3.25], "texture": "#0"}
			}
		},
		{
			"from": [-4.05597, 14.9, 5.03344],
			"to": [-1.05597, 24.9, 5.03344],
			"rotation": {"angle": -22.5, "axis": "x", "origin": [-2.55597, 15, 4.93344]},
			"faces": {
				"north": {"uv": [2.25, 3.75, 1.5, 6.25], "texture": "#0"},
				"east": {"uv": [0.75, 3.75, 1.5, 6.25], "texture": "#0"},
				"south": {"uv": [1.5, 3.75, 2.25, 6.25], "texture": "#0"},
				"west": {"uv": [3, 2.5, 3.75, 5], "texture": "#0"},
				"up": {"uv": [3, 4.5, 2.25, 3.75], "rotation": 270, "texture": "#0"},
				"down": {"uv": [4.5, 2.5, 3.75, 3.25], "rotation": 90, "texture": "#0"}
			}
		},
		{
			"from": [-2.55597, 0, 11.93344],
			"to": [-2.35597, 15, 12.13344],
			"rotation": {"angle": 0, "axis": "y", "origin": [-2.55597, 0, 11.93344]},
			"faces": {
				"north": {"uv": [3.75, 3.25, 3.8125, 8.75], "texture": "#0"},
				"east": {"uv": [4, 3.25, 4.0625, 8.75], "texture": "#0"},
				"south": {"uv": [4.25, 3.25, 4.3125, 8.75], "texture": "#0"},
				"west": {"uv": [4.5, 0, 4.5625, 5.5], "texture": "#0"},
				"up": {"uv": [4.8125, 5.0625, 4.75, 5], "texture": "#0"},
				"down": {"uv": [5.0625, 4.75, 5, 4.8125], "texture": "#0"}
			}
		},
		{
			"from": [-8.35597, 2, 11.83344],
			"to": [-2.35597, 7, 12.23344],
			"rotation": {"angle": 22.5, "axis": "y", "origin": [-2.45597, 4, 11.93344]},
			"faces": {
				"north": {"uv": [1.5, 2.5, 0, 3.75], "texture": "#0"},
				"east": {"uv": [4.75, 2.5, 4.875, 3.75], "texture": "#0"},
				"south": {"uv": [0, 2.5, 1.5, 3.75], "texture": "#0"},
				"west": {"uv": [4.75, 3.75, 4.875, 5], "texture": "#0"},
				"up": {"uv": [6.25, 0.125, 4.75, 0], "texture": "#0"},
				"down": {"uv": [6.25, 0.25, 4.75, 0.375], "texture": "#0"}
			}
		},
		{
			"from": [-2.75597, 6.6, 11.83344],
			"to": [-2.35597, 11.6, 17.83344],
			"rotation": {"angle": 0, "axis": "y", "origin": [-2.45597, 12, 11.93344]},
			"faces": {
				"north": {"uv": [5, 1, 5.125, 2.25], "texture": "#0"},
				"east": {"uv": [0, 2.5, 1.5, 3.75], "texture": "#0"},
				"south": {"uv": [5, 2.25, 5.125, 3.5], "texture": "#0"},
				"west": {"uv": [1.5, 2.5, 0, 3.75], "texture": "#0"},
				"up": {"uv": [2.375, 6, 2.25, 4.5], "texture": "#0"},
				"down": {"uv": [2.625, 4.5, 2.5, 6], "texture": "#0"}
			}
		},
		{
			"from": [-2.75597, 10.6, 11.83344],
			"to": [3.24403, 15.6, 12.23344],
			"rotation": {"angle": 22.5, "axis": "y", "origin": [-2.45597, 12, 11.93344]},
			"faces": {
				"north": {"uv": [0, 2.5, 1.5, 3.75], "texture": "#0"},
				"east": {"uv": [3, 5, 3.125, 6.25], "texture": "#0"},
				"south": {"uv": [1.5, 2.5, 0, 3.75], "texture": "#0"},
				"west": {"uv": [3.25, 5, 3.375, 6.25], "texture": "#0"},
				"up": {"uv": [6.25, 0.625, 4.75, 0.5], "texture": "#0"},
				"down": {"uv": [6.25, 0.75, 4.75, 0.875], "texture": "#0"}
			}
		},
		{
			"from": [-2.65597, 4, 6.23344],
			"to": [-2.25597, 9, 12.23344],
			"rotation": {"angle": 0, "axis": "y", "origin": [-2.45597, 7, 11.93344]},
			"faces": {
				"north": {"uv": [3.5, 5, 3.625, 6.25], "texture": "#0"},
				"east": {"uv": [1.5, 2.5, 0, 3.75], "texture": "#0"},
				"south": {"uv": [5, 3.5, 5.125, 4.75], "texture": "#0"},
				"west": {"uv": [0, 2.5, 1.5, 3.75], "texture": "#0"},
				"up": {"uv": [2.875, 6, 2.75, 4.5], "texture": "#0"},
				"down": {"uv": [4.875, 1, 4.75, 2.5], "texture": "#0"}
			}
		},
		{
			"from": [-2.45597, 14.9, 10.43344],
			"to": [-2.45597, 24.9, 13.43344],
			"rotation": {"angle": 22.5, "axis": "z", "origin": [-2.55597, 15, 11.93344]},
			"faces": {
				"north": {"uv": [3, 2.5, 3.75, 5], "texture": "#0"},
				"east": {"uv": [2.25, 3.75, 1.5, 6.25], "texture": "#0"},
				"south": {"uv": [0.75, 3.75, 1.5, 6.25], "texture": "#0"},
				"west": {"uv": [1.5, 3.75, 2.25, 6.25], "texture": "#0"},
				"up": {"uv": [3, 4.5, 2.25, 3.75], "texture": "#0"},
				"down": {"uv": [4.5, 2.5, 3.75, 3.25], "texture": "#0"}
			}
		},
		{
			"from": [-4.05597, 14.9, 12.03344],
			"to": [-1.05597, 24.9, 12.03344],
			"rotation": {"angle": 22.5, "axis": "z", "origin": [-2.55597, 15, 11.93344]},
			"faces": {
				"north": {"uv": [2.25, 3.75, 1.5, 6.25], "texture": "#0"},
				"east": {"uv": [0.75, 3.75, 1.5, 6.25], "texture": "#0"},
				"south": {"uv": [1.5, 3.75, 2.25, 6.25], "texture": "#0"},
				"west": {"uv": [3, 2.5, 3.75, 5], "texture": "#0"},
				"up": {"uv": [3, 4.5, 2.25, 3.75], "rotation": 270, "texture": "#0"},
				"down": {"uv": [4.5, 2.5, 3.75, 3.25], "rotation": 90, "texture": "#0"}
			}
		},
		{
			"from": [-2.55597, 0, 18.93344],
			"to": [-2.35597, 15, 19.13344],
			"rotation": {"angle": 0, "axis": "y", "origin": [-2.55597, 0, 18.93344]},
			"faces": {
				"north": {"uv": [3.75, 3.25, 3.8125, 8.75], "texture": "#0"},
				"east": {"uv": [4, 3.25, 4.0625, 8.75], "texture": "#0"},
				"south": {"uv": [4.25, 3.25, 4.3125, 8.75], "texture": "#0"},
				"west": {"uv": [4.5, 0, 4.5625, 5.5], "texture": "#0"},
				"up": {"uv": [4.8125, 5.0625, 4.75, 5], "texture": "#0"},
				"down": {"uv": [5.0625, 4.75, 5, 4.8125], "texture": "#0"}
			}
		},
		{
			"from": [-8.35597, 2, 18.83344],
			"to": [-2.35597, 7, 19.23344],
			"rotation": {"angle": 22.5, "axis": "y", "origin": [-2.45597, 4, 18.93344]},
			"faces": {
				"north": {"uv": [1.5, 2.5, 0, 3.75], "texture": "#0"},
				"east": {"uv": [4.75, 2.5, 4.875, 3.75], "texture": "#0"},
				"south": {"uv": [0, 2.5, 1.5, 3.75], "texture": "#0"},
				"west": {"uv": [4.75, 3.75, 4.875, 5], "texture": "#0"},
				"up": {"uv": [6.25, 0.125, 4.75, 0], "texture": "#0"},
				"down": {"uv": [6.25, 0.25, 4.75, 0.375], "texture": "#0"}
			}
		},
		{
			"from": [-2.75597, 6.6, 18.83344],
			"to": [-2.35597, 11.6, 24.83344],
			"rotation": {"angle": 0, "axis": "y", "origin": [-2.45597, 12, 18.93344]},
			"faces": {
				"north": {"uv": [5, 1, 5.125, 2.25], "texture": "#0"},
				"east": {"uv": [0, 2.5, 1.5, 3.75], "texture": "#0"},
				"south": {"uv": [5, 2.25, 5.125, 3.5], "texture": "#0"},
				"west": {"uv": [1.5, 2.5, 0, 3.75], "texture": "#0"},
				"up": {"uv": [2.375, 6, 2.25, 4.5], "texture": "#0"},
				"down": {"uv": [2.625, 4.5, 2.5, 6], "texture": "#0"}
			}
		},
		{
			"from": [-2.75597, 10.6, 18.83344],
			"to": [3.24403, 15.6, 19.23344],
			"rotation": {"angle": 22.5, "axis": "y", "origin": [-2.45597, 12, 18.93344]},
			"faces": {
				"north": {"uv": [0, 2.5, 1.5, 3.75], "texture": "#0"},
				"east": {"uv": [3, 5, 3.125, 6.25], "texture": "#0"},
				"south": {"uv": [1.5, 2.5, 0, 3.75], "texture": "#0"},
				"west": {"uv": [3.25, 5, 3.375, 6.25], "texture": "#0"},
				"up": {"uv": [6.25, 0.625, 4.75, 0.5], "texture": "#0"},
				"down": {"uv": [6.25, 0.75, 4.75, 0.875], "texture": "#0"}
			}
		},
		{
			"from": [-2.65597, 4, 13.23344],
			"to": [-2.25597, 9, 19.23344],
			"rotation": {"angle": 0, "axis": "y", "origin": [-2.45597, 7, 18.93344]},
			"faces": {
				"north": {"uv": [3.5, 5, 3.625, 6.25], "texture": "#0"},
				"east": {"uv": [1.5, 2.5, 0, 3.75], "texture": "#0"},
				"south": {"uv": [5, 3.5, 5.125, 4.75], "texture": "#0"},
				"west": {"uv": [0, 2.5, 1.5, 3.75], "texture": "#0"},
				"up": {"uv": [2.875, 6, 2.75, 4.5], "texture": "#0"},
				"down": {"uv": [4.875, 1, 4.75, 2.5], "texture": "#0"}
			}
		},
		{
			"from": [-2.45597, 14.9, 17.43344],
			"to": [-2.45597, 24.9, 20.43344],
			"rotation": {"angle": 22.5, "axis": "x", "origin": [-2.55597, 15, 18.93344]},
			"faces": {
				"north": {"uv": [3, 2.5, 3.75, 5], "texture": "#0"},
				"east": {"uv": [2.25, 3.75, 1.5, 6.25], "texture": "#0"},
				"south": {"uv": [0.75, 3.75, 1.5, 6.25], "texture": "#0"},
				"west": {"uv": [1.5, 3.75, 2.25, 6.25], "texture": "#0"},
				"up": {"uv": [3, 4.5, 2.25, 3.75], "texture": "#0"},
				"down": {"uv": [4.5, 2.5, 3.75, 3.25], "texture": "#0"}
			}
		},
		{
			"from": [-4.05597, 14.9, 19.03344],
			"to": [-1.05597, 24.9, 19.03344],
			"rotation": {"angle": 22.5, "axis": "x", "origin": [-2.55597, 15, 18.93344]},
			"faces": {
				"north": {"uv": [2.25, 3.75, 1.5, 6.25], "texture": "#0"},
				"east": {"uv": [0.75, 3.75, 1.5, 6.25], "texture": "#0"},
				"south": {"uv": [1.5, 3.75, 2.25, 6.25], "texture": "#0"},
				"west": {"uv": [3, 2.5, 3.75, 5], "texture": "#0"},
				"up": {"uv": [3, 4.5, 2.25, 3.75], "rotation": 270, "texture": "#0"},
				"down": {"uv": [4.5, 2.5, 3.75, 3.25], "rotation": 90, "texture": "#0"}
			}
		},
		{
			"from": [4.44403, 0, -2.06656],
			"to": [4.64403, 15, -1.86656],
			"rotation": {"angle": 0, "axis": "y", "origin": [4.44403, 0, -2.06656]},
			"faces": {
				"north": {"uv": [3.75, 3.25, 3.8125, 8.75], "texture": "#0"},
				"east": {"uv": [4, 3.25, 4.0625, 8.75], "texture": "#0"},
				"south": {"uv": [4.25, 3.25, 4.3125, 8.75], "texture": "#0"},
				"west": {"uv": [4.5, 0, 4.5625, 5.5], "texture": "#0"},
				"up": {"uv": [4.8125, 5.0625, 4.75, 5], "texture": "#0"},
				"down": {"uv": [5.0625, 4.75, 5, 4.8125], "texture": "#0"}
			}
		},
		{
			"from": [-1.35597, 2, -2.16656],
			"to": [4.64403, 7, -1.76656],
			"rotation": {"angle": 22.5, "axis": "y", "origin": [4.54403, 4, -2.06656]},
			"faces": {
				"north": {"uv": [1.5, 2.5, 0, 3.75], "texture": "#0"},
				"east": {"uv": [4.75, 2.5, 4.875, 3.75], "texture": "#0"},
				"south": {"uv": [0, 2.5, 1.5, 3.75], "texture": "#0"},
				"west": {"uv": [4.75, 3.75, 4.875, 5], "texture": "#0"},
				"up": {"uv": [6.25, 0.125, 4.75, 0], "texture": "#0"},
				"down": {"uv": [6.25, 0.25, 4.75, 0.375], "texture": "#0"}
			}
		},
		{
			"from": [4.24403, 6.6, -2.16656],
			"to": [4.64403, 11.6, 3.83344],
			"rotation": {"angle": 0, "axis": "y", "origin": [4.54403, 12, -2.06656]},
			"faces": {
				"north": {"uv": [5, 1, 5.125, 2.25], "texture": "#0"},
				"east": {"uv": [0, 2.5, 1.5, 3.75], "texture": "#0"},
				"south": {"uv": [5, 2.25, 5.125, 3.5], "texture": "#0"},
				"west": {"uv": [1.5, 2.5, 0, 3.75], "texture": "#0"},
				"up": {"uv": [2.375, 6, 2.25, 4.5], "texture": "#0"},
				"down": {"uv": [2.625, 4.5, 2.5, 6], "texture": "#0"}
			}
		},
		{
			"from": [4.24403, 10.6, -2.16656],
			"to": [10.24403, 15.6, -1.76656],
			"rotation": {"angle": 22.5, "axis": "y", "origin": [4.54403, 12, -2.06656]},
			"faces": {
				"north": {"uv": [0, 2.5, 1.5, 3.75], "texture": "#0"},
				"east": {"uv": [3, 5, 3.125, 6.25], "texture": "#0"},
				"south": {"uv": [1.5, 2.5, 0, 3.75], "texture": "#0"},
				"west": {"uv": [3.25, 5, 3.375, 6.25], "texture": "#0"},
				"up": {"uv": [6.25, 0.625, 4.75, 0.5], "texture": "#0"},
				"down": {"uv": [6.25, 0.75, 4.75, 0.875], "texture": "#0"}
			}
		},
		{
			"from": [4.34403, 4, -7.76656],
			"to": [4.74403, 9, -1.76656],
			"rotation": {"angle": 0, "axis": "y", "origin": [4.54403, 7, -2.06656]},
			"faces": {
				"north": {"uv": [3.5, 5, 3.625, 6.25], "texture": "#0"},
				"east": {"uv": [1.5, 2.5, 0, 3.75], "texture": "#0"},
				"south": {"uv": [5, 3.5, 5.125, 4.75], "texture": "#0"},
				"west": {"uv": [0, 2.5, 1.5, 3.75], "texture": "#0"},
				"up": {"uv": [2.875, 6, 2.75, 4.5], "texture": "#0"},
				"down": {"uv": [4.875, 1, 4.75, 2.5], "texture": "#0"}
			}
		},
		{
			"from": [4.54403, 14.9, -3.56656],
			"to": [4.54403, 24.9, -0.56656],
			"rotation": {"angle": -22.5, "axis": "x", "origin": [4.44403, 15, -2.06656]},
			"faces": {
				"north": {"uv": [3, 2.5, 3.75, 5], "texture": "#0"},
				"east": {"uv": [2.25, 3.75, 1.5, 6.25], "texture": "#0"},
				"south": {"uv": [0.75, 3.75, 1.5, 6.25], "texture": "#0"},
				"west": {"uv": [1.5, 3.75, 2.25, 6.25], "texture": "#0"},
				"up": {"uv": [3, 4.5, 2.25, 3.75], "texture": "#0"},
				"down": {"uv": [4.5, 2.5, 3.75, 3.25], "texture": "#0"}
			}
		},
		{
			"from": [2.94403, 14.9, -1.96656],
			"to": [5.94403, 24.9, -1.96656],
			"rotation": {"angle": -22.5, "axis": "x", "origin": [4.44403, 15, -2.06656]},
			"faces": {
				"north": {"uv": [2.25, 3.75, 1.5, 6.25], "texture": "#0"},
				"east": {"uv": [0.75, 3.75, 1.5, 6.25], "texture": "#0"},
				"south": {"uv": [1.5, 3.75, 2.25, 6.25], "texture": "#0"},
				"west": {"uv": [3, 2.5, 3.75, 5], "texture": "#0"},
				"up": {"uv": [3, 4.5, 2.25, 3.75], "rotation": 270, "texture": "#0"},
				"down": {"uv": [4.5, 2.5, 3.75, 3.25], "rotation": 90, "texture": "#0"}
			}
		},
		{
			"from": [4.44403, 0, 4.93344],
			"to": [4.64403, 15, 5.13344],
			"rotation": {"angle": 0, "axis": "y", "origin": [4.44403, 0, 4.93344]},
			"faces": {
				"north": {"uv": [3.75, 3.25, 3.8125, 8.75], "texture": "#0"},
				"east": {"uv": [4, 3.25, 4.0625, 8.75], "texture": "#0"},
				"south": {"uv": [4.25, 3.25, 4.3125, 8.75], "texture": "#0"},
				"west": {"uv": [4.5, 0, 4.5625, 5.5], "texture": "#0"},
				"up": {"uv": [4.8125, 5.0625, 4.75, 5], "texture": "#0"},
				"down": {"uv": [5.0625, 4.75, 5, 4.8125], "texture": "#0"}
			}
		},
		{
			"from": [-1.35597, 2, 4.83344],
			"to": [4.64403, 7, 5.23344],
			"rotation": {"angle": 22.5, "axis": "y", "origin": [4.54403, 4, 4.93344]},
			"faces": {
				"north": {"uv": [1.5, 2.5, 0, 3.75], "texture": "#0"},
				"east": {"uv": [4.75, 2.5, 4.875, 3.75], "texture": "#0"},
				"south": {"uv": [0, 2.5, 1.5, 3.75], "texture": "#0"},
				"west": {"uv": [4.75, 3.75, 4.875, 5], "texture": "#0"},
				"up": {"uv": [6.25, 0.125, 4.75, 0], "texture": "#0"},
				"down": {"uv": [6.25, 0.25, 4.75, 0.375], "texture": "#0"}
			}
		},
		{
			"from": [4.24403, 6.6, 4.83344],
			"to": [4.64403, 11.6, 10.83344],
			"rotation": {"angle": 0, "axis": "y", "origin": [4.54403, 12, 4.93344]},
			"faces": {
				"north": {"uv": [5, 1, 5.125, 2.25], "texture": "#0"},
				"east": {"uv": [0, 2.5, 1.5, 3.75], "texture": "#0"},
				"south": {"uv": [5, 2.25, 5.125, 3.5], "texture": "#0"},
				"west": {"uv": [1.5, 2.5, 0, 3.75], "texture": "#0"},
				"up": {"uv": [2.375, 6, 2.25, 4.5], "texture": "#0"},
				"down": {"uv": [2.625, 4.5, 2.5, 6], "texture": "#0"}
			}
		},
		{
			"from": [4.24403, 10.6, 4.83344],
			"to": [10.24403, 15.6, 5.23344],
			"rotation": {"angle": 22.5, "axis": "y", "origin": [4.54403, 12, 4.93344]},
			"faces": {
				"north": {"uv": [0, 2.5, 1.5, 3.75], "texture": "#0"},
				"east": {"uv": [3, 5, 3.125, 6.25], "texture": "#0"},
				"south": {"uv": [1.5, 2.5, 0, 3.75], "texture": "#0"},
				"west": {"uv": [3.25, 5, 3.375, 6.25], "texture": "#0"},
				"up": {"uv": [6.25, 0.625, 4.75, 0.5], "texture": "#0"},
				"down": {"uv": [6.25, 0.75, 4.75, 0.875], "texture": "#0"}
			}
		},
		{
			"from": [4.34403, 4, -0.76656],
			"to": [4.74403, 9, 5.23344],
			"rotation": {"angle": 0, "axis": "y", "origin": [4.54403, 7, 4.93344]},
			"faces": {
				"north": {"uv": [3.5, 5, 3.625, 6.25], "texture": "#0"},
				"east": {"uv": [1.5, 2.5, 0, 3.75], "texture": "#0"},
				"south": {"uv": [5, 3.5, 5.125, 4.75], "texture": "#0"},
				"west": {"uv": [0, 2.5, 1.5, 3.75], "texture": "#0"},
				"up": {"uv": [2.875, 6, 2.75, 4.5], "texture": "#0"},
				"down": {"uv": [4.875, 1, 4.75, 2.5], "texture": "#0"}
			}
		},
		{
			"from": [4.54403, 14.9, 3.43344],
			"to": [4.54403, 24.9, 6.43344],
			"rotation": {"angle": 22.5, "axis": "x", "origin": [4.44403, 15, 4.93344]},
			"faces": {
				"north": {"uv": [3, 2.5, 3.75, 5], "texture": "#0"},
				"east": {"uv": [2.25, 3.75, 1.5, 6.25], "texture": "#0"},
				"south": {"uv": [0.75, 3.75, 1.5, 6.25], "texture": "#0"},
				"west": {"uv": [1.5, 3.75, 2.25, 6.25], "texture": "#0"},
				"up": {"uv": [3, 4.5, 2.25, 3.75], "texture": "#0"},
				"down": {"uv": [4.5, 2.5, 3.75, 3.25], "texture": "#0"}
			}
		},
		{
			"from": [2.94403, 14.9, 5.03344],
			"to": [5.94403, 24.9, 5.03344],
			"rotation": {"angle": 22.5, "axis": "x", "origin": [4.44403, 15, 4.93344]},
			"faces": {
				"north": {"uv": [2.25, 3.75, 1.5, 6.25], "texture": "#0"},
				"east": {"uv": [0.75, 3.75, 1.5, 6.25], "texture": "#0"},
				"south": {"uv": [1.5, 3.75, 2.25, 6.25], "texture": "#0"},
				"west": {"uv": [3, 2.5, 3.75, 5], "texture": "#0"},
				"up": {"uv": [3, 4.5, 2.25, 3.75], "rotation": 270, "texture": "#0"},
				"down": {"uv": [4.5, 2.5, 3.75, 3.25], "rotation": 90, "texture": "#0"}
			}
		},
		{
			"from": [4.44403, 0, 11.93344],
			"to": [4.64403, 15, 12.13344],
			"rotation": {"angle": 0, "axis": "y", "origin": [4.44403, 0, 11.93344]},
			"faces": {
				"north": {"uv": [3.75, 3.25, 3.8125, 8.75], "texture": "#0"},
				"east": {"uv": [4, 3.25, 4.0625, 8.75], "texture": "#0"},
				"south": {"uv": [4.25, 3.25, 4.3125, 8.75], "texture": "#0"},
				"west": {"uv": [4.5, 0, 4.5625, 5.5], "texture": "#0"},
				"up": {"uv": [4.8125, 5.0625, 4.75, 5], "texture": "#0"},
				"down": {"uv": [5.0625, 4.75, 5, 4.8125], "texture": "#0"}
			}
		},
		{
			"from": [-1.35597, 2, 11.83344],
			"to": [4.64403, 7, 12.23344],
			"rotation": {"angle": 22.5, "axis": "y", "origin": [4.54403, 4, 11.93344]},
			"faces": {
				"north": {"uv": [1.5, 2.5, 0, 3.75], "texture": "#0"},
				"east": {"uv": [4.75, 2.5, 4.875, 3.75], "texture": "#0"},
				"south": {"uv": [0, 2.5, 1.5, 3.75], "texture": "#0"},
				"west": {"uv": [4.75, 3.75, 4.875, 5], "texture": "#0"},
				"up": {"uv": [6.25, 0.125, 4.75, 0], "texture": "#0"},
				"down": {"uv": [6.25, 0.25, 4.75, 0.375], "texture": "#0"}
			}
		},
		{
			"from": [4.24403, 6.6, 11.83344],
			"to": [4.64403, 11.6, 17.83344],
			"rotation": {"angle": 0, "axis": "y", "origin": [4.54403, 12, 11.93344]},
			"faces": {
				"north": {"uv": [5, 1, 5.125, 2.25], "texture": "#0"},
				"east": {"uv": [0, 2.5, 1.5, 3.75], "texture": "#0"},
				"south": {"uv": [5, 2.25, 5.125, 3.5], "texture": "#0"},
				"west": {"uv": [1.5, 2.5, 0, 3.75], "texture": "#0"},
				"up": {"uv": [2.375, 6, 2.25, 4.5], "texture": "#0"},
				"down": {"uv": [2.625, 4.5, 2.5, 6], "texture": "#0"}
			}
		},
		{
			"from": [4.24403, 10.6, 11.83344],
			"to": [10.24403, 15.6, 12.23344],
			"rotation": {"angle": 22.5, "axis": "y", "origin": [4.54403, 12, 11.93344]},
			"faces": {
				"north": {"uv": [0, 2.5, 1.5, 3.75], "texture": "#0"},
				"east": {"uv": [3, 5, 3.125, 6.25], "texture": "#0"},
				"south": {"uv": [1.5, 2.5, 0, 3.75], "texture": "#0"},
				"west": {"uv": [3.25, 5, 3.375, 6.25], "texture": "#0"},
				"up": {"uv": [6.25, 0.625, 4.75, 0.5], "texture": "#0"},
				"down": {"uv": [6.25, 0.75, 4.75, 0.875], "texture": "#0"}
			}
		},
		{
			"from": [4.34403, 4, 6.23344],
			"to": [4.74403, 9, 12.23344],
			"rotation": {"angle": 0, "axis": "y", "origin": [4.54403, 7, 11.93344]},
			"faces": {
				"north": {"uv": [3.5, 5, 3.625, 6.25], "texture": "#0"},
				"east": {"uv": [1.5, 2.5, 0, 3.75], "texture": "#0"},
				"south": {"uv": [5, 3.5, 5.125, 4.75], "texture": "#0"},
				"west": {"uv": [0, 2.5, 1.5, 3.75], "texture": "#0"},
				"up": {"uv": [2.875, 6, 2.75, 4.5], "texture": "#0"},
				"down": {"uv": [4.875, 1, 4.75, 2.5], "texture": "#0"}
			}
		},
		{
			"from": [4.54403, 14.9, 10.43344],
			"to": [4.54403, 24.9, 13.43344],
			"rotation": {"angle": 22.5, "axis": "x", "origin": [4.44403, 15, 11.93344]},
			"faces": {
				"north": {"uv": [3, 2.5, 3.75, 5], "texture": "#0"},
				"east": {"uv": [2.25, 3.75, 1.5, 6.25], "texture": "#0"},
				"south": {"uv": [0.75, 3.75, 1.5, 6.25], "texture": "#0"},
				"west": {"uv": [1.5, 3.75, 2.25, 6.25], "texture": "#0"},
				"up": {"uv": [3, 4.5, 2.25, 3.75], "texture": "#0"},
				"down": {"uv": [4.5, 2.5, 3.75, 3.25], "texture": "#0"}
			}
		},
		{
			"from": [2.94403, 14.9, 12.03344],
			"to": [5.94403, 24.9, 12.03344],
			"rotation": {"angle": 22.5, "axis": "x", "origin": [4.44403, 15, 11.93344]},
			"faces": {
				"north": {"uv": [2.25, 3.75, 1.5, 6.25], "texture": "#0"},
				"east": {"uv": [0.75, 3.75, 1.5, 6.25], "texture": "#0"},
				"south": {"uv": [1.5, 3.75, 2.25, 6.25], "texture": "#0"},
				"west": {"uv": [3, 2.5, 3.75, 5], "texture": "#0"},
				"up": {"uv": [3, 4.5, 2.25, 3.75], "rotation": 270, "texture": "#0"},
				"down": {"uv": [4.5, 2.5, 3.75, 3.25], "rotation": 90, "texture": "#0"}
			}
		},
		{
			"from": [4.44403, 0, 18.93344],
			"to": [4.64403, 15, 19.13344],
			"rotation": {"angle": 0, "axis": "y", "origin": [4.44403, 0, 18.93344]},
			"faces": {
				"north": {"uv": [3.75, 3.25, 3.8125, 8.75], "texture": "#0"},
				"east": {"uv": [4, 3.25, 4.0625, 8.75], "texture": "#0"},
				"south": {"uv": [4.25, 3.25, 4.3125, 8.75], "texture": "#0"},
				"west": {"uv": [4.5, 0, 4.5625, 5.5], "texture": "#0"},
				"up": {"uv": [4.8125, 5.0625, 4.75, 5], "texture": "#0"},
				"down": {"uv": [5.0625, 4.75, 5, 4.8125], "texture": "#0"}
			}
		},
		{
			"from": [-1.35597, 2, 18.83344],
			"to": [4.64403, 7, 19.23344],
			"rotation": {"angle": 22.5, "axis": "y", "origin": [4.54403, 4, 18.93344]},
			"faces": {
				"north": {"uv": [1.5, 2.5, 0, 3.75], "texture": "#0"},
				"east": {"uv": [4.75, 2.5, 4.875, 3.75], "texture": "#0"},
				"south": {"uv": [0, 2.5, 1.5, 3.75], "texture": "#0"},
				"west": {"uv": [4.75, 3.75, 4.875, 5], "texture": "#0"},
				"up": {"uv": [6.25, 0.125, 4.75, 0], "texture": "#0"},
				"down": {"uv": [6.25, 0.25, 4.75, 0.375], "texture": "#0"}
			}
		},
		{
			"from": [4.24403, 6.6, 18.83344],
			"to": [4.64403, 11.6, 24.83344],
			"rotation": {"angle": 0, "axis": "y", "origin": [4.54403, 12, 18.93344]},
			"faces": {
				"north": {"uv": [5, 1, 5.125, 2.25], "texture": "#0"},
				"east": {"uv": [0, 2.5, 1.5, 3.75], "texture": "#0"},
				"south": {"uv": [5, 2.25, 5.125, 3.5], "texture": "#0"},
				"west": {"uv": [1.5, 2.5, 0, 3.75], "texture": "#0"},
				"up": {"uv": [2.375, 6, 2.25, 4.5], "texture": "#0"},
				"down": {"uv": [2.625, 4.5, 2.5, 6], "texture": "#0"}
			}
		},
		{
			"from": [4.24403, 10.6, 18.83344],
			"to": [10.24403, 15.6, 19.23344],
			"rotation": {"angle": 22.5, "axis": "y", "origin": [4.54403, 12, 18.93344]},
			"faces": {
				"north": {"uv": [0, 2.5, 1.5, 3.75], "texture": "#0"},
				"east": {"uv": [3, 5, 3.125, 6.25], "texture": "#0"},
				"south": {"uv": [1.5, 2.5, 0, 3.75], "texture": "#0"},
				"west": {"uv": [3.25, 5, 3.375, 6.25], "texture": "#0"},
				"up": {"uv": [6.25, 0.625, 4.75, 0.5], "texture": "#0"},
				"down": {"uv": [6.25, 0.75, 4.75, 0.875], "texture": "#0"}
			}
		},
		{
			"from": [4.34403, 4, 13.23344],
			"to": [4.74403, 9, 19.23344],
			"rotation": {"angle": 0, "axis": "y", "origin": [4.54403, 7, 18.93344]},
			"faces": {
				"north": {"uv": [3.5, 5, 3.625, 6.25], "texture": "#0"},
				"east": {"uv": [1.5, 2.5, 0, 3.75], "texture": "#0"},
				"south": {"uv": [5, 3.5, 5.125, 4.75], "texture": "#0"},
				"west": {"uv": [0, 2.5, 1.5, 3.75], "texture": "#0"},
				"up": {"uv": [2.875, 6, 2.75, 4.5], "texture": "#0"},
				"down": {"uv": [4.875, 1, 4.75, 2.5], "texture": "#0"}
			}
		},
		{
			"from": [4.54403, 14.9, 17.43344],
			"to": [4.54403, 24.9, 20.43344],
			"rotation": {"angle": -22.5, "axis": "z", "origin": [4.44403, 15, 18.93344]},
			"faces": {
				"north": {"uv": [3, 2.5, 3.75, 5], "texture": "#0"},
				"east": {"uv": [2.25, 3.75, 1.5, 6.25], "texture": "#0"},
				"south": {"uv": [0.75, 3.75, 1.5, 6.25], "texture": "#0"},
				"west": {"uv": [1.5, 3.75, 2.25, 6.25], "texture": "#0"},
				"up": {"uv": [3, 4.5, 2.25, 3.75], "texture": "#0"},
				"down": {"uv": [4.5, 2.5, 3.75, 3.25], "texture": "#0"}
			}
		},
		{
			"from": [2.94403, 14.9, 19.03344],
			"to": [5.94403, 24.9, 19.03344],
			"rotation": {"angle": -22.5, "axis": "z", "origin": [4.44403, 15, 18.93344]},
			"faces": {
				"north": {"uv": [2.25, 3.75, 1.5, 6.25], "texture": "#0"},
				"east": {"uv": [0.75, 3.75, 1.5, 6.25], "texture": "#0"},
				"south": {"uv": [1.5, 3.75, 2.25, 6.25], "texture": "#0"},
				"west": {"uv": [3, 2.5, 3.75, 5], "texture": "#0"},
				"up": {"uv": [3, 4.5, 2.25, 3.75], "rotation": 270, "texture": "#0"},
				"down": {"uv": [4.5, 2.5, 3.75, 3.25], "rotation": 90, "texture": "#0"}
			}
		},
		{
			"from": [11.44403, 0, -2.06656],
			"to": [11.64403, 15, -1.86656],
			"rotation": {"angle": 0, "axis": "y", "origin": [11.44403, 0, -2.06656]},
			"faces": {
				"north": {"uv": [3.75, 3.25, 3.8125, 8.75], "texture": "#0"},
				"east": {"uv": [4, 3.25, 4.0625, 8.75], "texture": "#0"},
				"south": {"uv": [4.25, 3.25, 4.3125, 8.75], "texture": "#0"},
				"west": {"uv": [4.5, 0, 4.5625, 5.5], "texture": "#0"},
				"up": {"uv": [4.8125, 5.0625, 4.75, 5], "texture": "#0"},
				"down": {"uv": [5.0625, 4.75, 5, 4.8125], "texture": "#0"}
			}
		},
		{
			"from": [5.64403, 2, -2.16656],
			"to": [11.64403, 7, -1.76656],
			"rotation": {"angle": 22.5, "axis": "y", "origin": [11.54403, 4, -2.06656]},
			"faces": {
				"north": {"uv": [1.5, 2.5, 0, 3.75], "texture": "#0"},
				"east": {"uv": [4.75, 2.5, 4.875, 3.75], "texture": "#0"},
				"south": {"uv": [0, 2.5, 1.5, 3.75], "texture": "#0"},
				"west": {"uv": [4.75, 3.75, 4.875, 5], "texture": "#0"},
				"up": {"uv": [6.25, 0.125, 4.75, 0], "texture": "#0"},
				"down": {"uv": [6.25, 0.25, 4.75, 0.375], "texture": "#0"}
			}
		},
		{
			"from": [11.24403, 6.6, -2.16656],
			"to": [11.64403, 11.6, 3.83344],
			"rotation": {"angle": 0, "axis": "y", "origin": [11.54403, 12, -2.06656]},
			"faces": {
				"north": {"uv": [5, 1, 5.125, 2.25], "texture": "#0"},
				"east": {"uv": [0, 2.5, 1.5, 3.75], "texture": "#0"},
				"south": {"uv": [5, 2.25, 5.125, 3.5], "texture": "#0"},
				"west": {"uv": [1.5, 2.5, 0, 3.75], "texture": "#0"},
				"up": {"uv": [2.375, 6, 2.25, 4.5], "texture": "#0"},
				"down": {"uv": [2.625, 4.5, 2.5, 6], "texture": "#0"}
			}
		},
		{
			"from": [11.24403, 10.6, -2.16656],
			"to": [17.24403, 15.6, -1.76656],
			"rotation": {"angle": 22.5, "axis": "y", "origin": [11.54403, 12, -2.06656]},
			"faces": {
				"north": {"uv": [0, 2.5, 1.5, 3.75], "texture": "#0"},
				"east": {"uv": [3, 5, 3.125, 6.25], "texture": "#0"},
				"south": {"uv": [1.5, 2.5, 0, 3.75], "texture": "#0"},
				"west": {"uv": [3.25, 5, 3.375, 6.25], "texture": "#0"},
				"up": {"uv": [6.25, 0.625, 4.75, 0.5], "texture": "#0"},
				"down": {"uv": [6.25, 0.75, 4.75, 0.875], "texture": "#0"}
			}
		},
		{
			"from": [11.34403, 4, -7.76656],
			"to": [11.74403, 9, -1.76656],
			"rotation": {"angle": 0, "axis": "y", "origin": [11.54403, 7, -2.06656]},
			"faces": {
				"north": {"uv": [3.5, 5, 3.625, 6.25], "texture": "#0"},
				"east": {"uv": [1.5, 2.5, 0, 3.75], "texture": "#0"},
				"south": {"uv": [5, 3.5, 5.125, 4.75], "texture": "#0"},
				"west": {"uv": [0, 2.5, 1.5, 3.75], "texture": "#0"},
				"up": {"uv": [2.875, 6, 2.75, 4.5], "texture": "#0"},
				"down": {"uv": [4.875, 1, 4.75, 2.5], "texture": "#0"}
			}
		},
		{
			"from": [11.54403, 14.9, -3.56656],
			"to": [11.54403, 24.9, -0.56656],
			"rotation": {"angle": 22.5, "axis": "x", "origin": [11.44403, 15, -2.06656]},
			"faces": {
				"north": {"uv": [3, 2.5, 3.75, 5], "texture": "#0"},
				"east": {"uv": [2.25, 3.75, 1.5, 6.25], "texture": "#0"},
				"south": {"uv": [0.75, 3.75, 1.5, 6.25], "texture": "#0"},
				"west": {"uv": [1.5, 3.75, 2.25, 6.25], "texture": "#0"},
				"up": {"uv": [3, 4.5, 2.25, 3.75], "texture": "#0"},
				"down": {"uv": [4.5, 2.5, 3.75, 3.25], "texture": "#0"}
			}
		},
		{
			"from": [9.94403, 14.9, -1.96656],
			"to": [12.94403, 24.9, -1.96656],
			"rotation": {"angle": 22.5, "axis": "x", "origin": [11.44403, 15, -2.06656]},
			"faces": {
				"north": {"uv": [2.25, 3.75, 1.5, 6.25], "texture": "#0"},
				"east": {"uv": [0.75, 3.75, 1.5, 6.25], "texture": "#0"},
				"south": {"uv": [1.5, 3.75, 2.25, 6.25], "texture": "#0"},
				"west": {"uv": [3, 2.5, 3.75, 5], "texture": "#0"},
				"up": {"uv": [3, 4.5, 2.25, 3.75], "rotation": 270, "texture": "#0"},
				"down": {"uv": [4.5, 2.5, 3.75, 3.25], "rotation": 90, "texture": "#0"}
			}
		},
		{
			"from": [11.44403, 0, 4.93344],
			"to": [11.64403, 15, 5.13344],
			"rotation": {"angle": 0, "axis": "y", "origin": [11.44403, 0, 4.93344]},
			"faces": {
				"north": {"uv": [3.75, 3.25, 3.8125, 8.75], "texture": "#0"},
				"east": {"uv": [4, 3.25, 4.0625, 8.75], "texture": "#0"},
				"south": {"uv": [4.25, 3.25, 4.3125, 8.75], "texture": "#0"},
				"west": {"uv": [4.5, 0, 4.5625, 5.5], "texture": "#0"},
				"up": {"uv": [4.8125, 5.0625, 4.75, 5], "texture": "#0"},
				"down": {"uv": [5.0625, 4.75, 5, 4.8125], "texture": "#0"}
			}
		},
		{
			"from": [5.64403, 2, 4.83344],
			"to": [11.64403, 7, 5.23344],
			"rotation": {"angle": 22.5, "axis": "y", "origin": [11.54403, 4, 4.93344]},
			"faces": {
				"north": {"uv": [1.5, 2.5, 0, 3.75], "texture": "#0"},
				"east": {"uv": [4.75, 2.5, 4.875, 3.75], "texture": "#0"},
				"south": {"uv": [0, 2.5, 1.5, 3.75], "texture": "#0"},
				"west": {"uv": [4.75, 3.75, 4.875, 5], "texture": "#0"},
				"up": {"uv": [6.25, 0.125, 4.75, 0], "texture": "#0"},
				"down": {"uv": [6.25, 0.25, 4.75, 0.375], "texture": "#0"}
			}
		},
		{
			"from": [11.24403, 6.6, 4.83344],
			"to": [11.64403, 11.6, 10.83344],
			"rotation": {"angle": 0, "axis": "y", "origin": [11.54403, 12, 4.93344]},
			"faces": {
				"north": {"uv": [5, 1, 5.125, 2.25], "texture": "#0"},
				"east": {"uv": [0, 2.5, 1.5, 3.75], "texture": "#0"},
				"south": {"uv": [5, 2.25, 5.125, 3.5], "texture": "#0"},
				"west": {"uv": [1.5, 2.5, 0, 3.75], "texture": "#0"},
				"up": {"uv": [2.375, 6, 2.25, 4.5], "texture": "#0"},
				"down": {"uv": [2.625, 4.5, 2.5, 6], "texture": "#0"}
			}
		},
		{
			"from": [11.24403, 10.6, 4.83344],
			"to": [17.24403, 15.6, 5.23344],
			"rotation": {"angle": 22.5, "axis": "y", "origin": [11.54403, 12, 4.93344]},
			"faces": {
				"north": {"uv": [0, 2.5, 1.5, 3.75], "texture": "#0"},
				"east": {"uv": [3, 5, 3.125, 6.25], "texture": "#0"},
				"south": {"uv": [1.5, 2.5, 0, 3.75], "texture": "#0"},
				"west": {"uv": [3.25, 5, 3.375, 6.25], "texture": "#0"},
				"up": {"uv": [6.25, 0.625, 4.75, 0.5], "texture": "#0"},
				"down": {"uv": [6.25, 0.75, 4.75, 0.875], "texture": "#0"}
			}
		},
		{
			"from": [11.34403, 4, -0.76656],
			"to": [11.74403, 9, 5.23344],
			"rotation": {"angle": 0, "axis": "y", "origin": [11.54403, 7, 4.93344]},
			"faces": {
				"north": {"uv": [3.5, 5, 3.625, 6.25], "texture": "#0"},
				"east": {"uv": [1.5, 2.5, 0, 3.75], "texture": "#0"},
				"south": {"uv": [5, 3.5, 5.125, 4.75], "texture": "#0"},
				"west": {"uv": [0, 2.5, 1.5, 3.75], "texture": "#0"},
				"up": {"uv": [2.875, 6, 2.75, 4.5], "texture": "#0"},
				"down": {"uv": [4.875, 1, 4.75, 2.5], "texture": "#0"}
			}
		},
		{
			"from": [11.54403, 14.9, 3.43344],
			"to": [11.54403, 24.9, 6.43344],
			"rotation": {"angle": 0, "axis": "x", "origin": [11.44403, 15, 4.93344]},
			"faces": {
				"north": {"uv": [3, 2.5, 3.75, 5], "texture": "#0"},
				"east": {"uv": [2.25, 3.75, 1.5, 6.25], "texture": "#0"},
				"south": {"uv": [0.75, 3.75, 1.5, 6.25], "texture": "#0"},
				"west": {"uv": [1.5, 3.75, 2.25, 6.25], "texture": "#0"},
				"up": {"uv": [3, 4.5, 2.25, 3.75], "texture": "#0"},
				"down": {"uv": [4.5, 2.5, 3.75, 3.25], "texture": "#0"}
			}
		},
		{
			"from": [9.94403, 14.9, 5.03344],
			"to": [12.94403, 24.9, 5.03344],
			"rotation": {"angle": 0, "axis": "x", "origin": [11.44403, 15, 4.93344]},
			"faces": {
				"north": {"uv": [2.25, 3.75, 1.5, 6.25], "texture": "#0"},
				"east": {"uv": [0.75, 3.75, 1.5, 6.25], "texture": "#0"},
				"south": {"uv": [1.5, 3.75, 2.25, 6.25], "texture": "#0"},
				"west": {"uv": [3, 2.5, 3.75, 5], "texture": "#0"},
				"up": {"uv": [3, 4.5, 2.25, 3.75], "rotation": 270, "texture": "#0"},
				"down": {"uv": [4.5, 2.5, 3.75, 3.25], "rotation": 90, "texture": "#0"}
			}
		},
		{
			"from": [11.44403, 0, 11.93344],
			"to": [11.64403, 15, 12.13344],
			"rotation": {"angle": 0, "axis": "y", "origin": [11.44403, 0, 11.93344]},
			"faces": {
				"north": {"uv": [3.75, 3.25, 3.8125, 8.75], "texture": "#0"},
				"east": {"uv": [4, 3.25, 4.0625, 8.75], "texture": "#0"},
				"south": {"uv": [4.25, 3.25, 4.3125, 8.75], "texture": "#0"},
				"west": {"uv": [4.5, 0, 4.5625, 5.5], "texture": "#0"},
				"up": {"uv": [4.8125, 5.0625, 4.75, 5], "texture": "#0"},
				"down": {"uv": [5.0625, 4.75, 5, 4.8125], "texture": "#0"}
			}
		},
		{
			"from": [5.64403, 2, 11.83344],
			"to": [11.64403, 7, 12.23344],
			"rotation": {"angle": 22.5, "axis": "y", "origin": [11.54403, 4, 11.93344]},
			"faces": {
				"north": {"uv": [1.5, 2.5, 0, 3.75], "texture": "#0"},
				"east": {"uv": [4.75, 2.5, 4.875, 3.75], "texture": "#0"},
				"south": {"uv": [0, 2.5, 1.5, 3.75], "texture": "#0"},
				"west": {"uv": [4.75, 3.75, 4.875, 5], "texture": "#0"},
				"up": {"uv": [6.25, 0.125, 4.75, 0], "texture": "#0"},
				"down": {"uv": [6.25, 0.25, 4.75, 0.375], "texture": "#0"}
			}
		},
		{
			"from": [11.24403, 6.6, 11.83344],
			"to": [11.64403, 11.6, 17.83344],
			"rotation": {"angle": 0, "axis": "y", "origin": [11.54403, 12, 11.93344]},
			"faces": {
				"north": {"uv": [5, 1, 5.125, 2.25], "texture": "#0"},
				"east": {"uv": [0, 2.5, 1.5, 3.75], "texture": "#0"},
				"south": {"uv": [5, 2.25, 5.125, 3.5], "texture": "#0"},
				"west": {"uv": [1.5, 2.5, 0, 3.75], "texture": "#0"},
				"up": {"uv": [2.375, 6, 2.25, 4.5], "texture": "#0"},
				"down": {"uv": [2.625, 4.5, 2.5, 6], "texture": "#0"}
			}
		},
		{
			"from": [11.24403, 10.6, 11.83344],
			"to": [17.24403, 15.6, 12.23344],
			"rotation": {"angle": 22.5, "axis": "y", "origin": [11.54403, 12, 11.93344]},
			"faces": {
				"north": {"uv": [0, 2.5, 1.5, 3.75], "texture": "#0"},
				"east": {"uv": [3, 5, 3.125, 6.25], "texture": "#0"},
				"south": {"uv": [1.5, 2.5, 0, 3.75], "texture": "#0"},
				"west": {"uv": [3.25, 5, 3.375, 6.25], "texture": "#0"},
				"up": {"uv": [6.25, 0.625, 4.75, 0.5], "texture": "#0"},
				"down": {"uv": [6.25, 0.75, 4.75, 0.875], "texture": "#0"}
			}
		},
		{
			"from": [11.34403, 4, 6.23344],
			"to": [11.74403, 9, 12.23344],
			"rotation": {"angle": 0, "axis": "y", "origin": [11.54403, 7, 11.93344]},
			"faces": {
				"north": {"uv": [3.5, 5, 3.625, 6.25], "texture": "#0"},
				"east": {"uv": [1.5, 2.5, 0, 3.75], "texture": "#0"},
				"south": {"uv": [5, 3.5, 5.125, 4.75], "texture": "#0"},
				"west": {"uv": [0, 2.5, 1.5, 3.75], "texture": "#0"},
				"up": {"uv": [2.875, 6, 2.75, 4.5], "texture": "#0"},
				"down": {"uv": [4.875, 1, 4.75, 2.5], "texture": "#0"}
			}
		},
		{
			"from": [11.54403, 14.9, 10.43344],
			"to": [11.54403, 24.9, 13.43344],
			"rotation": {"angle": 22.5, "axis": "z", "origin": [11.44403, 15, 11.93344]},
			"faces": {
				"north": {"uv": [3, 2.5, 3.75, 5], "texture": "#0"},
				"east": {"uv": [2.25, 3.75, 1.5, 6.25], "texture": "#0"},
				"south": {"uv": [0.75, 3.75, 1.5, 6.25], "texture": "#0"},
				"west": {"uv": [1.5, 3.75, 2.25, 6.25], "texture": "#0"},
				"up": {"uv": [3, 4.5, 2.25, 3.75], "texture": "#0"},
				"down": {"uv": [4.5, 2.5, 3.75, 3.25], "texture": "#0"}
			}
		},
		{
			"from": [9.94403, 14.9, 12.03344],
			"to": [12.94403, 24.9, 12.03344],
			"rotation": {"angle": 22.5, "axis": "z", "origin": [11.44403, 15, 11.93344]},
			"faces": {
				"north": {"uv": [2.25, 3.75, 1.5, 6.25], "texture": "#0"},
				"east": {"uv": [0.75, 3.75, 1.5, 6.25], "texture": "#0"},
				"south": {"uv": [1.5, 3.75, 2.25, 6.25], "texture": "#0"},
				"west": {"uv": [3, 2.5, 3.75, 5], "texture": "#0"},
				"up": {"uv": [3, 4.5, 2.25, 3.75], "rotation": 270, "texture": "#0"},
				"down": {"uv": [4.5, 2.5, 3.75, 3.25], "rotation": 90, "texture": "#0"}
			}
		},
		{
			"from": [11.44403, 0, 18.93344],
			"to": [11.64403, 15, 19.13344],
			"rotation": {"angle": 0, "axis": "y", "origin": [11.44403, 0, 18.93344]},
			"faces": {
				"north": {"uv": [3.75, 3.25, 3.8125, 8.75], "texture": "#0"},
				"east": {"uv": [4, 3.25, 4.0625, 8.75], "texture": "#0"},
				"south": {"uv": [4.25, 3.25, 4.3125, 8.75], "texture": "#0"},
				"west": {"uv": [4.5, 0, 4.5625, 5.5], "texture": "#0"},
				"up": {"uv": [4.8125, 5.0625, 4.75, 5], "texture": "#0"},
				"down": {"uv": [5.0625, 4.75, 5, 4.8125], "texture": "#0"}
			}
		},
		{
			"from": [5.64403, 2, 18.83344],
			"to": [11.64403, 7, 19.23344],
			"rotation": {"angle": 22.5, "axis": "y", "origin": [11.54403, 4, 18.93344]},
			"faces": {
				"north": {"uv": [1.5, 2.5, 0, 3.75], "texture": "#0"},
				"east": {"uv": [4.75, 2.5, 4.875, 3.75], "texture": "#0"},
				"south": {"uv": [0, 2.5, 1.5, 3.75], "texture": "#0"},
				"west": {"uv": [4.75, 3.75, 4.875, 5], "texture": "#0"},
				"up": {"uv": [6.25, 0.125, 4.75, 0], "texture": "#0"},
				"down": {"uv": [6.25, 0.25, 4.75, 0.375], "texture": "#0"}
			}
		},
		{
			"from": [11.24403, 6.6, 18.83344],
			"to": [11.64403, 11.6, 24.83344],
			"rotation": {"angle": 0, "axis": "y", "origin": [11.54403, 12, 18.93344]},
			"faces": {
				"north": {"uv": [5, 1, 5.125, 2.25], "texture": "#0"},
				"east": {"uv": [0, 2.5, 1.5, 3.75], "texture": "#0"},
				"south": {"uv": [5, 2.25, 5.125, 3.5], "texture": "#0"},
				"west": {"uv": [1.5, 2.5, 0, 3.75], "texture": "#0"},
				"up": {"uv": [2.375, 6, 2.25, 4.5], "texture": "#0"},
				"down": {"uv": [2.625, 4.5, 2.5, 6], "texture": "#0"}
			}
		},
		{
			"from": [11.24403, 10.6, 18.83344],
			"to": [17.24403, 15.6, 19.23344],
			"rotation": {"angle": 22.5, "axis": "y", "origin": [11.54403, 12, 18.93344]},
			"faces": {
				"north": {"uv": [0, 2.5, 1.5, 3.75], "texture": "#0"},
				"east": {"uv": [3, 5, 3.125, 6.25], "texture": "#0"},
				"south": {"uv": [1.5, 2.5, 0, 3.75], "texture": "#0"},
				"west": {"uv": [3.25, 5, 3.375, 6.25], "texture": "#0"},
				"up": {"uv": [6.25, 0.625, 4.75, 0.5], "texture": "#0"},
				"down": {"uv": [6.25, 0.75, 4.75, 0.875], "texture": "#0"}
			}
		},
		{
			"from": [11.34403, 4, 13.23344],
			"to": [11.74403, 9, 19.23344],
			"rotation": {"angle": 0, "axis": "y", "origin": [11.54403, 7, 18.93344]},
			"faces": {
				"north": {"uv": [3.5, 5, 3.625, 6.25], "texture": "#0"},
				"east": {"uv": [1.5, 2.5, 0, 3.75], "texture": "#0"},
				"south": {"uv": [5, 3.5, 5.125, 4.75], "texture": "#0"},
				"west": {"uv": [0, 2.5, 1.5, 3.75], "texture": "#0"},
				"up": {"uv": [2.875, 6, 2.75, 4.5], "texture": "#0"},
				"down": {"uv": [4.875, 1, 4.75, 2.5], "texture": "#0"}
			}
		},
		{
			"from": [11.54403, 14.9, 17.43344],
			"to": [11.54403, 24.9, 20.43344],
			"rotation": {"angle": -22.5, "axis": "x", "origin": [11.44403, 15, 18.93344]},
			"faces": {
				"north": {"uv": [3, 2.5, 3.75, 5], "texture": "#0"},
				"east": {"uv": [2.25, 3.75, 1.5, 6.25], "texture": "#0"},
				"south": {"uv": [0.75, 3.75, 1.5, 6.25], "texture": "#0"},
				"west": {"uv": [1.5, 3.75, 2.25, 6.25], "texture": "#0"},
				"up": {"uv": [3, 4.5, 2.25, 3.75], "texture": "#0"},
				"down": {"uv": [4.5, 2.5, 3.75, 3.25], "texture": "#0"}
			}
		},
		{
			"from": [9.94403, 14.9, 19.03344],
			"to": [12.94403, 24.9, 19.03344],
			"rotation": {"angle": -22.5, "axis": "x", "origin": [11.44403, 15, 18.93344]},
			"faces": {
				"north": {"uv": [2.25, 3.75, 1.5, 6.25], "texture": "#0"},
				"east": {"uv": [0.75, 3.75, 1.5, 6.25], "texture": "#0"},
				"south": {"uv": [1.5, 3.75, 2.25, 6.25], "texture": "#0"},
				"west": {"uv": [3, 2.5, 3.75, 5], "texture": "#0"},
				"up": {"uv": [3, 4.5, 2.25, 3.75], "rotation": 270, "texture": "#0"},
				"down": {"uv": [4.5, 2.5, 3.75, 3.25], "rotation": 90, "texture": "#0"}
			}
		},
		{
			"from": [18.44403, 0, -2.06656],
			"to": [18.64403, 15, -1.86656],
			"rotation": {"angle": 0, "axis": "y", "origin": [18.44403, 0, -2.06656]},
			"faces": {
				"north": {"uv": [3.75, 3.25, 3.8125, 8.75], "texture": "#0"},
				"east": {"uv": [4, 3.25, 4.0625, 8.75], "texture": "#0"},
				"south": {"uv": [4.25, 3.25, 4.3125, 8.75], "texture": "#0"},
				"west": {"uv": [4.5, 0, 4.5625, 5.5], "texture": "#0"},
				"up": {"uv": [4.8125, 5.0625, 4.75, 5], "texture": "#0"},
				"down": {"uv": [5.0625, 4.75, 5, 4.8125], "texture": "#0"}
			}
		},
		{
			"from": [12.64403, 2, -2.16656],
			"to": [18.64403, 7, -1.76656],
			"rotation": {"angle": 22.5, "axis": "y", "origin": [18.54403, 4, -2.06656]},
			"faces": {
				"north": {"uv": [1.5, 2.5, 0, 3.75], "texture": "#0"},
				"east": {"uv": [4.75, 2.5, 4.875, 3.75], "texture": "#0"},
				"south": {"uv": [0, 2.5, 1.5, 3.75], "texture": "#0"},
				"west": {"uv": [4.75, 3.75, 4.875, 5], "texture": "#0"},
				"up": {"uv": [6.25, 0.125, 4.75, 0], "texture": "#0"},
				"down": {"uv": [6.25, 0.25, 4.75, 0.375], "texture": "#0"}
			}
		},
		{
			"from": [18.24403, 6.6, -1.16656],
			"to": [18.64403, 11.6, 4.83344],
			"rotation": {"angle": 0, "axis": "y", "origin": [18.54403, 12, -1.06656]},
			"faces": {
				"north": {"uv": [5, 1, 5.125, 2.25], "texture": "#0"},
				"east": {"uv": [0, 2.5, 1.5, 3.75], "texture": "#0"},
				"south": {"uv": [5, 2.25, 5.125, 3.5], "texture": "#0"},
				"west": {"uv": [1.5, 2.5, 0, 3.75], "texture": "#0"},
				"up": {"uv": [2.375, 6, 2.25, 4.5], "texture": "#0"},
				"down": {"uv": [2.625, 4.5, 2.5, 6], "texture": "#0"}
			}
		},
		{
			"from": [18.24403, 10.6, -2.16656],
			"to": [24.24403, 15.6, -1.76656],
			"rotation": {"angle": 22.5, "axis": "y", "origin": [18.54403, 12, -2.06656]},
			"faces": {
				"north": {"uv": [0, 2.5, 1.5, 3.75], "texture": "#0"},
				"east": {"uv": [3, 5, 3.125, 6.25], "texture": "#0"},
				"south": {"uv": [1.5, 2.5, 0, 3.75], "texture": "#0"},
				"west": {"uv": [3.25, 5, 3.375, 6.25], "texture": "#0"},
				"up": {"uv": [6.25, 0.625, 4.75, 0.5], "texture": "#0"},
				"down": {"uv": [6.25, 0.75, 4.75, 0.875], "texture": "#0"}
			}
		},
		{
			"from": [18.34403, 4, -7.76656],
			"to": [18.74403, 9, -1.76656],
			"rotation": {"angle": 0, "axis": "y", "origin": [18.54403, 7, -2.06656]},
			"faces": {
				"north": {"uv": [3.5, 5, 3.625, 6.25], "texture": "#0"},
				"east": {"uv": [1.5, 2.5, 0, 3.75], "texture": "#0"},
				"south": {"uv": [5, 3.5, 5.125, 4.75], "texture": "#0"},
				"west": {"uv": [0, 2.5, 1.5, 3.75], "texture": "#0"},
				"up": {"uv": [2.875, 6, 2.75, 4.5], "texture": "#0"},
				"down": {"uv": [4.875, 1, 4.75, 2.5], "texture": "#0"}
			}
		},
		{
			"from": [18.54403, 14.9, -3.56656],
			"to": [18.54403, 24.9, -0.56656],
			"rotation": {"angle": -22.5, "axis": "x", "origin": [18.44403, 15, -2.06656]},
			"faces": {
				"north": {"uv": [3, 2.5, 3.75, 5], "texture": "#0"},
				"east": {"uv": [2.25, 3.75, 1.5, 6.25], "texture": "#0"},
				"south": {"uv": [0.75, 3.75, 1.5, 6.25], "texture": "#0"},
				"west": {"uv": [1.5, 3.75, 2.25, 6.25], "texture": "#0"},
				"up": {"uv": [3, 4.5, 2.25, 3.75], "texture": "#0"},
				"down": {"uv": [4.5, 2.5, 3.75, 3.25], "texture": "#0"}
			}
		},
		{
			"from": [16.94403, 14.9, -1.96656],
			"to": [19.94403, 24.9, -1.96656],
			"rotation": {"angle": -22.5, "axis": "x", "origin": [18.44403, 15, -2.06656]},
			"faces": {
				"north": {"uv": [2.25, 3.75, 1.5, 6.25], "texture": "#0"},
				"east": {"uv": [0.75, 3.75, 1.5, 6.25], "texture": "#0"},
				"south": {"uv": [1.5, 3.75, 2.25, 6.25], "texture": "#0"},
				"west": {"uv": [3, 2.5, 3.75, 5], "texture": "#0"},
				"up": {"uv": [3, 4.5, 2.25, 3.75], "rotation": 270, "texture": "#0"},
				"down": {"uv": [4.5, 2.5, 3.75, 3.25], "rotation": 90, "texture": "#0"}
			}
		},
		{
			"from": [18.44403, 0, 4.93344],
			"to": [18.64403, 15, 5.13344],
			"rotation": {"angle": 0, "axis": "y", "origin": [18.44403, 0, 4.93344]},
			"faces": {
				"north": {"uv": [3.75, 3.25, 3.8125, 8.75], "texture": "#0"},
				"east": {"uv": [4, 3.25, 4.0625, 8.75], "texture": "#0"},
				"south": {"uv": [4.25, 3.25, 4.3125, 8.75], "texture": "#0"},
				"west": {"uv": [4.5, 0, 4.5625, 5.5], "texture": "#0"},
				"up": {"uv": [4.8125, 5.0625, 4.75, 5], "texture": "#0"},
				"down": {"uv": [5.0625, 4.75, 5, 4.8125], "texture": "#0"}
			}
		},
		{
			"from": [12.64403, 2, 4.83344],
			"to": [18.64403, 7, 5.23344],
			"rotation": {"angle": 22.5, "axis": "y", "origin": [18.54403, 4, 4.93344]},
			"faces": {
				"north": {"uv": [1.5, 2.5, 0, 3.75], "texture": "#0"},
				"east": {"uv": [4.75, 2.5, 4.875, 3.75], "texture": "#0"},
				"south": {"uv": [0, 2.5, 1.5, 3.75], "texture": "#0"},
				"west": {"uv": [4.75, 3.75, 4.875, 5], "texture": "#0"},
				"up": {"uv": [6.25, 0.125, 4.75, 0], "texture": "#0"},
				"down": {"uv": [6.25, 0.25, 4.75, 0.375], "texture": "#0"}
			}
		},
		{
			"from": [18.24403, 6.6, 4.83344],
			"to": [18.64403, 11.6, 10.83344],
			"rotation": {"angle": 0, "axis": "y", "origin": [18.54403, 12, 4.93344]},
			"faces": {
				"north": {"uv": [5, 1, 5.125, 2.25], "texture": "#0"},
				"east": {"uv": [0, 2.5, 1.5, 3.75], "texture": "#0"},
				"south": {"uv": [5, 2.25, 5.125, 3.5], "texture": "#0"},
				"west": {"uv": [1.5, 2.5, 0, 3.75], "texture": "#0"},
				"up": {"uv": [2.375, 6, 2.25, 4.5], "texture": "#0"},
				"down": {"uv": [2.625, 4.5, 2.5, 6], "texture": "#0"}
			}
		},
		{
			"from": [18.24403, 10.6, 4.83344],
			"to": [24.24403, 15.6, 5.23344],
			"rotation": {"angle": 22.5, "axis": "y", "origin": [18.54403, 12, 4.93344]},
			"faces": {
				"north": {"uv": [0, 2.5, 1.5, 3.75], "texture": "#0"},
				"east": {"uv": [3, 5, 3.125, 6.25], "texture": "#0"},
				"south": {"uv": [1.5, 2.5, 0, 3.75], "texture": "#0"},
				"west": {"uv": [3.25, 5, 3.375, 6.25], "texture": "#0"},
				"up": {"uv": [6.25, 0.625, 4.75, 0.5], "texture": "#0"},
				"down": {"uv": [6.25, 0.75, 4.75, 0.875], "texture": "#0"}
			}
		},
		{
			"from": [18.34403, 4, -0.76656],
			"to": [18.74403, 9, 5.23344],
			"rotation": {"angle": 0, "axis": "y", "origin": [18.54403, 7, 4.93344]},
			"faces": {
				"north": {"uv": [3.5, 5, 3.625, 6.25], "texture": "#0"},
				"east": {"uv": [1.5, 2.5, 0, 3.75], "texture": "#0"},
				"south": {"uv": [5, 3.5, 5.125, 4.75], "texture": "#0"},
				"west": {"uv": [0, 2.5, 1.5, 3.75], "texture": "#0"},
				"up": {"uv": [2.875, 6, 2.75, 4.5], "texture": "#0"},
				"down": {"uv": [4.875, 1, 4.75, 2.5], "texture": "#0"}
			}
		},
		{
			"from": [18.54403, 14.9, 3.43344],
			"to": [18.54403, 24.9, 6.43344],
			"rotation": {"angle": -45, "axis": "z", "origin": [18.44403, 15, 4.93344]},
			"faces": {
				"north": {"uv": [3, 2.5, 3.75, 5], "texture": "#0"},
				"east": {"uv": [2.25, 3.75, 1.5, 6.25], "texture": "#0"},
				"south": {"uv": [0.75, 3.75, 1.5, 6.25], "texture": "#0"},
				"west": {"uv": [1.5, 3.75, 2.25, 6.25], "texture": "#0"},
				"up": {"uv": [3, 4.5, 2.25, 3.75], "texture": "#0"},
				"down": {"uv": [4.5, 2.5, 3.75, 3.25], "texture": "#0"}
			}
		},
		{
			"from": [16.94403, 14.9, 5.03344],
			"to": [19.94403, 24.9, 5.03344],
			"rotation": {"angle": -45, "axis": "z", "origin": [18.44403, 15, 4.93344]},
			"faces": {
				"north": {"uv": [2.25, 3.75, 1.5, 6.25], "texture": "#0"},
				"east": {"uv": [0.75, 3.75, 1.5, 6.25], "texture": "#0"},
				"south": {"uv": [1.5, 3.75, 2.25, 6.25], "texture": "#0"},
				"west": {"uv": [3, 2.5, 3.75, 5], "texture": "#0"},
				"up": {"uv": [3, 4.5, 2.25, 3.75], "rotation": 270, "texture": "#0"},
				"down": {"uv": [4.5, 2.5, 3.75, 3.25], "rotation": 90, "texture": "#0"}
			}
		},
		{
			"from": [18.44403, 0, 11.93344],
			"to": [18.64403, 15, 12.13344],
			"rotation": {"angle": 0, "axis": "y", "origin": [18.44403, 0, 11.93344]},
			"faces": {
				"north": {"uv": [3.75, 3.25, 3.8125, 8.75], "texture": "#0"},
				"east": {"uv": [4, 3.25, 4.0625, 8.75], "texture": "#0"},
				"south": {"uv": [4.25, 3.25, 4.3125, 8.75], "texture": "#0"},
				"west": {"uv": [4.5, 0, 4.5625, 5.5], "texture": "#0"},
				"up": {"uv": [4.8125, 5.0625, 4.75, 5], "texture": "#0"},
				"down": {"uv": [5.0625, 4.75, 5, 4.8125], "texture": "#0"}
			}
		},
		{
			"from": [12.64403, 2, 11.83344],
			"to": [18.64403, 7, 12.23344],
			"rotation": {"angle": 22.5, "axis": "y", "origin": [18.54403, 4, 11.93344]},
			"faces": {
				"north": {"uv": [1.5, 2.5, 0, 3.75], "texture": "#0"},
				"east": {"uv": [4.75, 2.5, 4.875, 3.75], "texture": "#0"},
				"south": {"uv": [0, 2.5, 1.5, 3.75], "texture": "#0"},
				"west": {"uv": [4.75, 3.75, 4.875, 5], "texture": "#0"},
				"up": {"uv": [6.25, 0.125, 4.75, 0], "texture": "#0"},
				"down": {"uv": [6.25, 0.25, 4.75, 0.375], "texture": "#0"}
			}
		},
		{
			"from": [18.24403, 6.6, 11.83344],
			"to": [18.64403, 11.6, 17.83344],
			"rotation": {"angle": 0, "axis": "y", "origin": [18.54403, 12, 11.93344]},
			"faces": {
				"north": {"uv": [5, 1, 5.125, 2.25], "texture": "#0"},
				"east": {"uv": [0, 2.5, 1.5, 3.75], "texture": "#0"},
				"south": {"uv": [5, 2.25, 5.125, 3.5], "texture": "#0"},
				"west": {"uv": [1.5, 2.5, 0, 3.75], "texture": "#0"},
				"up": {"uv": [2.375, 6, 2.25, 4.5], "texture": "#0"},
				"down": {"uv": [2.625, 4.5, 2.5, 6], "texture": "#0"}
			}
		},
		{
			"from": [18.24403, 10.6, 11.83344],
			"to": [24.24403, 15.6, 12.23344],
			"rotation": {"angle": 22.5, "axis": "y", "origin": [18.54403, 12, 11.93344]},
			"faces": {
				"north": {"uv": [0, 2.5, 1.5, 3.75], "texture": "#0"},
				"east": {"uv": [3, 5, 3.125, 6.25], "texture": "#0"},
				"south": {"uv": [1.5, 2.5, 0, 3.75], "texture": "#0"},
				"west": {"uv": [3.25, 5, 3.375, 6.25], "texture": "#0"},
				"up": {"uv": [6.25, 0.625, 4.75, 0.5], "texture": "#0"},
				"down": {"uv": [6.25, 0.75, 4.75, 0.875], "texture": "#0"}
			}
		},
		{
			"from": [18.34403, 4, 6.23344],
			"to": [18.74403, 9, 12.23344],
			"rotation": {"angle": 0, "axis": "y", "origin": [18.54403, 7, 11.93344]},
			"faces": {
				"north": {"uv": [3.5, 5, 3.625, 6.25], "texture": "#0"},
				"east": {"uv": [1.5, 2.5, 0, 3.75], "texture": "#0"},
				"south": {"uv": [5, 3.5, 5.125, 4.75], "texture": "#0"},
				"west": {"uv": [0, 2.5, 1.5, 3.75], "texture": "#0"},
				"up": {"uv": [2.875, 6, 2.75, 4.5], "texture": "#0"},
				"down": {"uv": [4.875, 1, 4.75, 2.5], "texture": "#0"}
			}
		},
		{
			"from": [18.54403, 14.9, 10.43344],
			"to": [18.54403, 24.9, 13.43344],
			"rotation": {"angle": -22.5, "axis": "z", "origin": [18.44403, 15, 11.93344]},
			"faces": {
				"north": {"uv": [3, 2.5, 3.75, 5], "texture": "#0"},
				"east": {"uv": [2.25, 3.75, 1.5, 6.25], "texture": "#0"},
				"south": {"uv": [0.75, 3.75, 1.5, 6.25], "texture": "#0"},
				"west": {"uv": [1.5, 3.75, 2.25, 6.25], "texture": "#0"},
				"up": {"uv": [3, 4.5, 2.25, 3.75], "texture": "#0"},
				"down": {"uv": [4.5, 2.5, 3.75, 3.25], "texture": "#0"}
			}
		},
		{
			"from": [16.94403, 14.9, 12.03344],
			"to": [19.94403, 24.9, 12.03344],
			"rotation": {"angle": -22.5, "axis": "z", "origin": [18.44403, 15, 11.93344]},
			"faces": {
				"north": {"uv": [2.25, 3.75, 1.5, 6.25], "texture": "#0"},
				"east": {"uv": [0.75, 3.75, 1.5, 6.25], "texture": "#0"},
				"south": {"uv": [1.5, 3.75, 2.25, 6.25], "texture": "#0"},
				"west": {"uv": [3, 2.5, 3.75, 5], "texture": "#0"},
				"up": {"uv": [3, 4.5, 2.25, 3.75], "rotation": 270, "texture": "#0"},
				"down": {"uv": [4.5, 2.5, 3.75, 3.25], "rotation": 90, "texture": "#0"}
			}
		},
		{
			"from": [18.44403, 0, 18.93344],
			"to": [18.64403, 15, 19.13344],
			"rotation": {"angle": 0, "axis": "y", "origin": [18.44403, 0, 18.93344]},
			"faces": {
				"north": {"uv": [3.75, 3.25, 3.8125, 8.75], "texture": "#0"},
				"east": {"uv": [4, 3.25, 4.0625, 8.75], "texture": "#0"},
				"south": {"uv": [4.25, 3.25, 4.3125, 8.75], "texture": "#0"},
				"west": {"uv": [4.5, 0, 4.5625, 5.5], "texture": "#0"},
				"up": {"uv": [4.8125, 5.0625, 4.75, 5], "texture": "#0"},
				"down": {"uv": [5.0625, 4.75, 5, 4.8125], "texture": "#0"}
			}
		},
		{
			"from": [12.64403, 2, 18.83344],
			"to": [18.64403, 7, 19.23344],
			"rotation": {"angle": 22.5, "axis": "y", "origin": [18.54403, 4, 18.93344]},
			"faces": {
				"north": {"uv": [1.5, 2.5, 0, 3.75], "texture": "#0"},
				"east": {"uv": [4.75, 2.5, 4.875, 3.75], "texture": "#0"},
				"south": {"uv": [0, 2.5, 1.5, 3.75], "texture": "#0"},
				"west": {"uv": [4.75, 3.75, 4.875, 5], "texture": "#0"},
				"up": {"uv": [6.25, 0.125, 4.75, 0], "texture": "#0"},
				"down": {"uv": [6.25, 0.25, 4.75, 0.375], "texture": "#0"}
			}
		},
		{
			"from": [18.24403, 6.6, 18.83344],
			"to": [18.64403, 11.6, 24.83344],
			"rotation": {"angle": 0, "axis": "y", "origin": [18.54403, 12, 18.93344]},
			"faces": {
				"north": {"uv": [5, 1, 5.125, 2.25], "texture": "#0"},
				"east": {"uv": [0, 2.5, 1.5, 3.75], "texture": "#0"},
				"south": {"uv": [5, 2.25, 5.125, 3.5], "texture": "#0"},
				"west": {"uv": [1.5, 2.5, 0, 3.75], "texture": "#0"},
				"up": {"uv": [2.375, 6, 2.25, 4.5], "texture": "#0"},
				"down": {"uv": [2.625, 4.5, 2.5, 6], "texture": "#0"}
			}
		},
		{
			"from": [18.24403, 10.6, 18.83344],
			"to": [24.24403, 15.6, 19.23344],
			"rotation": {"angle": 22.5, "axis": "y", "origin": [18.54403, 12, 18.93344]},
			"faces": {
				"north": {"uv": [0, 2.5, 1.5, 3.75], "texture": "#0"},
				"east": {"uv": [3, 5, 3.125, 6.25], "texture": "#0"},
				"south": {"uv": [1.5, 2.5, 0, 3.75], "texture": "#0"},
				"west": {"uv": [3.25, 5, 3.375, 6.25], "texture": "#0"},
				"up": {"uv": [6.25, 0.625, 4.75, 0.5], "texture": "#0"},
				"down": {"uv": [6.25, 0.75, 4.75, 0.875], "texture": "#0"}
			}
		},
		{
			"from": [18.34403, 4, 13.23344],
			"to": [18.74403, 9, 19.23344],
			"rotation": {"angle": 0, "axis": "y", "origin": [18.54403, 7, 18.93344]},
			"faces": {
				"north": {"uv": [3.5, 5, 3.625, 6.25], "texture": "#0"},
				"east": {"uv": [1.5, 2.5, 0, 3.75], "texture": "#0"},
				"south": {"uv": [5, 3.5, 5.125, 4.75], "texture": "#0"},
				"west": {"uv": [0, 2.5, 1.5, 3.75], "texture": "#0"},
				"up": {"uv": [2.875, 6, 2.75, 4.5], "texture": "#0"},
				"down": {"uv": [4.875, 1, 4.75, 2.5], "texture": "#0"}
			}
		},
		{
			"from": [18.54403, 14.9, 17.43344],
			"to": [18.54403, 24.9, 20.43344],
			"rotation": {"angle": 22.5, "axis": "x", "origin": [18.44403, 15, 18.93344]},
			"faces": {
				"north": {"uv": [3, 2.5, 3.75, 5], "texture": "#0"},
				"east": {"uv": [2.25, 3.75, 1.5, 6.25], "texture": "#0"},
				"south": {"uv": [0.75, 3.75, 1.5, 6.25], "texture": "#0"},
				"west": {"uv": [1.5, 3.75, 2.25, 6.25], "texture": "#0"},
				"up": {"uv": [3, 4.5, 2.25, 3.75], "texture": "#0"},
				"down": {"uv": [4.5, 2.5, 3.75, 3.25], "texture": "#0"}
			}
		},
		{
			"from": [16.94403, 14.9, 19.03344],
			"to": [19.94403, 24.9, 19.03344],
			"rotation": {"angle": 22.5, "axis": "x", "origin": [18.44403, 15, 18.93344]},
			"faces": {
				"north": {"uv": [2.25, 3.75, 1.5, 6.25], "texture": "#0"},
				"east": {"uv": [0.75, 3.75, 1.5, 6.25], "texture": "#0"},
				"south": {"uv": [1.5, 3.75, 2.25, 6.25], "texture": "#0"},
				"west": {"uv": [3, 2.5, 3.75, 5], "texture": "#0"},
				"up": {"uv": [3, 4.5, 2.25, 3.75], "rotation": 270, "texture": "#0"},
				"down": {"uv": [4.5, 2.5, 3.75, 3.25], "rotation": 90, "texture": "#0"}
			}
		}
	],
	"display": {
		"fixed": {
			"rotation": [-90, 0, 0],
			"translation": [0, 0, -8]
		}
	},
	"groups": [
		{
			"name": "wheat",
			"origin": [-4.1, 9.414, -2.38611],
			"color": 0,
			"children": [0, 1, 2, 3, 4, 5, 6, 7, 8, 9, 10, 11, 12, 13, 14, 15, 16, 17, 18, 19, 20, 21, 22, 23, 24, 25, 26, 27]
		},
		{
			"name": "wheat",
			"origin": [-4.1, 9.414, -2.38611],
			"color": 0,
			"children": [28, 29, 30, 31, 32, 33, 34, 35, 36, 37, 38, 39, 40, 41, 42, 43, 44, 45, 46, 47, 48, 49, 50, 51, 52, 53, 54, 55]
		},
		{
			"name": "wheat",
			"origin": [-4.1, 9.414, -2.38611],
			"color": 0,
			"children": [56, 57, 58, 59, 60, 61, 62, 63, 64, 65, 66, 67, 68, 69, 70, 71, 72, 73, 74, 75, 76, 77, 78, 79, 80, 81, 82, 83]
		},
		{
			"name": "wheat",
			"origin": [-4.1, 9.414, -2.38611],
			"color": 0,
			"children": [84, 85, 86, 87, 88, 89, 90, 91, 92, 93, 94, 95, 96, 97, 98, 99, 100, 101, 102, 103, 104, 105, 106, 107, 108, 109, 110, 111]
		}
	]
}