{
	"credit": "Made with Blockbench",
	"textures": {
		"0": "item/fish/coledientu",
		"particle": "item/fish/coledientu"
	},
	"elements": [
		{
			"from": [4.5992, 2.06856, 7.5944],
			"to": [5.0048, 5.39448, 8.4056],
			"rotation": {"angle": 0, "axis": "y", "origin": [4.7552, 0, 4.7552]},
			"faces": {
				"north": {"uv": [3.25, 4.375, 4, 9.3125], "texture": "#0"},
				"east": {"uv": [3.25, 4.375, 4, 9.3125], "texture": "#0"},
				"south": {"uv": [3.25, 4.375, 4, 9.3125], "texture": "#0"},
				"west": {"uv": [3.25, 4.375, 4, 9.3125], "texture": "#0"},
				"up": {"uv": [3.25, 4.375, 4, 9.3125], "texture": "#0"},
				"down": {"uv": [3.25, 4.375, 4, 9.3125], "texture": "#0"}
			}
		},
		{
			"from": [4.5212, 5.39448, 7.3604],
			"to": [5.0828, 6.64248, 8.6396],
			"rotation": {"angle": 0, "axis": "y", "origin": [4.7552, 0, 4.7552]},
			"faces": {
				"north": {"uv": [2.8125, 2.8125, 4.5, 4], "texture": "#0"},
				"east": {"uv": [2.8125, 2.8125, 4.5, 4], "texture": "#0"},
				"south": {"uv": [2.8125, 2.8125, 4.5, 4], "texture": "#0"},
				"west": {"uv": [2.8125, 2.8125, 4.5, 4], "texture": "#0"},
				"up": {"uv": [2.8125, 2.8125, 4.5, 4], "texture": "#0"},
				"down": {"uv": [2.8125, 2.8125, 4.5, 4], "texture": "#0"}
			}
		},
		{
			"from": [4.4432, 6.64248, 7.0484],
			"to": [5.1608, 9.13848, 8.9516],
			"rotation": {"angle": 0, "axis": "y", "origin": [4.7552, 0, 4.7552]},
			"faces": {
				"north": {"uv": [2.25, 2.75, 2.75, 3], "texture": "#0"},
				"east": {"uv": [2.25, 0.3125, 5, 3], "texture": "#0"},
				"south": {"uv": [2.25, 0.75, 2.4375, 3], "texture": "#0"},
				"west": {"uv": [2.25, 0.3125, 5, 3], "texture": "#0"},
				"up": {"uv": [2.25, 2.75, 2.75, 3], "texture": "#0"},
				"down": {"uv": [2.25, 0.75, 5, 3], "texture": "#0"}
			}
		},
		{
			"from": [4.4432, -1.28544, 7.3604],
			"to": [5.1608, 2.14656, 8.7176],
			"rotation": {"angle": 0, "axis": "y", "origin": [4.7552, 0, 4.7552]},
			"faces": {
				"north": {"uv": [2.75, 9.1875, 4.5, 15.5], "texture": "#0"},
				"east": {"uv": [2.75, 9.1875, 4.5, 15.5], "texture": "#0"},
				"south": {"uv": [2.75, 9.1875, 4.5, 15.5], "texture": "#0"},
				"west": {"uv": [2.75, 9.1875, 4.5, 15.5], "texture": "#0"},
				"up": {"uv": [2.75, 9.1875, 4.5, 15.5], "texture": "#0"},
				"down": {"uv": [2.75, 9.1875, 4.5, 15.5], "texture": "#0"}
			}
		}
	],
	"display": {
		"thirdperson_righthand": {
			"translation": [3.75, 4.5, 0.75]
		},
		"thirdperson_lefthand": {
			"translation": [-3, 4.5, 0.75]
		},
		"firstperson_righthand": {
			"translation": [7.5, 6.5, 0]
		},
		"firstperson_lefthand": {
			"translation": [1, 6.5, 0]
		},
		"ground": {
			"translation": [3.75, 5, 0]
		},
		"gui": {
			"rotation": [0, 90, 0],
			"translation": [0.25, 5.75, 0],
			"scale": [1.5, 1.43, 1.67]
		},
		"fixed": {
			"rotation": [0, -90, 0],
			"translation": [0, 6.75, 4],
			"scale": [1.62, 1.61, 1.9]
		}
	}
}