{
	"credit": "Made with Blockbench",
	"textures": {
		"0": "item/fish/sua",
		"particle": "item/fish/sua"
	},
	"elements": [
		{
			"from": [0, 6.7, 0],
			"to": [5.3, 10.4, 5.4],
			"faces": {
				"north": {"uv": [4.05333, 2.34667, 9.24, 5.19333], "texture": "#0"},
				"east": {"uv": [4.05333, 2.34667, 9.24, 5.19333], "texture": "#0"},
				"south": {"uv": [4.05333, 2.34667, 9.24, 5.19333], "texture": "#0"},
				"west": {"uv": [4.05333, 2.34667, 9.24, 5.19333], "texture": "#0"},
				"up": {"uv": [4.48, 2.34667, 7.53333, 3.7], "texture": "#0"},
				"down": {"uv": [4.05333, 2.34667, 9.24, 5.19333], "texture": "#0"}
			}
		},
		{
			"from": [-0.7, 6.9, -0.6],
			"to": [6.1, 10.9, 6],
			"faces": {
				"north": {"uv": [3.62667, 6.61333, 8.81333, 10.31333], "texture": "#0"},
				"east": {"uv": [3.62667, 6.61333, 8.81333, 10.31333], "texture": "#0"},
				"south": {"uv": [3.62667, 6.61333, 8.81333, 10.31333], "texture": "#0"},
				"west": {"uv": [3.62667, 6.61333, 8.81333, 10.31333], "texture": "#0"},
				"up": {"uv": [3.62667, 6.61333, 8.81333, 10.31333], "texture": "#0"},
				"down": {"uv": [3.62667, 6.61333, 8.81333, 10.31333], "texture": "#0"}
			}
		},
		{
			"from": [0.2, -4.1, 2.9],
			"to": [5.9, 7.2, 2.9],
			"faces": {
				"north": {"uv": [10.17333, 0, 16, 13.51333], "texture": "#0"},
				"east": {"uv": [10.17333, 0, 16, 13.51333], "texture": "#0"},
				"south": {"uv": [16, 0, 10.17333, 13.51333], "texture": "#0"},
				"west": {"uv": [10.17333, 0, 16, 13.51333], "texture": "#0"},
				"up": {"uv": [10.17333, 0, 16, 13.51333], "texture": "#0"},
				"down": {"uv": [10.17333, 0, 16, 13.51333], "texture": "#0"}
			}
		},
		{
			"from": [2.3, -4.1, 0],
			"to": [2.3, 7.2, 6.3],
			"faces": {
				"north": {"uv": [10.17333, 0, 16, 13.51333], "texture": "#0"},
				"east": {"uv": [10.17333, 0, 16, 13.51333], "texture": "#0"},
				"south": {"uv": [10.17333, 0, 16, 13.51333], "texture": "#0"},
				"west": {"uv": [16, 0, 10.17333, 13.51333], "texture": "#0"},
				"up": {"uv": [10.17333, 0, 16, 13.51333], "rotation": 90, "texture": "#0"},
				"down": {"uv": [10.17333, 0, 16, 13.51333], "rotation": 270, "texture": "#0"}
			}
		}
	],
	"display": {
		"thirdperson_righthand": {
			"rotation": [66, 0, 0],
			"translation": [5.75, -7, 0]
		},
		"thirdperson_lefthand": {
			"rotation": [67.25, 0, 0],
			"translation": [-5.5, -7.25, 0]
		},
		"firstperson_righthand": {
			"rotation": [0, 1, 0],
			"translation": [12, 2, 2.25]
		},
		"firstperson_lefthand": {
			"translation": [1.5, 1, 1]
		},
		"ground": {
			"translation": [4.75, 7, 4.25]
		},
		"gui": {
			"rotation": [0, 0, 15],
			"translation": [5.5, 6, 0],
			"scale": [1.28, 1.01, 1.25]
		},
		"head": {
			"translation": [5.25, 16.25, 5.75]
		},
		"fixed": {
			"rotation": [-90, 0, 0],
			"translation": [9, 8.25, -18.75],
			"scale": [1.7, 1.68, 1.68]
		}
	}
}