{
	"credit": "Made with Blockbench",
	"textures": {
		"0": "item/fish/kinhong",
		"particle": "item/fish/kinhong"
	},
	"elements": [
		{
			"from": [0, 0, 0],
			"to": [3.8, 2.7, 3],
			"faces": {
				"north": {"uv": [6.75, 8.5, 10.4875, 11.2], "texture": "#0"},
				"east": {"uv": [7.5, 11.25, 10.5, 13.95], "texture": "#0"},
				"south": {"uv": [8.5625, 11.25, 10.5, 12.075], "texture": "#0"},
				"west": {"uv": [10.5, 11.25, 7.5, 13.95], "texture": "#0"},
				"up": {"uv": [9.0625, 8.5, 9.8625, 9.375], "texture": "#0"},
				"down": {"uv": [10.3125, 2, 12.7375, 3.4375], "texture": "#0"}
			}
		},
		{
			"from": [-1.5, 0, 1.9],
			"to": [5.6, 4.4, 1.9],
			"faces": {
				"north": {"uv": [11.1875, 8.5625, 15.875, 12.2], "texture": "#0"},
				"east": {"uv": [11.1875, 8.5625, 15.875, 12.2], "texture": "#0"},
				"south": {"uv": [11.1875, 8.5625, 15.875, 12.2], "texture": "#0"},
				"west": {"uv": [11.1875, 8.5625, 15.875, 12.2], "texture": "#0"},
				"up": {"uv": [11.1875, 8.5625, 15.875, 12.2], "texture": "#0"},
				"down": {"uv": [11.1875, 8.5625, 15.875, 12.2], "texture": "#0"}
			}
		},
		{
			"from": [0, 0, 3],
			"to": [3.8, 2.1, 7.7],
			"faces": {
				"north": {"uv": [10, 4.5, 14.7, 6.6], "texture": "#0"},
				"east": {"uv": [10, 4.5, 14.7, 6.6], "texture": "#0"},
				"south": {"uv": [10, 4.5, 14.7, 6.6], "texture": "#0"},
				"west": {"uv": [10, 4.5, 14.7, 6.6], "texture": "#0"},
				"up": {"uv": [11.25, 4.5, 14.7, 5.1], "texture": "#0"},
				"down": {"uv": [10, 4.5, 14.7, 6.6], "texture": "#0"}
			}
		},
		{
			"from": [-2.5, -0.2, 3.8],
			"to": [6.3, 1.9, 3.8],
			"faces": {
				"north": {"uv": [0.75, 3.875, 8.075, 5.225], "texture": "#0"},
				"east": {"uv": [0.75, 3.875, 8.075, 5.225], "texture": "#0"},
				"south": {"uv": [0.75, 3.875, 8.075, 5.225], "texture": "#0"},
				"west": {"uv": [0.75, 3.875, 8.075, 5.225], "texture": "#0"},
				"up": {"uv": [0.75, 3.875, 8.075, 5.225], "texture": "#0"},
				"down": {"uv": [0.75, 3.875, 8.075, 5.225], "texture": "#0"}
			}
		},
		{
			"from": [-2.5, -0.2, 6.7],
			"to": [6.3, 1.9, 6.7],
			"faces": {
				"north": {"uv": [0.75, 3.875, 8.075, 5.225], "texture": "#0"},
				"east": {"uv": [0.75, 3.875, 8.075, 5.225], "texture": "#0"},
				"south": {"uv": [0.75, 3.875, 8.075, 5.225], "texture": "#0"},
				"west": {"uv": [0.75, 3.875, 8.075, 5.225], "texture": "#0"},
				"up": {"uv": [0.75, 3.875, 8.075, 5.225], "texture": "#0"},
				"down": {"uv": [0.75, 3.875, 8.075, 5.225], "texture": "#0"}
			}
		},
		{
			"from": [2.2, 0, 3],
			"to": [2.2, 2.7, 13.1],
			"faces": {
				"north": {"uv": [10.25, 1.25, 14.95, 3.35], "texture": "#0"},
				"east": {"uv": [10.25, 1.25, 14.95, 3.35], "texture": "#0"},
				"south": {"uv": [10.25, 1.25, 14.95, 3.35], "texture": "#0"},
				"west": {"uv": [14.95, 1.25, 10.25, 3.35], "texture": "#0"},
				"up": {"uv": [10.25, 1.25, 14.95, 3.35], "texture": "#0"},
				"down": {"uv": [10.25, 1.25, 14.95, 3.35], "texture": "#0"}
			}
		}
	],
	"display": {
		"thirdperson_righthand": {
			"rotation": [85, 0, 0],
			"translation": [7, -4.75, 6.5]
		},
		"thirdperson_lefthand": {
			"rotation": [83.25, 0, 0],
			"translation": [-5.75, -3.5, 6.75]
		},
		"firstperson_righthand": {
			"rotation": [-4, 73, 0],
			"translation": [7.25, 8.25, -5]
		},
		"firstperson_lefthand": {
			"rotation": [0, 90, 0],
			"translation": [5.25, 8, 6]
		},
		"ground": {
			"translation": [6.75, 5.75, 3.75],
			"scale": [1.06, 1.12, 1.12]
		},
		"gui": {
			"rotation": [-154, 39, -172],
			"translation": [-3, 14, 0],
			"scale": [1.5, 1.52, 1.52]
		},
		"head": {
			"translation": [-3.5, 1.5, 0]
		},
		"fixed": {
			"rotation": [-90, 0, 0],
			"translation": [11.75, 6, -16],
			"scale": [1.87, 1.87, 1.85]
		}
	}
}