{"textures":{"0":"modelengine:entity/lumberjack"},"elements":[{"name":"cube","from":[6.8,5.0,4.3999996],"to":[9.2,8.0,8.0],"rotation":{"angle":0.0,"axis":"x","origin":[12.8,10.4,5.0]},"faces":{"down":{"uv":[6.2375,6.2625,5.7625,6.9875],"rotation":0,"texture":"#0","tintindex":0},"east":{"uv":[6.1375,0.0125,6.8625,0.6125],"rotation":0,"texture":"#0","tintindex":0},"north":{"uv":[1.0125,6.8875,1.4875,7.4875],"rotation":0,"texture":"#0","tintindex":0},"south":{"uv":[2.2625,6.8875,2.7375,7.4875],"rotation":0,"texture":"#0","tintindex":0},"up":{"uv":[5.7375,6.9875,5.2625,6.2625],"rotation":0,"texture":"#0","tintindex":0},"west":{"uv":[6.2625,1.3875,6.9875,1.9875],"rotation":0,"texture":"#0","tintindex":0}}}],"display":{"head":{"translation":[0.0,-6.4,0.0],"rotation":[0.0,0.0,0.0],"scale":[3.8095,3.8095,3.8095]}}}