{
	"credit": "Made with Blockbench",
	"textures": {
		"0": "item/fish/cua",
		"particle": "item/fish/cua"
	},
	"elements": [
		{
			"from": [8, 1.93659, 7.69489],
			"to": [9.3, 2.23659, 7.69489],
			"rotation": {"angle": 22.5, "axis": "x", "origin": [9.5, 0.7, 7.5]},
			"faces": {
				"north": {"uv": [9.75, 14.8375, 14.325, 16], "texture": "#0"},
				"east": {"uv": [9.75, 14.8375, 14.325, 16], "texture": "#0"},
				"south": {"uv": [9.75, 14.8375, 14.325, 16], "texture": "#0"},
				"west": {"uv": [9.75, 14.8375, 14.325, 16], "texture": "#0"},
				"up": {"uv": [9.75, 14.8375, 14.325, 16], "texture": "#0"},
				"down": {"uv": [9.75, 14.8375, 14.325, 16], "texture": "#0"}
			}
		},
		{
			"from": [7.2, 0.7, 6],
			"to": [10.1, 1.8, 8.4],
			"rotation": {"angle": 0, "axis": "y", "origin": [9.5, 0.7, 7.5]},
			"faces": {
				"north": {"uv": [3, 7.25, 6.375, 6.1875], "texture": "#0"},
				"east": {"uv": [3, 7.25, 6.375, 6.1875], "texture": "#0"},
				"south": {"uv": [0, 5.3125, 1.375, 6.3125], "texture": "#0"},
				"west": {"uv": [3, 7.25, 6.375, 6.1875], "texture": "#0"},
				"up": {"uv": [3, 7.25, 6.375, 6.1875], "texture": "#0"},
				"down": {"uv": [3, 7.25, 6.375, 6.1875], "texture": "#0"}
			}
		},
		{
			"from": [5.7, 0, 7.2],
			"to": [11.5, 1.7, 7.2],
			"rotation": {"angle": 0, "axis": "y", "origin": [9.5, 0.7, 7.5]},
			"faces": {
				"north": {"uv": [13.0125, 8.25, 3.375, 11.4625], "texture": "#0"},
				"east": {"uv": [13.0125, 8.25, 3.375, 11.4], "texture": "#0"},
				"south": {"uv": [13.0125, 8.25, 3.375, 11.4], "texture": "#0"},
				"west": {"uv": [13.0125, 8.25, 3.375, 11.4], "texture": "#0"},
				"up": {"uv": [13.0125, 8.25, 3.375, 11.4], "texture": "#0"},
				"down": {"uv": [13.0125, 8.25, 3.375, 11.275], "texture": "#0"}
			}
		},
		{
			"from": [5.7, 0, 6.7],
			"to": [11.5, 1.7, 6.7],
			"rotation": {"angle": 0, "axis": "y", "origin": [9.5, 0.7, 7.5]},
			"faces": {
				"north": {"uv": [13.0125, 8.25, 3.375, 11.4], "texture": "#0"},
				"east": {"uv": [13.0125, 8.25, 3.375, 11.3375], "texture": "#0"},
				"south": {"uv": [13.0125, 8.25, 3.375, 11.3375], "texture": "#0"},
				"west": {"uv": [13.0125, 8.25, 3.375, 11.3375], "texture": "#0"},
				"up": {"uv": [13.0125, 8.25, 3.375, 11.3375], "texture": "#0"},
				"down": {"uv": [13.0125, 8.25, 3.375, 11.275], "texture": "#0"}
			}
		},
		{
			"from": [5.7, 0, 7.9],
			"to": [11.5, 1.7, 7.9],
			"rotation": {"angle": 0, "axis": "y", "origin": [9.5, 0.7, 7.5]},
			"faces": {
				"north": {"uv": [13.0125, 8.25, 3.375, 11.4], "texture": "#0"},
				"east": {"uv": [13.0125, 8.25, 3.375, 11.525], "texture": "#0"},
				"south": {"uv": [13.0125, 8.25, 3.375, 11.4], "texture": "#0"},
				"west": {"uv": [13.0125, 8.25, 3.375, 11.525], "texture": "#0"},
				"up": {"uv": [13.0125, 8.25, 3.375, 11.4625], "texture": "#0"},
				"down": {"uv": [13.0125, 8.25, 3.375, 11.4], "texture": "#0"}
			}
		},
		{
			"from": [9.72341, -0.19835, 6.14473],
			"to": [10.99605, 1.19589, 6.14473],
			"rotation": {"angle": 0, "axis": "z", "origin": [9.5, 0.7, 7.5]},
			"faces": {
				"north": {"uv": [11.875, 6.0875, 14.0875, 8.3125], "texture": "#0"},
				"east": {"uv": [11.875, 6.0875, 14.0875, 8.5625], "texture": "#0"},
				"south": {"uv": [14.0875, 6.0875, 11.875, 8.3125], "texture": "#0"},
				"west": {"uv": [11.875, 6.0875, 14.0875, 8.5625], "texture": "#0"},
				"up": {"uv": [11.875, 6.0875, 14.0875, 8.5625], "texture": "#0"},
				"down": {"uv": [11.875, 6.0875, 14.0875, 8.3125], "texture": "#0"}
			}
		},
		{
			"from": [6.20395, -0.19835, 6.14473],
			"to": [7.47659, 1.19589, 6.14473],
			"rotation": {"angle": 0, "axis": "y", "origin": [6.5, 0.7, 7.5]},
			"faces": {
				"north": {"uv": [14.0875, 6.0875, 11.875, 8.375], "texture": "#0"},
				"east": {"uv": [14.0875, 5.65, 11.875, 8.5625], "texture": "#0"},
				"south": {"uv": [11.875, 6.025, 14.0875, 8.4375], "texture": "#0"},
				"west": {"uv": [14.0875, 5.65, 11.875, 8.5625], "texture": "#0"},
				"up": {"uv": [14.0875, 5.65, 11.875, 8.5625], "texture": "#0"},
				"down": {"uv": [14.0875, 5.65, 11.875, 8.5625], "texture": "#0"}
			}
		},
		{
			"from": [8.24645, 0.9, 9.05477],
			"to": [8.64645, 1.4, 10.55477],
			"rotation": {"angle": -45, "axis": "y", "origin": [9.5, 0.7, 7.5]},
			"faces": {
				"north": {"uv": [6.5625, 14.5, 7.825, 16], "texture": "#0"},
				"east": {"uv": [6.5625, 14.5, 7.825, 16], "texture": "#0"},
				"south": {"uv": [6.5625, 14.5, 7.825, 16], "texture": "#0"},
				"west": {"uv": [6.5625, 14.5, 7.825, 16], "texture": "#0"},
				"up": {"uv": [6.5625, 14.5, 7.825, 16], "texture": "#0"},
				"down": {"uv": [6.5625, 14.5, 7.825, 16], "texture": "#0"}
			}
		},
		{
			"from": [9.2631, 0.91, 7.96609],
			"to": [9.7531, 1.23, 9.30609],
			"rotation": {"angle": 45, "axis": "y", "origin": [9.5, 0.7, 7.5]},
			"faces": {
				"north": {"uv": [6.5625, 14.5, 7.825, 16], "texture": "#0"},
				"east": {"uv": [6.5625, 14.5, 7.825, 16], "texture": "#0"},
				"south": {"uv": [6.5625, 14.5, 7.825, 16], "texture": "#0"},
				"west": {"uv": [6.5625, 14.5, 7.825, 16], "texture": "#0"},
				"up": {"uv": [6.5625, 14.5, 7.825, 16], "texture": "#0"},
				"down": {"uv": [6.5625, 14.5, 7.825, 16], "texture": "#0"}
			}
		},
		{
			"from": [7.64508, 0.7, 10.63962],
			"to": [9.64508, 1.5, 11.73962],
			"rotation": {"angle": -45, "axis": "y", "origin": [9.73458, 0.6, 8.58906]},
			"faces": {
				"north": {"uv": [10.9375, 5, 11.925, 5.6], "rotation": 270, "texture": "#0"},
				"east": {"uv": [12.0625, 2.875, 13.3, 3.7875], "rotation": 270, "texture": "#0"},
				"south": {"uv": [10.9375, 5, 11.925, 5.6], "rotation": 270, "texture": "#0"},
				"west": {"uv": [11, 3.5625, 12.675, 4.9125], "rotation": 270, "texture": "#0"},
				"up": {"uv": [11, 3.6875, 12.8625, 4.9125], "rotation": 270, "texture": "#0"},
				"down": {"uv": [11, 3.5625, 12.675, 4.9125], "rotation": 270, "texture": "#0"}
			}
		},
		{
			"from": [10.35335, 0.63, 9.18814],
			"to": [11.55335, 1.43, 9.98814],
			"rotation": {"angle": 22.5, "axis": "y", "origin": [9.46385, 0.43, 11.6387]},
			"faces": {
				"north": {"uv": [10.9375, 5, 11.925, 5.6], "rotation": 270, "texture": "#0"},
				"east": {"uv": [11, 3.5625, 12.675, 4.9125], "rotation": 270, "texture": "#0"},
				"south": {"uv": [10.9375, 5, 11.925, 5.6], "rotation": 270, "texture": "#0"},
				"west": {"uv": [12.0625, 2.875, 13.3, 3.7875], "rotation": 270, "texture": "#0"},
				"up": {"uv": [11, 3.6875, 12.8625, 4.9125], "rotation": 90, "texture": "#0"},
				"down": {"uv": [11, 3.5625, 12.675, 4.9125], "rotation": 90, "texture": "#0"}
			}
		}
	],
	"display": {
		"thirdperson_righthand": {
			"rotation": [0, -180, 0],
			"translation": [0.5, 6, -2]
		},
		"thirdperson_lefthand": {
			"translation": [0.75, 7, 0]
		},
		"firstperson_righthand": {
			"rotation": [-90, 0, 0],
			"translation": [-0.25, 2.5, -4.25]
		},
		"firstperson_lefthand": {
			"rotation": [-90, 0, 0],
			"translation": [0.25, 3, -4]
		},
		"ground": {
			"translation": [0, 9.75, 0],
			"scale": [1.5, 1.5, 1.5]
		},
		"gui": {
			"rotation": [29, -42, 4],
			"translation": [-1.75, 15.25, 0],
			"scale": [2.5, 2.5, 2.5]
		},
		"fixed": {
			"rotation": [-90, 0, 0],
			"translation": [-1.25, 0.75, -15],
			"scale": [2.16, 2.16, 2.16]
		}
	}
}