{"textures":{"0":"modelengine:entity/haha_normal"},"elements":[{"name":"cube","from":[6.8,1.3999997,5.6],"to":[9.8,8.0,9.8],"rotation":{"angle":0.0,"axis":"x","origin":[7.4,4.3999996,6.8]},"faces":{"down":{"uv":[6.25,8.1875,5.9375,8.625],"rotation":0,"texture":"#0","tintindex":0},"east":{"uv":[2.375,9.25,2.8125,9.9375],"rotation":0,"texture":"#0","tintindex":0},"north":{"uv":[3.4375,6.3125,3.75,7.0],"rotation":0,"texture":"#0","tintindex":0},"south":{"uv":[7.8125,8.3125,8.125,9.0],"rotation":0,"texture":"#0","tintindex":0},"up":{"uv":[7.4375,5.5625,7.125,5.125],"rotation":0,"texture":"#0","tintindex":0},"west":{"uv":[2.8125,9.25,3.25,9.9375],"rotation":0,"texture":"#0","tintindex":0}}},{"name":"cube","from":[8.9,6.2,6.2],"to":[12.5,7.4,9.2],"rotation":{"angle":-45.0,"axis":"z","origin":[8.9,6.8,6.8]},"faces":{"down":{"uv":[10.3125,1.25,9.9375,1.5625],"rotation":0,"texture":"#0","tintindex":0},"east":{"uv":[10.25,7.6875,10.5625,7.8125],"rotation":0,"texture":"#0","tintindex":0},"north":{"uv":[9.1875,8.625,9.5625,8.75],"rotation":0,"texture":"#0","tintindex":0},"south":{"uv":[1.125,9.25,1.5,9.375],"rotation":0,"texture":"#0","tintindex":0},"up":{"uv":[1.3125,10.25,0.9375,9.9375],"rotation":0,"texture":"#0","tintindex":0},"west":{"uv":[10.25,7.8125,10.5625,7.9375],"rotation":0,"texture":"#0","tintindex":0}}},{"name":"cube","from":[8.9,7.4,6.2],"to":[11.900001,8.0,9.2],"rotation":{"angle":-22.5,"axis":"z","origin":[8.9,7.4,6.8]},"faces":{"down":{"uv":[3.1875,9.9375,2.875,10.25],"rotation":0,"texture":"#0","tintindex":0},"east":{"uv":[10.25,8.0625,10.5625,8.125],"rotation":0,"texture":"#0","tintindex":0},"north":{"uv":[10.25,5.75,10.5625,5.8125],"rotation":0,"texture":"#0","tintindex":0},"south":{"uv":[9.625,10.25,9.9375,10.3125],"rotation":0,"texture":"#0","tintindex":0},"up":{"uv":[8.3125,3.4375,8.0,3.125],"rotation":0,"texture":"#0","tintindex":0},"west":{"uv":[10.125,10.25,10.4375,10.3125],"rotation":0,"texture":"#0","tintindex":0}}}],"display":{"head":{"translation":[0.0,-6.4,0.0],"rotation":[0.0,0.0,0.0],"scale":[3.8095,3.8095,3.8095]}}}