{"textures":{"0":"modelengine:entity/haha_normal"},"elements":[{"name":"cube","from":[10.1,9.8,3.1999998],"to":[16.1,26.0,13.400001],"rotation":{"angle":0.0,"axis":"x","origin":[8.3,8.0,8.0]},"faces":{"down":{"uv":[2.3125,7.25,1.6875,8.3125],"rotation":0,"texture":"#0","tintindex":0},"east":{"uv":[3.8125,1.8125,4.875,3.5],"rotation":0,"texture":"#0","tintindex":0},"north":{"uv":[2.8125,5.4375,3.4375,7.125],"rotation":0,"texture":"#0","tintindex":0},"south":{"uv":[5.5625,4.4375,6.1875,6.125],"rotation":0,"texture":"#0","tintindex":0},"up":{"uv":[3.4375,8.1875,2.8125,7.125],"rotation":0,"texture":"#0","tintindex":0},"west":{"uv":[3.8125,3.5,4.875,5.1875],"rotation":0,"texture":"#0","tintindex":0}}},{"name":"cube","from":[1.6999998,8.6,1.9999998],"to":[14.3,28.400002,14.6],"rotation":{"angle":0.0,"axis":"x","origin":[8.3,8.0,8.0]},"faces":{"down":{"uv":[6.1875,3.125,4.875,4.4375],"rotation":0,"texture":"#0","tintindex":0},"east":{"uv":[1.3125,0.0,2.625,2.0625],"rotation":0,"texture":"#0","tintindex":0},"north":{"uv":[0.0,0.0,1.3125,2.0625],"rotation":0,"texture":"#0","tintindex":0},"south":{"uv":[0.0,2.0625,1.3125,4.125],"rotation":0,"texture":"#0","tintindex":0},"up":{"uv":[6.1875,3.125,4.875,1.8125],"rotation":0,"texture":"#0","tintindex":0},"west":{"uv":[1.3125,2.0625,2.625,4.125],"rotation":0,"texture":"#0","tintindex":0}}},{"name":"cube","from":[3.4999998,28.400002,3.1999998],"to":[12.5,29.0,13.400001],"rotation":{"angle":0.0,"axis":"x","origin":[13.7,28.400002,8.0]},"faces":{"down":{"uv":[7.125,4.5,6.1875,5.5625],"rotation":0,"texture":"#0","tintindex":0},"east":{"uv":[6.3125,1.625,7.375,1.6875],"rotation":0,"texture":"#0","tintindex":0},"north":{"uv":[9.8125,9.625,10.75,9.6875],"rotation":0,"texture":"#0","tintindex":0},"south":{"uv":[9.8125,9.6875,10.75,9.75],"rotation":0,"texture":"#0","tintindex":0},"up":{"uv":[7.125,4.5,6.1875,3.4375],"rotation":0,"texture":"#0","tintindex":0},"west":{"uv":[9.5,3.0,10.5625,3.0625],"rotation":0,"texture":"#0","tintindex":0}}},{"name":"cube","from":[3.4999998,27.8,7.4],"to":[6.5,29.0,11.0],"rotation":{"angle":-22.5,"axis":"z","origin":[7.1,28.400002,8.0]},"faces":{"down":{"uv":[6.8125,8.625,6.5,9.0],"rotation":0,"texture":"#0","tintindex":0},"east":{"uv":[5.6875,1.6875,6.0625,1.8125],"rotation":0,"texture":"#0","tintindex":0},"north":{"uv":[7.8125,9.0,8.125,9.125],"rotation":0,"texture":"#0","tintindex":0},"south":{"uv":[10.1875,9.1875,10.5,9.3125],"rotation":0,"texture":"#0","tintindex":0},"up":{"uv":[8.3125,2.125,8.0,1.75],"rotation":0,"texture":"#0","tintindex":0},"west":{"uv":[6.25,7.8125,6.625,7.9375],"rotation":0,"texture":"#0","tintindex":0}}},{"name":"cube","from":[4.7,28.400002,7.4],"to":[7.1,29.0,11.0],"rotation":{"angle":-45.0,"axis":"z","origin":[7.1,28.400002,8.0]},"faces":{"down":{"uv":[5.8125,9.9375,5.5625,10.3125],"rotation":0,"texture":"#0","tintindex":0},"east":{"uv":[4.125,7.0,4.5,7.0625],"rotation":0,"texture":"#0","tintindex":0},"north":{"uv":[5.3125,7.5625,5.5625,7.625],"rotation":0,"texture":"#0","tintindex":0},"south":{"uv":[9.0625,3.0625,9.3125,3.125],"rotation":0,"texture":"#0","tintindex":0},"up":{"uv":[5.5625,10.3125,5.3125,9.9375],"rotation":0,"texture":"#0","tintindex":0},"west":{"uv":[1.6875,7.1875,2.0625,7.25],"rotation":0,"texture":"#0","tintindex":0}}},{"name":"cube","from":[8.9,28.400002,7.4],"to":[11.3,29.0,11.0],"rotation":{"angle":45.0,"axis":"z","origin":[8.9,28.400002,8.0]},"faces":{"down":{"uv":[8.625,9.9375,8.375,10.3125],"rotation":0,"texture":"#0","tintindex":0},"east":{"uv":[2.375,9.1875,2.75,9.25],"rotation":0,"texture":"#0","tintindex":0},"north":{"uv":[8.3125,9.375,8.5625,9.4375],"rotation":0,"texture":"#0","tintindex":0},"south":{"uv":[10.3125,1.4375,10.5625,1.5],"rotation":0,"texture":"#0","tintindex":0},"up":{"uv":[8.375,10.3125,8.125,9.9375],"rotation":0,"texture":"#0","tintindex":0},"west":{"uv":[9.375,5.0,9.75,5.0625],"rotation":0,"texture":"#0","tintindex":0}}},{"name":"cube","from":[9.5,27.8,7.4],"to":[12.5,29.0,11.0],"rotation":{"angle":22.5,"axis":"z","origin":[8.9,28.400002,8.0]},"faces":{"down":{"uv":[0.9375,9.9375,0.625,10.3125],"rotation":0,"texture":"#0","tintindex":0},"east":{"uv":[0.625,8.4375,1.0,8.5625],"rotation":0,"texture":"#0","tintindex":0},"north":{"uv":[10.25,4.0,10.5625,4.125],"rotation":0,"texture":"#0","tintindex":0},"south":{"uv":[10.25,7.5625,10.5625,7.6875],"rotation":0,"texture":"#0","tintindex":0},"up":{"uv":[7.375,9.375,7.0625,9.0],"rotation":0,"texture":"#0","tintindex":0},"west":{"uv":[9.125,7.0,9.5,7.125],"rotation":0,"texture":"#0","tintindex":0}}},{"name":"cube","from":[2.2999997,21.2,1.9999998],"to":[13.7,26.600002,5.0],"rotation":{"angle":22.5,"axis":"x","origin":[8.3,26.600002,1.9999998]},"faces":{"down":{"uv":[9.9375,3.8125,8.75,4.125],"rotation":0,"texture":"#0","tintindex":0},"east":{"uv":[0.0,9.6875,0.3125,10.25],"rotation":0,"texture":"#0","tintindex":0},"north":{"uv":[4.125,7.0625,5.3125,7.625],"rotation":0,"texture":"#0","tintindex":0},"south":{"uv":[7.125,3.4375,8.3125,4.0],"rotation":0,"texture":"#0","tintindex":0},"up":{"uv":[9.6875,7.4375,8.5,7.125],"rotation":0,"texture":"#0","tintindex":0},"west":{"uv":[0.3125,9.6875,0.625,10.25],"rotation":0,"texture":"#0","tintindex":0}}},{"name":"cube","from":[2.2999997,13.211051,-0.06649089],"to":[13.7,21.61105,2.3335092],"rotation":{"angle":0.0,"axis":"x","origin":[8.3,7.8110504,7.7335095]},"faces":{"down":{"uv":[10.375,8.125,9.1875,8.375],"rotation":0,"texture":"#0","tintindex":0},"east":{"uv":[4.5,5.1875,4.75,6.0625],"rotation":0,"texture":"#0","tintindex":0},"north":{"uv":[0.625,5.8125,1.8125,6.6875],"rotation":0,"texture":"#0","tintindex":0},"south":{"uv":[5.5625,6.125,6.75,7.0],"rotation":0,"texture":"#0","tintindex":0},"up":{"uv":[10.3125,7.0,9.125,6.75],"rotation":0,"texture":"#0","tintindex":0},"west":{"uv":[3.4375,5.4375,3.6875,6.3125],"rotation":0,"texture":"#0","tintindex":0}}},{"name":"cube","from":[2.8999999,9.011051,-0.06649089],"to":[13.1,13.211051,2.3335092],"rotation":{"angle":-22.5,"axis":"x","origin":[8.9,13.211051,-0.06649089]},"faces":{"down":{"uv":[10.375,3.5625,9.3125,3.8125],"rotation":0,"texture":"#0","tintindex":0},"east":{"uv":[2.125,9.375,2.375,9.8125],"rotation":0,"texture":"#0","tintindex":0},"north":{"uv":[0.0,8.0,1.0625,8.4375],"rotation":0,"texture":"#0","tintindex":0},"south":{"uv":[8.0,0.0,9.0625,0.4375],"rotation":0,"texture":"#0","tintindex":0},"up":{"uv":[10.375,3.5625,9.3125,3.3125],"rotation":0,"texture":"#0","tintindex":0},"west":{"uv":[2.125,9.8125,2.375,10.25],"rotation":0,"texture":"#0","tintindex":0}}},{"name":"cube","from":[2.2999997,21.2,11.6],"to":[13.7,26.600002,14.6],"rotation":{"angle":-22.5,"axis":"x","origin":[8.3,26.600002,14.6]},"faces":{"down":{"uv":[10.25,0.3125,9.0625,0.625],"rotation":0,"texture":"#0","tintindex":0},"east":{"uv":[6.3125,9.6875,6.625,10.25],"rotation":0,"texture":"#0","tintindex":0},"north":{"uv":[7.125,4.0,8.3125,4.5625],"rotation":0,"texture":"#0","tintindex":0},"south":{"uv":[7.125,4.5625,8.3125,5.125],"rotation":0,"texture":"#0","tintindex":0},"up":{"uv":[10.25,0.3125,9.0625,0.0],"rotation":0,"texture":"#0","tintindex":0},"west":{"uv":[6.625,9.6875,6.9375,10.25],"rotation":0,"texture":"#0","tintindex":0}}},{"name":"cube","from":[2.2999997,13.211051,14.266491],"to":[13.7,21.61105,16.66649],"rotation":{"angle":0.0,"axis":"x","origin":[8.3,7.8110504,8.86649]},"faces":{"down":{"uv":[10.5,3.0625,9.3125,3.3125],"rotation":0,"texture":"#0","tintindex":0},"east":{"uv":[1.8125,5.8125,2.0625,6.6875],"rotation":0,"texture":"#0","tintindex":0},"north":{"uv":[6.1875,1.6875,7.375,2.5625],"rotation":0,"texture":"#0","tintindex":0},"south":{"uv":[6.1875,2.5625,7.375,3.4375],"rotation":0,"texture":"#0","tintindex":0},"up":{"uv":[10.375,8.625,9.1875,8.375],"rotation":0,"texture":"#0","tintindex":0},"west":{"uv":[2.375,8.3125,2.625,9.1875],"rotation":0,"texture":"#0","tintindex":0}}},{"name":"cube","from":[2.8999999,9.011051,14.86649],"to":[13.1,13.211051,16.66649],"rotation":{"angle":22.5,"axis":"x","origin":[8.9,13.211051,16.66649]},"faces":{"down":{"uv":[10.4375,4.8125,9.375,5.0],"rotation":0,"texture":"#0","tintindex":0},"east":{"uv":[1.5,7.5,1.6875,7.9375],"rotation":0,"texture":"#0","tintindex":0},"north":{"uv":[8.0,0.4375,9.0625,0.875],"rotation":0,"texture":"#0","tintindex":0},"south":{"uv":[8.0,0.875,9.0625,1.3125],"rotation":0,"texture":"#0","tintindex":0},"up":{"uv":[10.4375,4.8125,9.375,4.625],"rotation":0,"texture":"#0","tintindex":0},"west":{"uv":[6.125,9.875,6.3125,10.3125],"rotation":0,"texture":"#0","tintindex":0}}},{"name":"cube","from":[8.9,9.2,2.6],"to":[15.5,26.600002,14.0],"rotation":{"angle":0.0,"axis":"x","origin":[8.3,8.0,8.0]},"faces":{"down":{"uv":[7.4375,6.75,6.75,7.9375],"rotation":0,"texture":"#0","tintindex":0},"east":{"uv":[2.625,0.0,3.8125,1.8125],"rotation":0,"texture":"#0","tintindex":0},"north":{"uv":[4.875,4.4375,5.5625,6.25],"rotation":0,"texture":"#0","tintindex":0},"south":{"uv":[5.0,0.0,5.6875,1.8125],"rotation":0,"texture":"#0","tintindex":0},"up":{"uv":[7.4375,6.75,6.75,5.5625],"rotation":0,"texture":"#0","tintindex":0},"west":{"uv":[2.625,1.8125,3.8125,3.625],"rotation":0,"texture":"#0","tintindex":0}}},{"name":"cube","from":[0.49999976,9.2,2.6],"to":[7.1,26.600002,14.0],"rotation":{"angle":0.0,"axis":"x","origin":[8.3,8.0,8.0]},"faces":{"down":{"uv":[6.25,7.0,5.5625,8.1875],"rotation":0,"texture":"#0","tintindex":0},"east":{"uv":[2.625,3.625,3.8125,5.4375],"rotation":0,"texture":"#0","tintindex":0},"north":{"uv":[3.8125,5.1875,4.5,7.0],"rotation":0,"texture":"#0","tintindex":0},"south":{"uv":[2.125,5.4375,2.8125,7.25],"rotation":0,"texture":"#0","tintindex":0},"up":{"uv":[4.125,8.1875,3.4375,7.0],"rotation":0,"texture":"#0","tintindex":0},"west":{"uv":[3.8125,0.0,5.0,1.8125],"rotation":0,"texture":"#0","tintindex":0}}},{"name":"cube","from":[-0.10000038,9.8,3.1999998],"to":[5.8999996,26.0,13.400001],"rotation":{"angle":0.0,"axis":"x","origin":[8.3,8.0,8.0]},"faces":{"down":{"uv":[8.0,1.0625,7.375,2.125],"rotation":0,"texture":"#0","tintindex":0},"east":{"uv":[0.0,4.125,1.0625,5.8125],"rotation":0,"texture":"#0","tintindex":0},"north":{"uv":[5.6875,0.0,6.3125,1.6875],"rotation":0,"texture":"#0","tintindex":0},"south":{"uv":[0.0,5.8125,0.625,7.5],"rotation":0,"texture":"#0","tintindex":0},"up":{"uv":[8.0,1.0625,7.375,0.0],"rotation":0,"texture":"#0","tintindex":0},"west":{"uv":[1.0625,4.125,2.125,5.8125],"rotation":0,"texture":"#0","tintindex":0}}},{"name":"cube","from":[3.1999998,14.0,-0.10000038],"to":[12.8,15.8,-0.10000038],"rotation":{"angle":0.0,"axis":"x","origin":[8.0,16.400002,-0.40000033]},"faces":{"down":{"uv":[1.0,0.0,0.0,0.0],"rotation":0,"texture":"#0","tintindex":0},"east":{"uv":[0.0,0.0,0.0,0.1875],"rotation":0,"texture":"#0","tintindex":0},"north":{"uv":[0.0,11.0,16.0,13.4375],"rotation":0,"texture":"#0","tintindex":0},"south":{"uv":[9.625,8.8125,10.625,9.0],"rotation":0,"texture":"#0","tintindex":0},"up":{"uv":[1.0,0.0,0.0,0.0],"rotation":0,"texture":"#0","tintindex":0},"west":{"uv":[0.0,0.0,0.0,0.1875],"rotation":0,"texture":"#0","tintindex":0}}}],"display":{"head":{"translation":[0.0,-6.4,0.0],"rotation":[0.0,0.0,0.0],"scale":[3.8095,3.8095,3.8095]}}}