{"textures":{"0":"modelengine:entity/curius","1":"modelengine:entity/light"},"elements":[{"name":"cube","from":[7.4,5.36,7.4],"to":[8.6,8.0,8.6],"rotation":{"angle":0.0,"axis":"x","origin":[11.0,0.19999981,7.4]},"faces":{"down":{"uv":[11.25,1.5,10.75,2.0],"rotation":0,"texture":"#0","tintindex":0},"east":{"uv":[9.75,1.0,10.25,2.125],"rotation":0,"texture":"#0","tintindex":0},"north":{"uv":[3.5,7.0,4.0,8.125],"rotation":0,"texture":"#0","tintindex":0},"south":{"uv":[1.5,9.75,2.0,10.875],"rotation":0,"texture":"#0","tintindex":0},"up":{"uv":[4.0,8.75,3.5,8.25],"rotation":0,"texture":"#0","tintindex":0},"west":{"uv":[2.0,9.75,2.5,10.875],"rotation":0,"texture":"#0","tintindex":0}}},{"name":"cube","from":[7.16,6.8,7.22],"to":[8.66,8.6,8.719999],"rotation":{"angle":0.0,"axis":"x","origin":[11.0,0.19999981,7.4]},"faces":{"down":{"uv":[11.375,10.5,10.75,11.125],"rotation":0,"texture":"#0","tintindex":0},"east":{"uv":[9.25,10.25,9.875,11.0],"rotation":0,"texture":"#0","tintindex":0},"north":{"uv":[8.5,10.25,9.125,11.0],"rotation":0,"texture":"#0","tintindex":0},"south":{"uv":[0.0,10.5,0.625,11.25],"rotation":0,"texture":"#0","tintindex":0},"up":{"uv":[11.375,10.375,10.75,9.75],"rotation":0,"texture":"#0","tintindex":0},"west":{"uv":[0.75,10.5,1.375,11.25],"rotation":0,"texture":"#0","tintindex":0}}}],"display":{"head":{"translation":[0.0,-6.4,0.0],"rotation":[0.0,0.0,0.0],"scale":[3.8095,3.8095,3.8095]}}}