{"textures":{"0":"modelengine:entity/curius","1":"modelengine:entity/light"},"elements":[{"name":"cube","from":[7.4,5.36,7.4],"to":[8.6,8.0,8.6],"rotation":{"angle":0.0,"axis":"x","origin":[5.0,0.19999981,7.4]},"faces":{"down":{"uv":[12.25,9.0,11.75,9.5],"rotation":0,"texture":"#0","tintindex":0},"east":{"uv":[9.75,5.5,10.25,6.625],"rotation":0,"texture":"#0","tintindex":0},"north":{"uv":[2.5,9.75,3.0,10.875],"rotation":0,"texture":"#0","tintindex":0},"south":{"uv":[7.0,9.75,7.5,10.875],"rotation":0,"texture":"#0","tintindex":0},"up":{"uv":[9.5,12.25,9.0,11.75],"rotation":0,"texture":"#0","tintindex":0},"west":{"uv":[7.5,9.75,8.0,10.875],"rotation":0,"texture":"#0","tintindex":0}}},{"name":"cube","from":[7.34,6.8,7.22],"to":[8.84,8.6,8.719999],"rotation":{"angle":0.0,"axis":"x","origin":[5.0,0.19999981,7.4]},"faces":{"down":{"uv":[9.125,11.0,8.5,11.625],"rotation":0,"texture":"#0","tintindex":0},"east":{"uv":[10.75,4.5,11.375,5.25],"rotation":0,"texture":"#0","tintindex":0},"north":{"uv":[10.75,3.75,11.375,4.5],"rotation":0,"texture":"#0","tintindex":0},"south":{"uv":[5.5,10.75,6.125,11.5],"rotation":0,"texture":"#0","tintindex":0},"up":{"uv":[8.375,11.625,7.75,11.0],"rotation":0,"texture":"#0","tintindex":0},"west":{"uv":[6.25,10.75,6.875,11.5],"rotation":0,"texture":"#0","tintindex":0}}}],"display":{"head":{"translation":[0.0,-6.4,0.0],"rotation":[0.0,0.0,0.0],"scale":[3.8095,3.8095,3.8095]}}}