{"textures":{"0":"modelengine:entity/curius","1":"modelengine:entity/light"},"elements":[{"name":"cube","from":[5.6,12.8,6.5],"to":[10.4,16.400002,10.4],"rotation":{"angle":0.0,"axis":"x","origin":[7.4,8.0,8.0]},"faces":{"down":{"uv":[4.0,1.75,2.0,3.375],"rotation":0,"texture":"#0","tintindex":0},"east":{"uv":[0.0,7.25,1.625,8.75],"rotation":0,"texture":"#0","tintindex":0},"north":{"uv":[4.0,5.25,6.0,6.75],"rotation":0,"texture":"#0","tintindex":0},"south":{"uv":[0.0,5.75,2.0,7.25],"rotation":0,"texture":"#0","tintindex":0},"up":{"uv":[4.0,1.625,2.0,0.0],"rotation":0,"texture":"#0","tintindex":0},"west":{"uv":[7.75,0.0,9.375,1.5],"rotation":0,"texture":"#0","tintindex":0}}},{"name":"cube","from":[5.84,11.0,6.56],"to":[10.16,12.8,10.280001],"rotation":{"angle":0.0,"axis":"x","origin":[7.4,8.0,8.0]},"faces":{"down":{"uv":[7.8125,5.25,6.0,6.8125],"rotation":0,"texture":"#0","tintindex":0},"east":{"uv":[8.0,5.5,9.5625,6.25],"rotation":0,"texture":"#0","tintindex":0},"north":{"uv":[7.75,1.5,9.5625,2.25],"rotation":0,"texture":"#0","tintindex":0},"south":{"uv":[7.75,2.25,9.5625,3.0],"rotation":0,"texture":"#0","tintindex":0},"up":{"uv":[7.8125,5.0625,6.0,3.5],"rotation":0,"texture":"#0","tintindex":0},"west":{"uv":[8.0,6.25,9.5625,7.0],"rotation":0,"texture":"#0","tintindex":0}}}],"display":{"head":{"translation":[0.0,-6.4,0.0],"rotation":[0.0,0.0,0.0],"scale":[3.8095,3.8095,3.8095]}}}