{"textures":{"0":"modelengine:entity/curius","1":"modelengine:entity/light"},"elements":[{"name":"cube","from":[7.4,6.2,7.4],"to":[8.6,8.6,8.6],"rotation":{"angle":0.0,"axis":"x","origin":[8.0,9.8,8.0]},"faces":{"down":{"uv":[0.5,12.0,0.0,12.5],"rotation":0,"texture":"#0","tintindex":0},"east":{"uv":[4.0,10.25,4.5,11.25],"rotation":0,"texture":"#0","tintindex":0},"north":{"uv":[3.5,10.25,4.0,11.25],"rotation":0,"texture":"#0","tintindex":0},"south":{"uv":[4.5,10.25,5.0,11.25],"rotation":0,"texture":"#0","tintindex":0},"up":{"uv":[12.0,12.25,11.5,11.75],"rotation":0,"texture":"#0","tintindex":0},"west":{"uv":[5.0,10.25,5.5,11.25],"rotation":0,"texture":"#0","tintindex":0}}}],"display":{"head":{"translation":[0.0,-6.4,0.0],"rotation":[0.0,0.0,0.0],"scale":[3.8095,3.8095,3.8095]}}}