{"textures":{"0":"modelengine:entity/curius","1":"modelengine:entity/light"},"elements":[{"name":"cube","from":[7.4,6.2,7.4],"to":[8.6,8.6,8.6],"rotation":{"angle":0.0,"axis":"x","origin":[8.0,9.8,8.0]},"faces":{"down":{"uv":[11.5,11.75,11.0,12.25],"rotation":0,"texture":"#0","tintindex":0},"east":{"uv":[10.25,0.0,10.75,1.0],"rotation":0,"texture":"#0","tintindex":0},"north":{"uv":[8.0,9.75,8.5,10.75],"rotation":0,"texture":"#0","tintindex":0},"south":{"uv":[10.25,1.0,10.75,2.0],"rotation":0,"texture":"#0","tintindex":0},"up":{"uv":[12.25,10.5,11.75,10.0],"rotation":0,"texture":"#0","tintindex":0},"west":{"uv":[3.0,10.25,3.5,11.25],"rotation":0,"texture":"#0","tintindex":0}}}],"display":{"head":{"translation":[0.0,-6.4,0.0],"rotation":[0.0,0.0,0.0],"scale":[3.8095,3.8095,3.8095]}}}