{"textures":{"0":"modelengine:entity/curius","1":"modelengine:entity/light"},"elements":[{"name":"cube","from":[7.28,7.4,7.28],"to":[8.719999,8.0,8.719999],"rotation":{"angle":0.0,"axis":"x","origin":[8.0,10.4,8.0]},"faces":{"down":{"uv":[2.875,11.0,2.25,11.625],"rotation":0,"texture":"#0","tintindex":0},"east":{"uv":[12.25,6.25,12.875,6.5],"rotation":0,"texture":"#0","tintindex":0},"north":{"uv":[12.25,6.0,12.875,6.25],"rotation":0,"texture":"#0","tintindex":0},"south":{"uv":[12.25,6.5,12.875,6.75],"rotation":0,"texture":"#0","tintindex":0},"up":{"uv":[2.125,11.625,1.5,11.0],"rotation":0,"texture":"#0","tintindex":0},"west":{"uv":[12.25,6.75,12.875,7.0],"rotation":0,"texture":"#0","tintindex":0}}},{"name":"cube","from":[7.4,6.8,7.4],"to":[8.6,7.4,8.6],"rotation":{"angle":0.0,"axis":"x","origin":[8.0,10.4,8.0]},"faces":{"down":{"uv":[9.0,11.75,8.5,12.25],"rotation":0,"texture":"#0","tintindex":0},"east":{"uv":[10.5,2.75,11.0,3.0],"rotation":0,"texture":"#0","tintindex":0},"north":{"uv":[5.5,6.75,6.0,7.0],"rotation":0,"texture":"#0","tintindex":0},"south":{"uv":[8.0,10.75,8.5,11.0],"rotation":0,"texture":"#0","tintindex":0},"up":{"uv":[8.5,12.25,8.0,11.75],"rotation":0,"texture":"#0","tintindex":0},"west":{"uv":[12.25,12.25,12.75,12.5],"rotation":0,"texture":"#0","tintindex":0}}},{"name":"cube","from":[7.22,5.0,7.22],"to":[8.780001,6.8,8.780001],"rotation":{"angle":0.0,"axis":"x","origin":[8.0,10.4,8.0]},"faces":{"down":{"uv":[7.625,11.0,7.0,11.625],"rotation":0,"texture":"#0","tintindex":0},"east":{"uv":[10.0,10.5,10.625,11.25],"rotation":0,"texture":"#0","tintindex":0},"north":{"uv":[10.5,2.0,11.125,2.75],"rotation":0,"texture":"#0","tintindex":0},"south":{"uv":[10.75,0.0,11.375,0.75],"rotation":0,"texture":"#0","tintindex":0},"up":{"uv":[11.625,3.375,11.0,2.75],"rotation":0,"texture":"#0","tintindex":0},"west":{"uv":[10.75,0.75,11.375,1.5],"rotation":0,"texture":"#0","tintindex":0}}},{"name":"cube","from":[7.46,4.46,7.52],"to":[8.54,5.0,8.48],"rotation":{"angle":0.0,"axis":"x","origin":[8.0,10.4,8.0]},"faces":{"down":{"uv":[4.9375,12.25,4.5,12.625],"rotation":0,"texture":"#0","tintindex":0},"east":{"uv":[12.5,11.5,12.875,11.75],"rotation":0,"texture":"#0","tintindex":0},"north":{"uv":[3.0,12.5,3.4375,12.75],"rotation":0,"texture":"#0","tintindex":0},"south":{"uv":[12.5,3.0,12.9375,3.25],"rotation":0,"texture":"#0","tintindex":0},"up":{"uv":[4.4375,12.625,4.0,12.25],"rotation":0,"texture":"#0","tintindex":0},"west":{"uv":[3.75,12.75,4.125,13.0],"rotation":0,"texture":"#0","tintindex":0}}}],"display":{"head":{"translation":[0.0,-6.4,0.0],"rotation":[0.0,0.0,0.0],"scale":[3.8095,3.8095,3.8095]}}}