{"textures":{"0":"modelengine:entity/curius","1":"modelengine:entity/light"},"elements":[{"name":"cube","from":[7.22,6.8,7.28],"to":[8.719999,8.0,8.84],"rotation":{"angle":0.0,"axis":"x","origin":[8.0,9.2,7.4]},"faces":{"down":{"uv":[4.375,11.25,3.75,11.875],"rotation":0,"texture":"#0","tintindex":0},"east":{"uv":[5.75,11.5,6.375,12.0],"rotation":0,"texture":"#0","tintindex":0},"north":{"uv":[11.5,5.5,12.125,6.0],"rotation":0,"texture":"#0","tintindex":0},"south":{"uv":[11.5,6.0,12.125,6.5],"rotation":0,"texture":"#0","tintindex":0},"up":{"uv":[3.625,11.875,3.0,11.25],"rotation":0,"texture":"#0","tintindex":0},"west":{"uv":[11.5,6.5,12.125,7.0],"rotation":0,"texture":"#0","tintindex":0}}},{"name":"cube","from":[7.64,7.4,8.9],"to":[8.42,8.6,9.68],"rotation":{"angle":0.0,"axis":"x","origin":[8.0,9.2,7.4]},"faces":{"down":{"uv":[0.8125,12.75,0.5,13.0625],"rotation":0,"texture":"#0","tintindex":0},"east":{"uv":[12.25,8.0,12.5625,8.5],"rotation":0,"texture":"#0","tintindex":0},"north":{"uv":[8.0,12.25,8.3125,12.75],"rotation":0,"texture":"#0","tintindex":0},"south":{"uv":[8.5,12.25,8.8125,12.75],"rotation":0,"texture":"#0","tintindex":0},"up":{"uv":[0.3125,13.0625,0.0,12.75],"rotation":0,"texture":"#0","tintindex":0},"west":{"uv":[12.25,8.5,12.5625,9.0],"rotation":0,"texture":"#0","tintindex":0}}},{"name":"cube","from":[7.7599998,7.1,9.02],"to":[8.3,7.4,9.56],"rotation":{"angle":0.0,"axis":"x","origin":[8.0,9.2,7.4]},"faces":{"down":{"uv":[11.75,12.75,11.5,13.0],"rotation":0,"texture":"#0","tintindex":0},"east":{"uv":[3.75,13.25,4.0,13.375],"rotation":0,"texture":"#0","tintindex":0},"north":{"uv":[3.5,13.25,3.75,13.375],"rotation":0,"texture":"#0","tintindex":0},"south":{"uv":[13.25,3.75,13.5,3.875],"rotation":0,"texture":"#0","tintindex":0},"up":{"uv":[13.0,11.5,12.75,11.25],"rotation":0,"texture":"#0","tintindex":0},"west":{"uv":[4.0,13.25,4.25,13.375],"rotation":0,"texture":"#0","tintindex":0}}},{"name":"cube","from":[8.42,7.4,9.2],"to":[8.9,8.360001,9.38],"rotation":{"angle":0.0,"axis":"x","origin":[8.0,9.2,7.4]},"faces":{"down":{"uv":[8.1875,13.25,8.0,13.3125],"rotation":0,"texture":"#0","tintindex":0},"east":{"uv":[5.0,13.25,5.0625,13.625],"rotation":0,"texture":"#0","tintindex":0},"north":{"uv":[12.75,8.5,12.9375,8.875],"rotation":0,"texture":"#0","tintindex":0},"south":{"uv":[8.75,12.75,8.9375,13.125],"rotation":0,"texture":"#0","tintindex":0},"up":{"uv":[7.9375,13.3125,7.75,13.25],"rotation":0,"texture":"#0","tintindex":0},"west":{"uv":[13.25,5.0,13.3125,5.375],"rotation":0,"texture":"#0","tintindex":0}}},{"name":"cube","from":[7.16,7.4,9.2],"to":[7.64,8.360001,9.38],"rotation":{"angle":0.0,"axis":"x","origin":[8.0,9.2,7.4]},"faces":{"down":{"uv":[8.4375,13.25,8.25,13.3125],"rotation":0,"texture":"#0","tintindex":0},"east":{"uv":[5.25,13.25,5.3125,13.625],"rotation":0,"texture":"#0","tintindex":0},"north":{"uv":[9.0,12.75,9.1875,13.125],"rotation":0,"texture":"#0","tintindex":0},"south":{"uv":[12.75,9.0,12.9375,9.375],"rotation":0,"texture":"#0","tintindex":0},"up":{"uv":[13.4375,8.0625,13.25,8.0],"rotation":0,"texture":"#0","tintindex":0},"west":{"uv":[5.5,13.25,5.5625,13.625],"rotation":0,"texture":"#0","tintindex":0}}},{"name":"cube","from":[7.9399996,7.4,9.68],"to":[8.12,8.360001,10.16],"rotation":{"angle":0.0,"axis":"x","origin":[8.0,9.2,7.4]},"faces":{"down":{"uv":[8.5625,13.25,8.5,13.4375],"rotation":0,"texture":"#0","tintindex":0},"east":{"uv":[9.25,12.75,9.4375,13.125],"rotation":0,"texture":"#0","tintindex":0},"north":{"uv":[13.25,5.5,13.3125,5.875],"rotation":0,"texture":"#0","tintindex":0},"south":{"uv":[5.75,13.25,5.8125,13.625],"rotation":0,"texture":"#0","tintindex":0},"up":{"uv":[13.3125,8.4375,13.25,8.25],"rotation":0,"texture":"#0","tintindex":0},"west":{"uv":[9.5,12.75,9.6875,13.125],"rotation":0,"texture":"#0","tintindex":0}}},{"name":"cube","from":[7.7599998,8.6,9.02],"to":[8.3,9.2,9.56],"rotation":{"angle":0.0,"axis":"x","origin":[8.0,9.2,7.4]},"faces":{"down":{"uv":[13.0,12.75,12.75,13.0],"rotation":0,"texture":"#0","tintindex":0},"east":{"uv":[12.75,11.75,13.0,12.0],"rotation":0,"texture":"#0","tintindex":0},"north":{"uv":[11.75,12.75,12.0,13.0],"rotation":0,"texture":"#0","tintindex":0},"south":{"uv":[12.75,12.0,13.0,12.25],"rotation":0,"texture":"#0","tintindex":0},"up":{"uv":[13.0,12.75,12.75,12.5],"rotation":0,"texture":"#0","tintindex":0},"west":{"uv":[12.75,12.25,13.0,12.5],"rotation":0,"texture":"#0","tintindex":0}}},{"name":"cube","from":[7.22,6.8,6.92],"to":[8.719999,7.8199997,7.28],"rotation":{"angle":0.0,"axis":"x","origin":[8.0,9.2,7.4]},"faces":{"down":{"uv":[13.375,4.25,12.75,4.375],"rotation":0,"texture":"#0","tintindex":0},"east":{"uv":[13.0,7.75,13.125,8.1875],"rotation":0,"texture":"#0","tintindex":0},"north":{"uv":[11.75,2.75,12.375,3.1875],"rotation":0,"texture":"#0","tintindex":0},"south":{"uv":[11.75,3.75,12.375,4.1875],"rotation":0,"texture":"#0","tintindex":0},"up":{"uv":[4.875,12.875,4.25,12.75],"rotation":0,"texture":"#0","tintindex":0},"west":{"uv":[13.0,8.25,13.125,8.6875],"rotation":0,"texture":"#0","tintindex":0}}},{"name":"cube","from":[7.3399997,6.8,6.56],"to":[8.6,7.52,6.92],"rotation":{"angle":0.0,"axis":"x","origin":[8.0,9.2,7.4]},"faces":{"down":{"uv":[13.5,3.0,13.0,3.125],"rotation":0,"texture":"#0","tintindex":0},"east":{"uv":[13.0,12.0,13.125,12.3125],"rotation":0,"texture":"#0","tintindex":0},"north":{"uv":[9.0,12.25,9.5,12.5625],"rotation":0,"texture":"#0","tintindex":0},"south":{"uv":[12.25,9.0,12.75,9.3125],"rotation":0,"texture":"#0","tintindex":0},"up":{"uv":[13.5,2.875,13.0,2.75],"rotation":0,"texture":"#0","tintindex":0},"west":{"uv":[13.0,12.5,13.125,12.8125],"rotation":0,"texture":"#0","tintindex":0}}},{"name":"cube","from":[7.1,8.0,7.1],"to":[8.84,8.6,8.96],"rotation":{"angle":0.0,"axis":"x","origin":[8.0,9.2,7.4]},"faces":{"down":{"uv":[10.75,6.75,10.0,7.5],"rotation":0,"texture":"#0","tintindex":0},"east":{"uv":[3.0,12.0,3.75,12.25],"rotation":0,"texture":"#0","tintindex":0},"north":{"uv":[12.0,2.0,12.75,2.25],"rotation":0,"texture":"#0","tintindex":0},"south":{"uv":[3.75,12.0,4.5,12.25],"rotation":0,"texture":"#0","tintindex":0},"up":{"uv":[10.75,5.25,10.0,4.5],"rotation":0,"texture":"#0","tintindex":0},"west":{"uv":[4.5,12.0,5.25,12.25],"rotation":0,"texture":"#0","tintindex":0}}}],"display":{"head":{"translation":[0.0,-6.4,0.0],"rotation":[0.0,0.0,0.0],"scale":[3.8095,3.8095,3.8095]}}}