{"textures":{"0":"modelengine:entity/curius","1":"modelengine:entity/light"},"elements":[{"name":"cube","from":[7.28,6.8,7.28],"to":[8.780001,8.0,8.84],"rotation":{"angle":0.0,"axis":"x","origin":[8.0,9.2,7.4]},"faces":{"down":{"uv":[10.625,11.25,10.0,11.875],"rotation":0,"texture":"#0","tintindex":0},"east":{"uv":[11.5,7.5,12.125,8.0],"rotation":0,"texture":"#0","tintindex":0},"north":{"uv":[11.5,7.0,12.125,7.5],"rotation":0,"texture":"#0","tintindex":0},"south":{"uv":[11.5,8.0,12.125,8.5],"rotation":0,"texture":"#0","tintindex":0},"up":{"uv":[5.125,11.875,4.5,11.25],"rotation":0,"texture":"#0","tintindex":0},"west":{"uv":[11.5,8.5,12.125,9.0],"rotation":0,"texture":"#0","tintindex":0}}},{"name":"cube","from":[7.28,6.8,6.92],"to":[8.780001,7.8199997,7.28],"rotation":{"angle":0.0,"axis":"x","origin":[8.0,9.2,7.4]},"faces":{"down":{"uv":[13.375,4.75,12.75,4.875],"rotation":0,"texture":"#0","tintindex":0},"east":{"uv":[13.0,8.75,13.125,9.1875],"rotation":0,"texture":"#0","tintindex":0},"north":{"uv":[11.75,4.25,12.375,4.6875],"rotation":0,"texture":"#0","tintindex":0},"south":{"uv":[11.75,4.75,12.375,5.1875],"rotation":0,"texture":"#0","tintindex":0},"up":{"uv":[13.375,4.625,12.75,4.5],"rotation":0,"texture":"#0","tintindex":0},"west":{"uv":[13.0,9.25,13.125,9.6875],"rotation":0,"texture":"#0","tintindex":0}}},{"name":"cube","from":[7.4,6.8,6.56],"to":[8.66,7.52,6.92],"rotation":{"angle":0.0,"axis":"x","origin":[8.0,9.2,7.4]},"faces":{"down":{"uv":[4.25,13.0,3.75,13.125],"rotation":0,"texture":"#0","tintindex":0},"east":{"uv":[12.75,13.0,12.875,13.3125],"rotation":0,"texture":"#0","tintindex":0},"north":{"uv":[9.5,12.25,10.0,12.5625],"rotation":0,"texture":"#0","tintindex":0},"south":{"uv":[12.25,9.5,12.75,9.8125],"rotation":0,"texture":"#0","tintindex":0},"up":{"uv":[13.5,3.625,13.0,3.5],"rotation":0,"texture":"#0","tintindex":0},"west":{"uv":[13.0,13.0,13.125,13.3125],"rotation":0,"texture":"#0","tintindex":0}}},{"name":"cube","from":[7.16,8.0,7.1],"to":[8.9,8.6,8.96],"rotation":{"angle":0.0,"axis":"x","origin":[8.0,9.2,7.4]},"faces":{"down":{"uv":[10.75,9.75,10.0,10.5],"rotation":0,"texture":"#0","tintindex":0},"east":{"uv":[10.0,12.0,10.75,12.25],"rotation":0,"texture":"#0","tintindex":0},"north":{"uv":[5.75,12.0,6.5,12.25],"rotation":0,"texture":"#0","tintindex":0},"south":{"uv":[12.0,11.75,12.75,12.0],"rotation":0,"texture":"#0","tintindex":0},"up":{"uv":[10.75,9.75,10.0,9.0],"rotation":0,"texture":"#0","tintindex":0},"west":{"uv":[12.0,12.0,12.75,12.25],"rotation":0,"texture":"#0","tintindex":0}}},{"name":"cube","from":[7.7,7.1,9.02],"to":[8.24,7.4,9.56],"rotation":{"angle":0.0,"axis":"x","origin":[8.0,9.2,7.4]},"faces":{"down":{"uv":[4.75,13.0,4.5,13.25],"rotation":0,"texture":"#0","tintindex":0},"east":{"uv":[4.25,13.25,4.5,13.375],"rotation":0,"texture":"#0","tintindex":0},"north":{"uv":[13.25,4.0,13.5,4.125],"rotation":0,"texture":"#0","tintindex":0},"south":{"uv":[4.5,13.25,4.75,13.375],"rotation":0,"texture":"#0","tintindex":0},"up":{"uv":[4.5,13.25,4.25,13.0],"rotation":0,"texture":"#0","tintindex":0},"west":{"uv":[4.75,13.25,5.0,13.375],"rotation":0,"texture":"#0","tintindex":0}}},{"name":"cube","from":[8.360001,7.4,9.2],"to":[8.84,8.360001,9.38],"rotation":{"angle":0.0,"axis":"x","origin":[8.0,9.2,7.4]},"faces":{"down":{"uv":[8.9375,13.25,8.75,13.3125],"rotation":0,"texture":"#0","tintindex":0},"east":{"uv":[6.0,13.25,6.0625,13.625],"rotation":0,"texture":"#0","tintindex":0},"north":{"uv":[12.75,9.5,12.9375,9.875],"rotation":0,"texture":"#0","tintindex":0},"south":{"uv":[9.75,12.75,9.9375,13.125],"rotation":0,"texture":"#0","tintindex":0},"up":{"uv":[13.4375,8.5625,13.25,8.5],"rotation":0,"texture":"#0","tintindex":0},"west":{"uv":[13.25,6.0,13.3125,6.375],"rotation":0,"texture":"#0","tintindex":0}}},{"name":"cube","from":[7.58,7.4,8.9],"to":[8.360001,8.6,9.68],"rotation":{"angle":0.0,"axis":"x","origin":[8.0,9.2,7.4]},"faces":{"down":{"uv":[13.0625,2.0,12.75,2.3125],"rotation":0,"texture":"#0","tintindex":0},"east":{"uv":[12.25,10.0,12.5625,10.5],"rotation":0,"texture":"#0","tintindex":0},"north":{"uv":[10.0,12.25,10.3125,12.75],"rotation":0,"texture":"#0","tintindex":0},"south":{"uv":[11.0,12.25,11.3125,12.75],"rotation":0,"texture":"#0","tintindex":0},"up":{"uv":[1.3125,13.0625,1.0,12.75],"rotation":0,"texture":"#0","tintindex":0},"west":{"uv":[11.5,12.25,11.8125,12.75],"rotation":0,"texture":"#0","tintindex":0}}},{"name":"cube","from":[7.88,7.4,9.68],"to":[8.06,8.360001,10.16],"rotation":{"angle":0.0,"axis":"x","origin":[8.0,9.2,7.4]},"faces":{"down":{"uv":[9.0625,13.25,9.0,13.4375],"rotation":0,"texture":"#0","tintindex":0},"east":{"uv":[10.0,12.75,10.1875,13.125],"rotation":0,"texture":"#0","tintindex":0},"north":{"uv":[6.5,13.25,6.5625,13.625],"rotation":0,"texture":"#0","tintindex":0},"south":{"uv":[13.25,6.5,13.3125,6.875],"rotation":0,"texture":"#0","tintindex":0},"up":{"uv":[13.3125,8.9375,13.25,8.75],"rotation":0,"texture":"#0","tintindex":0},"west":{"uv":[12.75,10.0,12.9375,10.375],"rotation":0,"texture":"#0","tintindex":0}}},{"name":"cube","from":[7.1,7.4,9.2],"to":[7.58,8.360001,9.38],"rotation":{"angle":0.0,"axis":"x","origin":[8.0,9.2,7.4]},"faces":{"down":{"uv":[9.4375,13.25,9.25,13.3125],"rotation":0,"texture":"#0","tintindex":0},"east":{"uv":[6.75,13.25,6.8125,13.625],"rotation":0,"texture":"#0","tintindex":0},"north":{"uv":[10.25,12.75,10.4375,13.125],"rotation":0,"texture":"#0","tintindex":0},"south":{"uv":[11.0,12.75,11.1875,13.125],"rotation":0,"texture":"#0","tintindex":0},"up":{"uv":[13.4375,9.0625,13.25,9.0],"rotation":0,"texture":"#0","tintindex":0},"west":{"uv":[7.0,13.25,7.0625,13.625],"rotation":0,"texture":"#0","tintindex":0}}},{"name":"cube","from":[7.7,8.6,9.02],"to":[8.24,9.2,9.56],"rotation":{"angle":0.0,"axis":"x","origin":[8.0,9.2,7.4]},"faces":{"down":{"uv":[13.25,6.0,13.0,6.25],"rotation":0,"texture":"#0","tintindex":0},"east":{"uv":[5.0,13.0,5.25,13.25],"rotation":0,"texture":"#0","tintindex":0},"north":{"uv":[4.75,13.0,5.0,13.25],"rotation":0,"texture":"#0","tintindex":0},"south":{"uv":[5.25,13.0,5.5,13.25],"rotation":0,"texture":"#0","tintindex":0},"up":{"uv":[6.25,13.25,6.0,13.0],"rotation":0,"texture":"#0","tintindex":0},"west":{"uv":[5.75,13.0,6.0,13.25],"rotation":0,"texture":"#0","tintindex":0}}}],"display":{"head":{"translation":[0.0,-6.4,0.0],"rotation":[0.0,0.0,0.0],"scale":[3.8095,3.8095,3.8095]}}}