{"textures":{"0":"modelengine:entity/curius","1":"modelengine:entity/light"},"elements":[{"name":"cube","from":[7.28,7.4,7.28],"to":[8.719999,8.0,8.719999],"rotation":{"angle":0.0,"axis":"x","origin":[8.0,10.4,8.0]},"faces":{"down":{"uv":[0.625,11.25,0.0,11.875],"rotation":0,"texture":"#0","tintindex":0},"east":{"uv":[12.25,7.25,12.875,7.5],"rotation":0,"texture":"#0","tintindex":0},"north":{"uv":[12.25,7.0,12.875,7.25],"rotation":0,"texture":"#0","tintindex":0},"south":{"uv":[12.25,7.5,12.875,7.75],"rotation":0,"texture":"#0","tintindex":0},"up":{"uv":[9.875,11.625,9.25,11.0],"rotation":0,"texture":"#0","tintindex":0},"west":{"uv":[12.25,7.75,12.875,8.0],"rotation":0,"texture":"#0","tintindex":0}}},{"name":"cube","from":[7.4,6.8,7.4],"to":[8.6,7.4,8.6],"rotation":{"angle":0.0,"axis":"x","origin":[8.0,10.4,8.0]},"faces":{"down":{"uv":[12.25,9.5,11.75,10.0],"rotation":0,"texture":"#0","tintindex":0},"east":{"uv":[0.5,12.5,1.0,12.75],"rotation":0,"texture":"#0","tintindex":0},"north":{"uv":[0.0,12.5,0.5,12.75],"rotation":0,"texture":"#0","tintindex":0},"south":{"uv":[1.0,12.5,1.5,12.75],"rotation":0,"texture":"#0","tintindex":0},"up":{"uv":[10.0,12.25,9.5,11.75],"rotation":0,"texture":"#0","tintindex":0},"west":{"uv":[12.5,2.75,13.0,3.0],"rotation":0,"texture":"#0","tintindex":0}}},{"name":"cube","from":[7.22,5.0,7.22],"to":[8.780001,6.8,8.780001],"rotation":{"angle":0.0,"axis":"x","origin":[8.0,10.4,8.0]},"faces":{"down":{"uv":[11.875,1.5,11.25,2.125],"rotation":0,"texture":"#0","tintindex":0},"east":{"uv":[10.75,7.5,11.375,8.25],"rotation":0,"texture":"#0","tintindex":0},"north":{"uv":[10.75,6.75,11.375,7.5],"rotation":0,"texture":"#0","tintindex":0},"south":{"uv":[10.75,8.25,11.375,9.0],"rotation":0,"texture":"#0","tintindex":0},"up":{"uv":[1.375,11.875,0.75,11.25],"rotation":0,"texture":"#0","tintindex":0},"west":{"uv":[10.75,9.0,11.375,9.75],"rotation":0,"texture":"#0","tintindex":0}}},{"name":"cube","from":[7.46,4.46,7.52],"to":[8.54,5.0,8.48],"rotation":{"angle":0.0,"axis":"x","origin":[8.0,10.4,8.0]},"faces":{"down":{"uv":[6.1875,12.25,5.75,12.625],"rotation":0,"texture":"#0","tintindex":0},"east":{"uv":[12.75,3.75,13.125,4.0],"rotation":0,"texture":"#0","tintindex":0},"north":{"uv":[3.5,12.5,3.9375,12.75],"rotation":0,"texture":"#0","tintindex":0},"south":{"uv":[12.5,3.5,12.9375,3.75],"rotation":0,"texture":"#0","tintindex":0},"up":{"uv":[12.6875,5.875,12.25,5.5],"rotation":0,"texture":"#0","tintindex":0},"west":{"uv":[12.75,4.0,13.125,4.25],"rotation":0,"texture":"#0","tintindex":0}}}],"display":{"head":{"translation":[0.0,-6.4,0.0],"rotation":[0.0,0.0,0.0],"scale":[3.8095,3.8095,3.8095]}}}