{"textures":{"0":"modelengine:entity/curius","1":"modelengine:entity/light"},"elements":[{"name":"cube","from":[6.3812,7.97312,6.2249603],"to":[10.8188,11.966961,10.2188],"rotation":{"angle":0.0,"axis":"x","origin":[8.15624,2.6479998,8.0]},"faces":{"down":{"uv":[5.875,1.75,4.0,3.4375],"rotation":0,"texture":"#0","tintindex":0},"east":{"uv":[6.0,0.0,7.6875,1.6875],"rotation":0,"texture":"#0","tintindex":0},"north":{"uv":[2.0,3.5,3.875,5.1875],"rotation":0,"texture":"#0","tintindex":0},"south":{"uv":[0.0,4.0,1.875,5.6875],"rotation":0,"texture":"#0","tintindex":0},"up":{"uv":[5.875,1.6875,4.0,0.0],"rotation":0,"texture":"#0","tintindex":0},"west":{"uv":[6.0,1.75,7.6875,3.4375],"rotation":0,"texture":"#0","tintindex":0}}},{"name":"cube","from":[8.6,13.88,7.7],"to":[8.6,18.68,13.1],"rotation":{"angle":0.0,"axis":"x","origin":[8.6,15.5,10.4]},"faces":{"down":{"uv":[0.0,0.0,0.0,1.5],"rotation":0,"texture":"#0","tintindex":0},"east":{"uv":[0.0,0.0,16.0,16.0],"rotation":0,"texture":"#1","tintindex":0},"north":{"uv":[0.0,0.0,16.0,16.0],"rotation":0,"texture":"#0","tintindex":0},"south":{"uv":[0.0,0.0,16.0,16.0],"rotation":0,"texture":"#0","tintindex":0},"up":{"uv":[0.0,0.0,0.0,1.5],"rotation":0,"texture":"#0","tintindex":0},"west":{"uv":[0.0,0.0,16.0,16.0],"rotation":0,"texture":"#1","tintindex":0}}},{"name":"cube","from":[5.8999996,13.88,10.460001],"to":[11.3,18.68,10.460001],"rotation":{"angle":0.0,"axis":"x","origin":[8.9,15.5,10.4]},"faces":{"down":{"uv":[0.0,0.0,0.0,1.5],"rotation":0,"texture":"#0","tintindex":0},"east":{"uv":[0.0,0.0,16.0,16.0],"rotation":0,"texture":"#1","tintindex":0},"north":{"uv":[0.0,0.0,16.0,16.0],"rotation":0,"texture":"#1","tintindex":0},"south":{"uv":[0.0,0.0,16.0,16.0],"rotation":0,"texture":"#1","tintindex":0},"up":{"uv":[0.0,0.0,0.0,1.5],"rotation":0,"texture":"#0","tintindex":0},"west":{"uv":[0.0,0.0,16.0,16.0],"rotation":0,"texture":"#1","tintindex":0}}}],"display":{"head":{"translation":[0.0,-6.4,0.0],"rotation":[0.0,0.0,0.0],"scale":[3.8095,3.8095,3.8095]}}}