{"textures":{"0":"modelengine:entity/curius","1":"modelengine:entity/light"},"elements":[{"name":"cube","from":[6.2957706,15.041121,10.2188],"to":[10.733372,19.034962,10.6625595],"rotation":{"angle":0.0,"axis":"x","origin":[8.07081,9.716001,8.0]},"faces":{"down":{"uv":[12.625,11.25,10.75,11.4375],"rotation":0,"texture":"#0","tintindex":0},"east":{"uv":[1.75,7.25,1.9375,8.9375],"rotation":0,"texture":"#0","tintindex":0},"north":{"uv":[4.0,3.5,5.875,5.1875],"rotation":0,"texture":"#0","tintindex":0},"south":{"uv":[2.0,5.25,3.875,6.9375],"rotation":0,"texture":"#0","tintindex":0},"up":{"uv":[13.125,2.6875,11.25,2.5],"rotation":0,"texture":"#0","tintindex":0},"west":{"uv":[5.25,11.25,5.4375,12.9375],"rotation":0,"texture":"#0","tintindex":0}}},{"name":"cube","from":[6.7395306,15.48488,10.6625595],"to":[10.289611,19.478722,11.10632],"rotation":{"angle":0.0,"axis":"x","origin":[8.07081,9.716001,8.0]},"faces":{"down":{"uv":[12.5,11.5,11.0,11.6875],"rotation":0,"texture":"#0","tintindex":0},"east":{"uv":[11.5,3.75,11.6875,5.4375],"rotation":0,"texture":"#0","tintindex":0},"north":{"uv":[5.5,7.0,7.0,8.6875],"rotation":0,"texture":"#0","tintindex":0},"south":{"uv":[7.0,7.0,8.5,8.6875],"rotation":0,"texture":"#0","tintindex":0},"up":{"uv":[13.0,10.9375,11.5,10.75],"rotation":0,"texture":"#0","tintindex":0},"west":{"uv":[5.5,11.5,5.6875,13.1875],"rotation":0,"texture":"#0","tintindex":0}}},{"name":"cube","from":[7.183291,16.3724,11.10632],"to":[9.845851,19.034962,11.55008],"rotation":{"angle":0.0,"axis":"x","origin":[8.07081,9.716001,8.0]},"faces":{"down":{"uv":[13.125,1.75,12.0,1.9375],"rotation":0,"texture":"#0","tintindex":0},"east":{"uv":[2.5,12.0,2.6875,13.125],"rotation":0,"texture":"#0","tintindex":0},"north":{"uv":[8.0,3.0,9.125,4.125],"rotation":0,"texture":"#0","tintindex":0},"south":{"uv":[8.0,4.25,9.125,5.375],"rotation":0,"texture":"#0","tintindex":0},"up":{"uv":[13.125,1.6875,12.0,1.5],"rotation":0,"texture":"#0","tintindex":0},"west":{"uv":[2.75,12.0,2.9375,13.125],"rotation":0,"texture":"#0","tintindex":0}}},{"name":"cube","from":[6.2957706,19.034962,6.2249603],"to":[10.733372,19.478722,10.6625595],"rotation":{"angle":0.0,"axis":"x","origin":[8.07081,9.716001,8.0]},"faces":{"down":{"uv":[1.875,2.0,0.0,3.875],"rotation":0,"texture":"#0","tintindex":0},"east":{"uv":[11.5,0.25,13.375,0.4375],"rotation":0,"texture":"#0","tintindex":0},"north":{"uv":[11.5,0.0,13.375,0.1875],"rotation":0,"texture":"#0","tintindex":0},"south":{"uv":[11.5,0.5,13.375,0.6875],"rotation":0,"texture":"#0","tintindex":0},"up":{"uv":[1.875,1.875,0.0,0.0],"rotation":0,"texture":"#0","tintindex":0},"west":{"uv":[11.5,0.75,13.375,0.9375],"rotation":0,"texture":"#0","tintindex":0}}},{"name":"cube","from":[6.8117704,18.62216,5.65736],"to":[10.217371,19.065922,6.2249603],"rotation":{"angle":0.0,"axis":"x","origin":[8.07081,9.716001,8.0]},"faces":{"down":{"uv":[12.6875,2.25,11.25,2.5],"rotation":0,"texture":"#0","tintindex":0},"east":{"uv":[13.0,9.75,13.25,9.9375],"rotation":0,"texture":"#0","tintindex":0},"north":{"uv":[11.75,3.25,13.1875,3.4375],"rotation":0,"texture":"#0","tintindex":0},"south":{"uv":[11.75,5.25,13.1875,5.4375],"rotation":0,"texture":"#0","tintindex":0},"up":{"uv":[12.4375,3.75,11.0,3.5],"rotation":0,"texture":"#0","tintindex":0},"west":{"uv":[13.0,10.0,13.25,10.1875],"rotation":0,"texture":"#0","tintindex":0}}},{"name":"cube","from":[6.1925707,18.62216,5.91536],"to":[6.8117704,19.065922,6.74096],"rotation":{"angle":0.0,"axis":"x","origin":[8.07081,9.716001,8.0]},"faces":{"down":{"uv":[3.25,12.75,3.0,13.125],"rotation":0,"texture":"#0","tintindex":0},"east":{"uv":[12.75,5.0,13.125,5.1875],"rotation":0,"texture":"#0","tintindex":0},"north":{"uv":[13.0,10.25,13.25,10.4375],"rotation":0,"texture":"#0","tintindex":0},"south":{"uv":[10.5,13.0,10.75,13.1875],"rotation":0,"texture":"#0","tintindex":0},"up":{"uv":[7.0,10.625,6.75,10.25],"rotation":0,"texture":"#0","tintindex":0},"west":{"uv":[12.75,5.5,13.125,5.6875],"rotation":0,"texture":"#0","tintindex":0}}},{"name":"cube","from":[10.217371,18.62216,5.91536],"to":[10.836571,19.065922,6.74096],"rotation":{"angle":0.0,"axis":"x","origin":[8.958331,9.716001,8.0]},"faces":{"down":{"uv":[3.75,12.75,3.5,13.125],"rotation":0,"texture":"#0","tintindex":0},"east":{"uv":[5.75,12.75,6.125,12.9375],"rotation":0,"texture":"#0","tintindex":0},"north":{"uv":[13.0,10.5,13.25,10.6875],"rotation":0,"texture":"#0","tintindex":0},"south":{"uv":[13.0,10.75,13.25,10.9375],"rotation":0,"texture":"#0","tintindex":0},"up":{"uv":[3.5,13.125,3.25,12.75],"rotation":0,"texture":"#0","tintindex":0},"west":{"uv":[12.75,5.75,13.125,5.9375],"rotation":0,"texture":"#0","tintindex":0}}},{"name":"cube","from":[7.3793707,19.034962,5.81216],"to":[9.649771,19.633522,6.2249603],"rotation":{"angle":0.0,"axis":"x","origin":[7.864411,9.716001,8.0]},"faces":{"down":{"uv":[3.9375,12.25,3.0,12.4375],"rotation":0,"texture":"#0","tintindex":0},"east":{"uv":[13.0,11.0,13.1875,11.25],"rotation":0,"texture":"#0","tintindex":0},"north":{"uv":[11.75,10.5,12.6875,10.75],"rotation":0,"texture":"#0","tintindex":0},"south":{"uv":[0.5,12.0,1.4375,12.25],"rotation":0,"texture":"#0","tintindex":0},"up":{"uv":[1.4375,12.4375,0.5,12.25],"rotation":0,"texture":"#0","tintindex":0},"west":{"uv":[11.25,13.0,11.4375,13.25],"rotation":0,"texture":"#0","tintindex":0}}},{"name":"cube","from":[6.7395306,19.478722,6.2249603],"to":[10.289611,19.922482,10.6625595],"rotation":{"angle":0.0,"axis":"x","origin":[8.07081,9.716001,8.0]},"faces":{"down":{"uv":[3.5,7.0,2.0,8.875],"rotation":0,"texture":"#0","tintindex":0},"east":{"uv":[11.5,1.0,13.375,1.1875],"rotation":0,"texture":"#0","tintindex":0},"north":{"uv":[11.5,11.0,13.0,11.1875],"rotation":0,"texture":"#0","tintindex":0},"south":{"uv":[1.5,11.75,3.0,11.9375],"rotation":0,"texture":"#0","tintindex":0},"up":{"uv":[5.5,8.625,4.0,6.75],"rotation":0,"texture":"#0","tintindex":0},"west":{"uv":[11.5,1.25,13.375,1.4375],"rotation":0,"texture":"#0","tintindex":0}}},{"name":"cube","from":[8.426001,19.41872,8.62496],"to":[8.606,20.858719,8.80496],"rotation":{"angle":0.0,"axis":"x","origin":[7.95728,9.716001,8.0]},"faces":{"down":{"uv":[9.5625,13.25,9.5,13.3125],"rotation":0,"texture":"#0","tintindex":0},"east":{"uv":[11.5,13.0,11.5625,13.625],"rotation":0,"texture":"#0","tintindex":0},"north":{"uv":[13.0,11.25,13.0625,11.875],"rotation":0,"texture":"#0","tintindex":0},"south":{"uv":[11.75,13.0,11.8125,13.625],"rotation":0,"texture":"#0","tintindex":0},"up":{"uv":[13.3125,9.3125,13.25,9.25],"rotation":0,"texture":"#0","tintindex":0},"west":{"uv":[12.0,13.0,12.0625,13.625],"rotation":0,"texture":"#0","tintindex":0}}},{"name":"cube","from":[8.426001,21.29382,12.422265],"to":[8.606,22.073818,12.602265],"rotation":{"angle":-22.5,"axis":"x","origin":[7.95728,11.531097,11.797305]},"faces":{"down":{"uv":[9.8125,13.25,9.75,13.3125],"rotation":0,"texture":"#0","tintindex":0},"east":{"uv":[7.25,13.25,7.3125,13.5625],"rotation":0,"texture":"#0","tintindex":0},"north":{"uv":[13.25,7.0,13.3125,7.3125],"rotation":0,"texture":"#0","tintindex":0},"south":{"uv":[7.5,13.25,7.5625,13.5625],"rotation":0,"texture":"#0","tintindex":0},"up":{"uv":[13.3125,9.5625,13.25,9.5],"rotation":0,"texture":"#0","tintindex":0},"west":{"uv":[13.25,7.5,13.3125,7.8125],"rotation":0,"texture":"#0","tintindex":0}}},{"name":"cube","from":[8.426001,24.81181,1.6199294],"to":[8.606,26.191814,1.7999296],"rotation":{"angle":45.0,"axis":"x","origin":[7.95728,15.04909,0.99496937]},"faces":{"down":{"uv":[10.0625,13.25,10.0,13.3125],"rotation":0,"texture":"#0","tintindex":0},"east":{"uv":[0.25,13.25,0.3125,13.8125],"rotation":0,"texture":"#0","tintindex":0},"north":{"uv":[0.0,13.25,0.0625,13.8125],"rotation":0,"texture":"#0","tintindex":0},"south":{"uv":[0.5,13.25,0.5625,13.8125],"rotation":0,"texture":"#0","tintindex":0},"up":{"uv":[13.3125,9.8125,13.25,9.75],"rotation":0,"texture":"#0","tintindex":0},"west":{"uv":[0.75,13.25,0.8125,13.8125],"rotation":0,"texture":"#0","tintindex":0}}},{"name":"cube","from":[8.216,26.01181,1.4399294],"to":[8.816,27.211811,2.0399294],"rotation":{"angle":45.0,"axis":"x","origin":[7.98728,15.04909,0.99496937]},"faces":{"down":{"uv":[11.5,12.75,11.25,13.0],"rotation":0,"texture":"#0","tintindex":0},"east":{"uv":[9.75,6.75,10.0,7.0],"rotation":0,"texture":"#0","tintindex":0},"north":{"uv":[1.5,8.75,1.75,9.0],"rotation":0,"texture":"#0","tintindex":0},"south":{"uv":[10.0,5.25,10.25,5.5],"rotation":0,"texture":"#0","tintindex":0},"up":{"uv":[13.0,10.75,12.75,10.5],"rotation":0,"texture":"#0","tintindex":0},"west":{"uv":[10.25,2.0,10.5,2.25],"rotation":0,"texture":"#0","tintindex":0}}},{"name":"cube","from":[7.616,26.611813,0.83992934],"to":[9.416,28.411812,2.6399293],"rotation":{"angle":45.0,"axis":"x","origin":[7.98728,15.04909,0.99496937]},"faces":{"down":{"uv":[7.0,9.5,6.25,10.25],"rotation":0,"texture":"#0","tintindex":0},"east":{"uv":[3.25,9.5,4.0,10.25],"rotation":0,"texture":"#0","tintindex":0},"north":{"uv":[9.25,4.75,10.0,5.5],"rotation":0,"texture":"#0","tintindex":0},"south":{"uv":[4.0,9.5,4.75,10.25],"rotation":0,"texture":"#0","tintindex":0},"up":{"uv":[6.25,10.25,5.5,9.5],"rotation":0,"texture":"#0","tintindex":0},"west":{"uv":[4.75,9.5,5.5,10.25],"rotation":0,"texture":"#0","tintindex":0}}},{"name":"cube","from":[5.8520107,17.259922,6.74096],"to":[6.2957706,19.034962,10.2188],"rotation":{"angle":0.0,"axis":"x","origin":[8.07081,9.716001,8.0]},"faces":{"down":{"uv":[7.4375,11.75,7.25,13.1875],"rotation":0,"texture":"#0","tintindex":0},"east":{"uv":[8.5,7.0,9.9375,7.75],"rotation":0,"texture":"#0","tintindex":0},"north":{"uv":[5.0,12.25,5.1875,13.0],"rotation":0,"texture":"#0","tintindex":0},"south":{"uv":[6.25,12.25,6.4375,13.0],"rotation":0,"texture":"#0","tintindex":0},"up":{"uv":[7.1875,13.1875,7.0,11.75],"rotation":0,"texture":"#0","tintindex":0},"west":{"uv":[8.5,7.75,9.9375,8.5],"rotation":0,"texture":"#0","tintindex":0}}},{"name":"cube","from":[5.8520107,16.3724,7.18472],"to":[6.2957706,17.259922,10.2188],"rotation":{"angle":0.0,"axis":"x","origin":[8.07081,9.716001,8.0]},"faces":{"down":{"uv":[1.9375,12.0,1.75,13.25],"rotation":0,"texture":"#0","tintindex":0},"east":{"uv":[10.25,5.25,11.5,5.625],"rotation":0,"texture":"#0","tintindex":0},"north":{"uv":[8.0,12.75,8.1875,13.125],"rotation":0,"texture":"#0","tintindex":0},"south":{"uv":[12.75,8.0,12.9375,8.375],"rotation":0,"texture":"#0","tintindex":0},"up":{"uv":[1.6875,13.25,1.5,12.0],"rotation":0,"texture":"#0","tintindex":0},"west":{"uv":[5.5,10.25,6.75,10.625],"rotation":0,"texture":"#0","tintindex":0}}},{"name":"cube","from":[10.733372,17.259922,6.74096],"to":[11.177132,19.034962,10.2188],"rotation":{"angle":0.0,"axis":"x","origin":[8.958331,9.716001,8.0]},"faces":{"down":{"uv":[7.9375,11.75,7.75,13.1875],"rotation":0,"texture":"#0","tintindex":0},"east":{"uv":[8.5,8.5,9.9375,9.25],"rotation":0,"texture":"#0","tintindex":0},"north":{"uv":[10.5,12.25,10.6875,13.0],"rotation":0,"texture":"#0","tintindex":0},"south":{"uv":[12.0,12.25,12.1875,13.0],"rotation":0,"texture":"#0","tintindex":0},"up":{"uv":[7.6875,13.1875,7.5,11.75],"rotation":0,"texture":"#0","tintindex":0},"west":{"uv":[0.0,8.75,1.4375,9.5],"rotation":0,"texture":"#0","tintindex":0}}},{"name":"cube","from":[10.733372,17.77592,6.10496],"to":[11.022331,18.880161,6.7615995],"rotation":{"angle":0.0,"axis":"x","origin":[8.958331,9.716001,8.0]},"faces":{"down":{"uv":[3.125,13.25,3.0,13.5],"rotation":0,"texture":"#0","tintindex":0},"east":{"uv":[7.75,3.0,8.0,3.4375],"rotation":0,"texture":"#0","tintindex":0},"north":{"uv":[6.25,13.0,6.375,13.4375],"rotation":0,"texture":"#0","tintindex":0},"south":{"uv":[13.0,6.25,13.125,6.6875],"rotation":0,"texture":"#0","tintindex":0},"up":{"uv":[2.875,13.5,2.75,13.25],"rotation":0,"texture":"#0","tintindex":0},"west":{"uv":[3.25,9.0,3.5,9.4375],"rotation":0,"texture":"#0","tintindex":0}}},{"name":"cube","from":[6.0068107,17.77592,6.10496],"to":[6.2957706,18.880161,6.7615995],"rotation":{"angle":0.0,"axis":"x","origin":[8.07081,9.716001,8.0]},"faces":{"down":{"uv":[13.375,3.25,13.25,3.5],"rotation":0,"texture":"#0","tintindex":0},"east":{"uv":[9.5,1.0,9.75,1.4375],"rotation":0,"texture":"#0","tintindex":0},"north":{"uv":[13.0,6.75,13.125,7.1875],"rotation":0,"texture":"#0","tintindex":0},"south":{"uv":[13.0,7.25,13.125,7.6875],"rotation":0,"texture":"#0","tintindex":0},"up":{"uv":[3.375,13.5,3.25,13.25],"rotation":0,"texture":"#0","tintindex":0},"west":{"uv":[3.0,9.75,3.25,10.1875],"rotation":0,"texture":"#0","tintindex":0}}},{"name":"cube","from":[10.733372,16.3724,7.18472],"to":[11.177132,17.259922,10.2188],"rotation":{"angle":0.0,"axis":"x","origin":[8.958331,9.716001,8.0]},"faces":{"down":{"uv":[2.4375,12.0,2.25,13.25],"rotation":0,"texture":"#0","tintindex":0},"east":{"uv":[10.25,5.75,11.5,6.125],"rotation":0,"texture":"#0","tintindex":0},"north":{"uv":[8.25,12.75,8.4375,13.125],"rotation":0,"texture":"#0","tintindex":0},"south":{"uv":[8.5,12.75,8.6875,13.125],"rotation":0,"texture":"#0","tintindex":0},"up":{"uv":[2.1875,13.25,2.0,12.0],"rotation":0,"texture":"#0","tintindex":0},"west":{"uv":[10.25,6.25,11.5,6.625],"rotation":0,"texture":"#0","tintindex":0}}},{"name":"cube","from":[10.733372,16.3724,6.7203197],"to":[11.177132,16.79552,7.1744003],"rotation":{"angle":0.0,"axis":"x","origin":[8.958331,9.716001,8.0]},"faces":{"down":{"uv":[13.4375,1.75,13.25,1.9375],"rotation":0,"texture":"#0","tintindex":0},"east":{"uv":[1.25,13.25,1.4375,13.4375],"rotation":0,"texture":"#0","tintindex":0},"north":{"uv":[1.0,13.25,1.1875,13.4375],"rotation":0,"texture":"#0","tintindex":0},"south":{"uv":[1.5,13.25,1.6875,13.4375],"rotation":0,"texture":"#0","tintindex":0},"up":{"uv":[1.9375,13.4375,1.75,13.25],"rotation":0,"texture":"#0","tintindex":0},"west":{"uv":[13.25,1.5,13.4375,1.6875],"rotation":0,"texture":"#0","tintindex":0}}},{"name":"cube","from":[10.733372,15.064879,6.47648],"to":[11.177132,16.3724,10.2188],"rotation":{"angle":0.0,"axis":"x","origin":[8.958331,9.716001,8.0]},"faces":{"down":{"uv":[6.9375,11.5,6.75,13.0625],"rotation":0,"texture":"#0","tintindex":0},"east":{"uv":[3.5,8.75,5.0625,9.3125],"rotation":0,"texture":"#0","tintindex":0},"north":{"uv":[12.5,3.75,12.6875,4.3125],"rotation":0,"texture":"#0","tintindex":0},"south":{"uv":[12.5,4.5,12.6875,5.0625],"rotation":0,"texture":"#0","tintindex":0},"up":{"uv":[6.6875,13.0625,6.5,11.5],"rotation":0,"texture":"#0","tintindex":0},"west":{"uv":[5.25,8.75,6.8125,9.3125],"rotation":0,"texture":"#0","tintindex":0}}},{"name":"cube","from":[5.8520107,15.064879,6.47648],"to":[6.2957706,16.3724,10.2188],"rotation":{"angle":0.0,"axis":"x","origin":[8.07081,9.716001,8.0]},"faces":{"down":{"uv":[10.9375,11.5,10.75,13.0625],"rotation":0,"texture":"#0","tintindex":0},"east":{"uv":[1.5,9.0,3.0625,9.5625],"rotation":0,"texture":"#0","tintindex":0},"north":{"uv":[12.25,12.5,12.4375,13.0625],"rotation":0,"texture":"#0","tintindex":0},"south":{"uv":[12.5,12.5,12.6875,13.0625],"rotation":0,"texture":"#0","tintindex":0},"up":{"uv":[11.6875,10.5625,11.5,9.0],"rotation":0,"texture":"#0","tintindex":0},"west":{"uv":[9.25,3.0,10.8125,3.5625],"rotation":0,"texture":"#0","tintindex":0}}},{"name":"cube","from":[5.8520107,16.3724,6.7203197],"to":[6.2957706,16.79552,7.1744003],"rotation":{"angle":0.0,"axis":"x","origin":[8.07081,9.716001,8.0]},"faces":{"down":{"uv":[13.4375,2.5,13.25,2.6875],"rotation":0,"texture":"#0","tintindex":0},"east":{"uv":[13.25,2.0,13.4375,2.1875],"rotation":0,"texture":"#0","tintindex":0},"north":{"uv":[2.0,13.25,2.1875,13.4375],"rotation":0,"texture":"#0","tintindex":0},"south":{"uv":[2.25,13.25,2.4375,13.4375],"rotation":0,"texture":"#0","tintindex":0},"up":{"uv":[2.6875,13.4375,2.5,13.25],"rotation":0,"texture":"#0","tintindex":0},"west":{"uv":[13.25,2.25,13.4375,2.4375],"rotation":0,"texture":"#0","tintindex":0}}}],"display":{"head":{"translation":[0.0,-6.4,0.0],"rotation":[0.0,0.0,0.0],"scale":[3.8095,3.8095,3.8095]}}}