{"textures":{"0":"modelengine:entity/curius","1":"modelengine:entity/light"},"elements":[{"name":"cube","from":[7.16,6.2,7.1],"to":[8.9,8.6,8.9],"rotation":{"angle":0.0,"axis":"x","origin":[9.5,5.0,7.7]},"faces":{"down":{"uv":[10.75,3.75,10.0,4.5],"rotation":0,"texture":"#0","tintindex":0},"east":{"uv":[7.75,8.75,8.5,9.75],"rotation":0,"texture":"#0","tintindex":0},"north":{"uv":[7.0,8.75,7.75,9.75],"rotation":0,"texture":"#0","tintindex":0},"south":{"uv":[9.25,3.75,10.0,4.75],"rotation":0,"texture":"#0","tintindex":0},"up":{"uv":[10.5,3.0,9.75,2.25],"rotation":0,"texture":"#0","tintindex":0},"west":{"uv":[8.5,9.25,9.25,10.25],"rotation":0,"texture":"#0","tintindex":0}}}],"display":{"head":{"translation":[0.0,-6.4,0.0],"rotation":[0.0,0.0,0.0],"scale":[3.8095,3.8095,3.8095]}}}