{"textures":{"0":"modelengine:entity/curius","1":"modelengine:entity/light"},"elements":[{"name":"cube","from":[7.1,6.2,7.1],"to":[8.84,8.6,8.9],"rotation":{"angle":0.0,"axis":"x","origin":[6.5,5.0,7.7]},"faces":{"down":{"uv":[10.75,8.25,10.0,9.0],"rotation":0,"texture":"#0","tintindex":0},"east":{"uv":[0.0,9.5,0.75,10.5],"rotation":0,"texture":"#0","tintindex":0},"north":{"uv":[9.25,9.25,10.0,10.25],"rotation":0,"texture":"#0","tintindex":0},"south":{"uv":[9.5,0.0,10.25,1.0],"rotation":0,"texture":"#0","tintindex":0},"up":{"uv":[10.75,8.25,10.0,7.5],"rotation":0,"texture":"#0","tintindex":0},"west":{"uv":[0.75,9.5,1.5,10.5],"rotation":0,"texture":"#0","tintindex":0}}}],"display":{"head":{"translation":[0.0,-6.4,0.0],"rotation":[0.0,0.0,0.0],"scale":[3.8095,3.8095,3.8095]}}}