{"data":470,"parent":"item/generated","textures":{"layer0":"item/leather_horse_armor"},"overrides":[{"predicate":{"custom_model_data":1},"model":"modelengine:bartender/head"},{"predicate":{"custom_model_data":2},"model":"modelengine:bartender/bone10"},{"predicate":{"custom_model_data":3},"model":"modelengine:bartender/bone6"},{"predicate":{"custom_model_data":4},"model":"modelengine:bartender/bone5"},{"predicate":{"custom_model_data":5},"model":"modelengine:bartender/bone7"},{"predicate":{"custom_model_data":6},"model":"modelengine:bartender/bone1p1"},{"predicate":{"custom_model_data":7},"model":"modelengine:bartender/bone4"},{"predicate":{"custom_model_data":8},"model":"modelengine:bartender/bone"},{"predicate":{"custom_model_data":9},"model":"modelengine:curius/helmet"},{"predicate":{"custom_model_data":10},"model":"modelengine:curius/head"},{"predicate":{"custom_model_data":11},"model":"modelengine:curius/bone5"},{"predicate":{"custom_model_data":12},"model":"modelengine:curius/arm"},{"predicate":{"custom_model_data":13},"model":"modelengine:curius/bone6"},{"predicate":{"custom_model_data":14},"model":"modelengine:curius/arm2"},{"predicate":{"custom_model_data":15},"model":"modelengine:curius/body"},{"predicate":{"custom_model_data":16},"model":"modelengine:curius/bone2"},{"predicate":{"custom_model_data":17},"model":"modelengine:curius/bone"},{"predicate":{"custom_model_data":18},"model":"modelengine:curius/leg"},{"predicate":{"custom_model_data":19},"model":"modelengine:curius/bone4"},{"predicate":{"custom_model_data":20},"model":"modelengine:curius/bone3"},{"predicate":{"custom_model_data":21},"model":"modelengine:curius/leg2"},{"predicate":{"custom_model_data":22},"model":"modelengine:cute_tiger/ear"},{"predicate":{"custom_model_data":23},"model":"modelengine:cute_tiger/ear2"},{"predicate":{"custom_model_data":24},"model":"modelengine:cute_tiger/bone3"},{"predicate":{"custom_model_data":25},"model":"modelengine:cute_tiger/bone2"},{"predicate":{"custom_model_data":26},"model":"modelengine:cute_tiger/bone"},{"predicate":{"custom_model_data":27},"model":"modelengine:cute_tiger/tail"},{"predicate":{"custom_model_data":28},"model":"modelengine:cute_tiger/body"},{"predicate":{"custom_model_data":29},"model":"modelengine:cute_tiger/leg"},{"predicate":{"custom_model_data":30},"model":"modelengine:cute_tiger/leg2"},{"predicate":{"custom_model_data":31},"model":"modelengine:cute_tiger/leg3"},{"predicate":{"custom_model_data":32},"model":"modelengine:cute_tiger/leg4"},{"predicate":{"custom_model_data":33},"model":"modelengine:cute_tiger_normal/ear"},{"predicate":{"custom_model_data":34},"model":"modelengine:cute_tiger_normal/ear2"},{"predicate":{"custom_model_data":35},"model":"modelengine:cute_tiger_normal/bone3"},{"predicate":{"custom_model_data":36},"model":"modelengine:cute_tiger_normal/bone2"},{"predicate":{"custom_model_data":37},"model":"modelengine:cute_tiger_normal/bone"},{"predicate":{"custom_model_data":38},"model":"modelengine:cute_tiger_normal/tail"},{"predicate":{"custom_model_data":39},"model":"modelengine:cute_tiger_normal/body"},{"predicate":{"custom_model_data":40},"model":"modelengine:cute_tiger_normal/leg"},{"predicate":{"custom_model_data":41},"model":"modelengine:cute_tiger_normal/leg2"},{"predicate":{"custom_model_data":42},"model":"modelengine:cute_tiger_normal/leg3"},{"predicate":{"custom_model_data":43},"model":"modelengine:cute_tiger_normal/leg4"},{"predicate":{"custom_model_data":44},"model":"modelengine:cute_tiger_pleased/ear"},{"predicate":{"custom_model_data":45},"model":"modelengine:cute_tiger_pleased/ear2"},{"predicate":{"custom_model_data":46},"model":"modelengine:cute_tiger_pleased/bone3"},{"predicate":{"custom_model_data":47},"model":"modelengine:cute_tiger_pleased/bone2"},{"predicate":{"custom_model_data":48},"model":"modelengine:cute_tiger_pleased/bone"},{"predicate":{"custom_model_data":49},"model":"modelengine:cute_tiger_pleased/tail"},{"predicate":{"custom_model_data":50},"model":"modelengine:cute_tiger_pleased/body"},{"predicate":{"custom_model_data":51},"model":"modelengine:cute_tiger_pleased/leg"},{"predicate":{"custom_model_data":52},"model":"modelengine:cute_tiger_pleased/leg2"},{"predicate":{"custom_model_data":53},"model":"modelengine:cute_tiger_pleased/leg3"},{"predicate":{"custom_model_data":54},"model":"modelengine:cute_tiger_pleased/leg4"},{"predicate":{"custom_model_data":55},"model":"modelengine:dancer1/bone4"},{"predicate":{"custom_model_data":56},"model":"modelengine:dancer1/right_leg"},{"predicate":{"custom_model_data":57},"model":"modelengine:dancer1/bone3"},{"predicate":{"custom_model_data":58},"model":"modelengine:dancer1/left_leg"},{"predicate":{"custom_model_data":59},"model":"modelengine:dancer1/head"},{"predicate":{"custom_model_data":60},"model":"modelengine:dancer1/bone2"},{"predicate":{"custom_model_data":61},"model":"modelengine:dancer1/right_arm"},{"predicate":{"custom_model_data":62},"model":"modelengine:dancer1/bone"},{"predicate":{"custom_model_data":63},"model":"modelengine:dancer1/left_arm"},{"predicate":{"custom_model_data":64},"model":"modelengine:dancer1/bone5"},{"predicate":{"custom_model_data":65},"model":"modelengine:dancer1/body"},{"predicate":{"custom_model_data":66},"model":"modelengine:dancer2/bone4"},{"predicate":{"custom_model_data":67},"model":"modelengine:dancer2/right_leg"},{"predicate":{"custom_model_data":68},"model":"modelengine:dancer2/bone3"},{"predicate":{"custom_model_data":69},"model":"modelengine:dancer2/left_leg"},{"predicate":{"custom_model_data":70},"model":"modelengine:dancer2/head"},{"predicate":{"custom_model_data":71},"model":"modelengine:dancer2/bone2"},{"predicate":{"custom_model_data":72},"model":"modelengine:dancer2/right_arm"},{"predicate":{"custom_model_data":73},"model":"modelengine:dancer2/bone"},{"predicate":{"custom_model_data":74},"model":"modelengine:dancer2/left_arm"},{"predicate":{"custom_model_data":75},"model":"modelengine:dancer2/bone5"},{"predicate":{"custom_model_data":76},"model":"modelengine:dancer2/body"},{"predicate":{"custom_model_data":77},"model":"modelengine:dancer3/bone4"},{"predicate":{"custom_model_data":78},"model":"modelengine:dancer3/right_leg"},{"predicate":{"custom_model_data":79},"model":"modelengine:dancer3/bone3"},{"predicate":{"custom_model_data":80},"model":"modelengine:dancer3/left_leg"},{"predicate":{"custom_model_data":81},"model":"modelengine:dancer3/head"},{"predicate":{"custom_model_data":82},"model":"modelengine:dancer3/bone2"},{"predicate":{"custom_model_data":83},"model":"modelengine:dancer3/right_arm"},{"predicate":{"custom_model_data":84},"model":"modelengine:dancer3/bone"},{"predicate":{"custom_model_data":85},"model":"modelengine:dancer3/left_arm"},{"predicate":{"custom_model_data":86},"model":"modelengine:dancer3/bone5"},{"predicate":{"custom_model_data":87},"model":"modelengine:dancer3/body"},{"predicate":{"custom_model_data":88},"model":"modelengine:dancer4/bone4"},{"predicate":{"custom_model_data":89},"model":"modelengine:dancer4/right_leg"},{"predicate":{"custom_model_data":90},"model":"modelengine:dancer4/bone3"},{"predicate":{"custom_model_data":91},"model":"modelengine:dancer4/left_leg"},{"predicate":{"custom_model_data":92},"model":"modelengine:dancer4/head"},{"predicate":{"custom_model_data":93},"model":"modelengine:dancer4/bone2"},{"predicate":{"custom_model_data":94},"model":"modelengine:dancer4/right_arm"},{"predicate":{"custom_model_data":95},"model":"modelengine:dancer4/bone"},{"predicate":{"custom_model_data":96},"model":"modelengine:dancer4/left_arm"},{"predicate":{"custom_model_data":97},"model":"modelengine:dancer4/bone5"},{"predicate":{"custom_model_data":98},"model":"modelengine:dancer4/body"},{"predicate":{"custom_model_data":99},"model":"modelengine:fortune_machine/lever"},{"predicate":{"custom_model_data":100},"model":"modelengine:fortune_machine/bone"},{"predicate":{"custom_model_data":101},"model":"modelengine:fortune_machine/bone2"},{"predicate":{"custom_model_data":102},"model":"modelengine:fortune_machine/bone3"},{"predicate":{"custom_model_data":103},"model":"modelengine:fortune_machine/bone4"},{"predicate":{"custom_model_data":104},"model":"modelengine:fortune_machine/bone5"},{"predicate":{"custom_model_data":105},"model":"modelengine:fortune_machine/bone6"},{"predicate":{"custom_model_data":106},"model":"modelengine:fortune_machine/bone8"},{"predicate":{"custom_model_data":107},"model":"modelengine:fortune_machine/bone7"},{"predicate":{"custom_model_data":108},"model":"modelengine:fortune_machine/bone17"},{"predicate":{"custom_model_data":109},"model":"modelengine:fortune_machine/bone18"},{"predicate":{"custom_model_data":110},"model":"modelengine:fortune_machine/bone9"},{"predicate":{"custom_model_data":111},"model":"modelengine:fortune_machine/bone19"},{"predicate":{"custom_model_data":112},"model":"modelengine:fortune_machine/fortune_machine"},{"predicate":{"custom_model_data":113},"model":"modelengine:gacha_a/lever"},{"predicate":{"custom_model_data":114},"model":"modelengine:gacha_a/ball"},{"predicate":{"custom_model_data":115},"model":"modelengine:gacha_a/ball9"},{"predicate":{"custom_model_data":116},"model":"modelengine:gacha_a/ball11"},{"predicate":{"custom_model_data":117},"model":"modelengine:gacha_a/ball12"},{"predicate":{"custom_model_data":118},"model":"modelengine:gacha_a/ball10"},{"predicate":{"custom_model_data":119},"model":"modelengine:gacha_a/ball7"},{"predicate":{"custom_model_data":120},"model":"modelengine:gacha_a/ball8"},{"predicate":{"custom_model_data":121},"model":"modelengine:gacha_a/ball6"},{"predicate":{"custom_model_data":122},"model":"modelengine:gacha_a/ball2"},{"predicate":{"custom_model_data":123},"model":"modelengine:gacha_a/ball5"},{"predicate":{"custom_model_data":124},"model":"modelengine:gacha_a/ball3"},{"predicate":{"custom_model_data":125},"model":"modelengine:gacha_a/ball4"},{"predicate":{"custom_model_data":126},"model":"modelengine:gacha_a/golden_ball"},{"predicate":{"custom_model_data":127},"model":"modelengine:gacha_a/gacha"},{"predicate":{"custom_model_data":128},"model":"modelengine:gacha_b/lever"},{"predicate":{"custom_model_data":129},"model":"modelengine:gacha_b/ball3"},{"predicate":{"custom_model_data":130},"model":"modelengine:gacha_b/ball4"},{"predicate":{"custom_model_data":131},"model":"modelengine:gacha_b/ball5"},{"predicate":{"custom_model_data":132},"model":"modelengine:gacha_b/ball2"},{"predicate":{"custom_model_data":133},"model":"modelengine:gacha_b/ball6"},{"predicate":{"custom_model_data":134},"model":"modelengine:gacha_b/ball8"},{"predicate":{"custom_model_data":135},"model":"modelengine:gacha_b/ball7"},{"predicate":{"custom_model_data":136},"model":"modelengine:gacha_b/ball10"},{"predicate":{"custom_model_data":137},"model":"modelengine:gacha_b/ball12"},{"predicate":{"custom_model_data":138},"model":"modelengine:gacha_b/ball11"},{"predicate":{"custom_model_data":139},"model":"modelengine:gacha_b/ball9"},{"predicate":{"custom_model_data":140},"model":"modelengine:gacha_b/ball"},{"predicate":{"custom_model_data":141},"model":"modelengine:gacha_b/golden_ball"},{"predicate":{"custom_model_data":142},"model":"modelengine:gacha_b/gacha"},{"predicate":{"custom_model_data":143},"model":"modelengine:gacha_c/lever"},{"predicate":{"custom_model_data":144},"model":"modelengine:gacha_c/ball3"},{"predicate":{"custom_model_data":145},"model":"modelengine:gacha_c/ball4"},{"predicate":{"custom_model_data":146},"model":"modelengine:gacha_c/ball5"},{"predicate":{"custom_model_data":147},"model":"modelengine:gacha_c/ball2"},{"predicate":{"custom_model_data":148},"model":"modelengine:gacha_c/ball6"},{"predicate":{"custom_model_data":149},"model":"modelengine:gacha_c/ball8"},{"predicate":{"custom_model_data":150},"model":"modelengine:gacha_c/ball7"},{"predicate":{"custom_model_data":151},"model":"modelengine:gacha_c/ball10"},{"predicate":{"custom_model_data":152},"model":"modelengine:gacha_c/ball12"},{"predicate":{"custom_model_data":153},"model":"modelengine:gacha_c/ball11"},{"predicate":{"custom_model_data":154},"model":"modelengine:gacha_c/ball9"},{"predicate":{"custom_model_data":155},"model":"modelengine:gacha_c/ball"},{"predicate":{"custom_model_data":156},"model":"modelengine:gacha_c/golden_ball"},{"predicate":{"custom_model_data":157},"model":"modelengine:gacha_c/gacha"},{"predicate":{"custom_model_data":158},"model":"modelengine:gacha_d/lever"},{"predicate":{"custom_model_data":159},"model":"modelengine:gacha_d/ball3"},{"predicate":{"custom_model_data":160},"model":"modelengine:gacha_d/ball4"},{"predicate":{"custom_model_data":161},"model":"modelengine:gacha_d/ball5"},{"predicate":{"custom_model_data":162},"model":"modelengine:gacha_d/ball2"},{"predicate":{"custom_model_data":163},"model":"modelengine:gacha_d/ball6"},{"predicate":{"custom_model_data":164},"model":"modelengine:gacha_d/ball8"},{"predicate":{"custom_model_data":165},"model":"modelengine:gacha_d/ball7"},{"predicate":{"custom_model_data":166},"model":"modelengine:gacha_d/ball10"},{"predicate":{"custom_model_data":167},"model":"modelengine:gacha_d/ball12"},{"predicate":{"custom_model_data":168},"model":"modelengine:gacha_d/ball11"},{"predicate":{"custom_model_data":169},"model":"modelengine:gacha_d/ball9"},{"predicate":{"custom_model_data":170},"model":"modelengine:gacha_d/ball"},{"predicate":{"custom_model_data":171},"model":"modelengine:gacha_d/golden_ball"},{"predicate":{"custom_model_data":172},"model":"modelengine:gacha_d/gacha"},{"predicate":{"custom_model_data":173},"model":"modelengine:golden_retriever/bone3"},{"predicate":{"custom_model_data":174},"model":"modelengine:golden_retriever/bone4"},{"predicate":{"custom_model_data":175},"model":"modelengine:golden_retriever/bone"},{"predicate":{"custom_model_data":176},"model":"modelengine:golden_retriever/bone2"},{"predicate":{"custom_model_data":177},"model":"modelengine:golden_retriever/bone7"},{"predicate":{"custom_model_data":178},"model":"modelengine:golden_retriever/bone6"},{"predicate":{"custom_model_data":179},"model":"modelengine:golden_retriever/bone5"},{"predicate":{"custom_model_data":180},"model":"modelengine:golden_retriever/group7"},{"predicate":{"custom_model_data":181},"model":"modelengine:golden_retriever/group4"},{"predicate":{"custom_model_data":182},"model":"modelengine:haha/bone3"},{"predicate":{"custom_model_data":183},"model":"modelengine:haha/arm"},{"predicate":{"custom_model_data":184},"model":"modelengine:haha/bone5"},{"predicate":{"custom_model_data":185},"model":"modelengine:haha/arm2"},{"predicate":{"custom_model_data":186},"model":"modelengine:haha/bone4"},{"predicate":{"custom_model_data":187},"model":"modelengine:haha/crown"},{"predicate":{"custom_model_data":188},"model":"modelengine:haha/bone6"},{"predicate":{"custom_model_data":189},"model":"modelengine:haha/cape"},{"predicate":{"custom_model_data":190},"model":"modelengine:haha/body"},{"predicate":{"custom_model_data":191},"model":"modelengine:haha/bone"},{"predicate":{"custom_model_data":192},"model":"modelengine:haha/leg"},{"predicate":{"custom_model_data":193},"model":"modelengine:haha/bone2"},{"predicate":{"custom_model_data":194},"model":"modelengine:haha/leg2"},{"predicate":{"custom_model_data":195},"model":"modelengine:haha_aww/bone3"},{"predicate":{"custom_model_data":196},"model":"modelengine:haha_aww/arm"},{"predicate":{"custom_model_data":197},"model":"modelengine:haha_aww/bone5"},{"predicate":{"custom_model_data":198},"model":"modelengine:haha_aww/arm2"},{"predicate":{"custom_model_data":199},"model":"modelengine:haha_aww/bone4"},{"predicate":{"custom_model_data":200},"model":"modelengine:haha_aww/crown"},{"predicate":{"custom_model_data":201},"model":"modelengine:haha_aww/body"},{"predicate":{"custom_model_data":202},"model":"modelengine:haha_aww/bone"},{"predicate":{"custom_model_data":203},"model":"modelengine:haha_aww/leg"},{"predicate":{"custom_model_data":204},"model":"modelengine:haha_aww/bone2"},{"predicate":{"custom_model_data":205},"model":"modelengine:haha_aww/leg2"},{"predicate":{"custom_model_data":206},"model":"modelengine:haha_normal/bone3"},{"predicate":{"custom_model_data":207},"model":"modelengine:haha_normal/arm"},{"predicate":{"custom_model_data":208},"model":"modelengine:haha_normal/bone5"},{"predicate":{"custom_model_data":209},"model":"modelengine:haha_normal/arm2"},{"predicate":{"custom_model_data":210},"model":"modelengine:haha_normal/bone4"},{"predicate":{"custom_model_data":211},"model":"modelengine:haha_normal/crown"},{"predicate":{"custom_model_data":212},"model":"modelengine:haha_normal/body"},{"predicate":{"custom_model_data":213},"model":"modelengine:haha_normal/bone"},{"predicate":{"custom_model_data":214},"model":"modelengine:haha_normal/leg"},{"predicate":{"custom_model_data":215},"model":"modelengine:haha_normal/bone2"},{"predicate":{"custom_model_data":216},"model":"modelengine:haha_normal/leg2"},{"predicate":{"custom_model_data":217},"model":"modelengine:haha_pleased/bone3"},{"predicate":{"custom_model_data":218},"model":"modelengine:haha_pleased/arm"},{"predicate":{"custom_model_data":219},"model":"modelengine:haha_pleased/bone5"},{"predicate":{"custom_model_data":220},"model":"modelengine:haha_pleased/arm2"},{"predicate":{"custom_model_data":221},"model":"modelengine:haha_pleased/bone4"},{"predicate":{"custom_model_data":222},"model":"modelengine:haha_pleased/crown"},{"predicate":{"custom_model_data":223},"model":"modelengine:haha_pleased/body"},{"predicate":{"custom_model_data":224},"model":"modelengine:haha_pleased/bone"},{"predicate":{"custom_model_data":225},"model":"modelengine:haha_pleased/leg"},{"predicate":{"custom_model_data":226},"model":"modelengine:haha_pleased/bone2"},{"predicate":{"custom_model_data":227},"model":"modelengine:haha_pleased/leg2"},{"predicate":{"custom_model_data":228},"model":"modelengine:haha_wow/bone3"},{"predicate":{"custom_model_data":229},"model":"modelengine:haha_wow/arm"},{"predicate":{"custom_model_data":230},"model":"modelengine:haha_wow/bone5"},{"predicate":{"custom_model_data":231},"model":"modelengine:haha_wow/arm2"},{"predicate":{"custom_model_data":232},"model":"modelengine:haha_wow/bone4"},{"predicate":{"custom_model_data":233},"model":"modelengine:haha_wow/crown"},{"predicate":{"custom_model_data":234},"model":"modelengine:haha_wow/body"},{"predicate":{"custom_model_data":235},"model":"modelengine:haha_wow/bone"},{"predicate":{"custom_model_data":236},"model":"modelengine:haha_wow/leg"},{"predicate":{"custom_model_data":237},"model":"modelengine:haha_wow/bone2"},{"predicate":{"custom_model_data":238},"model":"modelengine:haha_wow/leg2"},{"predicate":{"custom_model_data":239},"model":"modelengine:hotdog_man/ketchup"},{"predicate":{"custom_model_data":240},"model":"modelengine:hotdog_man/ketchup2"},{"predicate":{"custom_model_data":241},"model":"modelengine:hotdog_man/ketchup3"},{"predicate":{"custom_model_data":242},"model":"modelengine:hotdog_man/hotdog"},{"predicate":{"custom_model_data":243},"model":"modelengine:hotdog_man/bread"},{"predicate":{"custom_model_data":244},"model":"modelengine:hotdog_man/bone2"},{"predicate":{"custom_model_data":245},"model":"modelengine:hotdog_man/leftarm"},{"predicate":{"custom_model_data":246},"model":"modelengine:hotdog_man/head"},{"predicate":{"custom_model_data":247},"model":"modelengine:hotdog_man/tool"},{"predicate":{"custom_model_data":248},"model":"modelengine:hotdog_man/bone"},{"predicate":{"custom_model_data":249},"model":"modelengine:hotdog_man/rightarm"},{"predicate":{"custom_model_data":250},"model":"modelengine:hotdog_man/body2"},{"predicate":{"custom_model_data":251},"model":"modelengine:hotdog_man/bone3"},{"predicate":{"custom_model_data":252},"model":"modelengine:hotdog_man/rightleg"},{"predicate":{"custom_model_data":253},"model":"modelengine:hotdog_man/bone4"},{"predicate":{"custom_model_data":254},"model":"modelengine:hotdog_man/leftleg"},{"predicate":{"custom_model_data":255},"model":"modelengine:hotdog_man/hexadecagon"},{"predicate":{"custom_model_data":256},"model":"modelengine:hotdog_man/hexadecagon"},{"predicate":{"custom_model_data":257},"model":"modelengine:hotdog_man/hexadecagon2"},{"predicate":{"custom_model_data":258},"model":"modelengine:husky/bone12"},{"predicate":{"custom_model_data":259},"model":"modelengine:husky/bone11"},{"predicate":{"custom_model_data":260},"model":"modelengine:husky/bone7"},{"predicate":{"custom_model_data":261},"model":"modelengine:husky/bone10"},{"predicate":{"custom_model_data":262},"model":"modelengine:husky/bone8"},{"predicate":{"custom_model_data":263},"model":"modelengine:husky/than"},{"predicate":{"custom_model_data":264},"model":"modelengine:husky/bone"},{"predicate":{"custom_model_data":265},"model":"modelengine:husky/bone3"},{"predicate":{"custom_model_data":266},"model":"modelengine:husky/bone4"},{"predicate":{"custom_model_data":267},"model":"modelengine:husky/bone2"},{"predicate":{"custom_model_data":268},"model":"modelengine:husky1/bone3"},{"predicate":{"custom_model_data":269},"model":"modelengine:husky1/bone4"},{"predicate":{"custom_model_data":270},"model":"modelengine:husky1/bone"},{"predicate":{"custom_model_data":271},"model":"modelengine:husky1/bone2"},{"predicate":{"custom_model_data":272},"model":"modelengine:husky1/bone7"},{"predicate":{"custom_model_data":273},"model":"modelengine:husky1/bone6"},{"predicate":{"custom_model_data":274},"model":"modelengine:husky1/bone5"},{"predicate":{"custom_model_data":275},"model":"modelengine:husky1/group7"},{"predicate":{"custom_model_data":276},"model":"modelengine:husky1/group4"},{"predicate":{"custom_model_data":277},"model":"modelengine:husky_map/bone8"},{"predicate":{"custom_model_data":278},"model":"modelengine:husky_map/bone9"},{"predicate":{"custom_model_data":279},"model":"modelengine:husky_map/bone7"},{"predicate":{"custom_model_data":280},"model":"modelengine:husky_map/than"},{"predicate":{"custom_model_data":281},"model":"modelengine:husky_map/bone"},{"predicate":{"custom_model_data":282},"model":"modelengine:husky_map/bone3"},{"predicate":{"custom_model_data":283},"model":"modelengine:husky_map/bone4"},{"predicate":{"custom_model_data":284},"model":"modelengine:husky_map/bone2"},{"predicate":{"custom_model_data":285},"model":"modelengine:loa/bone"},{"predicate":{"custom_model_data":286},"model":"modelengine:meow/bone7"},{"predicate":{"custom_model_data":287},"model":"modelengine:meow/bone8"},{"predicate":{"custom_model_data":288},"model":"modelengine:meow/tail3"},{"predicate":{"custom_model_data":289},"model":"modelengine:meow/tail2"},{"predicate":{"custom_model_data":290},"model":"modelengine:meow/tail"},{"predicate":{"custom_model_data":291},"model":"modelengine:meow/deco"},{"predicate":{"custom_model_data":292},"model":"modelengine:meow/helmet"},{"predicate":{"custom_model_data":293},"model":"modelengine:meow/ear2"},{"predicate":{"custom_model_data":294},"model":"modelengine:meow/ear"},{"predicate":{"custom_model_data":295},"model":"modelengine:meow/head"},{"predicate":{"custom_model_data":296},"model":"modelengine:meow/bone10"},{"predicate":{"custom_model_data":297},"model":"modelengine:meow/bone9"},{"predicate":{"custom_model_data":298},"model":"modelengine:meow/arm"},{"predicate":{"custom_model_data":299},"model":"modelengine:meow/bone12"},{"predicate":{"custom_model_data":300},"model":"modelengine:meow/bone11"},{"predicate":{"custom_model_data":301},"model":"modelengine:meow/arm2"},{"predicate":{"custom_model_data":302},"model":"modelengine:meow/body"},{"predicate":{"custom_model_data":303},"model":"modelengine:meow/bone3"},{"predicate":{"custom_model_data":304},"model":"modelengine:meow/bone2"},{"predicate":{"custom_model_data":305},"model":"modelengine:meow/bone"},{"predicate":{"custom_model_data":306},"model":"modelengine:meow/leg"},{"predicate":{"custom_model_data":307},"model":"modelengine:meow/bone6"},{"predicate":{"custom_model_data":308},"model":"modelengine:meow/bone5"},{"predicate":{"custom_model_data":309},"model":"modelengine:meow/bone4"},{"predicate":{"custom_model_data":310},"model":"modelengine:meow/leg2"},{"predicate":{"custom_model_data":311},"model":"modelengine:meow/pan"},{"predicate":{"custom_model_data":312},"model":"modelengine:mrkia/head"},{"predicate":{"custom_model_data":313},"model":"modelengine:mrkia/bone3"},{"predicate":{"custom_model_data":314},"model":"modelengine:mrkia/bone4"},{"predicate":{"custom_model_data":315},"model":"modelengine:mrkia/book"},{"predicate":{"custom_model_data":316},"model":"modelengine:mrkia/bone"},{"predicate":{"custom_model_data":317},"model":"modelengine:mrkia/arm"},{"predicate":{"custom_model_data":318},"model":"modelengine:mrkia/bone5"},{"predicate":{"custom_model_data":319},"model":"modelengine:mrkia/arm2"},{"predicate":{"custom_model_data":320},"model":"modelengine:mrkia/cape2"},{"predicate":{"custom_model_data":321},"model":"modelengine:mrkia/cape"},{"predicate":{"custom_model_data":322},"model":"modelengine:mrkia/cape4"},{"predicate":{"custom_model_data":323},"model":"modelengine:mrkia/cape3"},{"predicate":{"custom_model_data":324},"model":"modelengine:mrkia/cape6"},{"predicate":{"custom_model_data":325},"model":"modelengine:mrkia/cape5"},{"predicate":{"custom_model_data":326},"model":"modelengine:mrkia/bone9"},{"predicate":{"custom_model_data":327},"model":"modelengine:mrkia/bone10"},{"predicate":{"custom_model_data":328},"model":"modelengine:mrkia/book3"},{"predicate":{"custom_model_data":329},"model":"modelengine:mrkia/body"},{"predicate":{"custom_model_data":330},"model":"modelengine:mrkia/bone2"},{"predicate":{"custom_model_data":331},"model":"modelengine:mrkia/leg"},{"predicate":{"custom_model_data":332},"model":"modelengine:mrkia/bone8"},{"predicate":{"custom_model_data":333},"model":"modelengine:mrkia/leg2"},{"predicate":{"custom_model_data":334},"model":"modelengine:npc_dj/bone4"},{"predicate":{"custom_model_data":335},"model":"modelengine:npc_dj/right_leg"},{"predicate":{"custom_model_data":336},"model":"modelengine:npc_dj/bone3"},{"predicate":{"custom_model_data":337},"model":"modelengine:npc_dj/left_leg"},{"predicate":{"custom_model_data":338},"model":"modelengine:npc_dj/head"},{"predicate":{"custom_model_data":339},"model":"modelengine:npc_dj/bone2"},{"predicate":{"custom_model_data":340},"model":"modelengine:npc_dj/right_arm"},{"predicate":{"custom_model_data":341},"model":"modelengine:npc_dj/bone"},{"predicate":{"custom_model_data":342},"model":"modelengine:npc_dj/left_arm"},{"predicate":{"custom_model_data":343},"model":"modelengine:npc_dj/bone5"},{"predicate":{"custom_model_data":344},"model":"modelengine:npc_dj/body"},{"predicate":{"custom_model_data":345},"model":"modelengine:pug/bone3"},{"predicate":{"custom_model_data":346},"model":"modelengine:pug/bone4"},{"predicate":{"custom_model_data":347},"model":"modelengine:pug/bone"},{"predicate":{"custom_model_data":348},"model":"modelengine:pug/bone2"},{"predicate":{"custom_model_data":349},"model":"modelengine:pug/bone7"},{"predicate":{"custom_model_data":350},"model":"modelengine:pug/bone6"},{"predicate":{"custom_model_data":351},"model":"modelengine:pug/bone5"},{"predicate":{"custom_model_data":352},"model":"modelengine:pug/group7"},{"predicate":{"custom_model_data":353},"model":"modelengine:pug/group4"},{"predicate":{"custom_model_data":354},"model":"modelengine:queen/bone3"},{"predicate":{"custom_model_data":355},"model":"modelengine:queen/bone4"},{"predicate":{"custom_model_data":356},"model":"modelengine:queen/bone"},{"predicate":{"custom_model_data":357},"model":"modelengine:queen/bone2"},{"predicate":{"custom_model_data":358},"model":"modelengine:queen/bone7"},{"predicate":{"custom_model_data":359},"model":"modelengine:queen/bone6"},{"predicate":{"custom_model_data":360},"model":"modelengine:queen/bone5"},{"predicate":{"custom_model_data":361},"model":"modelengine:queen/group7"},{"predicate":{"custom_model_data":362},"model":"modelengine:queen/group4"},{"predicate":{"custom_model_data":363},"model":"modelengine:rongamduong/thorn"},{"predicate":{"custom_model_data":364},"model":"modelengine:rongamduong/thorn2"},{"predicate":{"custom_model_data":365},"model":"modelengine:rongamduong/mouth"},{"predicate":{"custom_model_data":366},"model":"modelengine:rongamduong/head"},{"predicate":{"custom_model_data":367},"model":"modelengine:rongamduong/neck3"},{"predicate":{"custom_model_data":368},"model":"modelengine:rongamduong/neck2"},{"predicate":{"custom_model_data":369},"model":"modelengine:rongamduong/neck"},{"predicate":{"custom_model_data":370},"model":"modelengine:rongamduong/bone15"},{"predicate":{"custom_model_data":371},"model":"modelengine:rongamduong/bone16"},{"predicate":{"custom_model_data":372},"model":"modelengine:rongamduong/bone17"},{"predicate":{"custom_model_data":373},"model":"modelengine:rongamduong/bone18"},{"predicate":{"custom_model_data":374},"model":"modelengine:rongamduong/bone14"},{"predicate":{"custom_model_data":375},"model":"modelengine:rongamduong/bone13"},{"predicate":{"custom_model_data":376},"model":"modelengine:rongamduong/frontleg"},{"predicate":{"custom_model_data":377},"model":"modelengine:rongamduong/bone21"},{"predicate":{"custom_model_data":378},"model":"modelengine:rongamduong/bone22"},{"predicate":{"custom_model_data":379},"model":"modelengine:rongamduong/bone23"},{"predicate":{"custom_model_data":380},"model":"modelengine:rongamduong/bone24"},{"predicate":{"custom_model_data":381},"model":"modelengine:rongamduong/bone20"},{"predicate":{"custom_model_data":382},"model":"modelengine:rongamduong/bone19"},{"predicate":{"custom_model_data":383},"model":"modelengine:rongamduong/frontleg2"},{"predicate":{"custom_model_data":384},"model":"modelengine:rongamduong/front"},{"predicate":{"custom_model_data":385},"model":"modelengine:rongamduong/bone26"},{"predicate":{"custom_model_data":386},"model":"modelengine:rongamduong/bone27"},{"predicate":{"custom_model_data":387},"model":"modelengine:rongamduong/bone29"},{"predicate":{"custom_model_data":388},"model":"modelengine:rongamduong/bone28"},{"predicate":{"custom_model_data":389},"model":"modelengine:rongamduong/bone25"},{"predicate":{"custom_model_data":390},"model":"modelengine:rongamduong/wing"},{"predicate":{"custom_model_data":391},"model":"modelengine:rongamduong/bone31"},{"predicate":{"custom_model_data":392},"model":"modelengine:rongamduong/bone33"},{"predicate":{"custom_model_data":393},"model":"modelengine:rongamduong/bone34"},{"predicate":{"custom_model_data":394},"model":"modelengine:rongamduong/bone32"},{"predicate":{"custom_model_data":395},"model":"modelengine:rongamduong/bone30"},{"predicate":{"custom_model_data":396},"model":"modelengine:rongamduong/wing2"},{"predicate":{"custom_model_data":397},"model":"modelengine:rongamduong/middle"},{"predicate":{"custom_model_data":398},"model":"modelengine:rongamduong/tongue3"},{"predicate":{"custom_model_data":399},"model":"modelengine:rongamduong/tongue2"},{"predicate":{"custom_model_data":400},"model":"modelengine:rongamduong/tongue"},{"predicate":{"custom_model_data":401},"model":"modelengine:rongamduong/mouth3"},{"predicate":{"custom_model_data":402},"model":"modelengine:rongamduong/head3"},{"predicate":{"custom_model_data":403},"model":"modelengine:rongamduong/snake2"},{"predicate":{"custom_model_data":404},"model":"modelengine:rongamduong/snake"},{"predicate":{"custom_model_data":405},"model":"modelengine:rongamduong/tail5"},{"predicate":{"custom_model_data":406},"model":"modelengine:rongamduong/tongue6"},{"predicate":{"custom_model_data":407},"model":"modelengine:rongamduong/tongue4"},{"predicate":{"custom_model_data":408},"model":"modelengine:rongamduong/mouth2"},{"predicate":{"custom_model_data":409},"model":"modelengine:rongamduong/head2"},{"predicate":{"custom_model_data":410},"model":"modelengine:rongamduong/snake4"},{"predicate":{"custom_model_data":411},"model":"modelengine:rongamduong/snake3"},{"predicate":{"custom_model_data":412},"model":"modelengine:rongamduong/tail6"},{"predicate":{"custom_model_data":413},"model":"modelengine:rongamduong/tail4"},{"predicate":{"custom_model_data":414},"model":"modelengine:rongamduong/tail3"},{"predicate":{"custom_model_data":415},"model":"modelengine:rongamduong/tail2"},{"predicate":{"custom_model_data":416},"model":"modelengine:rongamduong/tail"},{"predicate":{"custom_model_data":417},"model":"modelengine:rongamduong/back"},{"predicate":{"custom_model_data":418},"model":"modelengine:rongamduong/bone3"},{"predicate":{"custom_model_data":419},"model":"modelengine:rongamduong/bone4"},{"predicate":{"custom_model_data":420},"model":"modelengine:rongamduong/bone5"},{"predicate":{"custom_model_data":421},"model":"modelengine:rongamduong/bone6"},{"predicate":{"custom_model_data":422},"model":"modelengine:rongamduong/bone2"},{"predicate":{"custom_model_data":423},"model":"modelengine:rongamduong/bone"},{"predicate":{"custom_model_data":424},"model":"modelengine:rongamduong/backleg"},{"predicate":{"custom_model_data":425},"model":"modelengine:rongamduong/bone9"},{"predicate":{"custom_model_data":426},"model":"modelengine:rongamduong/bone10"},{"predicate":{"custom_model_data":427},"model":"modelengine:rongamduong/bone11"},{"predicate":{"custom_model_data":428},"model":"modelengine:rongamduong/bone12"},{"predicate":{"custom_model_data":429},"model":"modelengine:rongamduong/bone8"},{"predicate":{"custom_model_data":430},"model":"modelengine:rongamduong/bone7"},{"predicate":{"custom_model_data":431},"model":"modelengine:rongamduong/backleg2"},{"predicate":{"custom_model_data":432},"model":"modelengine:rongamduong/dragon"},{"predicate":{"custom_model_data":433},"model":"modelengine:shiba/bone3"},{"predicate":{"custom_model_data":434},"model":"modelengine:shiba/bone4"},{"predicate":{"custom_model_data":435},"model":"modelengine:shiba/bone"},{"predicate":{"custom_model_data":436},"model":"modelengine:shiba/bone2"},{"predicate":{"custom_model_data":437},"model":"modelengine:shiba/bone7"},{"predicate":{"custom_model_data":438},"model":"modelengine:shiba/bone6"},{"predicate":{"custom_model_data":439},"model":"modelengine:shiba/bone5"},{"predicate":{"custom_model_data":440},"model":"modelengine:shiba/group7"},{"predicate":{"custom_model_data":441},"model":"modelengine:shiba/group4"},{"predicate":{"custom_model_data":442},"model":"modelengine:ufo/steeringwheel"},{"predicate":{"custom_model_data":443},"model":"modelengine:ufo/gun"},{"predicate":{"custom_model_data":444},"model":"modelengine:ufo/gun2"},{"predicate":{"custom_model_data":445},"model":"modelengine:ufo/rocket"},{"predicate":{"custom_model_data":446},"model":"modelengine:ufo/statusboard2"},{"predicate":{"custom_model_data":447},"model":"modelengine:ufo/ufo"},{"predicate":{"custom_model_data":448},"model":"modelengine:vehicle_dream_vn/wheel"},{"predicate":{"custom_model_data":449},"model":"modelengine:vehicle_dream_vn/bone"},{"predicate":{"custom_model_data":450},"model":"modelengine:vehicle_dream_vn/wheel2"},{"predicate":{"custom_model_data":451},"model":"modelengine:vehicle_dream_vn/head"},{"predicate":{"custom_model_data":452},"model":"modelengine:vehicle_dream_vn/chongchan"},{"predicate":{"custom_model_data":453},"model":"modelengine:vehicle_dream_vn/vehicle"},{"predicate":{"custom_model_data":454},"model":"modelengine:vending_machine_drink/group3"},{"predicate":{"custom_model_data":455},"model":"modelengine:vending_machine_drink/group2"},{"predicate":{"custom_model_data":456},"model":"modelengine:vending_machine_drink/drink"},{"predicate":{"custom_model_data":457},"model":"modelengine:vending_machine_drink/drink5"},{"predicate":{"custom_model_data":458},"model":"modelengine:vending_machine_drink/drink4"},{"predicate":{"custom_model_data":459},"model":"modelengine:vending_machine_drink/drink3"},{"predicate":{"custom_model_data":460},"model":"modelengine:vending_machine_drink/drink2"},{"predicate":{"custom_model_data":461},"model":"modelengine:vending_machine_drink/group"},{"predicate":{"custom_model_data":462},"model":"modelengine:xucxich/bone3"},{"predicate":{"custom_model_data":463},"model":"modelengine:xucxich/bone4"},{"predicate":{"custom_model_data":464},"model":"modelengine:xucxich/bone"},{"predicate":{"custom_model_data":465},"model":"modelengine:xucxich/bone2"},{"predicate":{"custom_model_data":466},"model":"modelengine:xucxich/bone7"},{"predicate":{"custom_model_data":467},"model":"modelengine:xucxich/bone6"},{"predicate":{"custom_model_data":468},"model":"modelengine:xucxich/bone5"},{"predicate":{"custom_model_data":469},"model":"modelengine:xucxich/group7"},{"predicate":{"custom_model_data":470},"model":"modelengine:xucxich/group4"}]}