{"data":77,"parent":"item/generated","textures":{"layer0":"item/leather_horse_armor"},"overrides":[{"predicate":{"custom_model_data":1},"model":"modelengine:blacksmith/head"},{"predicate":{"custom_model_data":2},"model":"modelengine:blacksmith/rightfoot"},{"predicate":{"custom_model_data":3},"model":"modelengine:blacksmith/rightleg"},{"predicate":{"custom_model_data":4},"model":"modelengine:blacksmith/leftfoot"},{"predicate":{"custom_model_data":5},"model":"modelengine:blacksmith/leftleg"},{"predicate":{"custom_model_data":6},"model":"modelengine:blacksmith/righthand"},{"predicate":{"custom_model_data":7},"model":"modelengine:blacksmith/rightarm"},{"predicate":{"custom_model_data":8},"model":"modelengine:blacksmith/lefthand"},{"predicate":{"custom_model_data":9},"model":"modelengine:blacksmith/leftarm"},{"predicate":{"custom_model_data":10},"model":"modelengine:blacksmith/blacksmith"},{"predicate":{"custom_model_data":11},"model":"modelengine:butcher/lefthand"},{"predicate":{"custom_model_data":12},"model":"modelengine:butcher/leftarm"},{"predicate":{"custom_model_data":13},"model":"modelengine:butcher/righthand"},{"predicate":{"custom_model_data":14},"model":"modelengine:butcher/rightarm"},{"predicate":{"custom_model_data":15},"model":"modelengine:butcher/leftfoot"},{"predicate":{"custom_model_data":16},"model":"modelengine:butcher/leftleg"},{"predicate":{"custom_model_data":17},"model":"modelengine:butcher/rightfoot"},{"predicate":{"custom_model_data":18},"model":"modelengine:butcher/rightleg"},{"predicate":{"custom_model_data":19},"model":"modelengine:butcher/head"},{"predicate":{"custom_model_data":20},"model":"modelengine:butcher/butcher"},{"predicate":{"custom_model_data":21},"model":"modelengine:farmer/head"},{"predicate":{"custom_model_data":22},"model":"modelengine:farmer/lefthand"},{"predicate":{"custom_model_data":23},"model":"modelengine:farmer/leftarm"},{"predicate":{"custom_model_data":24},"model":"modelengine:farmer/leftfoot"},{"predicate":{"custom_model_data":25},"model":"modelengine:farmer/leftleg"},{"predicate":{"custom_model_data":26},"model":"modelengine:farmer/righthand"},{"predicate":{"custom_model_data":27},"model":"modelengine:farmer/rightarm"},{"predicate":{"custom_model_data":28},"model":"modelengine:farmer/rightfoot"},{"predicate":{"custom_model_data":29},"model":"modelengine:farmer/rightleg"},{"predicate":{"custom_model_data":30},"model":"modelengine:farmer/farmer"},{"predicate":{"custom_model_data":31},"model":"modelengine:fisherman/right_foot"},{"predicate":{"custom_model_data":32},"model":"modelengine:fisherman/right_leg"},{"predicate":{"custom_model_data":33},"model":"modelengine:fisherman/right_hand"},{"predicate":{"custom_model_data":34},"model":"modelengine:fisherman/right_forearm"},{"predicate":{"custom_model_data":35},"model":"modelengine:fisherman/right_arm"},{"predicate":{"custom_model_data":36},"model":"modelengine:fisherman/left_hand"},{"predicate":{"custom_model_data":37},"model":"modelengine:fisherman/left_forearm"},{"predicate":{"custom_model_data":38},"model":"modelengine:fisherman/left_arm"},{"predicate":{"custom_model_data":39},"model":"modelengine:fisherman/left_foot"},{"predicate":{"custom_model_data":40},"model":"modelengine:fisherman/left_leg"},{"predicate":{"custom_model_data":41},"model":"modelengine:fisherman/head"},{"predicate":{"custom_model_data":42},"model":"modelengine:fisherman/fisherman"},{"predicate":{"custom_model_data":43},"model":"modelengine:fisherman_prop/crab"},{"predicate":{"custom_model_data":44},"model":"modelengine:fisherman_prop/cage"},{"predicate":{"custom_model_data":45},"model":"modelengine:lumberjack/left_foot"},{"predicate":{"custom_model_data":46},"model":"modelengine:lumberjack/left_leg"},{"predicate":{"custom_model_data":47},"model":"modelengine:lumberjack/right_foot"},{"predicate":{"custom_model_data":48},"model":"modelengine:lumberjack/right_leg"},{"predicate":{"custom_model_data":49},"model":"modelengine:lumberjack/left_hand"},{"predicate":{"custom_model_data":50},"model":"modelengine:lumberjack/left_forearm"},{"predicate":{"custom_model_data":51},"model":"modelengine:lumberjack/left_arm"},{"predicate":{"custom_model_data":52},"model":"modelengine:lumberjack/right_hand"},{"predicate":{"custom_model_data":53},"model":"modelengine:lumberjack/right_forearm"},{"predicate":{"custom_model_data":54},"model":"modelengine:lumberjack/right_arm"},{"predicate":{"custom_model_data":55},"model":"modelengine:lumberjack/head"},{"predicate":{"custom_model_data":56},"model":"modelengine:lumberjack/lumberjack"},{"predicate":{"custom_model_data":57},"model":"modelengine:miner/head"},{"predicate":{"custom_model_data":58},"model":"modelengine:miner/leftfoot"},{"predicate":{"custom_model_data":59},"model":"modelengine:miner/leftleg"},{"predicate":{"custom_model_data":60},"model":"modelengine:miner/rightfoot"},{"predicate":{"custom_model_data":61},"model":"modelengine:miner/rightleg"},{"predicate":{"custom_model_data":62},"model":"modelengine:miner/righthand"},{"predicate":{"custom_model_data":63},"model":"modelengine:miner/rightarm"},{"predicate":{"custom_model_data":64},"model":"modelengine:miner/lefthand"},{"predicate":{"custom_model_data":65},"model":"modelengine:miner/leftarm"},{"predicate":{"custom_model_data":66},"model":"modelengine:miner/lantern"},{"predicate":{"custom_model_data":67},"model":"modelengine:miner/miner"},{"predicate":{"custom_model_data":68},"model":"modelengine:pirate/leftfoot"},{"predicate":{"custom_model_data":69},"model":"modelengine:pirate/leftleg"},{"predicate":{"custom_model_data":70},"model":"modelengine:pirate/rightfoot"},{"predicate":{"custom_model_data":71},"model":"modelengine:pirate/rightleg"},{"predicate":{"custom_model_data":72},"model":"modelengine:pirate/lefthand"},{"predicate":{"custom_model_data":73},"model":"modelengine:pirate/leftarm"},{"predicate":{"custom_model_data":74},"model":"modelengine:pirate/righthand"},{"predicate":{"custom_model_data":75},"model":"modelengine:pirate/rightarm"},{"predicate":{"custom_model_data":76},"model":"modelengine:pirate/head"},{"predicate":{"custom_model_data":77},"model":"modelengine:pirate/bard"}]}