{"parent":"item/generated","textures":{"layer0":"item/paper"},"overrides":[{"predicate":{"custom_model_data":1},"model":"deco/bench_1_a"},{"predicate":{"custom_model_data":2},"model":"deco/bench_1_b"},{"predicate":{"custom_model_data":3},"model":"deco/bench_1_c"},{"predicate":{"custom_model_data":4},"model":"deco/bench_2_a"},{"predicate":{"custom_model_data":5},"model":"deco/bench_2_b"},{"predicate":{"custom_model_data":6},"model":"deco/bench_2_c"},{"predicate":{"custom_model_data":7},"model":"deco/bench_3_a"},{"predicate":{"custom_model_data":8},"model":"deco/bench_3_b"},{"predicate":{"custom_model_data":9},"model":"deco/bench_3_c"},{"predicate":{"custom_model_data":10},"model":"deco/bench_4_a"},{"predicate":{"custom_model_data":11},"model":"deco/bench_4_b"},{"predicate":{"custom_model_data":12},"model":"deco/bench_4_c"},{"predicate":{"custom_model_data":13},"model":"deco/bench_5_a"},{"predicate":{"custom_model_data":14},"model":"deco/bench_5_b"},{"predicate":{"custom_model_data":15},"model":"deco/bench_5_c"},{"predicate":{"custom_model_data":16},"model":"deco/bench_6_a"},{"predicate":{"custom_model_data":17},"model":"deco/bench_6_b"},{"predicate":{"custom_model_data":18},"model":"deco/bench_6_c"},{"predicate":{"custom_model_data":19},"model":"deco/bench_7_a"},{"predicate":{"custom_model_data":20},"model":"deco/bench_7_b"},{"predicate":{"custom_model_data":21},"model":"deco/bench_7_c"},{"predicate":{"custom_model_data":22},"model":"deco/bench_8_a"},{"predicate":{"custom_model_data":23},"model":"deco/bench_8_b"},{"predicate":{"custom_model_data":24},"model":"deco/bench_8_c"},{"predicate":{"custom_model_data":25},"model":"deco/bench_9_a"},{"predicate":{"custom_model_data":26},"model":"deco/bench_9_b"},{"predicate":{"custom_model_data":27},"model":"deco/bench_9_c"},{"predicate":{"custom_model_data":28},"model":"deco/bench_10_a"},{"predicate":{"custom_model_data":29},"model":"deco/bench_10_b"},{"predicate":{"custom_model_data":30},"model":"deco/bench_11_a"},{"predicate":{"custom_model_data":31},"model":"deco/bench_11_b"},{"predicate":{"custom_model_data":32},"model":"deco/bench_12_a"},{"predicate":{"custom_model_data":33},"model":"deco/bench_12_b"},{"predicate":{"custom_model_data":34},"model":"deco/desk_1"},{"predicate":{"custom_model_data":35},"model":"deco/desk_2"},{"predicate":{"custom_model_data":36},"model":"deco/desk_3"},{"predicate":{"custom_model_data":37},"model":"deco/desk_4"},{"predicate":{"custom_model_data":38},"model":"deco/desk_5"},{"predicate":{"custom_model_data":39},"model":"deco/table_1_a"},{"predicate":{"custom_model_data":40},"model":"deco/table_1_b"},{"predicate":{"custom_model_data":41},"model":"deco/table_1_c"},{"predicate":{"custom_model_data":42},"model":"deco/table_1_d"},{"predicate":{"custom_model_data":43},"model":"deco/vending_machine_drink"},{"predicate":{"custom_model_data":44},"model":"deco/wooden_chair_1_a"},{"predicate":{"custom_model_data":45},"model":"deco/wooden_chair_1_b"},{"predicate":{"custom_model_data":46},"model":"deco/wooden_chair_1_c"},{"predicate":{"custom_model_data":47},"model":"deco/advertisement_board_1"},{"predicate":{"custom_model_data":48},"model":"deco/bar_seat_1"},{"predicate":{"custom_model_data":49},"model":"deco/bar_seat_2"},{"predicate":{"custom_model_data":50},"model":"deco/bar_seat_3"},{"predicate":{"custom_model_data":51},"model":"deco/bench_13_1"},{"predicate":{"custom_model_data":52},"model":"deco/bench_13_2"},{"predicate":{"custom_model_data":53},"model":"deco/bench_13_3"},{"predicate":{"custom_model_data":54},"model":"deco/bench_13_4"},{"predicate":{"custom_model_data":55},"model":"deco/bench_13_5"},{"predicate":{"custom_model_data":56},"model":"deco/billiard_table"},{"predicate":{"custom_model_data":57},"model":"deco/blackjack_table"},{"predicate":{"custom_model_data":58},"model":"deco/chair_1"},{"predicate":{"custom_model_data":59},"model":"deco/chair_2"},{"predicate":{"custom_model_data":60},"model":"deco/chair_3"},{"predicate":{"custom_model_data":61},"model":"deco/chair_4"},{"predicate":{"custom_model_data":62},"model":"deco/chair_5"},{"predicate":{"custom_model_data":63},"model":"deco/chair_6"},{"predicate":{"custom_model_data":64},"model":"deco/chair_7"},{"predicate":{"custom_model_data":65},"model":"deco/chair_8"},{"predicate":{"custom_model_data":66},"model":"deco/chair_9"},{"predicate":{"custom_model_data":67},"model":"deco/chair_10"},{"predicate":{"custom_model_data":68},"model":"deco/chair_11"},{"predicate":{"custom_model_data":69},"model":"deco/chair_12"},{"predicate":{"custom_model_data":70},"model":"deco/chips"},{"predicate":{"custom_model_data":71},"model":"deco/eating_table_1_a"},{"predicate":{"custom_model_data":72},"model":"deco/eating_table_1_b"},{"predicate":{"custom_model_data":73},"model":"deco/eating_table_1_c"},{"predicate":{"custom_model_data":74},"model":"deco/eating_table_2_a"},{"predicate":{"custom_model_data":75},"model":"deco/eating_table_2_b"},{"predicate":{"custom_model_data":76},"model":"deco/eating_table_2_c"},{"predicate":{"custom_model_data":77},"model":"deco/mahjong_table"},{"predicate":{"custom_model_data":78},"model":"deco/neon_1"},{"predicate":{"custom_model_data":79},"model":"deco/neon_1_short"},{"predicate":{"custom_model_data":80},"model":"deco/neon_2"},{"predicate":{"custom_model_data":81},"model":"deco/neon_2_short"},{"predicate":{"custom_model_data":82},"model":"deco/neon_3"},{"predicate":{"custom_model_data":83},"model":"deco/neon_3_short"},{"predicate":{"custom_model_data":84},"model":"deco/neon_4"},{"predicate":{"custom_model_data":85},"model":"deco/neon_4_short"},{"predicate":{"custom_model_data":86},"model":"deco/neon_5"},{"predicate":{"custom_model_data":87},"model":"deco/neon_5_short"},{"predicate":{"custom_model_data":88},"model":"deco/neon_6"},{"predicate":{"custom_model_data":89},"model":"deco/neon_6_short"},{"predicate":{"custom_model_data":90},"model":"deco/neon_7"},{"predicate":{"custom_model_data":91},"model":"deco/neon_7_short"},{"predicate":{"custom_model_data":92},"model":"deco/party_bench_1_a"},{"predicate":{"custom_model_data":93},"model":"deco/party_bench_1_b"},{"predicate":{"custom_model_data":94},"model":"deco/party_bench_1_c"},{"predicate":{"custom_model_data":95},"model":"deco/party_bench_2_a"},{"predicate":{"custom_model_data":96},"model":"deco/party_bench_2_b"},{"predicate":{"custom_model_data":97},"model":"deco/party_bench_2_c"},{"predicate":{"custom_model_data":98},"model":"deco/party_table_1_a"},{"predicate":{"custom_model_data":99},"model":"deco/party_table_2_a"},{"predicate":{"custom_model_data":100},"model":"deco/poker"},{"predicate":{"custom_model_data":101},"model":"deco/sofa_1_a"},{"predicate":{"custom_model_data":102},"model":"deco/sofa_1_b"},{"predicate":{"custom_model_data":103},"model":"deco/sofa_1_c"},{"predicate":{"custom_model_data":104},"model":"deco/sofa_2_a"},{"predicate":{"custom_model_data":105},"model":"deco/sofa_2_b"},{"predicate":{"custom_model_data":106},"model":"deco/sofa_2_c"},{"predicate":{"custom_model_data":107},"model":"deco/sofa_2_d"},{"predicate":{"custom_model_data":108},"model":"deco/table_2_a"},{"predicate":{"custom_model_data":109},"model":"deco/table_2_b"},{"predicate":{"custom_model_data":110},"model":"deco/table_3_a"},{"predicate":{"custom_model_data":111},"model":"deco/table_3_b"},{"predicate":{"custom_model_data":112},"model":"deco/table_3_c"},{"predicate":{"custom_model_data":113},"model":"deco/table_4_a"},{"predicate":{"custom_model_data":114},"model":"deco/table_4_b"},{"predicate":{"custom_model_data":115},"model":"deco/table_5"},{"predicate":{"custom_model_data":116},"model":"deco/table_6_a"},{"predicate":{"custom_model_data":117},"model":"deco/table_6_b"},{"predicate":{"custom_model_data":118},"model":"deco/vending_machine_food"},{"predicate":{"custom_model_data":119},"model":"deco/dj_table"},{"predicate":{"custom_model_data":120},"model":"deco/loudspeaker_dj"}]}