{
    "parent": "item/generated",
    "textures": {
        "layer0": "item/paper"
    },
    "overrides": [
        {
            "predicate": {
                "custom_model_data": 1
            },
            "model": "default/caveblock"
        },
        {
            "predicate": {
                "custom_model_data": 2
            },
            "model": "amethyst_ore"
        },
        {
            "predicate": {
                "custom_model_data": 3
            },
            "model": "ruby_ore"
        },
        {
            "predicate": {
                "custom_model_data": 4
            },
            "model": "onyx_ore"
        },
        {
            "predicate": {
                "custom_model_data": 5
            },
            "model": "orax_ore"
        },
        {
            "predicate": {
                "custom_model_data": 6
            },
            "model": "default/table"
        },
        {
            "predicate": {
                "custom_model_data": 7
            },
            "model": "default/cart"
        },
        {
            "predicate": {
                "custom_model_data": 8
            },
            "model": "default/chair"
        },
        {
            "predicate": {
                "custom_model_data": 9
            },
            "model": "default/coach"
        },
        {
            "predicate": {
                "custom_model_data": 10
            },
            "model": "default/shelf"
        },
        {
            "predicate": {
                "custom_model_data": 11
            },
            "model": "arrow_next_icon"
        },
        {
            "predicate": {
                "custom_model_data": 12
            },
            "model": "arrow_previous_icon"
        },
        {
            "predicate": {
                "custom_model_data": 13
            },
            "model": "exit_icon"
        },
        {
            "predicate": {
                "custom_model_data": 14
            },
            "model": "default/anubis_head"
        },
        {
            "predicate": {
                "custom_model_data": 15
            },
            "model": "default/crown"
        },
        {
            "predicate": {
                "custom_model_data": 16
            },
            "model": "default/pharaoh_head"
        },
        {
            "predicate": {
                "custom_model_data": 17
            },
            "model": "default/witch_hat"
        },
        {
            "predicate": {
                "custom_model_data": 18
            },
            "model": "default/space_helmet"
        },
        {
            "predicate": {
                "custom_model_data": 19
            },
            "model": "amethyst"
        },
        {
            "predicate": {
                "custom_model_data": 20
            },
            "model": "ruby"
        },
        {
            "predicate": {
                "custom_model_data": 21
            },
            "model": "onyx"
        },
        {
            "predicate": {
                "custom_model_data": 22
            },
            "model": "orax"
        },
        {
            "predicate": {
                "custom_model_data": 23
            },
            "model": "block/fire_floor0"
        },
        {
            "predicate": {
                "custom_model_data": 24
            },
            "model": "weed_seed"
        },
        {
            "predicate": {
                "custom_model_data": 25
            },
            "model": "default/weed/stage0"
        },
        {
            "predicate": {
                "custom_model_data": 26
            },
            "model": "default/weed/stage1"
        },
        {
            "predicate": {
                "custom_model_data": 27
            },
            "model": "default/weed/stage2"
        },
        {
            "predicate": {
                "custom_model_data": 28
            },
            "model": "default/weed/stage3"
        },
        {
            "predicate": {
                "custom_model_data": 29
            },
            "model": "grape_seeds"
        },
        {
            "predicate": {
                "custom_model_data": 30
            },
            "model": "default/grape/stage0"
        },
        {
            "predicate": {
                "custom_model_data": 31
            },
            "model": "default/grape/stage1"
        },
        {
            "predicate": {
                "custom_model_data": 32
            },
            "model": "default/grape/stage2"
        },
        {
            "predicate": {
                "custom_model_data": 33
            },
            "model": "default/grape/stage3"
        },
        {
            "predicate": {
                "custom_model_data": 34
            },
            "model": "default/grape/stage4"
        },
        {
            "predicate": {
                "custom_model_data": 35
            },
            "model": "iron_cog"
        },
        {
            "predicate": {
                "custom_model_data": 36
            },
            "model": "gold_cog"
        },
        {
            "predicate": {
                "custom_model_data": 37
            },
            "model": "diamond_cog"
        },
        {
            "predicate": {
                "custom_model_data": 38
            },
            "model": "default/carrot/carrot_stage0"
        },
        {
            "predicate": {
                "custom_model_data": 39
            },
            "model": "default/carrot/carrot_stage1"
        },
        {
            "predicate": {
                "custom_model_data": 40
            },
            "model": "default/carrot/carrot_stage2"
        },
        {
            "predicate": {
                "custom_model_data": 41
            },
            "model": "default/carrot/carrot_stage3"
        },
        {
            "predicate": {
                "custom_model_data": 42
            },
            "model": "default/carrot/carrot_stage4"
        },        
        {
            "predicate": {
                "custom_model_data": 43
            },
            "model": "item/custom/dautay-1"
        },
        {
            "predicate": {
                "custom_model_data": 44
            },
            "model": "item/custom/dautay0"
        },
        {
            "predicate": {
                "custom_model_data": 45
            },
            "model": "item/custom/dautay1"
        },
        {
            "predicate": {
                "custom_model_data": 46
            },
            "model": "item/custom/dautay2"
        },
        {
            "predicate": {
                "custom_model_data": 47
            },
            "model": "item/custom/dautay3"
        },
        {
            "predicate": {
                "custom_model_data": 48
            },
            "model": "item/custom/dautay4"
        } 
    ]
}