{
  "parent": "minecraft:item/generated",
  "textures": {
    "layer0": "minecraft:item/sugar"
  },
  "overrides": [
    {
      "predicate": { "custom_model_data": 1 },
      "model": "item/logo/farm"
    },
    {
      "predicate": { "custom_model_data": 2 },
      "model": "item/logo/city"
    },
    {
      "predicate": { "custom_model_data": 3 },
      "model": "item/logo/mmorpg"
    },
    {
      "predicate": { "custom_model_data": 4 },
      "model": "item/logo/fill"
    },
    {
      "predicate": { "custom_model_data": 5 },
      "model": "item/logo/lands"
    },
    {
      "predicate": { "custom_model_data": 6 },
      "model": "item/logo/games"
    },
    {
      "predicate": { "custom_model_data": 7 },
      "model": "item/logo/exit"
    },
    {
      "predicate": { "custom_model_data": 8 },
      "model": "item/logo/menu"
    },
    {
      "predicate": { "custom_model_data": 9 },
      "model": "item/logo/back"
    },
    {
      "predicate": { "custom_model_data": 10 },
      "model": "item/logo/coin"
    },
    {
      "predicate": { "custom_model_data": 11 },
      "model": "item/shop/dongy"
    },    
    {
      "predicate": { "custom_model_data": 12 },
      "model": "item/shop/them1"
    },
    {
      "predicate": { "custom_model_data": 13 },
      "model": "item/shop/them10"
    },
    {
      "predicate": { "custom_model_data": 14 },
      "model": "item/shop/tru1"
    },
    {
      "predicate": { "custom_model_data": 15 },
      "model": "item/shop/tru10"
    },
    {
      "predicate": { "custom_model_data": 16 },
      "model": "item/shop/tuchoi"
    },
    {
      "predicate": { "custom_model_data": 17 },
      "model": "item/shop/set1"
    },
    {
      "predicate": { "custom_model_data": 18 },
      "model": "item/shop/set64"
    },
    {
      "predicate": { "custom_model_data": 19 },
      "model": "item/shop/muathem"
    },
    {
      "predicate": { "custom_model_data": 20 },
      "model": "item/shop/set16"
    },
    {
      "predicate": { "custom_model_data": 21 },
      "model": "item/shop/sellmore"
    },
    {
      "predicate": { "custom_model_data": 22 },
      "model": "item/shop/back"
    },
    {
      "predicate": { "custom_model_data": 23 },
      "model": "item/shop/next"
    }        
  ]  
}