{
  "parent": "minecraft:item/generated",
  "textures": {
    "layer0": "minecraft:item/sugar"
  },
  "overrides": [
    {
      "predicate": { "custom_model_data": 1 },
      "model": "item/logo/farm"
    },
    {
      "predicate": { "custom_model_data": 2 },
      "model": "item/logo/city"
    },
    {
      "predicate": { "custom_model_data": 3 },
      "model": "item/logo/mmorpg"
    },
    {
      "predicate": { "custom_model_data": 4 },
      "model": "item/logo/fill"
    },
    {
      "predicate": { "custom_model_data": 5 },
      "model": "item/logo/lands"
    },
    {
      "predicate": { "custom_model_data": 6 },
      "model": "item/logo/games"
    },
    {
      "predicate": { "custom_model_data": 7 },
      "model": "item/logo/exit"
    },
    {
      "predicate": { "custom_model_data": 8 },
      "model": "item/logo/menu"
    },
    {
      "predicate": { "custom_model_data": 9 },
      "model": "item/logo/back"
    },
    {
      "predicate": { "custom_model_data": 10 },
      "model": "item/logo/coin"
    },
    {
      "predicate": { "custom_model_data": 11 },
      "model": "item/shop/dongy"
    },    
    {
      "predicate": { "custom_model_data": 12 },
      "model": "item/shop/them1"
    },
    {
      "predicate": { "custom_model_data": 13 },
      "model": "item/shop/them10"
    },
    {
      "predicate": { "custom_model_data": 14 },
      "model": "item/shop/tru1"
    },
    {
      "predicate": { "custom_model_data": 15 },
      "model": "item/shop/tru10"
    },
    {
      "predicate": { "custom_model_data": 16 },
      "model": "item/shop/tuchoi"
    },
    {
      "predicate": { "custom_model_data": 17 },
      "model": "item/shop/set1"
    },
    {
      "predicate": { "custom_model_data": 18 },
      "model": "item/shop/set64"
    },
    {
      "predicate": { "custom_model_data": 19 },
      "model": "item/shop/muathem"
    },
    {
      "predicate": { "custom_model_data": 20 },
      "model": "item/shop/set16"
    },
    {
      "predicate": { "custom_model_data": 21 },
      "model": "item/shop/sellmore"
    },
    {
      "predicate": { "custom_model_data": 22 },
      "model": "item/fish/axolotl/kinhong"
    }, 
    {
      "predicate": { "custom_model_data": 23 },
      "model": "item/fish/candy_snail/ockeongot"
    },
    {
      "predicate": { "custom_model_data": 24 },
      "model": "item/fish/clown_fish/CAHE"
    }, 
    {
      "predicate": { "custom_model_data": 25 },
      "model": "item/fish/colorful_snail/ocsacso"
    }, 
    {
      "predicate": { "custom_model_data": 26},
      "model": "item/fish/common_wrench/coleriset"
    }, 
    {
      "predicate": { "custom_model_data": 27 },
      "model": "item/fish/coral_turtle/ruasanho"
    }, 
    {
      "predicate": { "custom_model_data": 28},
      "model": "item/fish/crab/cua"
    }, 
    {
      "predicate": { "custom_model_data": 29 },
      "model": "item/fish/dolphin/caheo"
    }, 
    {
      "predicate": { "custom_model_data": 30 },
      "model": "item/fish/epic_wrench/colecyber"
    }, 
    {
      "predicate": { "custom_model_data": 31 },
      "model": "item/fish/flower_frog/echhoahoe"
    },
    {
      "predicate": { "custom_model_data": 32 },
      "model": "item/shop/fishsell"
    },
    {
      "predicate": { "custom_model_data": 33 },
      "model": "item/shop/fishsellall"
    },
    {
      "predicate": { "custom_model_data": 34 },
      "model": "item/fish/glowing_jellyfish/suaphatquang"
    },
    {
      "predicate": { "custom_model_data": 35 },
      "model": "item/fish/glowing_squid/muc"
    },
    {
      "predicate": { "custom_model_data": 36 },
      "model": "item/fish/gold_fish/cado"
    },
    {
      "predicate": { "custom_model_data": 37 },
      "model": "item/fish/golden_fish/cavangnhat"
    },
    {
      "predicate": { "custom_model_data": 38 },
      "model": "item/fish/golden_shrimp/tomvangkim"
    },
    {
      "predicate": { "custom_model_data": 39 },
      "model": "item/fish/greatwhite_shark/camaptrang"
    },
    {
      "predicate": { "custom_model_data": 40 },
      "model": "item/fish/happy_fish/cavuive"
    },
    {
      "predicate": { "custom_model_data": 41 },
      "model": "item/fish/hermit_snail/ocmuonhon"
    },
    {
      "predicate": { "custom_model_data": 42 },
      "model": "item/fish/jellyfish/suabien"
    },
    {
      "predicate": { "custom_model_data": 43 },
      "model": "item/fish/lantern_fish/calongden"
    },
    {
      "predicate": { "custom_model_data": 44 },
      "model": "item/fish/megalodon/megalodon"
    },
    {
      "predicate": { "custom_model_data": 45 },
      "model": "item/fish/rare_wrench/colethep"
    },
    {
      "predicate": { "custom_model_data": 46 },
      "model": "item/fish/salmon/cahoi"
    },
    {
      "predicate": { "custom_model_data": 47 },
      "model": "item/fish/sea_bass/cavuoc"
    },
    {
      "predicate": { "custom_model_data": 48 },
      "model": "item/fish/shrimp/tom"
    },
    {
      "predicate": { "custom_model_data": 49 },
      "model": "item/fish/small_tuna/cangunho"
    },
    {
      "predicate": { "custom_model_data": 50 },
      "model": "item/fish/sparkling_fish/calaplanh"
    },
    {
      "predicate": { "custom_model_data": 51 },
      "model": "item/fish/squid/muc"
    },
    {
      "predicate": { "custom_model_data": 52 },
      "model": "item/fish/sword_fish/cakiem"
    },
    {
      "predicate": { "custom_model_data": 53 },
      "model": "item/fish/tuna/cangu"
    },
    {
      "predicate": { "custom_model_data": 54 },
      "model": "item/fish/turtle/rua"
    },
    {
      "predicate": { "custom_model_data": 55 },
      "model": "item/fish/whale/cavoi"
    },
    {
      "predicate": { "custom_model_data": 56 },
      "model": "item/logo/next"
    },
    {
      "predicate": { "custom_model_data": 57 },
      "model": "item/ui/pet/1"
    },
    {
      "predicate": { "custom_model_data": 58 },
      "model": "item/ui/pet/2"
    },
    {
      "predicate": { "custom_model_data": 59 },
      "model": "item/ui/pet/3"
    },
    {
      "predicate": { "custom_model_data": 60 },
      "model": "item/ui/pet/4"
    },
    {
      "predicate": { "custom_model_data": 61 },
      "model": "item/ui/pet/5"
    },
    {
      "predicate": { "custom_model_data": 62 },
      "model": "item/ui/pet/6"
    },
    {
      "predicate": { "custom_model_data": 63 },
      "model": "item/ui/pet/7"
    },
    {
      "predicate": { "custom_model_data": 64 },
      "model": "item/ui/pet/8"
    },
    {
      "predicate": { "custom_model_data": 65 },
      "model": "item/ui/pet/9"
    },
    {
      "predicate": { "custom_model_data": 66 },
      "model": "item/ui/pet/10"
    },
    {
      "predicate": { "custom_model_data": 67 },
      "model": "item/ui/pet/11"
    },
    {
      "predicate": { "custom_model_data": 68 },
      "model": "item/ui/pet/12"
    },
    {
      "predicate": { "custom_model_data": 69 },
      "model": "item/ui/tele/1"
    },   
    {
      "predicate": { "custom_model_data": 70 },
      "model": "item/ui/tele/2"
    },   
    {
      "predicate": { "custom_model_data": 71 },
      "model": "item/ui/tele/3"
    },   
    {
      "predicate": { "custom_model_data": 72 },
      "model": "item/ui/tele/4"
    },   
    {
      "predicate": { "custom_model_data": 73 },
      "model": "item/ui/tele/5"
    },   
    {
      "predicate": { "custom_model_data": 74 },
      "model": "item/ui/tele/6"
    },   
    {
      "predicate": { "custom_model_data": 75 },
      "model": "item/ui/tele/7"
    },   
    {
      "predicate": { "custom_model_data": 76 },
      "model": "item/ui/tele/8"
    },   
    {
      "predicate": { "custom_model_data": 77 },
      "model": "item/ui/tele/9"
    },   
    {
      "predicate": { "custom_model_data": 78 },
      "model": "item/ui/tele/10"
    },   
    {
      "predicate": { "custom_model_data": 79 },
      "model": "item/ui/tele/11"
    },   
    {
      "predicate": { "custom_model_data": 80 },
      "model": "item/ui/tele/12"
    },
    {
      "predicate": { "custom_model_data": 81 },
      "model": "item/ui/plot/1"
    },   
    {
      "predicate": { "custom_model_data": 82 },
      "model": "item/ui/plot/2"
    },   
    {
      "predicate": { "custom_model_data": 83 },
      "model": "item/ui/plot/3"
    },     
    {
      "predicate": { "custom_model_data": 84 },
      "model": "item/ui/plot/4"
    },    
    {
      "predicate": { "custom_model_data": 85 },
      "model": "item/ui/plot/5"
    },    
    {
      "predicate": { "custom_model_data": 86 },
      "model": "item/ui/plot/6"
    },    
    {
      "predicate": { "custom_model_data": 87 },
      "model": "item/ui/plot/7"
    },    
    {
      "predicate": { "custom_model_data": 88 },
      "model": "item/ui/plot/8"
    },    
    {
      "predicate": { "custom_model_data": 89 },
      "model": "item/ui/plot/9"
    },    
    {
      "predicate": { "custom_model_data": 90 },
      "model": "item/ui/plot/10"
    },    
    {
      "predicate": { "custom_model_data": 91 },
      "model": "item/ui/plot/11"
    },    
    {
      "predicate": { "custom_model_data": 92 },
      "model": "item/ui/plot/12"
    },
    {
      "predicate": { "custom_model_data": 93 },
      "model": "item/ui/game/1"
    },   
    {
      "predicate": { "custom_model_data": 94 },
      "model": "item/ui/game/2"
    },   
    {
      "predicate": { "custom_model_data": 95 },
      "model": "item/ui/game/3"
    },   
    {
      "predicate": { "custom_model_data": 96 },
      "model": "item/ui/game/4"
    },   
    {
      "predicate": { "custom_model_data": 97 },
      "model": "item/ui/game/5"
    },   
    {
      "predicate": { "custom_model_data": 98 },
      "model": "item/ui/game/6"
    },   
    {
      "predicate": { "custom_model_data": 99 },
      "model": "item/ui/game/7"
    },   
    {
      "predicate": { "custom_model_data": 100 },
      "model": "item/ui/game/8"
    },   
    {
      "predicate": { "custom_model_data": 101 },
      "model": "item/ui/game/9"
    },   
    {
      "predicate": { "custom_model_data": 102 },
      "model": "item/ui/game/10"
    },   
    {
      "predicate": { "custom_model_data": 103 },
      "model": "item/ui/game/11"
    },   
    {
      "predicate": { "custom_model_data": 104 },
      "model": "item/ui/game/12"
    },
    {
      "predicate": { "custom_model_data": 105 },
      "model": "item/ui/warp/game"
    },
    {
      "predicate": { "custom_model_data": 106 },
      "model": "item/ui/warp/baotang"
    },
    {
      "predicate": { "custom_model_data": 107 },
      "model": "item/ui/warp/bar"
    },
    {
      "predicate": { "custom_model_data": 108 },
      "model": "item/ui/warp/park"
    },
    {
      "predicate": { "custom_model_data": 109 },
      "model": "item/ui/warp/quanan"
    },
    {
      "predicate": { "custom_model_data": 110 },
      "model": "item/ui/warp/pet"
    },
    {
      "predicate": { "custom_model_data": 111 },
      "model": "item/ui/warp/city"
    },
    {
      "predicate": { "custom_model_data": 112 },
      "model": "item/ui/warp/baibien"
    },
    {
      "predicate": { "custom_model_data": 113 },
      "model": "item/ui/uiplot/buy"
    },
    {
      "predicate": { "custom_model_data": 114 },
      "model": "item/ui/uiplot/like"
    },  
    {
      "predicate": { "custom_model_data": 115 },
      "model": "item/ui/uiplot/link"
    },  
    {
      "predicate": { "custom_model_data": 116 },
      "model": "item/ui/uiplot/unlink"
    }, 
    {
      "predicate": { "custom_model_data": 117 },
      "model": "item/ui/uiplot/xoa"
    },
    {
      "predicate": { "custom_model_data": 118 },
      "model": "item/fish/uncommon_wrench/colebinhthuong"
    }       
  ]  
}