{"textures":{"0":"modelengine:entity/haha_aww"},"elements":[{"name":"cube","from":[6.5600004,0.19999981,5.6],"to":[11.120001,6.8,11.0],"rotation":{"angle":0.0,"axis":"x","origin":[9.2,5.0,7.4]},"faces":{"down":{"uv":[6.3125,9.3125,5.8125,9.875],"rotation":0,"texture":"#0","tintindex":0},"east":{"uv":[5.9375,8.625,6.5,9.3125],"rotation":0,"texture":"#0","tintindex":0},"north":{"uv":[7.8125,9.125,8.3125,9.8125],"rotation":0,"texture":"#0","tintindex":0},"south":{"uv":[9.125,8.75,9.625,9.4375],"rotation":0,"texture":"#0","tintindex":0},"up":{"uv":[6.6875,6.125,6.1875,5.5625],"rotation":0,"texture":"#0","tintindex":0},"west":{"uv":[8.75,3.125,9.3125,3.8125],"rotation":0,"texture":"#0","tintindex":0}}},{"name":"cube","from":[11.06,0.19999981,5.6],"to":[12.02,3.1999998,11.0],"rotation":{"angle":0.0,"axis":"x","origin":[13.7,5.0,7.4]},"faces":{"down":{"uv":[3.8125,5.4375,3.6875,6.0],"rotation":0,"texture":"#0","tintindex":0},"east":{"uv":[9.625,9.0,10.1875,9.3125],"rotation":0,"texture":"#0","tintindex":0},"north":{"uv":[4.75,5.75,4.875,6.0625],"rotation":0,"texture":"#0","tintindex":0},"south":{"uv":[3.6875,6.0,3.8125,6.3125],"rotation":0,"texture":"#0","tintindex":0},"up":{"uv":[4.875,5.75,4.75,5.1875],"rotation":0,"texture":"#0","tintindex":0},"west":{"uv":[9.6875,7.0,10.25,7.3125],"rotation":0,"texture":"#0","tintindex":0}}},{"name":"cube","from":[5.66,-2.8000002,5.6],"to":[11.420001,0.19999981,11.0],"rotation":{"angle":0.0,"axis":"x","origin":[13.7,1.9999998,7.4]},"faces":{"down":{"uv":[9.75,5.0625,9.125,5.625],"rotation":0,"texture":"#0","tintindex":0},"east":{"uv":[9.6875,7.3125,10.25,7.625],"rotation":0,"texture":"#0","tintindex":0},"north":{"uv":[7.375,3.125,8.0,3.4375],"rotation":0,"texture":"#0","tintindex":0},"south":{"uv":[9.1875,9.4375,9.8125,9.75],"rotation":0,"texture":"#0","tintindex":0},"up":{"uv":[0.625,9.6875,0.0,9.125],"rotation":0,"texture":"#0","tintindex":0},"west":{"uv":[9.6875,7.625,10.25,7.9375],"rotation":0,"texture":"#0","tintindex":0}}},{"name":"cube","from":[7.76,6.8,5.6],"to":[10.52,8.6,11.0],"rotation":{"angle":0.0,"axis":"x","origin":[9.2,11.6,7.4]},"faces":{"down":{"uv":[10.0625,5.5625,9.75,6.125],"rotation":0,"texture":"#0","tintindex":0},"east":{"uv":[8.5,7.4375,9.0625,7.625],"rotation":0,"texture":"#0","tintindex":0},"north":{"uv":[4.5,6.0625,4.8125,6.25],"rotation":0,"texture":"#0","tintindex":0},"south":{"uv":[10.0625,5.8125,10.375,6.0],"rotation":0,"texture":"#0","tintindex":0},"up":{"uv":[10.0625,5.5625,9.75,5.0],"rotation":0,"texture":"#0","tintindex":0},"west":{"uv":[9.6875,7.9375,10.25,8.125],"rotation":0,"texture":"#0","tintindex":0}}},{"name":"cube","from":[9.8,3.1999998,6.2],"to":[11.6,5.6,10.4],"rotation":{"angle":0.0,"axis":"x","origin":[12.2,5.0,7.4]},"faces":{"down":{"uv":[10.25,5.375,10.0625,5.8125],"rotation":0,"texture":"#0","tintindex":0},"east":{"uv":[2.125,5.1875,2.5625,5.4375],"rotation":0,"texture":"#0","tintindex":0},"north":{"uv":[1.5,7.9375,1.6875,8.1875],"rotation":0,"texture":"#0","tintindex":0},"south":{"uv":[8.3125,9.125,8.5,9.375],"rotation":0,"texture":"#0","tintindex":0},"up":{"uv":[3.6875,10.375,3.5,9.9375],"rotation":0,"texture":"#0","tintindex":0},"west":{"uv":[1.6875,9.9375,2.125,10.1875],"rotation":0,"texture":"#0","tintindex":0}}}],"display":{"head":{"translation":[0.0,-6.4,0.0],"rotation":[0.0,0.0,0.0],"scale":[3.8095,3.8095,3.8095]}}}