{"textures":{"0":"modelengine:entity/haha_aww"},"elements":[{"name":"cube","from":[6.8,5.0,4.3999996],"to":[11.6,8.0,5.0],"rotation":{"angle":0.0,"axis":"x","origin":[8.0,8.0,8.0]},"faces":{"down":{"uv":[10.625,1.1875,10.125,1.25],"rotation":0,"texture":"#0","tintindex":0},"east":{"uv":[2.5625,4.125,2.625,4.4375],"rotation":0,"texture":"#0","tintindex":0},"north":{"uv":[9.8125,4.125,10.3125,4.4375],"rotation":0,"texture":"#0","tintindex":0},"south":{"uv":[9.8125,9.3125,10.3125,9.625],"rotation":0,"texture":"#0","tintindex":0},"up":{"uv":[9.25,4.1875,8.75,4.125],"rotation":0,"texture":"#0","tintindex":0},"west":{"uv":[2.5625,4.4375,2.625,4.75],"rotation":0,"texture":"#0","tintindex":0}}}],"display":{"head":{"translation":[0.0,-6.4,0.0],"rotation":[0.0,0.0,0.0],"scale":[3.8095,3.8095,3.8095]}}}