{"textures":{"0":"modelengine:entity/haha_aww"},"elements":[{"name":"cube","from":[4.3999996,5.0,4.3999996],"to":[9.2,8.0,5.0],"rotation":{"angle":0.0,"axis":"x","origin":[8.0,8.0,8.0]},"faces":{"down":{"uv":[10.75,0.5625,10.25,0.625],"rotation":0,"texture":"#0","tintindex":0},"east":{"uv":[2.5625,4.75,2.625,5.0625],"rotation":0,"texture":"#0","tintindex":0},"north":{"uv":[4.0,9.875,4.5,10.1875],"rotation":0,"texture":"#0","tintindex":0},"south":{"uv":[4.5,9.875,5.0,10.1875],"rotation":0,"texture":"#0","tintindex":0},"up":{"uv":[10.6875,2.8125,10.1875,2.75],"rotation":0,"texture":"#0","tintindex":0},"west":{"uv":[2.5625,5.0625,2.625,5.375],"rotation":0,"texture":"#0","tintindex":0}}}],"display":{"head":{"translation":[0.0,-6.4,0.0],"rotation":[0.0,0.0,0.0],"scale":[3.8095,3.8095,3.8095]}}}