{"textures":{"0":"modelengine:entity/haha_aww"},"elements":[{"name":"cube","from":[5.0,2.6,3.7999997],"to":[11.0,9.2,10.4],"rotation":{"angle":0.0,"axis":"x","origin":[6.8,5.6,6.8]},"faces":{"down":{"uv":[9.125,5.0625,8.5,5.75],"rotation":0,"texture":"#0","tintindex":0},"east":{"uv":[4.125,7.625,4.8125,8.3125],"rotation":0,"texture":"#0","tintindex":0},"north":{"uv":[0.0,8.4375,0.625,9.125],"rotation":0,"texture":"#0","tintindex":0},"south":{"uv":[8.4375,1.75,9.0625,2.4375],"rotation":0,"texture":"#0","tintindex":0},"up":{"uv":[9.0625,3.125,8.4375,2.4375],"rotation":0,"texture":"#0","tintindex":0},"west":{"uv":[4.8125,7.625,5.5,8.3125],"rotation":0,"texture":"#0","tintindex":0}}}],"display":{"head":{"translation":[0.0,-6.4,0.0],"rotation":[0.0,0.0,0.0],"scale":[3.8095,3.8095,3.8095]}}}