{"textures":{"0":"modelengine:entity/tiger"},"elements":[{"name":"cube","from":[5.0,5.6,2.6],"to":[11.6,11.6,12.2],"rotation":{"angle":0.0,"axis":"x","origin":[8.0,3.7999997,8.0]},"faces":{"down":{"uv":[4.625,2.0,3.25,4.0],"rotation":0,"texture":"#0","tintindex":0},"east":{"uv":[3.5,4.0,5.5,5.25],"rotation":0,"texture":"#0","tintindex":0},"north":{"uv":[5.75,5.125,7.125,6.375],"rotation":0,"texture":"#0","tintindex":0},"south":{"uv":[6.25,0.0,7.625,1.25],"rotation":0,"texture":"#0","tintindex":0},"up":{"uv":[4.25,2.0,2.875,0.0],"rotation":0,"texture":"#0","tintindex":0},"west":{"uv":[4.25,0.0,6.25,1.25],"rotation":0,"texture":"#0","tintindex":0}}},{"name":"cube","from":[4.3999996,6.2,3.1999998],"to":[12.2,11.0,11.6],"rotation":{"angle":0.0,"axis":"x","origin":[8.0,3.7999997,8.0]},"faces":{"down":{"uv":[3.25,2.25,1.625,4.0],"rotation":0,"texture":"#0","tintindex":0},"east":{"uv":[5.5,4.125,7.25,5.125],"rotation":0,"texture":"#0","tintindex":0},"north":{"uv":[6.875,6.375,8.5,7.375],"rotation":0,"texture":"#0","tintindex":0},"south":{"uv":[2.25,7.125,3.875,8.125],"rotation":0,"texture":"#0","tintindex":0},"up":{"uv":[1.625,4.0,0.0,2.25],"rotation":0,"texture":"#0","tintindex":0},"west":{"uv":[5.75,1.25,7.5,2.25],"rotation":0,"texture":"#0","tintindex":0}}},{"name":"cube","from":[1.3999997,6.2,2.8999999],"to":[15.2,11.6,2.8999999],"rotation":{"angle":0.0,"axis":"x","origin":[8.0,3.7999997,8.0]},"faces":{"down":{"uv":[2.875,0.0,0.0,0.0],"rotation":0,"texture":"#0","tintindex":0},"east":{"uv":[0.0,0.0,0.0,1.125],"rotation":0,"texture":"#0","tintindex":0},"north":{"uv":[0.0,0.0,2.875,1.125],"rotation":0,"texture":"#0","tintindex":0},"south":{"uv":[0.0,1.125,2.875,2.25],"rotation":0,"texture":"#0","tintindex":0},"up":{"uv":[2.875,0.0,0.0,0.0],"rotation":0,"texture":"#0","tintindex":0},"west":{"uv":[0.0,0.0,0.0,1.125],"rotation":0,"texture":"#0","tintindex":0}}},{"name":"cube","from":[5.6,5.0,3.1999998],"to":[11.0,12.2,11.6],"rotation":{"angle":0.0,"axis":"x","origin":[8.0,3.7999997,8.0]},"faces":{"down":{"uv":[1.125,5.5,0.0,7.25],"rotation":0,"texture":"#0","tintindex":0},"east":{"uv":[0.0,4.0,1.75,5.5],"rotation":0,"texture":"#0","tintindex":0},"north":{"uv":[5.75,6.375,6.875,7.875],"rotation":0,"texture":"#0","tintindex":0},"south":{"uv":[1.125,6.5,2.25,8.0],"rotation":0,"texture":"#0","tintindex":0},"up":{"uv":[5.75,7.0,4.625,5.25],"rotation":0,"texture":"#0","tintindex":0},"west":{"uv":[1.75,4.0,3.5,5.5],"rotation":0,"texture":"#0","tintindex":0}}},{"name":"cube","from":[5.6,6.2,3.7999997],"to":[11.0,11.0,12.8],"rotation":{"angle":0.0,"axis":"x","origin":[8.0,3.7999997,8.0]},"faces":{"down":{"uv":[4.625,5.25,3.5,7.125],"rotation":0,"texture":"#0","tintindex":0},"east":{"uv":[1.125,5.5,3.0,6.5],"rotation":0,"texture":"#0","tintindex":0},"north":{"uv":[4.625,7.0,5.75,8.0],"rotation":0,"texture":"#0","tintindex":0},"south":{"uv":[7.125,5.125,8.25,6.125],"rotation":0,"texture":"#0","tintindex":0},"up":{"uv":[5.75,3.125,4.625,1.25],"rotation":0,"texture":"#0","tintindex":0},"west":{"uv":[5.5,3.125,7.375,4.125],"rotation":0,"texture":"#0","tintindex":0}}},{"name":"cube","from":[8.0,8.84,2.4199996],"to":[8.6,9.2,2.6],"rotation":{"angle":0.0,"axis":"x","origin":[8.0,3.7999997,8.0]},"faces":{"down":{"uv":[1.0,7.875,0.75,7.96875],"rotation":0,"texture":"#0","tintindex":0},"east":{"uv":[2.75,7.0,2.84375,7.125],"rotation":0,"texture":"#0","tintindex":0},"north":{"uv":[5.5,5.125,5.75,5.25],"rotation":0,"texture":"#0","tintindex":0},"south":{"uv":[7.75,7.375,8.0,7.5],"rotation":0,"texture":"#0","tintindex":0},"up":{"uv":[8.125,0.71875,7.875,0.625],"rotation":0,"texture":"#0","tintindex":0},"west":{"uv":[3.375,7.0,3.46875,7.125],"rotation":0,"texture":"#0","tintindex":0}}}],"display":{"head":{"translation":[0.0,-6.4,0.0],"rotation":[0.0,0.0,0.0],"scale":[3.8095,3.8095,3.8095]}}}