{"textures":{"0":"modelengine:entity/tiger"},"elements":[{"name":"cube","from":[7.4,7.4,8.0],"to":[8.6,8.6,11.0],"rotation":{"angle":0.0,"axis":"x","origin":[8.0,8.0,5.6]},"faces":{"down":{"uv":[3.125,6.5,2.875,7.125],"rotation":0,"texture":"#0","tintindex":0},"east":{"uv":[6.375,2.875,7.0,3.125],"rotation":0,"texture":"#0","tintindex":0},"north":{"uv":[7.75,4.125,8.0,4.375],"rotation":0,"texture":"#0","tintindex":0},"south":{"uv":[7.75,4.625,8.0,4.875],"rotation":0,"texture":"#0","tintindex":0},"up":{"uv":[5.5,3.75,5.25,3.125],"rotation":0,"texture":"#0","tintindex":0},"west":{"uv":[2.25,6.5,2.875,6.75],"rotation":0,"texture":"#0","tintindex":0}}}],"display":{"head":{"translation":[0.0,-6.4,0.0],"rotation":[0.0,0.0,0.0],"scale":[3.8095,3.8095,3.8095]}}}