{"textures":{"0":"modelengine:entity/tiger"},"elements":[{"name":"cube","from":[7.4,7.4,8.0],"to":[8.6,8.6,10.4],"rotation":{"angle":0.0,"axis":"x","origin":[8.0,8.0,6.2]},"faces":{"down":{"uv":[7.625,3.625,7.375,4.125],"rotation":0,"texture":"#0","tintindex":0},"east":{"uv":[7.25,4.625,7.75,4.875],"rotation":0,"texture":"#0","tintindex":0},"north":{"uv":[3.875,7.75,4.125,8.0],"rotation":0,"texture":"#0","tintindex":0},"south":{"uv":[4.125,7.75,4.375,8.0],"rotation":0,"texture":"#0","tintindex":0},"up":{"uv":[7.625,3.625,7.375,3.125],"rotation":0,"texture":"#0","tintindex":0},"west":{"uv":[7.25,4.875,7.75,5.125],"rotation":0,"texture":"#0","tintindex":0}}}],"display":{"head":{"translation":[0.0,-6.4,0.0],"rotation":[0.0,0.0,0.0],"scale":[3.8095,3.8095,3.8095]}}}