{"textures":{"0":"modelengine:entity/tiger"},"elements":[{"name":"cube","from":[7.4,6.2,7.4],"to":[8.6,8.0,8.6],"rotation":{"angle":0.0,"axis":"x","origin":[5.0,6.2,9.8]},"faces":{"down":{"uv":[7.875,3.875,7.625,4.125],"rotation":0,"texture":"#0","tintindex":0},"east":{"uv":[7.5,1.25,7.75,1.625],"rotation":0,"texture":"#0","tintindex":0},"north":{"uv":[0.75,7.5,1.0,7.875],"rotation":0,"texture":"#0","tintindex":0},"south":{"uv":[7.5,1.625,7.75,2.0],"rotation":0,"texture":"#0","tintindex":0},"up":{"uv":[7.875,3.875,7.625,3.625],"rotation":0,"texture":"#0","tintindex":0},"west":{"uv":[7.5,2.0,7.75,2.375],"rotation":0,"texture":"#0","tintindex":0}}}],"display":{"head":{"translation":[0.0,-6.4,0.0],"rotation":[0.0,0.0,0.0],"scale":[3.8095,3.8095,3.8095]}}}