{"textures":{"0":"modelengine:entity/tiger"},"elements":[{"name":"cube","from":[7.4,6.2,7.4],"to":[8.6,8.0,8.6],"rotation":{"angle":0.0,"axis":"x","origin":[5.0,6.2,9.8]},"faces":{"down":{"uv":[8.0,1.5,7.75,1.75],"rotation":0,"texture":"#0","tintindex":0},"east":{"uv":[7.5,4.125,7.75,4.5],"rotation":0,"texture":"#0","tintindex":0},"north":{"uv":[7.5,2.375,7.75,2.75],"rotation":0,"texture":"#0","tintindex":0},"south":{"uv":[7.5,7.375,7.75,7.75],"rotation":0,"texture":"#0","tintindex":0},"up":{"uv":[8.0,1.5,7.75,1.25],"rotation":0,"texture":"#0","tintindex":0},"west":{"uv":[7.625,0.0,7.875,0.375],"rotation":0,"texture":"#0","tintindex":0}}}],"display":{"head":{"translation":[0.0,-6.4,0.0],"rotation":[0.0,0.0,0.0],"scale":[3.8095,3.8095,3.8095]}}}