{"textures":{"0":"modelengine:entity/fortune_machine","1":"modelengine:entity/lever_fortune"},"elements":[{"name":"cube","from":[7.7,8.0,5.0],"to":[8.3,8.6,8.0],"rotation":{"angle":0.0,"axis":"x","origin":[8.3,8.0,8.0]},"faces":{"down":{"uv":[7.0,12.0625,6.9375,12.375],"rotation":0,"texture":"#0","tintindex":0},"east":{"uv":[13.75,14.0,14.0625,14.0625],"rotation":0,"texture":"#0","tintindex":0},"north":{"uv":[8.25,4.875,8.3125,4.9375],"rotation":0,"texture":"#0","tintindex":0},"south":{"uv":[8.25,4.9375,8.3125,5.0],"rotation":0,"texture":"#0","tintindex":0},"up":{"uv":[7.0,12.0625,6.9375,11.75],"rotation":0,"texture":"#0","tintindex":0},"west":{"uv":[0.875,14.0625,1.1875,14.125],"rotation":0,"texture":"#0","tintindex":0}}},{"name":"cube","from":[7.1,9.2,5.0],"to":[8.9,9.8,8.0],"rotation":{"angle":0.0,"axis":"x","origin":[8.3,8.0,8.0]},"faces":{"down":{"uv":[3.0625,13.8125,2.875,14.125],"rotation":0,"texture":"#0","tintindex":0},"east":{"uv":[1.1875,14.0625,1.5,14.125],"rotation":0,"texture":"#0","tintindex":0},"north":{"uv":[5.875,12.875,6.0625,12.9375],"rotation":0,"texture":"#0","tintindex":0},"south":{"uv":[9.125,12.875,9.3125,12.9375],"rotation":0,"texture":"#0","tintindex":0},"up":{"uv":[0.875,14.125,0.6875,13.8125],"rotation":0,"texture":"#0","tintindex":0},"west":{"uv":[1.5,14.0625,1.8125,14.125],"rotation":0,"texture":"#0","tintindex":0}}},{"name":"cube","from":[6.5,10.4,5.0],"to":[9.5,11.0,8.0],"rotation":{"angle":0.0,"axis":"x","origin":[8.3,8.0,8.0]},"faces":{"down":{"uv":[13.6875,11.6875,13.375,12.0],"rotation":0,"texture":"#0","tintindex":0},"east":{"uv":[3.5625,14.0625,3.875,14.125],"rotation":0,"texture":"#0","tintindex":0},"north":{"uv":[2.0,14.0625,2.3125,14.125],"rotation":0,"texture":"#0","tintindex":0},"south":{"uv":[4.5,14.0625,4.8125,14.125],"rotation":0,"texture":"#0","tintindex":0},"up":{"uv":[11.875,13.6875,11.5625,13.375],"rotation":0,"texture":"#0","tintindex":0},"west":{"uv":[4.8125,14.0625,5.125,14.125],"rotation":0,"texture":"#0","tintindex":0}}},{"name":"cube","from":[5.6,11.6,5.0],"to":[10.4,12.8,8.0],"rotation":{"angle":0.0,"axis":"x","origin":[8.6,8.0,8.0]},"faces":{"down":{"uv":[13.5,7.875,13.0,8.1875],"rotation":0,"texture":"#0","tintindex":0},"east":{"uv":[8.875,13.875,9.1875,14.0],"rotation":0,"texture":"#0","tintindex":0},"north":{"uv":[13.75,1.0625,14.25,1.1875],"rotation":0,"texture":"#0","tintindex":0},"south":{"uv":[1.375,13.75,1.875,13.875],"rotation":0,"texture":"#0","tintindex":0},"up":{"uv":[13.5,7.875,13.0,7.5625],"rotation":0,"texture":"#0","tintindex":0},"west":{"uv":[9.9375,13.875,10.25,14.0],"rotation":0,"texture":"#0","tintindex":0}}},{"name":"cube","from":[4.3999996,14.0,5.0],"to":[11.6,15.8,8.0],"rotation":{"angle":0.0,"axis":"x","origin":[9.2,8.0,8.0]},"faces":{"down":{"uv":[3.125,12.5,2.375,12.8125],"rotation":0,"texture":"#0","tintindex":0},"east":{"uv":[5.375,13.8125,5.6875,14.0],"rotation":0,"texture":"#0","tintindex":0},"north":{"uv":[3.9375,13.0625,4.6875,13.25],"rotation":0,"texture":"#0","tintindex":0},"south":{"uv":[4.6875,13.0625,5.4375,13.25],"rotation":0,"texture":"#0","tintindex":0},"up":{"uv":[2.375,12.8125,1.625,12.5],"rotation":0,"texture":"#0","tintindex":0},"west":{"uv":[13.8125,5.5625,14.125,5.75],"rotation":0,"texture":"#0","tintindex":0}}},{"name":"cube","from":[2.6,17.6,5.0],"to":[13.400001,20.0,8.0],"rotation":{"angle":0.0,"axis":"x","origin":[9.2,8.0,8.0]},"faces":{"down":{"uv":[1.5,11.1875,0.375,11.5],"rotation":0,"texture":"#0","tintindex":0},"east":{"uv":[13.5625,3.375,13.875,3.625],"rotation":0,"texture":"#0","tintindex":0},"north":{"uv":[1.875,11.9375,3.0,12.1875],"rotation":0,"texture":"#0","tintindex":0},"south":{"uv":[3.0,11.9375,4.125,12.1875],"rotation":0,"texture":"#0","tintindex":0},"up":{"uv":[6.25,11.375,5.125,11.0625],"rotation":0,"texture":"#0","tintindex":0},"west":{"uv":[3.9375,13.5625,4.25,13.8125],"rotation":0,"texture":"#0","tintindex":0}}},{"name":"cube","from":[7.4,8.6,5.0],"to":[8.6,9.2,8.0],"rotation":{"angle":0.0,"axis":"x","origin":[8.3,8.0,8.0]},"faces":{"down":{"uv":[7.875,10.4375,7.75,10.75],"rotation":0,"texture":"#0","tintindex":0},"east":{"uv":[5.6875,14.0625,6.0,14.125],"rotation":0,"texture":"#0","tintindex":0},"north":{"uv":[10.375,2.4375,10.5,2.5],"rotation":0,"texture":"#0","tintindex":0},"south":{"uv":[10.375,2.5,10.5,2.5625],"rotation":0,"texture":"#0","tintindex":0},"up":{"uv":[2.0,10.5625,1.875,10.25],"rotation":0,"texture":"#0","tintindex":0},"west":{"uv":[6.25,14.0625,6.5625,14.125],"rotation":0,"texture":"#0","tintindex":0}}},{"name":"cube","from":[6.8,9.8,5.0],"to":[9.2,10.4,8.0],"rotation":{"angle":0.0,"axis":"x","origin":[8.3,8.0,8.0]},"faces":{"down":{"uv":[4.75,13.5625,4.5,13.875],"rotation":0,"texture":"#0","tintindex":0},"east":{"uv":[6.5625,14.0625,6.875,14.125],"rotation":0,"texture":"#0","tintindex":0},"north":{"uv":[11.6875,10.0,11.9375,10.0625],"rotation":0,"texture":"#0","tintindex":0},"south":{"uv":[11.6875,10.0625,11.9375,10.125],"rotation":0,"texture":"#0","tintindex":0},"up":{"uv":[4.5,13.875,4.25,13.5625],"rotation":0,"texture":"#0","tintindex":0},"west":{"uv":[7.4375,14.0625,7.75,14.125],"rotation":0,"texture":"#0","tintindex":0}}},{"name":"cube","from":[6.2,11.0,5.0],"to":[9.8,11.6,8.0],"rotation":{"angle":0.0,"axis":"x","origin":[8.3,8.0,8.0]},"faces":{"down":{"uv":[13.6875,1.9375,13.3125,2.25],"rotation":0,"texture":"#0","tintindex":0},"east":{"uv":[7.9375,14.0625,8.25,14.125],"rotation":0,"texture":"#0","tintindex":0},"north":{"uv":[12.625,5.75,13.0,5.8125],"rotation":0,"texture":"#0","tintindex":0},"south":{"uv":[8.1875,12.75,8.5625,12.8125],"rotation":0,"texture":"#0","tintindex":0},"up":{"uv":[8.1875,13.5625,7.8125,13.25],"rotation":0,"texture":"#0","tintindex":0},"west":{"uv":[8.25,14.0625,8.5625,14.125],"rotation":0,"texture":"#0","tintindex":0}}},{"name":"cube","from":[5.0,12.8,5.0],"to":[11.0,14.0,8.0],"rotation":{"angle":0.0,"axis":"x","origin":[8.3,8.0,8.0]},"faces":{"down":{"uv":[11.875,12.6875,11.25,13.0],"rotation":0,"texture":"#0","tintindex":0},"east":{"uv":[11.125,13.875,11.4375,14.0],"rotation":0,"texture":"#0","tintindex":0},"north":{"uv":[13.5625,1.5,14.1875,1.625],"rotation":0,"texture":"#0","tintindex":0},"south":{"uv":[4.75,13.5625,5.375,13.6875],"rotation":0,"texture":"#0","tintindex":0},"up":{"uv":[11.25,13.0,10.625,12.6875],"rotation":0,"texture":"#0","tintindex":0},"west":{"uv":[13.875,13.1875,14.1875,13.3125],"rotation":0,"texture":"#0","tintindex":0}}},{"name":"cube","from":[3.4999998,15.8,5.0],"to":[12.5,17.6,8.0],"rotation":{"angle":0.0,"axis":"x","origin":[8.6,8.0,8.0]},"faces":{"down":{"uv":[11.1875,11.75,10.25,12.0625],"rotation":0,"texture":"#0","tintindex":0},"east":{"uv":[5.6875,13.8125,6.0,14.0],"rotation":0,"texture":"#0","tintindex":0},"north":{"uv":[1.875,11.125,2.8125,11.3125],"rotation":0,"texture":"#0","tintindex":0},"south":{"uv":[12.8125,5.0625,13.75,5.25],"rotation":0,"texture":"#0","tintindex":0},"up":{"uv":[12.6875,2.25,11.75,1.9375],"rotation":0,"texture":"#0","tintindex":0},"west":{"uv":[13.8125,6.25,14.125,6.4375],"rotation":0,"texture":"#0","tintindex":0}}},{"name":"cube","from":[1.3999997,20.0,5.0],"to":[14.6,22.400002,8.0],"rotation":{"angle":0.0,"axis":"x","origin":[8.3,8.0,8.0]},"faces":{"down":{"uv":[11.75,1.75,10.375,2.0625],"rotation":0,"texture":"#0","tintindex":0},"east":{"uv":[5.375,13.5625,5.6875,13.8125],"rotation":0,"texture":"#0","tintindex":0},"north":{"uv":[11.625,8.4375,13.0,8.6875],"rotation":0,"texture":"#0","tintindex":0},"south":{"uv":[11.625,8.6875,13.0,8.9375],"rotation":0,"texture":"#0","tintindex":0},"up":{"uv":[11.75,1.75,10.375,1.4375],"rotation":0,"texture":"#0","tintindex":0},"west":{"uv":[5.6875,13.5625,6.0,13.8125],"rotation":0,"texture":"#0","tintindex":0}}},{"name":"cube","from":[0.7999997,22.400002,5.0],"to":[15.2,23.600002,8.0],"rotation":{"angle":0.0,"axis":"x","origin":[8.3,8.0,8.0]},"faces":{"down":{"uv":[7.875,10.125,6.375,10.4375],"rotation":0,"texture":"#0","tintindex":0},"east":{"uv":[13.875,13.3125,14.1875,13.4375],"rotation":0,"texture":"#0","tintindex":0},"north":{"uv":[2.5,12.8125,4.0,12.9375],"rotation":0,"texture":"#0","tintindex":0},"south":{"uv":[12.8125,3.6875,14.3125,3.8125],"rotation":0,"texture":"#0","tintindex":0},"up":{"uv":[1.5,10.25,0.0,9.9375],"rotation":0,"texture":"#0","tintindex":0},"west":{"uv":[13.875,13.4375,14.1875,13.5625],"rotation":0,"texture":"#0","tintindex":0}}},{"name":"cube","from":[1.9999998,23.600002,5.0],"to":[14.0,24.2,8.0],"rotation":{"angle":0.0,"axis":"x","origin":[8.9,8.0,8.0]},"faces":{"down":{"uv":[11.875,4.4375,10.625,4.75],"rotation":0,"texture":"#0","tintindex":0},"east":{"uv":[8.5625,14.0625,8.875,14.125],"rotation":0,"texture":"#0","tintindex":0},"north":{"uv":[6.8125,1.9375,8.0625,2.0],"rotation":0,"texture":"#0","tintindex":0},"south":{"uv":[13.375,10.5,14.625,10.5625],"rotation":0,"texture":"#0","tintindex":0},"up":{"uv":[11.875,4.4375,10.625,4.125],"rotation":0,"texture":"#0","tintindex":0},"west":{"uv":[8.875,14.0625,9.1875,14.125],"rotation":0,"texture":"#0","tintindex":0}}},{"name":"cube","from":[3.7999997,24.2,5.0],"to":[12.2,24.8,8.0],"rotation":{"angle":0.0,"axis":"x","origin":[8.3,8.0,8.0]},"faces":{"down":{"uv":[3.5,12.1875,2.625,12.5],"rotation":0,"texture":"#0","tintindex":0},"east":{"uv":[9.1875,14.0625,9.5,14.125],"rotation":0,"texture":"#0","tintindex":0},"north":{"uv":[13.75,5.1875,14.625,5.25],"rotation":0,"texture":"#0","tintindex":0},"south":{"uv":[13.75,7.25,14.625,7.3125],"rotation":0,"texture":"#0","tintindex":0},"up":{"uv":[2.625,12.5,1.75,12.1875],"rotation":0,"texture":"#0","tintindex":0},"west":{"uv":[9.5,14.0625,9.8125,14.125],"rotation":0,"texture":"#0","tintindex":0}}},{"name":"cube","from":[3.1999998,14.0,4.9399996],"to":[12.8,24.2,4.9399996],"rotation":{"angle":0.0,"axis":"x","origin":[7.7,8.0,8.6]},"faces":{"down":{"uv":[1.0,0.0,0.0,0.0],"rotation":0,"texture":"#0","tintindex":0},"east":{"uv":[0.0,0.0,0.0,1.0625],"rotation":0,"texture":"#0","tintindex":0},"north":{"uv":[8.5,1.0625,9.5,2.125],"rotation":0,"texture":"#0","tintindex":0},"south":{"uv":[8.5,2.125,9.5,3.1875],"rotation":0,"texture":"#0","tintindex":0},"up":{"uv":[1.0,0.0,0.0,0.0],"rotation":0,"texture":"#0","tintindex":0},"west":{"uv":[0.0,0.0,0.0,1.0625],"rotation":0,"texture":"#0","tintindex":0}}}],"display":{"head":{"translation":[0.0,-6.4,0.0],"rotation":[0.0,0.0,0.0],"scale":[3.8095,3.8095,3.8095]}}}