{"textures":{"0":"modelengine:entity/fortune_machine","1":"modelengine:entity/lever_fortune"},"elements":[{"name":"cube","from":[7.7,8.0,5.0],"to":[8.3,8.6,8.0],"rotation":{"angle":0.0,"axis":"x","origin":[8.3,8.0,8.0]},"faces":{"down":{"uv":[7.0,14.0,6.9375,14.3125],"rotation":0,"texture":"#0","tintindex":0},"east":{"uv":[0.3125,14.125,0.625,14.1875],"rotation":0,"texture":"#0","tintindex":0},"north":{"uv":[8.25,6.875,8.3125,6.9375],"rotation":0,"texture":"#0","tintindex":0},"south":{"uv":[8.25,6.9375,8.3125,7.0],"rotation":0,"texture":"#0","tintindex":0},"up":{"uv":[2.375,14.1875,2.3125,13.875],"rotation":0,"texture":"#0","tintindex":0},"west":{"uv":[14.125,0.5625,14.4375,0.625],"rotation":0,"texture":"#0","tintindex":0}}},{"name":"cube","from":[7.1,9.2,5.0],"to":[8.9,9.8,8.0],"rotation":{"angle":0.0,"axis":"x","origin":[8.3,8.0,8.0]},"faces":{"down":{"uv":[14.0,8.1875,13.8125,8.5],"rotation":0,"texture":"#0","tintindex":0},"east":{"uv":[0.625,14.125,0.9375,14.1875],"rotation":0,"texture":"#0","tintindex":0},"north":{"uv":[5.875,13.0,6.0625,13.0625],"rotation":0,"texture":"#0","tintindex":0},"south":{"uv":[13.3125,3.375,13.5,3.4375],"rotation":0,"texture":"#0","tintindex":0},"up":{"uv":[7.9375,14.125,7.75,13.8125],"rotation":0,"texture":"#0","tintindex":0},"west":{"uv":[14.125,0.625,14.4375,0.6875],"rotation":0,"texture":"#0","tintindex":0}}},{"name":"cube","from":[6.5,10.4,5.0],"to":[9.5,11.0,8.0],"rotation":{"angle":0.0,"axis":"x","origin":[8.3,8.0,8.0]},"faces":{"down":{"uv":[13.6875,12.3125,13.375,12.625],"rotation":0,"texture":"#0","tintindex":0},"east":{"uv":[14.125,0.75,14.4375,0.8125],"rotation":0,"texture":"#0","tintindex":0},"north":{"uv":[14.125,0.6875,14.4375,0.75],"rotation":0,"texture":"#0","tintindex":0},"south":{"uv":[14.125,0.8125,14.4375,0.875],"rotation":0,"texture":"#0","tintindex":0},"up":{"uv":[12.5,13.6875,12.1875,13.375],"rotation":0,"texture":"#0","tintindex":0},"west":{"uv":[14.125,0.875,14.4375,0.9375],"rotation":0,"texture":"#0","tintindex":0}}},{"name":"cube","from":[5.6,11.6,5.0],"to":[10.4,12.8,8.0],"rotation":{"angle":0.0,"axis":"x","origin":[8.6,8.0,8.0]},"faces":{"down":{"uv":[9.1875,13.0,8.6875,13.3125],"rotation":0,"texture":"#0","tintindex":0},"east":{"uv":[4.8125,13.9375,5.125,14.0625],"rotation":0,"texture":"#0","tintindex":0},"north":{"uv":[1.875,13.75,2.375,13.875],"rotation":0,"texture":"#0","tintindex":0},"south":{"uv":[13.75,2.25,14.25,2.375],"rotation":0,"texture":"#0","tintindex":0},"up":{"uv":[13.5,8.8125,13.0,8.5],"rotation":0,"texture":"#0","tintindex":0},"west":{"uv":[13.9375,5.75,14.25,5.875],"rotation":0,"texture":"#0","tintindex":0}}},{"name":"cube","from":[4.3999996,14.0,5.0],"to":[11.6,15.8,8.0],"rotation":{"angle":0.0,"axis":"x","origin":[9.2,8.0,8.0]},"faces":{"down":{"uv":[12.625,12.5,11.875,12.8125],"rotation":0,"texture":"#0","tintindex":0},"east":{"uv":[13.8125,8.5,14.125,8.6875],"rotation":0,"texture":"#0","tintindex":0},"north":{"uv":[13.0625,6.4375,13.8125,6.625],"rotation":0,"texture":"#0","tintindex":0},"south":{"uv":[13.0625,6.625,13.8125,6.8125],"rotation":0,"texture":"#0","tintindex":0},"up":{"uv":[9.375,12.8125,8.625,12.5],"rotation":0,"texture":"#0","tintindex":0},"west":{"uv":[13.8125,8.6875,14.125,8.875],"rotation":0,"texture":"#0","tintindex":0}}},{"name":"cube","from":[2.6,17.6,5.0],"to":[13.400001,20.0,8.0],"rotation":{"angle":0.0,"axis":"x","origin":[9.2,8.0,8.0]},"faces":{"down":{"uv":[4.125,11.375,3.0,11.6875],"rotation":0,"texture":"#0","tintindex":0},"east":{"uv":[13.4375,13.5625,13.75,13.8125],"rotation":0,"texture":"#0","tintindex":0},"north":{"uv":[11.9375,10.0,13.0625,10.25],"rotation":0,"texture":"#0","tintindex":0},"south":{"uv":[11.875,11.9375,13.0,12.1875],"rotation":0,"texture":"#0","tintindex":0},"up":{"uv":[3.0,11.6875,1.875,11.375],"rotation":0,"texture":"#0","tintindex":0},"west":{"uv":[3.3125,13.625,3.625,13.875],"rotation":0,"texture":"#0","tintindex":0}}},{"name":"cube","from":[7.4,8.6,5.0],"to":[8.6,9.2,8.0],"rotation":{"angle":0.0,"axis":"x","origin":[8.3,8.0,8.0]},"faces":{"down":{"uv":[10.4375,11.375,10.3125,11.6875],"rotation":0,"texture":"#0","tintindex":0},"east":{"uv":[0.9375,14.125,1.25,14.1875],"rotation":0,"texture":"#0","tintindex":0},"north":{"uv":[1.875,10.9375,2.0,11.0],"rotation":0,"texture":"#0","tintindex":0},"south":{"uv":[1.875,11.0,2.0,11.0625],"rotation":0,"texture":"#0","tintindex":0},"up":{"uv":[7.875,11.375,7.75,11.0625],"rotation":0,"texture":"#0","tintindex":0},"west":{"uv":[1.25,14.125,1.5625,14.1875],"rotation":0,"texture":"#0","tintindex":0}}},{"name":"cube","from":[6.8,9.8,5.0],"to":[9.2,10.4,8.0],"rotation":{"angle":0.0,"axis":"x","origin":[8.3,8.0,8.0]},"faces":{"down":{"uv":[6.25,13.625,6.0,13.9375],"rotation":0,"texture":"#0","tintindex":0},"east":{"uv":[2.0,14.125,2.3125,14.1875],"rotation":0,"texture":"#0","tintindex":0},"north":{"uv":[8.625,12.125,8.875,12.1875],"rotation":0,"texture":"#0","tintindex":0},"south":{"uv":[5.0,12.5,5.25,12.5625],"rotation":0,"texture":"#0","tintindex":0},"up":{"uv":[3.875,13.9375,3.625,13.625],"rotation":0,"texture":"#0","tintindex":0},"west":{"uv":[2.375,14.125,2.6875,14.1875],"rotation":0,"texture":"#0","tintindex":0}}},{"name":"cube","from":[6.2,11.0,5.0],"to":[9.8,11.6,8.0],"rotation":{"angle":0.0,"axis":"x","origin":[8.3,8.0,8.0]},"faces":{"down":{"uv":[9.3125,13.3125,8.9375,13.625],"rotation":0,"texture":"#0","tintindex":0},"east":{"uv":[2.6875,14.125,3.0,14.1875],"rotation":0,"texture":"#0","tintindex":0},"north":{"uv":[12.9375,3.375,13.3125,3.4375],"rotation":0,"texture":"#0","tintindex":0},"south":{"uv":[13.875,6.0625,14.25,6.125],"rotation":0,"texture":"#0","tintindex":0},"up":{"uv":[8.9375,13.625,8.5625,13.3125],"rotation":0,"texture":"#0","tintindex":0},"west":{"uv":[3.0,14.125,3.3125,14.1875],"rotation":0,"texture":"#0","tintindex":0}}},{"name":"cube","from":[5.0,12.8,5.0],"to":[11.0,14.0,8.0],"rotation":{"angle":0.0,"axis":"x","origin":[8.3,8.0,8.0]},"faces":{"down":{"uv":[13.375,12.1875,12.75,12.5],"rotation":0,"texture":"#0","tintindex":0},"east":{"uv":[9.1875,13.9375,9.5,14.0625],"rotation":0,"texture":"#0","tintindex":0},"north":{"uv":[13.5625,13.0,14.1875,13.125],"rotation":0,"texture":"#0","tintindex":0},"south":{"uv":[8.1875,13.625,8.8125,13.75],"rotation":0,"texture":"#0","tintindex":0},"up":{"uv":[13.375,10.5625,12.75,10.25],"rotation":0,"texture":"#0","tintindex":0},"west":{"uv":[9.5,13.9375,9.8125,14.0625],"rotation":0,"texture":"#0","tintindex":0}}},{"name":"cube","from":[3.4999998,15.8,5.0],"to":[12.5,17.6,8.0],"rotation":{"angle":0.0,"axis":"x","origin":[8.6,8.0,8.0]},"faces":{"down":{"uv":[12.8125,0.3125,11.875,0.625],"rotation":0,"texture":"#0","tintindex":0},"east":{"uv":[13.8125,9.125,14.125,9.3125],"rotation":0,"texture":"#0","tintindex":0},"north":{"uv":[12.8125,12.8125,13.75,13.0],"rotation":0,"texture":"#0","tintindex":0},"south":{"uv":[4.0,12.875,4.9375,13.0625],"rotation":0,"texture":"#0","tintindex":0},"up":{"uv":[12.8125,0.3125,11.875,0.0],"rotation":0,"texture":"#0","tintindex":0},"west":{"uv":[13.8125,9.3125,14.125,9.5],"rotation":0,"texture":"#0","tintindex":0}}},{"name":"cube","from":[1.3999997,20.0,5.0],"to":[14.6,22.400002,8.0],"rotation":{"angle":0.0,"axis":"x","origin":[8.3,8.0,8.0]},"faces":{"down":{"uv":[4.25,10.4375,2.875,10.75],"rotation":0,"texture":"#0","tintindex":0},"east":{"uv":[6.25,13.625,6.5625,13.875],"rotation":0,"texture":"#0","tintindex":0},"north":{"uv":[3.25,11.6875,4.625,11.9375],"rotation":0,"texture":"#0","tintindex":0},"south":{"uv":[4.625,11.6875,6.0,11.9375],"rotation":0,"texture":"#0","tintindex":0},"up":{"uv":[11.75,3.8125,10.375,3.5],"rotation":0,"texture":"#0","tintindex":0},"west":{"uv":[6.9375,13.625,7.25,13.875],"rotation":0,"texture":"#0","tintindex":0}}},{"name":"cube","from":[0.7999997,22.400002,5.0],"to":[15.2,23.600002,8.0],"rotation":{"angle":0.0,"axis":"x","origin":[8.3,8.0,8.0]},"faces":{"down":{"uv":[11.625,8.5625,10.125,8.875],"rotation":0,"texture":"#0","tintindex":0},"east":{"uv":[13.9375,9.6875,14.25,9.8125],"rotation":0,"texture":"#0","tintindex":0},"north":{"uv":[12.8125,4.0625,14.3125,4.1875],"rotation":0,"texture":"#0","tintindex":0},"south":{"uv":[12.8125,4.1875,14.3125,4.3125],"rotation":0,"texture":"#0","tintindex":0},"up":{"uv":[11.625,8.5625,10.125,8.25],"rotation":0,"texture":"#0","tintindex":0},"west":{"uv":[13.9375,9.8125,14.25,9.9375],"rotation":0,"texture":"#0","tintindex":0}}},{"name":"cube","from":[1.9999998,23.600002,5.0],"to":[14.0,24.2,8.0],"rotation":{"angle":0.0,"axis":"x","origin":[8.9,8.0,8.0]},"faces":{"down":{"uv":[11.875,5.6875,10.625,6.0],"rotation":0,"texture":"#0","tintindex":0},"east":{"uv":[3.3125,14.125,3.625,14.1875],"rotation":0,"texture":"#0","tintindex":0},"north":{"uv":[13.5625,11.625,14.8125,11.6875],"rotation":0,"texture":"#0","tintindex":0},"south":{"uv":[13.5625,13.125,14.8125,13.1875],"rotation":0,"texture":"#0","tintindex":0},"up":{"uv":[11.875,5.6875,10.625,5.375],"rotation":0,"texture":"#0","tintindex":0},"west":{"uv":[3.625,14.125,3.9375,14.1875],"rotation":0,"texture":"#0","tintindex":0}}},{"name":"cube","from":[3.7999997,24.2,5.0],"to":[12.2,24.8,8.0],"rotation":{"angle":0.0,"axis":"x","origin":[8.3,8.0,8.0]},"faces":{"down":{"uv":[12.75,12.1875,11.875,12.5],"rotation":0,"texture":"#0","tintindex":0},"east":{"uv":[3.9375,14.125,4.25,14.1875],"rotation":0,"texture":"#0","tintindex":0},"north":{"uv":[13.875,1.4375,14.75,1.5],"rotation":0,"texture":"#0","tintindex":0},"south":{"uv":[13.875,3.0625,14.75,3.125],"rotation":0,"texture":"#0","tintindex":0},"up":{"uv":[9.5,12.5,8.625,12.1875],"rotation":0,"texture":"#0","tintindex":0},"west":{"uv":[4.25,14.125,4.5625,14.1875],"rotation":0,"texture":"#0","tintindex":0}}},{"name":"cube","from":[3.1999998,14.0,4.9399996],"to":[12.8,24.2,4.9399996],"rotation":{"angle":0.0,"axis":"x","origin":[7.7,8.0,9.08]},"faces":{"down":{"uv":[1.0,0.0,0.0,0.0],"rotation":0,"texture":"#0","tintindex":0},"east":{"uv":[0.0,0.0,0.0,1.0625],"rotation":0,"texture":"#0","tintindex":0},"north":{"uv":[2.875,7.75,3.875,8.8125],"rotation":0,"texture":"#0","tintindex":0},"south":{"uv":[0.0,7.8125,1.0,8.875],"rotation":0,"texture":"#0","tintindex":0},"up":{"uv":[1.0,0.0,0.0,0.0],"rotation":0,"texture":"#0","tintindex":0},"west":{"uv":[0.0,0.0,0.0,1.0625],"rotation":0,"texture":"#0","tintindex":0}}}],"display":{"head":{"translation":[0.0,-6.4,0.0],"rotation":[0.0,0.0,0.0],"scale":[3.8095,3.8095,3.8095]}}}