{"textures":{"0":"modelengine:entity/fortune_machine"},"elements":[{"name":"cube","from":[6.499999,7.4,6.2],"to":[9.5,21.2,9.8],"rotation":{"angle":0.0,"axis":"x","origin":[9.5,14.0,6.2]},"faces":{"down":{"uv":[13.5625,0.0,13.25,0.375],"rotation":0,"texture":"#0","tintindex":0},"east":{"uv":[7.125,9.6875,7.5,11.125],"rotation":0,"texture":"#0","tintindex":0},"north":{"uv":[7.875,10.4375,8.1875,11.875],"rotation":0,"texture":"#0","tintindex":0},"south":{"uv":[8.1875,10.4375,8.5,11.875],"rotation":0,"texture":"#0","tintindex":0},"up":{"uv":[13.4375,13.5625,13.125,13.1875],"rotation":0,"texture":"#0","tintindex":0},"west":{"uv":[7.5,9.6875,7.875,11.125],"rotation":0,"texture":"#0","tintindex":0}}},{"name":"cube","from":[4.699999,21.2,4.3999996],"to":[11.3,23.600002,11.6],"rotation":{"angle":0.0,"axis":"x","origin":[9.5,27.8,6.2]},"faces":{"down":{"uv":[10.4375,6.375,9.75,7.125],"rotation":0,"texture":"#0","tintindex":0},"east":{"uv":[11.0625,12.8125,11.8125,13.0625],"rotation":0,"texture":"#0","tintindex":0},"north":{"uv":[12.9375,0.875,13.625,1.125],"rotation":0,"texture":"#0","tintindex":0},"south":{"uv":[12.9375,1.125,13.625,1.375],"rotation":0,"texture":"#0","tintindex":0},"up":{"uv":[10.4375,6.375,9.75,5.625],"rotation":0,"texture":"#0","tintindex":0},"west":{"uv":[12.8125,11.1875,13.5625,11.4375],"rotation":0,"texture":"#0","tintindex":0}}}],"display":{"head":{"translation":[0.0,-6.4,0.0],"rotation":[0.0,0.0,0.0],"scale":[3.8095,3.8095,3.8095]}}}