{"textures":{"0":"modelengine:entity/fortune_machine","1":"modelengine:entity/lever_fortune"},"elements":[{"name":"cube","from":[7.7,8.0,5.0],"to":[8.3,8.6,8.0],"rotation":{"angle":0.0,"axis":"x","origin":[8.3,8.0,8.0]},"faces":{"down":{"uv":[10.25,14.0,10.1875,14.3125],"rotation":0,"texture":"#0","tintindex":0},"east":{"uv":[14.125,7.8125,14.4375,7.875],"rotation":0,"texture":"#0","tintindex":0},"north":{"uv":[10.125,9.25,10.1875,9.3125],"rotation":0,"texture":"#0","tintindex":0},"south":{"uv":[3.8125,10.1875,3.875,10.25],"rotation":0,"texture":"#0","tintindex":0},"up":{"uv":[10.1875,14.3125,10.125,14.0],"rotation":0,"texture":"#0","tintindex":0},"west":{"uv":[7.875,14.125,8.1875,14.1875],"rotation":0,"texture":"#0","tintindex":0}}},{"name":"cube","from":[7.1,9.2,5.0],"to":[8.9,9.8,8.0],"rotation":{"angle":0.0,"axis":"x","origin":[8.3,8.0,8.0]},"faces":{"down":{"uv":[13.5625,13.8125,13.375,14.125],"rotation":0,"texture":"#0","tintindex":0},"east":{"uv":[14.125,7.875,14.4375,7.9375],"rotation":0,"texture":"#0","tintindex":0},"north":{"uv":[9.1875,13.875,9.375,13.9375],"rotation":0,"texture":"#0","tintindex":0},"south":{"uv":[0.3125,14.0625,0.5,14.125],"rotation":0,"texture":"#0","tintindex":0},"up":{"uv":[13.375,14.125,13.1875,13.8125],"rotation":0,"texture":"#0","tintindex":0},"west":{"uv":[14.125,7.9375,14.4375,8.0],"rotation":0,"texture":"#0","tintindex":0}}},{"name":"cube","from":[6.5,10.4,5.0],"to":[9.5,11.0,8.0],"rotation":{"angle":0.0,"axis":"x","origin":[8.3,8.0,8.0]},"faces":{"down":{"uv":[1.25,13.4375,0.9375,13.75],"rotation":0,"texture":"#0","tintindex":0},"east":{"uv":[14.125,8.0625,14.4375,8.125],"rotation":0,"texture":"#0","tintindex":0},"north":{"uv":[14.125,8.0,14.4375,8.0625],"rotation":0,"texture":"#0","tintindex":0},"south":{"uv":[14.125,8.125,14.4375,8.1875],"rotation":0,"texture":"#0","tintindex":0},"up":{"uv":[13.75,0.625,13.4375,0.3125],"rotation":0,"texture":"#0","tintindex":0},"west":{"uv":[8.1875,14.125,8.5,14.1875],"rotation":0,"texture":"#0","tintindex":0}}},{"name":"cube","from":[5.6,11.6,5.0],"to":[10.4,12.8,8.0],"rotation":{"angle":0.0,"axis":"x","origin":[8.6,8.0,8.0]},"faces":{"down":{"uv":[10.6875,13.0,10.1875,13.3125],"rotation":0,"texture":"#0","tintindex":0},"east":{"uv":[13.9375,12.125,14.25,12.25],"rotation":0,"texture":"#0","tintindex":0},"north":{"uv":[13.75,7.0,14.25,7.125],"rotation":0,"texture":"#0","tintindex":0},"south":{"uv":[13.75,7.125,14.25,7.25],"rotation":0,"texture":"#0","tintindex":0},"up":{"uv":[10.1875,13.3125,9.6875,13.0],"rotation":0,"texture":"#0","tintindex":0},"west":{"uv":[12.375,13.9375,12.6875,14.0625],"rotation":0,"texture":"#0","tintindex":0}}},{"name":"cube","from":[4.3999996,14.0,5.0],"to":[11.6,15.8,8.0],"rotation":{"angle":0.0,"axis":"x","origin":[9.2,8.0,8.0]},"faces":{"down":{"uv":[13.375,9.6875,12.625,10.0],"rotation":0,"texture":"#0","tintindex":0},"east":{"uv":[0.875,13.875,1.1875,14.0625],"rotation":0,"texture":"#0","tintindex":0},"north":{"uv":[13.0625,9.125,13.8125,9.3125],"rotation":0,"texture":"#0","tintindex":0},"south":{"uv":[13.0625,9.3125,13.8125,9.5],"rotation":0,"texture":"#0","tintindex":0},"up":{"uv":[13.375,5.75,12.625,5.4375],"rotation":0,"texture":"#0","tintindex":0},"west":{"uv":[1.1875,13.875,1.5,14.0625],"rotation":0,"texture":"#0","tintindex":0}}},{"name":"cube","from":[2.6,17.6,5.0],"to":[13.400001,20.0,8.0],"rotation":{"angle":0.0,"axis":"x","origin":[9.2,8.0,8.0]},"faces":{"down":{"uv":[12.3125,11.375,11.1875,11.6875],"rotation":0,"texture":"#0","tintindex":0},"east":{"uv":[4.75,13.6875,5.0625,13.9375],"rotation":0,"texture":"#0","tintindex":0},"north":{"uv":[12.0625,0.875,13.1875,1.125],"rotation":0,"texture":"#0","tintindex":0},"south":{"uv":[12.0625,1.125,13.1875,1.375],"rotation":0,"texture":"#0","tintindex":0},"up":{"uv":[10.3125,11.6875,9.1875,11.375],"rotation":0,"texture":"#0","tintindex":0},"west":{"uv":[5.0625,13.6875,5.375,13.9375],"rotation":0,"texture":"#0","tintindex":0}}},{"name":"cube","from":[7.4,8.6,5.0],"to":[8.6,9.2,8.0],"rotation":{"angle":0.0,"axis":"x","origin":[8.3,8.0,8.0]},"faces":{"down":{"uv":[5.375,13.9375,5.25,14.25],"rotation":0,"texture":"#0","tintindex":0},"east":{"uv":[8.5,14.125,8.8125,14.1875],"rotation":0,"texture":"#0","tintindex":0},"north":{"uv":[7.75,11.375,7.875,11.4375],"rotation":0,"texture":"#0","tintindex":0},"south":{"uv":[7.75,11.4375,7.875,11.5],"rotation":0,"texture":"#0","tintindex":0},"up":{"uv":[5.25,14.25,5.125,13.9375],"rotation":0,"texture":"#0","tintindex":0},"west":{"uv":[14.125,8.5,14.4375,8.5625],"rotation":0,"texture":"#0","tintindex":0}}},{"name":"cube","from":[6.8,9.8,5.0],"to":[9.2,10.4,8.0],"rotation":{"angle":0.0,"axis":"x","origin":[8.3,8.0,8.0]},"faces":{"down":{"uv":[13.9375,9.6875,13.6875,10.0],"rotation":0,"texture":"#0","tintindex":0},"east":{"uv":[14.125,8.5625,14.4375,8.625],"rotation":0,"texture":"#0","tintindex":0},"north":{"uv":[6.125,12.6875,6.375,12.75],"rotation":0,"texture":"#0","tintindex":0},"south":{"uv":[0.625,12.75,0.875,12.8125],"rotation":0,"texture":"#0","tintindex":0},"up":{"uv":[6.8125,14.0,6.5625,13.6875],"rotation":0,"texture":"#0","tintindex":0},"west":{"uv":[14.125,8.625,14.4375,8.6875],"rotation":0,"texture":"#0","tintindex":0}}},{"name":"cube","from":[6.2,11.0,5.0],"to":[9.8,11.6,8.0],"rotation":{"angle":0.0,"axis":"x","origin":[8.3,8.0,8.0]},"faces":{"down":{"uv":[10.8125,13.3125,10.4375,13.625],"rotation":0,"texture":"#0","tintindex":0},"east":{"uv":[14.125,8.6875,14.4375,8.75],"rotation":0,"texture":"#0","tintindex":0},"north":{"uv":[13.9375,10.9375,14.3125,11.0],"rotation":0,"texture":"#0","tintindex":0},"south":{"uv":[13.9375,12.25,14.3125,12.3125],"rotation":0,"texture":"#0","tintindex":0},"up":{"uv":[10.4375,13.625,10.0625,13.3125],"rotation":0,"texture":"#0","tintindex":0},"west":{"uv":[14.125,8.75,14.4375,8.8125],"rotation":0,"texture":"#0","tintindex":0}}},{"name":"cube","from":[5.0,12.8,5.0],"to":[11.0,14.0,8.0],"rotation":{"angle":0.0,"axis":"x","origin":[8.3,8.0,8.0]},"faces":{"down":{"uv":[1.875,12.8125,1.25,13.125],"rotation":0,"texture":"#0","tintindex":0},"east":{"uv":[13.9375,13.5625,14.25,13.6875],"rotation":0,"texture":"#0","tintindex":0},"north":{"uv":[13.6875,5.3125,14.3125,5.4375],"rotation":0,"texture":"#0","tintindex":0},"south":{"uv":[13.6875,5.4375,14.3125,5.5625],"rotation":0,"texture":"#0","tintindex":0},"up":{"uv":[1.25,13.125,0.625,12.8125],"rotation":0,"texture":"#0","tintindex":0},"west":{"uv":[13.9375,13.6875,14.25,13.8125],"rotation":0,"texture":"#0","tintindex":0}}},{"name":"cube","from":[3.4999998,15.8,5.0],"to":[12.5,17.6,8.0],"rotation":{"angle":0.0,"axis":"x","origin":[8.6,8.0,8.0]},"faces":{"down":{"uv":[12.8125,4.3125,11.875,4.625],"rotation":0,"texture":"#0","tintindex":0},"east":{"uv":[13.875,1.1875,14.1875,1.375],"rotation":0,"texture":"#0","tintindex":0},"north":{"uv":[12.9375,2.8125,13.875,3.0],"rotation":0,"texture":"#0","tintindex":0},"south":{"uv":[12.9375,3.0,13.875,3.1875],"rotation":0,"texture":"#0","tintindex":0},"up":{"uv":[12.8125,4.3125,11.875,4.0],"rotation":0,"texture":"#0","tintindex":0},"west":{"uv":[1.5,13.875,1.8125,14.0625],"rotation":0,"texture":"#0","tintindex":0}}},{"name":"cube","from":[1.3999997,20.0,5.0],"to":[14.6,22.400002,8.0],"rotation":{"angle":0.0,"axis":"x","origin":[8.3,8.0,8.0]},"faces":{"down":{"uv":[11.875,0.0,10.5,0.3125],"rotation":0,"texture":"#0","tintindex":0},"east":{"uv":[13.6875,10.1875,14.0,10.4375],"rotation":0,"texture":"#0","tintindex":0},"north":{"uv":[11.6875,6.8125,13.0625,7.0625],"rotation":0,"texture":"#0","tintindex":0},"south":{"uv":[8.875,11.6875,10.25,11.9375],"rotation":0,"texture":"#0","tintindex":0},"up":{"uv":[10.5625,10.75,9.1875,10.4375],"rotation":0,"texture":"#0","tintindex":0},"west":{"uv":[11.5,13.6875,11.8125,13.9375],"rotation":0,"texture":"#0","tintindex":0}}},{"name":"cube","from":[0.7999997,22.400002,5.0],"to":[15.2,23.600002,8.0],"rotation":{"angle":0.0,"axis":"x","origin":[8.3,8.0,8.0]},"faces":{"down":{"uv":[11.6875,9.5,10.1875,9.8125],"rotation":0,"texture":"#0","tintindex":0},"east":{"uv":[0.0,14.0,0.3125,14.125],"rotation":0,"texture":"#0","tintindex":0},"north":{"uv":[12.8125,4.5625,14.3125,4.6875],"rotation":0,"texture":"#0","tintindex":0},"south":{"uv":[12.8125,4.6875,14.3125,4.8125],"rotation":0,"texture":"#0","tintindex":0},"up":{"uv":[11.6875,9.5,10.1875,9.1875],"rotation":0,"texture":"#0","tintindex":0},"west":{"uv":[14.0,1.9375,14.3125,2.0625],"rotation":0,"texture":"#0","tintindex":0}}},{"name":"cube","from":[1.9999998,23.600002,5.0],"to":[14.0,24.2,8.0],"rotation":{"angle":0.0,"axis":"x","origin":[8.9,8.0,8.0]},"faces":{"down":{"uv":[5.375,10.75,4.125,11.0625],"rotation":0,"texture":"#0","tintindex":0},"east":{"uv":[8.8125,14.125,9.125,14.1875],"rotation":0,"texture":"#0","tintindex":0},"north":{"uv":[13.6875,10.4375,14.9375,10.5],"rotation":0,"texture":"#0","tintindex":0},"south":{"uv":[13.6875,11.6875,14.9375,11.75],"rotation":0,"texture":"#0","tintindex":0},"up":{"uv":[4.125,11.0625,2.875,10.75],"rotation":0,"texture":"#0","tintindex":0},"west":{"uv":[14.125,8.8125,14.4375,8.875],"rotation":0,"texture":"#0","tintindex":0}}},{"name":"cube","from":[3.7999997,24.2,5.0],"to":[12.2,24.8,8.0],"rotation":{"angle":0.0,"axis":"x","origin":[8.3,8.0,8.0]},"faces":{"down":{"uv":[10.375,12.375,9.5,12.6875],"rotation":0,"texture":"#0","tintindex":0},"east":{"uv":[14.125,8.875,14.4375,8.9375],"rotation":0,"texture":"#0","tintindex":0},"north":{"uv":[13.875,3.25,14.75,3.3125],"rotation":0,"texture":"#0","tintindex":0},"south":{"uv":[13.875,3.3125,14.75,3.375],"rotation":0,"texture":"#0","tintindex":0},"up":{"uv":[13.1875,11.6875,12.3125,11.375],"rotation":0,"texture":"#0","tintindex":0},"west":{"uv":[14.125,8.9375,14.4375,9.0],"rotation":0,"texture":"#0","tintindex":0}}},{"name":"cube","from":[3.1999998,14.0,4.9399996],"to":[12.8,24.2,4.9399996],"rotation":{"angle":0.0,"axis":"x","origin":[7.7,8.0,8.0]},"faces":{"down":{"uv":[1.0,0.0,0.0,0.0],"rotation":0,"texture":"#0","tintindex":0},"east":{"uv":[0.0,0.0,0.0,1.0625],"rotation":0,"texture":"#0","tintindex":0},"north":{"uv":[3.875,8.5,4.875,9.5625],"rotation":0,"texture":"#0","tintindex":0},"south":{"uv":[4.875,8.5,5.875,9.5625],"rotation":0,"texture":"#0","tintindex":0},"up":{"uv":[1.0,0.0,0.0,0.0],"rotation":0,"texture":"#0","tintindex":0},"west":{"uv":[0.0,0.0,0.0,1.0625],"rotation":0,"texture":"#0","tintindex":0}}}],"display":{"head":{"translation":[0.0,-6.4,0.0],"rotation":[0.0,0.0,0.0],"scale":[3.8095,3.8095,3.8095]}}}