{"textures":{"0":"modelengine:entity/fortune_machine"},"elements":[{"name":"cube","from":[6.5,7.4,6.2],"to":[9.5,21.2,9.8],"rotation":{"angle":0.0,"axis":"x","origin":[9.5,14.0,6.2]},"faces":{"down":{"uv":[0.9375,13.1875,0.625,13.5625],"rotation":0,"texture":"#0","tintindex":0},"east":{"uv":[4.9375,9.4375,5.3125,10.875],"rotation":0,"texture":"#0","tintindex":0},"north":{"uv":[2.1875,9.9375,2.5,11.375],"rotation":0,"texture":"#0","tintindex":0},"south":{"uv":[1.5,10.0625,1.8125,11.5],"rotation":0,"texture":"#0","tintindex":0},"up":{"uv":[0.625,13.5625,0.3125,13.1875],"rotation":0,"texture":"#0","tintindex":0},"west":{"uv":[5.3125,9.4375,5.6875,10.875],"rotation":0,"texture":"#0","tintindex":0}}},{"name":"cube","from":[4.7,21.2,4.3999996],"to":[11.3,23.600002,11.6],"rotation":{"angle":0.0,"axis":"x","origin":[9.5,27.8,6.2]},"faces":{"down":{"uv":[10.125,9.6875,9.4375,10.4375],"rotation":0,"texture":"#0","tintindex":0},"east":{"uv":[5.875,12.8125,6.625,13.0625],"rotation":0,"texture":"#0","tintindex":0},"north":{"uv":[12.875,9.0,13.5625,9.25],"rotation":0,"texture":"#0","tintindex":0},"south":{"uv":[0.0,12.9375,0.6875,13.1875],"rotation":0,"texture":"#0","tintindex":0},"up":{"uv":[8.5625,10.4375,7.875,9.6875],"rotation":0,"texture":"#0","tintindex":0},"west":{"uv":[6.625,12.8125,7.375,13.0625],"rotation":0,"texture":"#0","tintindex":0}}}],"display":{"head":{"translation":[0.0,-6.4,0.0],"rotation":[0.0,0.0,0.0],"scale":[3.8095,3.8095,3.8095]}}}