{"textures":{"0":"modelengine:entity/fortune_machine","1":"modelengine:entity/lever_fortune"},"elements":[{"name":"cube","from":[7.7,8.0,5.0],"to":[8.3,8.6,8.0],"rotation":{"angle":0.0,"axis":"x","origin":[8.3,8.0,8.0]},"faces":{"down":{"uv":[6.6875,12.75,6.625,13.0625],"rotation":0,"texture":"#0","tintindex":0},"east":{"uv":[9.8125,14.0625,10.125,14.125],"rotation":0,"texture":"#0","tintindex":0},"north":{"uv":[8.25,6.75,8.3125,6.8125],"rotation":0,"texture":"#0","tintindex":0},"south":{"uv":[8.25,6.8125,8.3125,6.875],"rotation":0,"texture":"#0","tintindex":0},"up":{"uv":[7.0,12.6875,6.9375,12.375],"rotation":0,"texture":"#0","tintindex":0},"west":{"uv":[10.375,14.0625,10.6875,14.125],"rotation":0,"texture":"#0","tintindex":0}}},{"name":"cube","from":[7.1,9.2,5.0],"to":[8.9,9.8,8.0],"rotation":{"angle":0.0,"axis":"x","origin":[8.3,8.0,8.0]},"faces":{"down":{"uv":[7.4375,13.8125,7.25,14.125],"rotation":0,"texture":"#0","tintindex":0},"east":{"uv":[10.6875,14.0625,11.0,14.125],"rotation":0,"texture":"#0","tintindex":0},"north":{"uv":[5.875,12.9375,6.0625,13.0],"rotation":0,"texture":"#0","tintindex":0},"south":{"uv":[9.125,12.9375,9.3125,13.0],"rotation":0,"texture":"#0","tintindex":0},"up":{"uv":[14.0,6.75,13.8125,6.4375],"rotation":0,"texture":"#0","tintindex":0},"west":{"uv":[11.0,14.0625,11.3125,14.125],"rotation":0,"texture":"#0","tintindex":0}}},{"name":"cube","from":[6.5,10.4,5.0],"to":[9.5,11.0,8.0],"rotation":{"angle":0.0,"axis":"x","origin":[8.3,8.0,8.0]},"faces":{"down":{"uv":[13.6875,12.0,13.375,12.3125],"rotation":0,"texture":"#0","tintindex":0},"east":{"uv":[11.625,14.0625,11.9375,14.125],"rotation":0,"texture":"#0","tintindex":0},"north":{"uv":[11.3125,14.0625,11.625,14.125],"rotation":0,"texture":"#0","tintindex":0},"south":{"uv":[11.9375,14.0625,12.25,14.125],"rotation":0,"texture":"#0","tintindex":0},"up":{"uv":[12.1875,13.6875,11.875,13.375],"rotation":0,"texture":"#0","tintindex":0},"west":{"uv":[12.25,14.0625,12.5625,14.125],"rotation":0,"texture":"#0","tintindex":0}}},{"name":"cube","from":[5.6,11.6,5.0],"to":[10.4,12.8,8.0],"rotation":{"angle":0.0,"axis":"x","origin":[8.6,8.0,8.0]},"faces":{"down":{"uv":[13.5,8.1875,13.0,8.5],"rotation":0,"texture":"#0","tintindex":0},"east":{"uv":[13.75,13.875,14.0625,14.0],"rotation":0,"texture":"#0","tintindex":0},"north":{"uv":[13.75,1.625,14.25,1.75],"rotation":0,"texture":"#0","tintindex":0},"south":{"uv":[13.75,1.75,14.25,1.875],"rotation":0,"texture":"#0","tintindex":0},"up":{"uv":[8.6875,13.3125,8.1875,13.0],"rotation":0,"texture":"#0","tintindex":0},"west":{"uv":[13.9375,0.0625,14.25,0.1875],"rotation":0,"texture":"#0","tintindex":0}}},{"name":"cube","from":[4.3999996,14.0,5.0],"to":[11.6,15.8,8.0],"rotation":{"angle":0.0,"axis":"x","origin":[9.2,8.0,8.0]},"faces":{"down":{"uv":[4.625,12.5,3.875,12.8125],"rotation":0,"texture":"#0","tintindex":0},"east":{"uv":[13.8125,6.75,14.125,6.9375],"rotation":0,"texture":"#0","tintindex":0},"north":{"uv":[5.4375,13.0625,6.1875,13.25],"rotation":0,"texture":"#0","tintindex":0},"south":{"uv":[13.0625,6.25,13.8125,6.4375],"rotation":0,"texture":"#0","tintindex":0},"up":{"uv":[3.875,12.8125,3.125,12.5],"rotation":0,"texture":"#0","tintindex":0},"west":{"uv":[7.4375,13.8125,7.75,14.0],"rotation":0,"texture":"#0","tintindex":0}}},{"name":"cube","from":[2.6,17.6,5.0],"to":[13.400001,20.0,8.0],"rotation":{"angle":0.0,"axis":"x","origin":[9.2,8.0,8.0]},"faces":{"down":{"uv":[12.3125,11.0625,11.1875,11.375],"rotation":0,"texture":"#0","tintindex":0},"east":{"uv":[7.3125,13.5625,7.625,13.8125],"rotation":0,"texture":"#0","tintindex":0},"north":{"uv":[4.125,11.9375,5.25,12.1875],"rotation":0,"texture":"#0","tintindex":0},"south":{"uv":[8.875,11.9375,10.0,12.1875],"rotation":0,"texture":"#0","tintindex":0},"up":{"uv":[12.3125,11.0625,11.1875,10.75],"rotation":0,"texture":"#0","tintindex":0},"west":{"uv":[7.625,13.5625,7.9375,13.8125],"rotation":0,"texture":"#0","tintindex":0}}},{"name":"cube","from":[7.4,8.6,5.0],"to":[8.6,9.2,8.0],"rotation":{"angle":0.0,"axis":"x","origin":[8.3,8.0,8.0]},"faces":{"down":{"uv":[7.875,10.75,7.75,11.0625],"rotation":0,"texture":"#0","tintindex":0},"east":{"uv":[14.0625,12.8125,14.375,12.875],"rotation":0,"texture":"#0","tintindex":0},"north":{"uv":[3.75,10.375,3.875,10.4375],"rotation":0,"texture":"#0","tintindex":0},"south":{"uv":[1.875,10.875,2.0,10.9375],"rotation":0,"texture":"#0","tintindex":0},"up":{"uv":[2.0,10.875,1.875,10.5625],"rotation":0,"texture":"#0","tintindex":0},"west":{"uv":[12.875,14.0625,13.1875,14.125],"rotation":0,"texture":"#0","tintindex":0}}},{"name":"cube","from":[6.8,9.8,5.0],"to":[9.2,10.4,8.0],"rotation":{"angle":0.0,"axis":"x","origin":[8.3,8.0,8.0]},"faces":{"down":{"uv":[13.8125,11.0,13.5625,11.3125],"rotation":0,"texture":"#0","tintindex":0},"east":{"uv":[14.0625,12.875,14.375,12.9375],"rotation":0,"texture":"#0","tintindex":0},"north":{"uv":[10.0,11.9375,10.25,12.0],"rotation":0,"texture":"#0","tintindex":0},"south":{"uv":[10.0,12.0,10.25,12.0625],"rotation":0,"texture":"#0","tintindex":0},"up":{"uv":[8.1875,13.875,7.9375,13.5625],"rotation":0,"texture":"#0","tintindex":0},"west":{"uv":[14.0625,12.9375,14.375,13.0],"rotation":0,"texture":"#0","tintindex":0}}},{"name":"cube","from":[6.2,11.0,5.0],"to":[9.8,11.6,8.0],"rotation":{"angle":0.0,"axis":"x","origin":[8.3,8.0,8.0]},"faces":{"down":{"uv":[8.5625,13.3125,8.1875,13.625],"rotation":0,"texture":"#0","tintindex":0},"east":{"uv":[13.75,14.0625,14.0625,14.125],"rotation":0,"texture":"#0","tintindex":0},"north":{"uv":[12.75,10.6875,13.125,10.75],"rotation":0,"texture":"#0","tintindex":0},"south":{"uv":[4.0,12.8125,4.375,12.875],"rotation":0,"texture":"#0","tintindex":0},"up":{"uv":[7.3125,13.625,6.9375,13.3125],"rotation":0,"texture":"#0","tintindex":0},"west":{"uv":[14.0625,13.875,14.375,13.9375],"rotation":0,"texture":"#0","tintindex":0}}},{"name":"cube","from":[5.0,12.8,5.0],"to":[11.0,14.0,8.0],"rotation":{"angle":0.0,"axis":"x","origin":[8.3,8.0,8.0]},"faces":{"down":{"uv":[8.1875,12.75,7.5625,13.0625],"rotation":0,"texture":"#0","tintindex":0},"east":{"uv":[13.9375,0.1875,14.25,0.3125],"rotation":0,"texture":"#0","tintindex":0},"north":{"uv":[13.5625,11.3125,14.1875,11.4375],"rotation":0,"texture":"#0","tintindex":0},"south":{"uv":[13.5625,11.4375,14.1875,11.5625],"rotation":0,"texture":"#0","tintindex":0},"up":{"uv":[0.625,13.0625,0.0,12.75],"rotation":0,"texture":"#0","tintindex":0},"west":{"uv":[13.9375,0.3125,14.25,0.4375],"rotation":0,"texture":"#0","tintindex":0}}},{"name":"cube","from":[3.4999998,15.8,5.0],"to":[12.5,17.6,8.0],"rotation":{"angle":0.0,"axis":"x","origin":[8.6,8.0,8.0]},"faces":{"down":{"uv":[12.75,10.4375,11.8125,10.75],"rotation":0,"texture":"#0","tintindex":0},"east":{"uv":[13.8125,7.8125,14.125,8.0],"rotation":0,"texture":"#0","tintindex":0},"north":{"uv":[8.1875,12.8125,9.125,13.0],"rotation":0,"texture":"#0","tintindex":0},"south":{"uv":[11.875,12.8125,12.8125,13.0],"rotation":0,"texture":"#0","tintindex":0},"up":{"uv":[1.3125,12.125,0.375,11.8125],"rotation":0,"texture":"#0","tintindex":0},"west":{"uv":[13.8125,8.0,14.125,8.1875],"rotation":0,"texture":"#0","tintindex":0}}},{"name":"cube","from":[1.3999997,20.0,5.0],"to":[14.6,22.400002,8.0],"rotation":{"angle":0.0,"axis":"x","origin":[8.3,8.0,8.0]},"faces":{"down":{"uv":[11.75,3.1875,10.375,3.5],"rotation":0,"texture":"#0","tintindex":0},"east":{"uv":[12.8125,13.5625,13.125,13.8125],"rotation":0,"texture":"#0","tintindex":0},"north":{"uv":[11.625,8.9375,13.0,9.1875],"rotation":0,"texture":"#0","tintindex":0},"south":{"uv":[1.875,11.6875,3.25,11.9375],"rotation":0,"texture":"#0","tintindex":0},"up":{"uv":[11.75,2.375,10.375,2.0625],"rotation":0,"texture":"#0","tintindex":0},"west":{"uv":[13.125,13.5625,13.4375,13.8125],"rotation":0,"texture":"#0","tintindex":0}}},{"name":"cube","from":[0.7999997,22.400002,5.0],"to":[15.2,23.600002,8.0],"rotation":{"angle":0.0,"axis":"x","origin":[8.3,8.0,8.0]},"faces":{"down":{"uv":[11.625,7.9375,10.125,8.25],"rotation":0,"texture":"#0","tintindex":0},"east":{"uv":[3.5625,13.9375,3.875,14.0625],"rotation":0,"texture":"#0","tintindex":0},"north":{"uv":[12.8125,3.8125,14.3125,3.9375],"rotation":0,"texture":"#0","tintindex":0},"south":{"uv":[12.8125,3.9375,14.3125,4.0625],"rotation":0,"texture":"#0","tintindex":0},"up":{"uv":[11.625,7.9375,10.125,7.625],"rotation":0,"texture":"#0","tintindex":0},"west":{"uv":[4.5,13.9375,4.8125,14.0625],"rotation":0,"texture":"#0","tintindex":0}}},{"name":"cube","from":[1.9999998,23.600002,5.0],"to":[14.0,24.2,8.0],"rotation":{"angle":0.0,"axis":"x","origin":[8.9,8.0,8.0]},"faces":{"down":{"uv":[11.875,5.0625,10.625,5.375],"rotation":0,"texture":"#0","tintindex":0},"east":{"uv":[14.0625,13.9375,14.375,14.0],"rotation":0,"texture":"#0","tintindex":0},"north":{"uv":[13.5625,3.625,14.8125,3.6875],"rotation":0,"texture":"#0","tintindex":0},"south":{"uv":[13.5625,11.5625,14.8125,11.625],"rotation":0,"texture":"#0","tintindex":0},"up":{"uv":[11.875,5.0625,10.625,4.75],"rotation":0,"texture":"#0","tintindex":0},"west":{"uv":[14.0625,14.0,14.375,14.0625],"rotation":0,"texture":"#0","tintindex":0}}},{"name":"cube","from":[3.7999997,24.2,5.0],"to":[12.2,24.8,8.0],"rotation":{"angle":0.0,"axis":"x","origin":[8.3,8.0,8.0]},"faces":{"down":{"uv":[5.25,12.1875,4.375,12.5],"rotation":0,"texture":"#0","tintindex":0},"east":{"uv":[14.0625,14.0625,14.375,14.125],"rotation":0,"texture":"#0","tintindex":0},"north":{"uv":[13.8125,6.9375,14.6875,7.0],"rotation":0,"texture":"#0","tintindex":0},"south":{"uv":[13.875,1.375,14.75,1.4375],"rotation":0,"texture":"#0","tintindex":0},"up":{"uv":[4.375,12.5,3.5,12.1875],"rotation":0,"texture":"#0","tintindex":0},"west":{"uv":[0.0,14.125,0.3125,14.1875],"rotation":0,"texture":"#0","tintindex":0}}},{"name":"cube","from":[3.1999998,14.0,4.9399996],"to":[12.8,24.2,4.9399996],"rotation":{"angle":0.0,"axis":"x","origin":[7.7,8.0,8.0]},"faces":{"down":{"uv":[1.0,0.0,0.0,0.0],"rotation":0,"texture":"#0","tintindex":0},"east":{"uv":[0.0,0.0,0.0,1.0625],"rotation":0,"texture":"#0","tintindex":0},"north":{"uv":[5.875,8.5,6.875,9.5625],"rotation":0,"texture":"#0","tintindex":0},"south":{"uv":[6.875,8.75,7.875,9.8125],"rotation":0,"texture":"#0","tintindex":0},"up":{"uv":[1.0,0.0,0.0,0.0],"rotation":0,"texture":"#0","tintindex":0},"west":{"uv":[0.0,0.0,0.0,1.0625],"rotation":0,"texture":"#0","tintindex":0}}}],"display":{"head":{"translation":[0.0,-6.4,0.0],"rotation":[0.0,0.0,0.0],"scale":[3.8095,3.8095,3.8095]}}}