{"textures":{"0":"modelengine:entity/fortune_machine"},"elements":[{"name":"cube","from":[6.5,7.4,6.2],"to":[9.500002,21.2,9.8],"rotation":{"angle":0.0,"axis":"x","origin":[6.5,14.0,6.2]},"faces":{"down":{"uv":[13.125,13.1875,12.8125,13.5625],"rotation":0,"texture":"#0","tintindex":0},"east":{"uv":[9.4375,8.25,9.8125,9.6875],"rotation":0,"texture":"#0","tintindex":0},"north":{"uv":[10.4375,4.25,10.75,5.6875],"rotation":0,"texture":"#0","tintindex":0},"south":{"uv":[10.4375,5.6875,10.75,7.125],"rotation":0,"texture":"#0","tintindex":0},"up":{"uv":[1.25,13.5625,0.9375,13.1875],"rotation":0,"texture":"#0","tintindex":0},"west":{"uv":[6.75,9.6875,7.125,11.125],"rotation":0,"texture":"#0","tintindex":0}}},{"name":"cube","from":[4.7,21.2,4.3999996],"to":[11.300001,23.600002,11.6],"rotation":{"angle":0.0,"axis":"x","origin":[6.5,27.8,6.2]},"faces":{"down":{"uv":[10.4375,4.875,9.75,5.625],"rotation":0,"texture":"#0","tintindex":0},"east":{"uv":[9.5625,12.8125,10.3125,13.0625],"rotation":0,"texture":"#0","tintindex":0},"north":{"uv":[12.9375,0.625,13.625,0.875],"rotation":0,"texture":"#0","tintindex":0},"south":{"uv":[0.6875,12.9375,1.375,13.1875],"rotation":0,"texture":"#0","tintindex":0},"up":{"uv":[10.4375,4.875,9.75,4.125],"rotation":0,"texture":"#0","tintindex":0},"west":{"uv":[10.3125,12.8125,11.0625,13.0625],"rotation":0,"texture":"#0","tintindex":0}}}],"display":{"head":{"translation":[0.0,-6.4,0.0],"rotation":[0.0,0.0,0.0],"scale":[3.8095,3.8095,3.8095]}}}