{"textures":{"0":"modelengine:entity/fortune_machine","1":"modelengine:entity/lever_fortune"},"elements":[{"name":"cube","from":[7.7,8.0,5.0],"to":[8.3,8.6,8.0],"rotation":{"angle":0.0,"axis":"x","origin":[7.7,8.0,8.0]},"faces":{"down":{"uv":[3.875,9.875,3.8125,10.1875],"rotation":0,"texture":"#0","tintindex":0},"east":{"uv":[8.875,14.0,9.1875,14.0625],"rotation":0,"texture":"#0","tintindex":0},"north":{"uv":[6.0,6.6875,6.0625,6.75],"rotation":0,"texture":"#0","tintindex":0},"south":{"uv":[7.0625,3.9375,7.125,4.0],"rotation":0,"texture":"#0","tintindex":0},"up":{"uv":[9.3125,7.3125,9.25,7.0],"rotation":0,"texture":"#0","tintindex":0},"west":{"uv":[9.8125,14.0,10.125,14.0625],"rotation":0,"texture":"#0","tintindex":0}}},{"name":"cube","from":[7.1,9.2,5.0],"to":[8.9,9.8,8.0],"rotation":{"angle":0.0,"axis":"x","origin":[7.7,8.0,8.0]},"faces":{"down":{"uv":[0.6875,13.8125,0.5,14.125],"rotation":0,"texture":"#0","tintindex":0},"east":{"uv":[14.0,10.1875,14.3125,10.25],"rotation":0,"texture":"#0","tintindex":0},"north":{"uv":[11.875,2.625,12.0625,2.6875],"rotation":0,"texture":"#0","tintindex":0},"south":{"uv":[7.5625,12.6875,7.75,12.75],"rotation":0,"texture":"#0","tintindex":0},"up":{"uv":[13.9375,13.875,13.75,13.5625],"rotation":0,"texture":"#0","tintindex":0},"west":{"uv":[14.0,10.25,14.3125,10.3125],"rotation":0,"texture":"#0","tintindex":0}}},{"name":"cube","from":[6.5,10.4,5.0],"to":[9.5,11.0,8.0],"rotation":{"angle":0.0,"axis":"x","origin":[7.7,8.0,8.0]},"faces":{"down":{"uv":[13.6875,10.1875,13.375,10.5],"rotation":0,"texture":"#0","tintindex":0},"east":{"uv":[14.0,10.375,14.3125,10.4375],"rotation":0,"texture":"#0","tintindex":0},"north":{"uv":[14.0,10.3125,14.3125,10.375],"rotation":0,"texture":"#0","tintindex":0},"south":{"uv":[14.0,11.0,14.3125,11.0625],"rotation":0,"texture":"#0","tintindex":0},"up":{"uv":[13.6875,10.0,13.375,9.6875],"rotation":0,"texture":"#0","tintindex":0},"west":{"uv":[14.0,11.0625,14.3125,11.125],"rotation":0,"texture":"#0","tintindex":0}}},{"name":"cube","from":[5.6,11.6,5.0],"to":[10.4,12.8,8.0],"rotation":{"angle":0.0,"axis":"x","origin":[7.4,8.0,8.0]},"faces":{"down":{"uv":[7.4375,13.0,6.9375,13.3125],"rotation":0,"texture":"#0","tintindex":0},"east":{"uv":[13.875,5.9375,14.1875,6.0625],"rotation":0,"texture":"#0","tintindex":0},"north":{"uv":[0.875,13.75,1.375,13.875],"rotation":0,"texture":"#0","tintindex":0},"south":{"uv":[13.75,0.9375,14.25,1.0625],"rotation":0,"texture":"#0","tintindex":0},"up":{"uv":[3.9375,13.25,3.4375,12.9375],"rotation":0,"texture":"#0","tintindex":0},"west":{"uv":[6.25,13.875,6.5625,14.0],"rotation":0,"texture":"#0","tintindex":0}}},{"name":"cube","from":[4.3999996,14.0,5.0],"to":[11.6,15.8,8.0],"rotation":{"angle":0.0,"axis":"x","origin":[6.8,8.0,8.0]},"faces":{"down":{"uv":[1.625,12.5,0.875,12.8125],"rotation":0,"texture":"#0","tintindex":0},"east":{"uv":[13.8125,0.5625,14.125,0.75],"rotation":0,"texture":"#0","tintindex":0},"north":{"uv":[11.9375,10.25,12.6875,10.4375],"rotation":0,"texture":"#0","tintindex":0},"south":{"uv":[12.8125,13.0,13.5625,13.1875],"rotation":0,"texture":"#0","tintindex":0},"up":{"uv":[11.125,12.6875,10.375,12.375],"rotation":0,"texture":"#0","tintindex":0},"west":{"uv":[13.8125,0.75,14.125,0.9375],"rotation":0,"texture":"#0","tintindex":0}}},{"name":"cube","from":[2.6,17.6,5.0],"to":[13.400001,20.0,8.0],"rotation":{"angle":0.0,"axis":"x","origin":[6.8,8.0,8.0]},"faces":{"down":{"uv":[5.125,11.0625,4.0,11.375],"rotation":0,"texture":"#0","tintindex":0},"east":{"uv":[13.5,8.375,13.8125,8.625],"rotation":0,"texture":"#0","tintindex":0},"north":{"uv":[7.75,11.875,8.875,12.125],"rotation":0,"texture":"#0","tintindex":0},"south":{"uv":[11.875,11.6875,13.0,11.9375],"rotation":0,"texture":"#0","tintindex":0},"up":{"uv":[4.0,11.375,2.875,11.0625],"rotation":0,"texture":"#0","tintindex":0},"west":{"uv":[13.5,8.625,13.8125,8.875],"rotation":0,"texture":"#0","tintindex":0}}},{"name":"cube","from":[7.4,8.6,5.0],"to":[8.6,9.2,8.0],"rotation":{"angle":0.0,"axis":"x","origin":[7.7,8.0,8.0]},"faces":{"down":{"uv":[2.0,9.9375,1.875,10.25],"rotation":0,"texture":"#0","tintindex":0},"east":{"uv":[11.125,14.0,11.4375,14.0625],"rotation":0,"texture":"#0","tintindex":0},"north":{"uv":[6.75,9.75,6.875,9.8125],"rotation":0,"texture":"#0","tintindex":0},"south":{"uv":[10.375,2.375,10.5,2.4375],"rotation":0,"texture":"#0","tintindex":0},"up":{"uv":[9.375,3.5,9.25,3.1875],"rotation":0,"texture":"#0","tintindex":0},"west":{"uv":[14.0,11.125,14.3125,11.1875],"rotation":0,"texture":"#0","tintindex":0}}},{"name":"cube","from":[6.8,9.8,5.0],"to":[9.2,10.4,8.0],"rotation":{"angle":0.0,"axis":"x","origin":[7.7,8.0,8.0]},"faces":{"down":{"uv":[13.8125,0.625,13.5625,0.9375],"rotation":0,"texture":"#0","tintindex":0},"east":{"uv":[14.0,11.1875,14.3125,11.25],"rotation":0,"texture":"#0","tintindex":0},"north":{"uv":[10.375,3.875,10.625,3.9375],"rotation":0,"texture":"#0","tintindex":0},"south":{"uv":[10.375,3.9375,10.625,4.0],"rotation":0,"texture":"#0","tintindex":0},"up":{"uv":[13.75,11.0,13.5,10.6875],"rotation":0,"texture":"#0","tintindex":0},"west":{"uv":[14.0,11.25,14.3125,11.3125],"rotation":0,"texture":"#0","tintindex":0}}},{"name":"cube","from":[6.2,11.0,5.0],"to":[9.8,11.6,8.0],"rotation":{"angle":0.0,"axis":"x","origin":[7.7,8.0,8.0]},"faces":{"down":{"uv":[7.8125,13.25,7.4375,13.5625],"rotation":0,"texture":"#0","tintindex":0},"east":{"uv":[14.0,11.75,14.3125,11.8125],"rotation":0,"texture":"#0","tintindex":0},"north":{"uv":[0.875,12.125,1.25,12.1875],"rotation":0,"texture":"#0","tintindex":0},"south":{"uv":[4.625,12.5,5.0,12.5625],"rotation":0,"texture":"#0","tintindex":0},"up":{"uv":[6.1875,13.5625,5.8125,13.25],"rotation":0,"texture":"#0","tintindex":0},"west":{"uv":[14.0,11.8125,14.3125,11.875],"rotation":0,"texture":"#0","tintindex":0}}},{"name":"cube","from":[5.0,12.8,5.0],"to":[11.0,14.0,8.0],"rotation":{"angle":0.0,"axis":"x","origin":[7.7,8.0,8.0]},"faces":{"down":{"uv":[10.625,12.6875,10.0,13.0],"rotation":0,"texture":"#0","tintindex":0},"east":{"uv":[6.8125,13.875,7.125,14.0],"rotation":0,"texture":"#0","tintindex":0},"north":{"uv":[13.5,8.875,14.125,9.0],"rotation":0,"texture":"#0","tintindex":0},"south":{"uv":[13.5,9.0,14.125,9.125],"rotation":0,"texture":"#0","tintindex":0},"up":{"uv":[10.0,13.0,9.375,12.6875],"rotation":0,"texture":"#0","tintindex":0},"west":{"uv":[7.9375,13.875,8.25,14.0],"rotation":0,"texture":"#0","tintindex":0}}},{"name":"cube","from":[3.4999998,15.8,5.0],"to":[12.5,17.6,8.0],"rotation":{"angle":0.0,"axis":"x","origin":[7.4,8.0,8.0]},"faces":{"down":{"uv":[12.6875,1.625,11.75,1.9375],"rotation":0,"texture":"#0","tintindex":0},"east":{"uv":[2.5625,13.8125,2.875,14.0],"rotation":0,"texture":"#0","tintindex":0},"north":{"uv":[10.5,3.0,11.4375,3.1875],"rotation":0,"texture":"#0","tintindex":0},"south":{"uv":[10.625,6.3125,11.5625,6.5],"rotation":0,"texture":"#0","tintindex":0},"up":{"uv":[12.625,10.0,11.6875,9.6875],"rotation":0,"texture":"#0","tintindex":0},"west":{"uv":[3.875,13.8125,4.1875,14.0],"rotation":0,"texture":"#0","tintindex":0}}},{"name":"cube","from":[1.3999997,20.0,5.0],"to":[14.6,22.400002,8.0],"rotation":{"angle":0.0,"axis":"x","origin":[7.7,8.0,8.0]},"faces":{"down":{"uv":[11.75,1.125,10.375,1.4375],"rotation":0,"texture":"#0","tintindex":0},"east":{"uv":[13.5625,1.25,13.875,1.5],"rotation":0,"texture":"#0","tintindex":0},"north":{"uv":[11.625,7.9375,13.0,8.1875],"rotation":0,"texture":"#0","tintindex":0},"south":{"uv":[11.625,8.1875,13.0,8.4375],"rotation":0,"texture":"#0","tintindex":0},"up":{"uv":[11.75,1.125,10.375,0.8125],"rotation":0,"texture":"#0","tintindex":0},"west":{"uv":[13.5625,2.5625,13.875,2.8125],"rotation":0,"texture":"#0","tintindex":0}}},{"name":"cube","from":[0.7999997,22.400002,5.0],"to":[15.2,23.600002,8.0],"rotation":{"angle":0.0,"axis":"x","origin":[7.7,8.0,8.0]},"faces":{"down":{"uv":[7.875,9.8125,6.375,10.125],"rotation":0,"texture":"#0","tintindex":0},"east":{"uv":[8.25,13.875,8.5625,14.0],"rotation":0,"texture":"#0","tintindex":0},"north":{"uv":[12.0625,3.5625,13.5625,3.6875],"rotation":0,"texture":"#0","tintindex":0},"south":{"uv":[12.75,10.5625,14.25,10.6875],"rotation":0,"texture":"#0","tintindex":0},"up":{"uv":[10.75,7.625,9.25,7.3125],"rotation":0,"texture":"#0","tintindex":0},"west":{"uv":[8.5625,13.875,8.875,14.0],"rotation":0,"texture":"#0","tintindex":0}}},{"name":"cube","from":[3.1999998,14.0,4.9399996],"to":[12.8,24.2,4.9399996],"rotation":{"angle":0.0,"axis":"x","origin":[7.7,8.0,8.0]},"faces":{"down":{"uv":[1.0,0.0,0.0,0.0],"rotation":0,"texture":"#0","tintindex":0},"east":{"uv":[0.0,0.0,0.0,1.0625],"rotation":0,"texture":"#0","tintindex":0},"north":{"uv":[8.125,8.25,9.125,9.3125],"rotation":0,"texture":"#0","tintindex":0},"south":{"uv":[8.3125,4.875,9.3125,5.9375],"rotation":0,"texture":"#0","tintindex":0},"up":{"uv":[1.0,0.0,0.0,0.0],"rotation":0,"texture":"#0","tintindex":0},"west":{"uv":[0.0,0.0,0.0,1.0625],"rotation":0,"texture":"#0","tintindex":0}}},{"name":"cube","from":[1.9999998,23.600002,5.0],"to":[14.0,24.2,8.0],"rotation":{"angle":0.0,"axis":"x","origin":[7.1,8.0,8.0]},"faces":{"down":{"uv":[11.875,3.8125,10.625,4.125],"rotation":0,"texture":"#0","tintindex":0},"east":{"uv":[14.0,11.875,14.3125,11.9375],"rotation":0,"texture":"#0","tintindex":0},"north":{"uv":[5.4375,3.9375,6.6875,4.0],"rotation":0,"texture":"#0","tintindex":0},"south":{"uv":[5.5625,1.9375,6.8125,2.0],"rotation":0,"texture":"#0","tintindex":0},"up":{"uv":[11.8125,10.75,10.5625,10.4375],"rotation":0,"texture":"#0","tintindex":0},"west":{"uv":[14.0,11.9375,14.3125,12.0],"rotation":0,"texture":"#0","tintindex":0}}},{"name":"cube","from":[3.7999997,24.2,5.0],"to":[12.2,24.8,8.0],"rotation":{"angle":0.0,"axis":"x","origin":[7.7,8.0,8.0]},"faces":{"down":{"uv":[1.75,12.1875,0.875,12.5],"rotation":0,"texture":"#0","tintindex":0},"east":{"uv":[12.0625,14.0,12.375,14.0625],"rotation":0,"texture":"#0","tintindex":0},"north":{"uv":[1.875,11.3125,2.75,11.375],"rotation":0,"texture":"#0","tintindex":0},"south":{"uv":[13.75,1.875,14.625,1.9375],"rotation":0,"texture":"#0","tintindex":0},"up":{"uv":[8.625,12.4375,7.75,12.125],"rotation":0,"texture":"#0","tintindex":0},"west":{"uv":[12.875,14.0,13.1875,14.0625],"rotation":0,"texture":"#0","tintindex":0}}}],"display":{"head":{"translation":[0.0,-6.4,0.0],"rotation":[0.0,0.0,0.0],"scale":[3.8095,3.8095,3.8095]}}}