{"textures":{"0":"modelengine:entity/fortune_machine","1":"modelengine:entity/lever_fortune"},"elements":[{"name":"cube","from":[3.7999997,3.7999997,8.0],"to":[12.2,12.2,8.0],"rotation":{"angle":0.0,"axis":"x","origin":[6.8,6.8,7.4]},"faces":{"down":{"uv":[0.875,0.0,0.0,0.0],"rotation":0,"texture":"#0","tintindex":0},"east":{"uv":[0.0,0.0,0.0,0.875],"rotation":0,"texture":"#0","tintindex":0},"north":{"uv":[9.5,0.8125,10.375,1.6875],"rotation":0,"texture":"#0","tintindex":0},"south":{"uv":[9.5,1.6875,10.375,2.5625],"rotation":0,"texture":"#0","tintindex":0},"up":{"uv":[0.875,0.0,0.0,0.0],"rotation":0,"texture":"#0","tintindex":0},"west":{"uv":[0.0,0.0,0.0,0.875],"rotation":0,"texture":"#0","tintindex":0}}}],"display":{"head":{"translation":[0.0,-6.4,0.0],"rotation":[0.0,0.0,0.0],"scale":[3.8095,3.8095,3.8095]}}}