{"textures":{"0":"modelengine:entity/fortune_machine","1":"modelengine:entity/lever_fortune"},"elements":[{"name":"cube","from":[-4.4285717,-13.857143,8.0],"to":[25.142857,-8.285715,14.857142],"rotation":{"angle":0.0,"axis":"x","origin":[8.0,8.428572,8.0]},"faces":{"down":{"uv":[4.3125,1.0,0.0,2.0],"rotation":0,"texture":"#0","tintindex":0},"east":{"uv":[9.3125,6.5,10.3125,7.3125],"rotation":0,"texture":"#0","tintindex":0},"north":{"uv":[4.1875,2.0,8.5,2.8125],"rotation":0,"texture":"#0","tintindex":0},"south":{"uv":[4.1875,2.8125,8.5,3.625],"rotation":0,"texture":"#0","tintindex":0},"up":{"uv":[4.3125,1.0,0.0,0.0],"rotation":0,"texture":"#0","tintindex":0},"west":{"uv":[9.1875,9.3125,10.1875,10.125],"rotation":0,"texture":"#0","tintindex":0}}},{"name":"cube","from":[-1.0000005,-2.7142859,8.0],"to":[23.428572,1.5714283,14.857142],"rotation":{"angle":0.0,"axis":"x","origin":[8.0,-2.2857146,8.0]},"faces":{"down":{"uv":[7.125,4.0,3.5625,5.0],"rotation":0,"texture":"#0","tintindex":0},"east":{"uv":[8.25,7.0,9.25,7.625],"rotation":0,"texture":"#0","tintindex":0},"north":{"uv":[2.5,5.0,6.0625,5.625],"rotation":0,"texture":"#0","tintindex":0},"south":{"uv":[2.5,5.625,6.0625,6.25],"rotation":0,"texture":"#0","tintindex":0},"up":{"uv":[3.5625,5.0,0.0,4.0],"rotation":0,"texture":"#0","tintindex":0},"west":{"uv":[9.5,2.5625,10.5,3.1875],"rotation":0,"texture":"#0","tintindex":0}}},{"name":"cube","from":[6.7142854,1.5714283,8.0],"to":[22.142857,5.8571424,14.0],"rotation":{"angle":0.0,"axis":"x","origin":[8.0,-9.571429,8.0]},"faces":{"down":{"uv":[8.3125,5.875,6.0625,6.75],"rotation":0,"texture":"#0","tintindex":0},"east":{"uv":[9.75,4.0,10.625,4.625],"rotation":0,"texture":"#0","tintindex":0},"north":{"uv":[1.75,7.125,4.0,7.75],"rotation":0,"texture":"#0","tintindex":0},"south":{"uv":[7.125,3.625,9.375,4.25],"rotation":0,"texture":"#0","tintindex":0},"up":{"uv":[8.3125,5.875,6.0625,5.0],"rotation":0,"texture":"#0","tintindex":0},"west":{"uv":[9.75,4.625,10.625,5.25],"rotation":0,"texture":"#0","tintindex":0}}},{"name":"cube","from":[7.5714283,5.8571424,8.0],"to":[21.285715,10.142857,14.0],"rotation":{"angle":0.0,"axis":"x","origin":[8.0,-5.285715,8.0]},"faces":{"down":{"uv":[6.5,6.75,4.5,7.625],"rotation":0,"texture":"#0","tintindex":0},"east":{"uv":[9.75,5.25,10.625,5.875],"rotation":0,"texture":"#0","tintindex":0},"north":{"uv":[7.125,4.25,9.125,4.875],"rotation":0,"texture":"#0","tintindex":0},"south":{"uv":[8.125,7.625,10.125,8.25],"rotation":0,"texture":"#0","tintindex":0},"up":{"uv":[4.5,7.125,2.5,6.25],"rotation":0,"texture":"#0","tintindex":0},"west":{"uv":[9.75,5.875,10.625,6.5],"rotation":0,"texture":"#0","tintindex":0}}},{"name":"cube","from":[8.428572,10.142857,8.0],"to":[20.428572,12.285714,14.0],"rotation":{"angle":0.0,"axis":"x","origin":[8.0,-1.0000005,8.0]},"faces":{"down":{"uv":[1.75,6.9375,0.0,7.8125],"rotation":0,"texture":"#0","tintindex":0},"east":{"uv":[12.0625,2.8125,12.9375,3.125],"rotation":0,"texture":"#0","tintindex":0},"north":{"uv":[4.1875,3.625,5.9375,3.9375],"rotation":0,"texture":"#0","tintindex":0},"south":{"uv":[4.3125,1.625,6.0625,1.9375],"rotation":0,"texture":"#0","tintindex":0},"up":{"uv":[8.25,7.625,6.5,6.75],"rotation":0,"texture":"#0","tintindex":0},"west":{"uv":[12.0625,3.125,12.9375,3.4375],"rotation":0,"texture":"#0","tintindex":0}}},{"name":"cube","from":[9.285714,12.285714,8.0],"to":[19.571428,13.571428,14.0],"rotation":{"angle":0.0,"axis":"x","origin":[8.0,1.1428568,8.0]},"faces":{"down":{"uv":[7.0,7.625,5.5,8.5],"rotation":0,"texture":"#0","tintindex":0},"east":{"uv":[10.75,7.4375,11.625,7.625],"rotation":0,"texture":"#0","tintindex":0},"north":{"uv":[4.5,6.5625,6.0,6.75],"rotation":0,"texture":"#0","tintindex":0},"south":{"uv":[11.875,5.25,13.375,5.4375],"rotation":0,"texture":"#0","tintindex":0},"up":{"uv":[5.5,8.5,4.0,7.625],"rotation":0,"texture":"#0","tintindex":0},"west":{"uv":[13.0,5.9375,13.875,6.125],"rotation":0,"texture":"#0","tintindex":0}}},{"name":"cube","from":[9.714285,-13.857143,7.1428566],"to":[18.285713,-0.5714288,8.0],"rotation":{"angle":0.0,"axis":"x","origin":[6.285714,-13.857143,7.1428566]},"faces":{"down":{"uv":[14.25,7.4375,13.0,7.5625],"rotation":0,"texture":"#0","tintindex":0},"east":{"uv":[6.6875,11.75,6.8125,13.6875],"rotation":0,"texture":"#0","tintindex":0},"north":{"uv":[0.0,5.0,1.25,6.9375],"rotation":0,"texture":"#0","tintindex":0},"south":{"uv":[1.25,5.0,2.5,6.9375],"rotation":0,"texture":"#0","tintindex":0},"up":{"uv":[14.25,6.25,13.0,6.125],"rotation":0,"texture":"#0","tintindex":0},"west":{"uv":[6.8125,11.75,6.9375,13.6875],"rotation":0,"texture":"#0","tintindex":0}}},{"name":"cube","from":[11.428572,-13.857143,4.9999995],"to":[16.571428,-7.0,7.5714283],"rotation":{"angle":22.5,"axis":"x","origin":[6.285714,-12.571428,4.9999995]},"faces":{"down":{"uv":[12.625,5.4375,11.875,5.8125],"rotation":0,"texture":"#0","tintindex":0},"east":{"uv":[6.0,11.6875,6.375,12.5625],"rotation":0,"texture":"#0","tintindex":0},"north":{"uv":[1.0,7.8125,1.75,8.6875],"rotation":0,"texture":"#0","tintindex":0},"south":{"uv":[5.625,9.5625,6.375,10.4375],"rotation":0,"texture":"#0","tintindex":0},"up":{"uv":[9.25,3.5625,8.5,3.1875],"rotation":0,"texture":"#0","tintindex":0},"west":{"uv":[11.1875,11.6875,11.5625,12.5625],"rotation":0,"texture":"#0","tintindex":0}}},{"name":"cube","from":[13.571428,7.5714283,4.9999995],"to":[14.428572,8.428572,5.8571424],"rotation":{"angle":0.0,"axis":"x","origin":[6.7142854,-15.571428,8.0]},"faces":{"down":{"uv":[6.875,9.5625,6.75,9.6875],"rotation":0,"texture":"#0","tintindex":0},"east":{"uv":[6.875,8.5,7.0,8.625],"rotation":0,"texture":"#0","tintindex":0},"north":{"uv":[3.875,8.375,4.0,8.5],"rotation":0,"texture":"#0","tintindex":0},"south":{"uv":[6.875,8.625,7.0,8.75],"rotation":0,"texture":"#0","tintindex":0},"up":{"uv":[8.125,9.25,8.0,9.125],"rotation":0,"texture":"#0","tintindex":0},"west":{"uv":[7.875,9.125,8.0,9.25],"rotation":0,"texture":"#0","tintindex":0}}},{"name":"cube","from":[12.928572,7.785714,4.9571424],"to":[15.071428,10.785714,4.9571424],"rotation":{"angle":0.0,"axis":"x","origin":[13.785714,7.785714,4.528571]},"faces":{"down":{"uv":[0.3125,0.0,0.0,0.0],"rotation":0,"texture":"#0","tintindex":0},"east":{"uv":[0.0,0.0,0.0,0.4375],"rotation":0,"texture":"#0","tintindex":0},"north":{"uv":[0.0,13.0625,0.3125,13.5],"rotation":0,"texture":"#0","tintindex":0},"south":{"uv":[0.3125,13.0625,0.625,13.5],"rotation":0,"texture":"#0","tintindex":0},"up":{"uv":[0.3125,0.0,0.0,0.0],"rotation":0,"texture":"#0","tintindex":0},"west":{"uv":[0.0,0.0,0.0,0.4375],"rotation":0,"texture":"#0","tintindex":0}}},{"name":"cube","from":[-4.4285717,-8.285715,8.0],"to":[24.285715,-2.7142859,14.857142],"rotation":{"angle":0.0,"axis":"x","origin":[8.0,11.857142,8.0]},"faces":{"down":{"uv":[4.1875,3.0,0.0,4.0],"rotation":0,"texture":"#0","tintindex":0},"east":{"uv":[9.375,3.1875,10.375,4.0],"rotation":0,"texture":"#0","tintindex":0},"north":{"uv":[4.3125,0.0,8.5,0.8125],"rotation":0,"texture":"#0","tintindex":0},"south":{"uv":[4.3125,0.8125,8.5,1.625],"rotation":0,"texture":"#0","tintindex":0},"up":{"uv":[4.1875,3.0,0.0,2.0],"rotation":0,"texture":"#0","tintindex":0},"west":{"uv":[9.5,0.0,10.5,0.8125],"rotation":0,"texture":"#0","tintindex":0}}},{"name":"cube","from":[2.4285712,-13.857143,14.857142],"to":[5.428571,1.5714283,16.142857],"rotation":{"angle":0.0,"axis":"x","origin":[9.714285,-13.857143,9.285714]},"faces":{"down":{"uv":[13.8125,5.5625,13.375,5.75],"rotation":0,"texture":"#0","tintindex":0},"east":{"uv":[1.5,9.9375,1.6875,12.1875],"rotation":0,"texture":"#0","tintindex":0},"north":{"uv":[2.0,8.875,2.4375,11.125],"rotation":0,"texture":"#0","tintindex":0},"south":{"uv":[2.4375,8.875,2.875,11.125],"rotation":0,"texture":"#0","tintindex":0},"up":{"uv":[10.75,7.3125,10.3125,7.125],"rotation":0,"texture":"#0","tintindex":0},"west":{"uv":[1.6875,9.9375,1.875,12.1875],"rotation":0,"texture":"#0","tintindex":0}}},{"name":"cube","from":[9.285714,-13.857143,14.857142],"to":[12.285714,1.5714283,16.142857],"rotation":{"angle":0.0,"axis":"x","origin":[16.571428,-13.857143,9.285714]},"faces":{"down":{"uv":[6.625,13.4375,6.1875,13.625],"rotation":0,"texture":"#0","tintindex":0},"east":{"uv":[7.0,10.4375,7.1875,12.6875],"rotation":0,"texture":"#0","tintindex":0},"north":{"uv":[9.3125,4.25,9.75,6.5],"rotation":0,"texture":"#0","tintindex":0},"south":{"uv":[7.875,9.3125,8.3125,11.5625],"rotation":0,"texture":"#0","tintindex":0},"up":{"uv":[13.8125,12.8125,13.375,12.625],"rotation":0,"texture":"#0","tintindex":0},"west":{"uv":[7.1875,10.4375,7.375,12.6875],"rotation":0,"texture":"#0","tintindex":0}}},{"name":"cube","from":[16.571428,-13.857143,14.857142],"to":[19.571428,1.5714283,16.142857],"rotation":{"angle":0.0,"axis":"x","origin":[23.857143,-13.857143,9.285714]},"faces":{"down":{"uv":[13.875,13.375,13.4375,13.5625],"rotation":0,"texture":"#0","tintindex":0},"east":{"uv":[7.375,10.4375,7.5625,12.6875],"rotation":0,"texture":"#0","tintindex":0},"north":{"uv":[8.3125,9.3125,8.75,11.5625],"rotation":0,"texture":"#0","tintindex":0},"south":{"uv":[8.75,9.3125,9.1875,11.5625],"rotation":0,"texture":"#0","tintindex":0},"up":{"uv":[13.875,13.375,13.4375,13.1875],"rotation":0,"texture":"#0","tintindex":0},"west":{"uv":[7.5625,10.4375,7.75,12.6875],"rotation":0,"texture":"#0","tintindex":0}}},{"name":"cube","from":[-7.0,-6.5714293,8.428572],"to":[-4.4285717,-4.0,10.571428],"rotation":{"angle":0.0,"axis":"x","origin":[-18.571428,-13.857143,6.7142854]},"faces":{"down":{"uv":[1.3125,13.125,0.9375,13.4375],"rotation":0,"texture":"#0","tintindex":0},"east":{"uv":[6.1875,13.0625,6.5,13.4375],"rotation":0,"texture":"#0","tintindex":0},"north":{"uv":[11.6875,13.0,12.0625,13.375],"rotation":0,"texture":"#0","tintindex":0},"south":{"uv":[13.0,11.6875,13.375,12.0625],"rotation":0,"texture":"#0","tintindex":0},"up":{"uv":[6.625,11.375,6.25,11.0625],"rotation":0,"texture":"#0","tintindex":0},"west":{"uv":[0.625,13.125,0.9375,13.5],"rotation":0,"texture":"#0","tintindex":0}}},{"name":"cube","from":[-3.4369888,-11.661907,8.385714],"to":[-2.1512742,-8.61905,10.614285],"rotation":{"angle":22.5,"axis":"z","origin":[-16.29413,-18.51905,6.7142854]},"faces":{"down":{"uv":[2.5625,13.75,2.375,14.0625],"rotation":0,"texture":"#0","tintindex":0},"east":{"uv":[1.3125,13.125,1.625,13.5],"rotation":0,"texture":"#0","tintindex":0},"north":{"uv":[9.125,4.25,9.3125,4.625],"rotation":0,"texture":"#0","tintindex":0},"south":{"uv":[1.3125,11.8125,1.5,12.1875],"rotation":0,"texture":"#0","tintindex":0},"up":{"uv":[0.5,14.0625,0.3125,13.75],"rotation":0,"texture":"#0","tintindex":0},"west":{"uv":[1.625,13.125,1.9375,13.5],"rotation":0,"texture":"#0","tintindex":0}}},{"name":"cube","from":[1.2102683,-14.17687,8.428572],"to":[2.9245539,-11.605442,10.571428],"rotation":{"angle":45.0,"axis":"z","origin":[-11.218303,-21.462585,6.7142854]},"faces":{"down":{"uv":[3.3125,13.4375,3.0625,13.75],"rotation":0,"texture":"#0","tintindex":0},"east":{"uv":[1.9375,13.125,2.25,13.5],"rotation":0,"texture":"#0","tintindex":0},"north":{"uv":[7.875,8.75,8.125,9.125],"rotation":0,"texture":"#0","tintindex":0},"south":{"uv":[6.375,11.375,6.625,11.75],"rotation":0,"texture":"#0","tintindex":0},"up":{"uv":[1.5,10.875,1.25,10.5625],"rotation":0,"texture":"#0","tintindex":0},"west":{"uv":[2.25,13.125,2.5625,13.5],"rotation":0,"texture":"#0","tintindex":0}}},{"name":"cube","from":[-12.3342285,-2.239966,8.385714],"to":[-9.29137,-0.52568054,10.614285],"rotation":{"angle":-22.5,"axis":"z","origin":[-23.8628,-10.382823,6.7142854]},"faces":{"down":{"uv":[3.3125,13.125,2.9375,13.4375],"rotation":0,"texture":"#0","tintindex":0},"east":{"uv":[0.0,13.5,0.3125,13.75],"rotation":0,"texture":"#0","tintindex":0},"north":{"uv":[9.375,4.0,9.75,4.25],"rotation":0,"texture":"#0","tintindex":0},"south":{"uv":[6.375,9.5625,6.75,9.8125],"rotation":0,"texture":"#0","tintindex":0},"up":{"uv":[2.9375,13.4375,2.5625,13.125],"rotation":0,"texture":"#0","tintindex":0},"west":{"uv":[0.3125,13.5,0.625,13.75],"rotation":0,"texture":"#0","tintindex":0}}},{"name":"cube","from":[-10.056057,-14.145142,8.428572],"to":[-7.4846287,-7.287999,10.571428],"rotation":{"angle":0.0,"axis":"x","origin":[-21.627485,-17.145142,6.7142854]},"faces":{"down":{"uv":[13.5625,0.625,13.1875,0.9375],"rotation":0,"texture":"#0","tintindex":0},"east":{"uv":[11.5625,11.6875,11.875,12.6875],"rotation":0,"texture":"#0","tintindex":0},"north":{"uv":[6.625,10.75,7.0,11.75],"rotation":0,"texture":"#0","tintindex":0},"south":{"uv":[10.4375,10.75,10.8125,11.75],"rotation":0,"texture":"#0","tintindex":0},"up":{"uv":[13.5,7.3125,13.125,7.0],"rotation":0,"texture":"#0","tintindex":0},"west":{"uv":[11.75,0.625,12.0625,1.625],"rotation":0,"texture":"#0","tintindex":0}}},{"name":"cube","from":[-7.0,-6.5714293,12.285714],"to":[-4.4285717,-4.0,14.428572],"rotation":{"angle":0.0,"axis":"x","origin":[-18.571428,-13.857143,10.571428]},"faces":{"down":{"uv":[1.3125,13.125,0.9375,13.4375],"rotation":0,"texture":"#0","tintindex":0},"east":{"uv":[6.1875,13.0625,6.5,13.4375],"rotation":0,"texture":"#0","tintindex":0},"north":{"uv":[11.6875,13.0,12.0625,13.375],"rotation":0,"texture":"#0","tintindex":0},"south":{"uv":[13.0,11.6875,13.375,12.0625],"rotation":0,"texture":"#0","tintindex":0},"up":{"uv":[6.625,11.375,6.25,11.0625],"rotation":0,"texture":"#0","tintindex":0},"west":{"uv":[0.625,13.125,0.9375,13.5],"rotation":0,"texture":"#0","tintindex":0}}},{"name":"cube","from":[-3.4369888,-11.661907,12.242857],"to":[-2.1512742,-8.61905,14.471429],"rotation":{"angle":22.5,"axis":"z","origin":[-16.29413,-18.51905,10.571428]},"faces":{"down":{"uv":[2.5625,13.75,2.375,14.0625],"rotation":0,"texture":"#0","tintindex":0},"east":{"uv":[1.3125,13.125,1.625,13.5],"rotation":0,"texture":"#0","tintindex":0},"north":{"uv":[9.125,4.25,9.3125,4.625],"rotation":0,"texture":"#0","tintindex":0},"south":{"uv":[1.3125,11.8125,1.5,12.1875],"rotation":0,"texture":"#0","tintindex":0},"up":{"uv":[0.5,14.0625,0.3125,13.75],"rotation":0,"texture":"#0","tintindex":0},"west":{"uv":[1.625,13.125,1.9375,13.5],"rotation":0,"texture":"#0","tintindex":0}}},{"name":"cube","from":[1.2102683,-14.17687,12.285714],"to":[2.9245539,-11.605442,14.428572],"rotation":{"angle":45.0,"axis":"z","origin":[-11.218303,-21.462585,10.571428]},"faces":{"down":{"uv":[3.3125,13.4375,3.0625,13.75],"rotation":0,"texture":"#0","tintindex":0},"east":{"uv":[1.9375,13.125,2.25,13.5],"rotation":0,"texture":"#0","tintindex":0},"north":{"uv":[7.875,8.75,8.125,9.125],"rotation":0,"texture":"#0","tintindex":0},"south":{"uv":[6.375,11.375,6.625,11.75],"rotation":0,"texture":"#0","tintindex":0},"up":{"uv":[1.5,10.875,1.25,10.5625],"rotation":0,"texture":"#0","tintindex":0},"west":{"uv":[2.25,13.125,2.5625,13.5],"rotation":0,"texture":"#0","tintindex":0}}},{"name":"cube","from":[-12.3342285,-2.239966,12.242857],"to":[-9.29137,-0.52568054,14.471429],"rotation":{"angle":-22.5,"axis":"z","origin":[-23.8628,-10.382823,10.571428]},"faces":{"down":{"uv":[3.3125,13.125,2.9375,13.4375],"rotation":0,"texture":"#0","tintindex":0},"east":{"uv":[0.0,13.5,0.3125,13.75],"rotation":0,"texture":"#0","tintindex":0},"north":{"uv":[9.375,4.0,9.75,4.25],"rotation":0,"texture":"#0","tintindex":0},"south":{"uv":[6.375,9.5625,6.75,9.8125],"rotation":0,"texture":"#0","tintindex":0},"up":{"uv":[2.9375,13.4375,2.5625,13.125],"rotation":0,"texture":"#0","tintindex":0},"west":{"uv":[0.3125,13.5,0.625,13.75],"rotation":0,"texture":"#0","tintindex":0}}},{"name":"cube","from":[-10.056057,-14.145142,12.285714],"to":[-7.4846287,-7.287999,14.428572],"rotation":{"angle":0.0,"axis":"x","origin":[-21.627485,-17.145142,10.571428]},"faces":{"down":{"uv":[13.5625,0.625,13.1875,0.9375],"rotation":0,"texture":"#0","tintindex":0},"east":{"uv":[11.5625,11.6875,11.875,12.6875],"rotation":0,"texture":"#0","tintindex":0},"north":{"uv":[6.625,10.75,7.0,11.75],"rotation":0,"texture":"#0","tintindex":0},"south":{"uv":[10.4375,10.75,10.8125,11.75],"rotation":0,"texture":"#0","tintindex":0},"up":{"uv":[13.5,7.3125,13.125,7.0],"rotation":0,"texture":"#0","tintindex":0},"west":{"uv":[11.75,0.625,12.0625,1.625],"rotation":0,"texture":"#0","tintindex":0}}}],"display":{"head":{"translation":[0.0,-6.4,0.0],"rotation":[0.0,0.0,0.0],"scale":[3.7333333,3.7333333,3.7333333]}}}