{"textures":{"0":"modelengine:entity/fortune_machine","1":"modelengine:entity/lever_fortune"},"elements":[{"name":"cube","from":[7.7,8.0,7.7],"to":[8.3,14.0,8.3],"rotation":{"angle":0.0,"axis":"x","origin":[8.0,35.0,44.600002]},"faces":{"down":{"uv":[7.0,5.0,6.0,6.0],"rotation":0,"texture":"#1","tintindex":0},"east":{"uv":[1.0,0.0,2.0,10.0],"rotation":0,"texture":"#1","tintindex":0},"north":{"uv":[0.0,0.0,1.0,10.0],"rotation":0,"texture":"#1","tintindex":0},"south":{"uv":[2.0,0.0,3.0,10.0],"rotation":0,"texture":"#1","tintindex":0},"up":{"uv":[7.0,5.0,6.0,4.0],"rotation":0,"texture":"#1","tintindex":0},"west":{"uv":[3.0,0.0,4.0,10.0],"rotation":0,"texture":"#1","tintindex":0}}},{"name":"cube","from":[7.4,14.0,7.4],"to":[8.6,15.2,8.6],"rotation":{"angle":0.0,"axis":"x","origin":[8.0,21.8,28.400002]},"faces":{"down":{"uv":[6.0,6.0,4.0,8.0],"rotation":0,"texture":"#1","tintindex":0},"east":{"uv":[4.0,2.0,6.0,4.0],"rotation":0,"texture":"#1","tintindex":0},"north":{"uv":[4.0,0.0,6.0,2.0],"rotation":0,"texture":"#1","tintindex":0},"south":{"uv":[4.0,4.0,6.0,6.0],"rotation":0,"texture":"#1","tintindex":0},"up":{"uv":[8.0,4.0,6.0,2.0],"rotation":0,"texture":"#1","tintindex":0},"west":{"uv":[6.0,0.0,8.0,2.0],"rotation":0,"texture":"#1","tintindex":0}}}],"display":{"head":{"translation":[0.0,-6.4,0.0],"rotation":[0.0,0.0,0.0],"scale":[3.8095,3.8095,3.8095]}}}