{"textures":{"0":"modelengine:entity/pirate"},"elements":[{"name":"cube","from":[7.1,6.2,6.2],"to":[8.9,8.0,8.0],"rotation":{"angle":0.0,"axis":"x","origin":[7.1,10.4,6.2]},"faces":{"down":{"uv":[12.0,2.75,12.75,3.5],"rotation":0,"texture":"#0","tintindex":0},"east":{"uv":[12.5,4.25,11.75,5.0],"rotation":0,"texture":"#0","tintindex":0},"north":{"uv":[12.25,10.25,11.5,11.0],"rotation":0,"texture":"#0","tintindex":0},"south":{"uv":[12.5,1.0,11.75,1.75],"rotation":0,"texture":"#0","tintindex":0},"up":{"uv":[12.0,2.75,12.75,2.0],"rotation":0,"texture":"#0","tintindex":0},"west":{"uv":[12.5,0.0,11.75,0.75],"rotation":0,"texture":"#0","tintindex":0}}},{"name":"cube","from":[7.1,4.3999996,6.2],"to":[8.9,6.2,8.0],"rotation":{"angle":0.0,"axis":"x","origin":[7.1,10.4,6.2]},"faces":{"down":{"uv":[15.0,0.75,15.75,1.5],"rotation":0,"texture":"#0","tintindex":0},"east":{"uv":[14.25,0.75,13.5,1.5],"rotation":0,"texture":"#0","tintindex":0},"north":{"uv":[14.25,0.0,13.5,0.75],"rotation":0,"texture":"#0","tintindex":0},"south":{"uv":[15.0,0.0,14.25,0.75],"rotation":0,"texture":"#0","tintindex":0},"up":{"uv":[14.25,1.5,15.0,0.75],"rotation":0,"texture":"#0","tintindex":0},"west":{"uv":[15.75,0.0,15.0,0.75],"rotation":0,"texture":"#0","tintindex":0}}},{"name":"cube","from":[8.0,1.3999997,5.6],"to":[8.0,4.3999996,8.6],"rotation":{"angle":0.0,"axis":"x","origin":[7.1,10.4,6.2]},"faces":{"down":{"uv":[15.0,0.75,15.75,1.5],"rotation":0,"texture":"#0","tintindex":0},"east":{"uv":[12.75,2.25,14.0,3.5],"rotation":0,"texture":"#0","tintindex":0},"north":{"uv":[14.25,0.0,13.5,0.75],"rotation":0,"texture":"#0","tintindex":0},"south":{"uv":[15.0,0.0,14.25,0.75],"rotation":0,"texture":"#0","tintindex":0},"up":{"uv":[14.25,1.5,15.0,0.75],"rotation":0,"texture":"#0","tintindex":0},"west":{"uv":[14.0,2.25,12.75,3.5],"rotation":0,"texture":"#0","tintindex":0}}}],"display":{"head":{"translation":[0.0,-6.4,0.0],"rotation":[0.0,0.0,0.0],"scale":[3.8095,3.8095,3.8095]}}}