{"textures":{"0":"modelengine:entity/tiger_pleased"},"elements":[{"name":"cube","from":[7.28,7.28,8.0],"to":[8.719999,8.719999,11.0],"rotation":{"angle":0.0,"axis":"x","origin":[8.0,8.0,2.6]},"faces":{"down":{"uv":[6.6875,2.25,6.375,2.875],"rotation":0,"texture":"#0","tintindex":0},"east":{"uv":[4.625,3.625,5.25,3.9375],"rotation":0,"texture":"#0","tintindex":0},"north":{"uv":[4.125,7.375,4.4375,7.6875],"rotation":0,"texture":"#0","tintindex":0},"south":{"uv":[6.875,7.375,7.1875,7.6875],"rotation":0,"texture":"#0","tintindex":0},"up":{"uv":[4.5625,1.875,4.25,1.25],"rotation":0,"texture":"#0","tintindex":0},"west":{"uv":[5.75,2.75,6.375,3.0625],"rotation":0,"texture":"#0","tintindex":0}}},{"name":"cube","from":[7.46,7.4,11.0],"to":[8.6,8.6,11.24],"rotation":{"angle":0.0,"axis":"x","origin":[8.0,8.0,2.6]},"faces":{"down":{"uv":[8.125,4.0,7.875,4.0625],"rotation":0,"texture":"#0","tintindex":0},"east":{"uv":[3.125,2.0,3.1875,2.25],"rotation":0,"texture":"#0","tintindex":0},"north":{"uv":[7.75,4.875,8.0,5.125],"rotation":0,"texture":"#0","tintindex":0},"south":{"uv":[7.75,6.125,8.0,6.375],"rotation":0,"texture":"#0","tintindex":0},"up":{"uv":[8.125,3.9375,7.875,3.875],"rotation":0,"texture":"#0","tintindex":0},"west":{"uv":[7.875,3.625,7.9375,3.875],"rotation":0,"texture":"#0","tintindex":0}}},{"name":"cube","from":[7.4,8.719999,8.24],"to":[8.6,8.9,10.76],"rotation":{"angle":0.0,"axis":"x","origin":[8.0,8.0,2.6]},"faces":{"down":{"uv":[7.0,2.25,6.75,2.78125],"rotation":0,"texture":"#0","tintindex":0},"east":{"uv":[7.875,0.75,8.40625,0.78125],"rotation":0,"texture":"#0","tintindex":0},"north":{"uv":[7.125,7.875,7.375,7.90625],"rotation":0,"texture":"#0","tintindex":0},"south":{"uv":[7.875,7.5,8.125,7.53125],"rotation":0,"texture":"#0","tintindex":0},"up":{"uv":[3.375,7.03125,3.125,6.5],"rotation":0,"texture":"#0","tintindex":0},"west":{"uv":[7.875,0.875,8.40625,0.90625],"rotation":0,"texture":"#0","tintindex":0}}},{"name":"cube","from":[7.4,7.1,8.24],"to":[8.6,7.28,10.76],"rotation":{"angle":0.0,"axis":"x","origin":[8.0,8.0,2.6]},"faces":{"down":{"uv":[4.125,7.125,3.875,7.65625],"rotation":0,"texture":"#0","tintindex":0},"east":{"uv":[7.875,1.0,8.40625,1.03125],"rotation":0,"texture":"#0","tintindex":0},"north":{"uv":[7.875,7.625,8.125,7.65625],"rotation":0,"texture":"#0","tintindex":0},"south":{"uv":[7.75,7.875,8.0,7.90625],"rotation":0,"texture":"#0","tintindex":0},"up":{"uv":[7.25,2.78125,7.0,2.25],"rotation":0,"texture":"#0","tintindex":0},"west":{"uv":[7.875,2.75,8.40625,2.78125],"rotation":0,"texture":"#0","tintindex":0}}},{"name":"cube","from":[7.16,7.4,8.24],"to":[7.28,8.54,10.76],"rotation":{"angle":0.0,"axis":"x","origin":[8.0,8.0,2.6]},"faces":{"down":{"uv":[7.90625,2.875,7.875,3.40625],"rotation":0,"texture":"#0","tintindex":0},"east":{"uv":[2.25,6.75,2.78125,7.0],"rotation":0,"texture":"#0","tintindex":0},"north":{"uv":[7.375,7.875,7.40625,8.125],"rotation":0,"texture":"#0","tintindex":0},"south":{"uv":[0.0,8.0,0.03125,8.25],"rotation":0,"texture":"#0","tintindex":0},"up":{"uv":[1.03125,8.40625,1.0,7.875],"rotation":0,"texture":"#0","tintindex":0},"west":{"uv":[7.0,2.875,7.53125,3.125],"rotation":0,"texture":"#0","tintindex":0}}},{"name":"cube","from":[8.719999,7.4,8.24],"to":[8.84,8.54,10.76],"rotation":{"angle":0.0,"axis":"x","origin":[8.0,8.0,2.6]},"faces":{"down":{"uv":[5.78125,7.875,5.75,8.40625],"rotation":0,"texture":"#0","tintindex":0},"east":{"uv":[7.125,6.125,7.65625,6.375],"rotation":0,"texture":"#0","tintindex":0},"north":{"uv":[0.125,8.0,0.15625,8.25],"rotation":0,"texture":"#0","tintindex":0},"south":{"uv":[8.0,0.125,8.03125,0.375],"rotation":0,"texture":"#0","tintindex":0},"up":{"uv":[4.53125,8.40625,4.5,7.875],"rotation":0,"texture":"#0","tintindex":0},"west":{"uv":[0.0,7.25,0.53125,7.5],"rotation":0,"texture":"#0","tintindex":0}}}],"display":{"head":{"translation":[0.0,-6.4,0.0],"rotation":[0.0,0.0,0.0],"scale":[3.8095,3.8095,3.8095]}}}