{"textures":{"0":"modelengine:entity/tiger_pleased"},"elements":[{"name":"cube","from":[5.6,6.8,7.8392305],"to":[8.0,9.2,8.43923],"rotation":{"angle":0.0,"axis":"x","origin":[9.8,0.19999981,11.439231]},"faces":{"down":{"uv":[8.0,4.5,7.5,4.625],"rotation":0,"texture":"#0","tintindex":0},"east":{"uv":[5.125,3.125,5.25,3.625],"rotation":0,"texture":"#0","tintindex":0},"north":{"uv":[4.625,3.125,5.125,3.625],"rotation":0,"texture":"#0","tintindex":0},"south":{"uv":[3.0,5.5,3.5,6.0],"rotation":0,"texture":"#0","tintindex":0},"up":{"uv":[2.75,7.125,2.25,7.0],"rotation":0,"texture":"#0","tintindex":0},"west":{"uv":[6.25,2.25,6.375,2.75],"rotation":0,"texture":"#0","tintindex":0}}},{"name":"cube","from":[5.3,7.04,7.8392305],"to":[5.6,8.84,8.43923],"rotation":{"angle":0.0,"axis":"x","origin":[9.8,0.19999981,11.439231]},"faces":{"down":{"uv":[6.0625,7.875,6.0,8.0],"rotation":0,"texture":"#0","tintindex":0},"east":{"uv":[1.0,7.5,1.125,7.875],"rotation":0,"texture":"#0","tintindex":0},"north":{"uv":[7.5,7.75,7.5625,8.125],"rotation":0,"texture":"#0","tintindex":0},"south":{"uv":[7.75,7.5,7.8125,7.875],"rotation":0,"texture":"#0","tintindex":0},"up":{"uv":[5.9375,8.0,5.875,7.875],"rotation":0,"texture":"#0","tintindex":0},"west":{"uv":[4.375,7.75,4.5,8.125],"rotation":0,"texture":"#0","tintindex":0}}},{"name":"cube","from":[6.0199995,9.2,7.8392305],"to":[7.7599998,9.5,8.43923],"rotation":{"angle":0.0,"axis":"x","origin":[9.8,0.19999981,11.439231]},"faces":{"down":{"uv":[7.625,2.75,7.25,2.875],"rotation":0,"texture":"#0","tintindex":0},"east":{"uv":[6.125,7.875,6.25,7.9375],"rotation":0,"texture":"#0","tintindex":0},"north":{"uv":[0.0,7.875,0.375,7.9375],"rotation":0,"texture":"#0","tintindex":0},"south":{"uv":[7.875,0.0,8.25,0.0625],"rotation":0,"texture":"#0","tintindex":0},"up":{"uv":[4.625,2.0,4.25,1.875],"rotation":0,"texture":"#0","tintindex":0},"west":{"uv":[6.25,7.875,6.375,7.9375],"rotation":0,"texture":"#0","tintindex":0}}}],"display":{"head":{"translation":[0.0,-6.4,0.0],"rotation":[0.0,0.0,0.0],"scale":[3.8095,3.8095,3.8095]}}}