{
	"credit": "Made with Blockbench",
	"textures": {
		"0": "item/fish/1",
		"particle": "item/fish/1"
	},
	"elements": [
		{
			"from": [0, 1, 0],
			"to": [2, 4, 11],
			"faces": {
				"north": {"uv": [8.75, 4.5, 9.25, 5.25], "texture": "#0"},
				"east": {"uv": [2.75, 0.75, 0, 1.5], "texture": "#0"},
				"south": {"uv": [8.75, 7.5, 9.25, 8.25], "texture": "#0"},
				"west": {"uv": [0, 0.75, 2.75, 1.5], "texture": "#0"},
				"up": {"uv": [8.75, 5.75, 9.25, 8.5], "texture": "#0"},
				"down": {"uv": [8.75, 5, 9.25, 5.25], "texture": "#0"}
			}
		},
		{
			"from": [-2.2, 1.4, 3.9],
			"to": [0, 1.4, 7.1],
			"faces": {
				"north": {"uv": [12.75, 8.75, 12.25, 8.25], "texture": "#0"},
				"east": {"uv": [12.75, 8.75, 12.25, 8.25], "texture": "#0"},
				"south": {"uv": [12.75, 8.75, 12.25, 8.25], "texture": "#0"},
				"west": {"uv": [12.75, 8.75, 12.25, 8.25], "texture": "#0"},
				"up": {"uv": [12.75, 8.75, 12.25, 8.25], "texture": "#0"},
				"down": {"uv": [12.75, 8.25, 12.25, 8.75], "texture": "#0"}
			}
		},
		{
			"from": [2, 1.4, 3.9],
			"to": [4.2, 1.4, 7.1],
			"rotation": {"angle": 0, "axis": "y", "origin": [16, 0, 0]},
			"faces": {
				"north": {"uv": [12.25, 8.75, 12.75, 8.25], "texture": "#0"},
				"east": {"uv": [12.25, 8.75, 12.75, 8.25], "texture": "#0"},
				"south": {"uv": [12.25, 8.75, 12.75, 8.25], "texture": "#0"},
				"west": {"uv": [12.25, 8.75, 12.75, 8.25], "texture": "#0"},
				"up": {"uv": [12.25, 8.75, 12.75, 8.25], "texture": "#0"},
				"down": {"uv": [12.25, 8.25, 12.75, 8.75], "texture": "#0"}
			}
		},
		{
			"from": [1, 4, 3],
			"to": [1, 5, 9],
			"faces": {
				"north": {"uv": [8.75, 4.5, 9.25, 5.25], "texture": "#0"},
				"east": {"uv": [2.75, 0.75, 0, 1.5], "texture": "#0"},
				"south": {"uv": [8.75, 7.5, 9.25, 8.25], "texture": "#0"},
				"west": {"uv": [0.75, 0.75, 2.25, 1], "texture": "#0"},
				"up": {"uv": [8.75, 5.75, 9.25, 8.5], "texture": "#0"},
				"down": {"uv": [8.75, 5, 9.25, 5.25], "texture": "#0"}
			}
		},
		{
			"from": [0.6, 0.1, 10.8],
			"to": [0.6, 4.1, 16.6],
			"faces": {
				"north": {"uv": [11.5, 9.75, 13, 10.75], "texture": "#0"},
				"east": {"uv": [13, 9.75, 11.5, 10.75], "texture": "#0"},
				"south": {"uv": [11.5, 9.75, 13, 10.75], "texture": "#0"},
				"west": {"uv": [11.5, 9.75, 13, 10.75], "texture": "#0"},
				"up": {"uv": [11.5, 9.75, 13, 10.75], "texture": "#0"},
				"down": {"uv": [11.5, 9.75, 13, 10.75], "texture": "#0"}
			}
		},
		{
			"from": [0, 0, 1],
			"to": [2, 1, 11],
			"faces": {
				"north": {"uv": [8.75, 5.25, 9.25, 5.5], "texture": "#0"},
				"east": {"uv": [0, 0, 10, 1], "texture": "#missing"},
				"south": {"uv": [8.75, 5.25, 9.25, 5.5], "texture": "#0"},
				"west": {"uv": [0.25, 1.5, 2.75, 1.75], "texture": "#0"},
				"up": {"uv": [0, 0, 3, 10], "texture": "#missing"},
				"down": {"uv": [0, 0, 3, 10], "texture": "#missing"}
			}
		}
	],
	"display": {
		"thirdperson_righthand": {
			"rotation": [95, 0, 0],
			"translation": [4.25, 0.5, 5],
			"scale": [0.61, 0.6, 0.58984]
		},
		"thirdperson_lefthand": {
			"rotation": [95, 0, 0],
			"translation": [-3.5, 0.5, 5.25],
			"scale": [0.61, 0.6, 0.58984]
		},
		"firstperson_righthand": {
			"rotation": [5, 29, 0],
			"translation": [8.75, 8.25, -1.5]
		},
		"firstperson_lefthand": {
			"rotation": [5, 29, 0],
			"translation": [-1.5, 7.25, 4.25]
		},
		"ground": {
			"translation": [6.75, 8.75, 1.5]
		},
		"gui": {
			"rotation": [15, 90, 2],
			"translation": [0, 7.75, 0],
			"scale": [1, 1, 0.86133]
		},
		"fixed": {
			"rotation": [0, 90, 0],
			"translation": [0, 5.5, -9.25]
		}
	}
}