{
	"credit": "Made with Blockbench",
	"textures": {
		"0": "item/fish/vangklim",
		"particle": "item/fish/vangklim"
	},
	"elements": [
		{
			"from": [5.23, -0.2, 10.09],
			"to": [5.23, 2.26, 11.69],
			"rotation": {"angle": 0, "axis": "y", "origin": [-2.4, 0.7, -0.5]},
			"faces": {
				"north": {"uv": [0.5, 10.1875, 3.9625, 14.575], "texture": "#0"},
				"east": {"uv": [0.5, 10.1875, 3.9625, 14.575], "texture": "#0"},
				"south": {"uv": [0.5, 10.1875, 3.9625, 14.575], "texture": "#0"},
				"west": {"uv": [3.9625, 10.1875, 0.5, 14.575], "texture": "#0"},
				"up": {"uv": [0.5, 10.1875, 3.9625, 14.575], "texture": "#0"},
				"down": {"uv": [0.5, 10.1875, 3.9625, 14.575], "texture": "#0"}
			}
		},
		{
			"from": [6.63, -0.2, 7.61],
			"to": [6.63, 2.26, 9.51],
			"rotation": {"angle": 0, "axis": "y", "origin": [-2.4, 0.7, 16.5]},
			"faces": {
				"north": {"uv": [3.9625, 10.1875, 0.5, 14.575], "texture": "#0"},
				"east": {"uv": [3.9625, 10.1875, 0.5, 14.575], "texture": "#0"},
				"south": {"uv": [3.9625, 10.1875, 0.5, 14.575], "texture": "#0"},
				"west": {"uv": [0.5, 10.1875, 3.9625, 14.575], "texture": "#0"},
				"up": {"uv": [0.5, 14.575, 3.9625, 10.1875], "texture": "#0"},
				"down": {"uv": [0.5, 14.575, 3.9625, 10.1875], "texture": "#0"}
			}
		},
		{
			"from": [5.93, -0.2, 7.01],
			"to": [5.93, 2.26, 8.91],
			"rotation": {"angle": 0, "axis": "y", "origin": [-2.4, 0.7, 16.5]},
			"faces": {
				"north": {"uv": [3.9625, 10.1875, 0.5, 14.575], "texture": "#0"},
				"east": {"uv": [3.9625, 10.1875, 0.5, 14.575], "texture": "#0"},
				"south": {"uv": [3.9625, 10.1875, 0.5, 14.575], "texture": "#0"},
				"west": {"uv": [0.5, 10.1875, 3.9625, 14.575], "texture": "#0"},
				"up": {"uv": [0.5, 14.575, 3.9625, 10.1875], "texture": "#0"},
				"down": {"uv": [0.5, 14.575, 3.9625, 10.1875], "texture": "#0"}
			}
		},
		{
			"from": [5.23, -0.2, 7.31],
			"to": [5.23, 2.26, 8.91],
			"rotation": {"angle": 0, "axis": "y", "origin": [-2.4, 0.7, 16.5]},
			"faces": {
				"north": {"uv": [3.9625, 10.1875, 0.5, 14.575], "texture": "#0"},
				"east": {"uv": [3.9625, 10.1875, 0.5, 14.575], "texture": "#0"},
				"south": {"uv": [3.9625, 10.1875, 0.5, 14.575], "texture": "#0"},
				"west": {"uv": [0.5, 10.1875, 3.9625, 14.575], "texture": "#0"},
				"up": {"uv": [0.5, 14.575, 3.9625, 10.1875], "texture": "#0"},
				"down": {"uv": [0.5, 14.575, 3.9625, 10.1875], "texture": "#0"}
			}
		},
		{
			"from": [5.93, -0.2, 10.09],
			"to": [5.93, 2.26, 11.99],
			"rotation": {"angle": 0, "axis": "y", "origin": [-2.4, 0.7, -0.5]},
			"faces": {
				"north": {"uv": [0.5, 10.1875, 3.9625, 14.575], "texture": "#0"},
				"east": {"uv": [0.5, 10.1875, 3.9625, 14.575], "texture": "#0"},
				"south": {"uv": [0.5, 10.1875, 3.9625, 14.575], "texture": "#0"},
				"west": {"uv": [3.9625, 10.1875, 0.5, 14.575], "texture": "#0"},
				"up": {"uv": [0.5, 10.1875, 3.9625, 14.575], "texture": "#0"},
				"down": {"uv": [0.5, 10.1875, 3.9625, 14.575], "texture": "#0"}
			}
		},
		{
			"from": [6.63, -0.2, 9.29],
			"to": [6.63, 2.26, 11.19],
			"rotation": {"angle": 0, "axis": "y", "origin": [-2.4, 0.7, -0.5]},
			"faces": {
				"north": {"uv": [0.5, 10.1875, 3.9625, 14.575], "texture": "#0"},
				"east": {"uv": [0.5, 10.1875, 3.9625, 14.575], "texture": "#0"},
				"south": {"uv": [0.5, 10.1875, 3.9625, 14.575], "texture": "#0"},
				"west": {"uv": [3.9625, 10.1875, 0.5, 14.575], "texture": "#0"},
				"up": {"uv": [0.5, 10.1875, 3.9625, 14.575], "texture": "#0"},
				"down": {"uv": [0.5, 10.1875, 3.9625, 14.575], "texture": "#0"}
			}
		},
		{
			"from": [3.35, 1.35, 8.85],
			"to": [4.1, 2.13, 9.93],
			"rotation": {"angle": 0, "axis": "z", "origin": [16.45, -12.69, 8.99]},
			"faces": {
				"north": {"uv": [3.875, 2.25, 5.2875, 3.6875], "rotation": 270, "texture": "#0"},
				"east": {"uv": [3.875, 2.25, 5.2875, 3.6875], "rotation": 270, "texture": "#0"},
				"south": {"uv": [3.875, 2.25, 5.2875, 3.6875], "rotation": 270, "texture": "#0"},
				"west": {"uv": [3.875, 2.25, 4.655, 3.33], "rotation": 270, "texture": "#0"},
				"up": {"uv": [3.875, 2.25, 4.955, 3], "rotation": 270, "texture": "#0"},
				"down": {"uv": [3.875, 2.25, 4.955, 3], "rotation": 270, "texture": "#0"}
			}
		},
		{
			"from": [2.04691, 1.02687, 7.44787],
			"to": [3.78891, 1.92467, 8.62187],
			"rotation": {"angle": 0, "axis": "y", "origin": [4.41629, 1.85341, 7.24367]},
			"faces": {
				"north": {"uv": [2.9375, 3.0625, 3.8353, 4.8045], "rotation": 270, "texture": "#0"},
				"east": {"uv": [2.1875, 3.125, 3.4625, 4.3375], "rotation": 270, "texture": "#0"},
				"south": {"uv": [2.9375, 3.0625, 3.8353, 4.8045], "rotation": 270, "texture": "#0"},
				"west": {"uv": [1.75, 5.75, 3.025, 6.9625], "rotation": 270, "texture": "#0"},
				"up": {"uv": [1.4375, 3.125, 3.4625, 5.775], "rotation": 270, "texture": "#0"},
				"down": {"uv": [1.3125, 3.125, 3.4625, 5.775], "rotation": 270, "texture": "#0"}
			}
		},
		{
			"from": [3.82161, 1.19487, 8.112],
			"to": [5.62041, 1.82467, 8.716],
			"rotation": {"angle": -22.5, "axis": "y", "origin": [4.747, 2.1214, 7.4058]},
			"faces": {
				"north": {"uv": [12.7125, 4.9375, 11.6875, 6.025], "rotation": 270, "texture": "#0"},
				"east": {"uv": [12.7125, 4.9375, 11.6875, 6.025], "rotation": 270, "texture": "#0"},
				"south": {"uv": [12.7125, 4.9375, 11.6875, 6.025], "rotation": 270, "texture": "#0"},
				"west": {"uv": [12.7125, 4.9375, 11.6875, 6.025], "rotation": 270, "texture": "#0"},
				"up": {"uv": [12.7125, 4.9375, 11.6875, 6.025], "rotation": 270, "texture": "#0"},
				"down": {"uv": [12.7125, 4.9375, 11.6875, 6.025], "rotation": 270, "texture": "#0"}
			}
		},
		{
			"from": [2.04691, 1.02687, 10.07813],
			"to": [3.78891, 1.92467, 11.25213],
			"rotation": {"angle": 0, "axis": "y", "origin": [4.41629, 1.85341, 11.45633]},
			"faces": {
				"north": {"uv": [2.9375, 4.8045, 3.8353, 3.0625], "rotation": 270, "texture": "#0"},
				"east": {"uv": [2.1875, 4.3375, 3.4625, 3.125], "rotation": 270, "texture": "#0"},
				"south": {"uv": [2.9375, 4.8045, 3.8353, 3.0625], "rotation": 270, "texture": "#0"},
				"west": {"uv": [1.75, 6.9625, 3.025, 5.75], "rotation": 270, "texture": "#0"},
				"up": {"uv": [3.4625, 3.125, 1.4375, 5.775], "rotation": 270, "texture": "#0"},
				"down": {"uv": [3.4625, 3.125, 1.3125, 5.775], "rotation": 270, "texture": "#0"}
			}
		},
		{
			"from": [3.82161, 1.19487, 9.984],
			"to": [5.62041, 1.82467, 10.588],
			"rotation": {"angle": 22.5, "axis": "y", "origin": [4.747, 2.1214, 11.2942]},
			"faces": {
				"north": {"uv": [12.7125, 6.025, 11.6875, 4.9375], "rotation": 270, "texture": "#0"},
				"east": {"uv": [12.7125, 6.025, 11.6875, 4.9375], "rotation": 270, "texture": "#0"},
				"south": {"uv": [12.7125, 6.025, 11.6875, 4.9375], "rotation": 270, "texture": "#0"},
				"west": {"uv": [12.7125, 6.025, 11.6875, 4.9375], "rotation": 270, "texture": "#0"},
				"up": {"uv": [11.6875, 4.9375, 12.7125, 6.025], "rotation": 270, "texture": "#0"},
				"down": {"uv": [11.6875, 4.9375, 12.7125, 6.025], "rotation": 270, "texture": "#0"}
			}
		},
		{
			"from": [4.02, 0.83, 8.62],
			"to": [7.13, 2.26, 10.16],
			"rotation": {"angle": 0, "axis": "z", "origin": [16.45, -12.69, 8.99]},
			"faces": {
				"north": {"uv": [9.75, 6.25, 12.475, 8.425], "rotation": 270, "texture": "#0"},
				"east": {"uv": [9.75, 6.25, 12.475, 8.425], "rotation": 270, "texture": "#0"},
				"south": {"uv": [9.75, 6.25, 12.475, 8.425], "rotation": 270, "texture": "#0"},
				"west": {"uv": [9.75, 6.25, 12.475, 8.425], "rotation": 270, "texture": "#0"},
				"up": {"uv": [9.75, 4.125, 12.475, 8.425], "rotation": 270, "texture": "#0"},
				"down": {"uv": [9.75, 6.25, 12.475, 8.425], "rotation": 270, "texture": "#0"}
			}
		},
		{
			"from": [5.00413, -0.16411, 8.62],
			"to": [6.20413, 0.16589, 10.16],
			"rotation": {"angle": -22.5, "axis": "z", "origin": [12.02413, -13.88411, 8.99]},
			"faces": {
				"north": {"uv": [11.125, 2.5625, 11.9925, 3.65], "rotation": 270, "texture": "#0"},
				"east": {"uv": [11.125, 2.5625, 11.9925, 3.65], "rotation": 270, "texture": "#0"},
				"south": {"uv": [11.125, 2.5625, 11.9925, 3.65], "rotation": 270, "texture": "#0"},
				"west": {"uv": [11.125, 2.5625, 11.9925, 3.65], "rotation": 270, "texture": "#0"},
				"up": {"uv": [11.125, 2.5625, 11.9925, 3.65], "rotation": 270, "texture": "#0"},
				"down": {"uv": [11.125, 2.5625, 11.9925, 3.65], "rotation": 270, "texture": "#0"}
			}
		},
		{
			"from": [6.93, 1.13, 8.82],
			"to": [11.03, 2.06, 9.96],
			"rotation": {"angle": 0, "axis": "y", "origin": [17.45, -12.69, 8.99]},
			"faces": {
				"north": {"uv": [9.75, 6.25, 10.68, 9.15], "rotation": 270, "texture": "#0"},
				"east": {"uv": [9.75, 6.25, 10.68, 9.15], "rotation": 270, "texture": "#0"},
				"south": {"uv": [9.75, 6.25, 10.68, 9.15], "rotation": 270, "texture": "#0"},
				"west": {"uv": [9.75, 6.25, 10.68, 9.15], "rotation": 270, "texture": "#0"},
				"up": {"uv": [9.75, 6.25, 10.68, 9.15], "rotation": 270, "texture": "#0"},
				"down": {"uv": [9.75, 6.25, 10.68, 9.15], "rotation": 270, "texture": "#0"}
			}
		}
	],
	"display": {
		"thirdperson_righthand": {
			"translation": [0.75, 5.5, -2.25]
		},
		"thirdperson_lefthand": {
			"translation": [-2.75, 6, -1.5]
		},
		"firstperson_righthand": {
			"rotation": [21, -61, 0],
			"translation": [4.25, 7.5, 3.75]
		},
		"firstperson_lefthand": {
			"rotation": [21, 126, 0],
			"translation": [2.5, 5.75, 2.75]
		},
		"ground": {
			"translation": [1.75, 12.25, -3],
			"scale": [2.03, 2.03, 2.03]
		},
		"gui": {
			"rotation": [45, 49, 3],
			"translation": [-0.25, 10.5, 0],
			"scale": [1.78, 1.78, 1.78]
		},
		"fixed": {
			"rotation": [-90, 0, 0],
			"translation": [2, -3.75, -22],
			"scale": [3, 3, 3]
		}
	}
}