{"textures":{"0":"modelengine:entity/haha"},"elements":[{"name":"cube","from":[6.2,1.3999997,5.6],"to":[9.2,8.0,9.8],"rotation":{"angle":0.0,"axis":"x","origin":[8.6,4.3999996,6.8]},"faces":{"down":{"uv":[7.25,9.875,6.9375,10.3125],"rotation":0,"texture":"#0","tintindex":0},"east":{"uv":[3.25,9.25,3.6875,9.9375],"rotation":0,"texture":"#0","tintindex":0},"north":{"uv":[5.0,9.375,5.3125,10.0625],"rotation":0,"texture":"#0","tintindex":0},"south":{"uv":[7.5,9.375,7.8125,10.0625],"rotation":0,"texture":"#0","tintindex":0},"up":{"uv":[6.125,10.3125,5.8125,9.875],"rotation":0,"texture":"#0","tintindex":0},"west":{"uv":[5.375,9.25,5.8125,9.9375],"rotation":0,"texture":"#0","tintindex":0}}},{"name":"cube","from":[3.4999998,6.2,6.2],"to":[7.1,7.4,9.2],"rotation":{"angle":45.0,"axis":"z","origin":[7.1,6.8,6.8]},"faces":{"down":{"uv":[10.3125,1.5625,9.9375,1.875],"rotation":0,"texture":"#0","tintindex":0},"east":{"uv":[10.25,7.9375,10.5625,8.0625],"rotation":0,"texture":"#0","tintindex":0},"north":{"uv":[3.6875,9.25,4.0625,9.375],"rotation":0,"texture":"#0","tintindex":0},"south":{"uv":[10.0625,6.0,10.4375,6.125],"rotation":0,"texture":"#0","tintindex":0},"up":{"uv":[1.6875,10.25,1.3125,9.9375],"rotation":0,"texture":"#0","tintindex":0},"west":{"uv":[9.3125,10.25,9.625,10.375],"rotation":0,"texture":"#0","tintindex":0}}},{"name":"cube","from":[4.1,7.4,6.2],"to":[7.1,8.0,9.2],"rotation":{"angle":22.5,"axis":"z","origin":[7.1,7.4,6.8]},"faces":{"down":{"uv":[10.25,3.8125,9.9375,4.125],"rotation":0,"texture":"#0","tintindex":0},"east":{"uv":[10.3125,1.25,10.625,1.3125],"rotation":0,"texture":"#0","tintindex":0},"north":{"uv":[0.5,10.3125,0.8125,10.375],"rotation":0,"texture":"#0","tintindex":0},"south":{"uv":[10.3125,1.3125,10.625,1.375],"rotation":0,"texture":"#0","tintindex":0},"up":{"uv":[3.5,10.25,3.1875,9.9375],"rotation":0,"texture":"#0","tintindex":0},"west":{"uv":[10.3125,1.375,10.625,1.4375],"rotation":0,"texture":"#0","tintindex":0}}}],"display":{"head":{"translation":[0.0,-6.4,0.0],"rotation":[0.0,0.0,0.0],"scale":[3.8095,3.8095,3.8095]}}}