{"textures":{"0":"modelengine:entity/haha"},"elements":[{"name":"cube","from":[1.3999997,-3.4000006,8.0],"to":[14.6,8.0,8.0],"rotation":{"angle":0.0,"axis":"x","origin":[8.0,15.2,7.4]},"faces":{"down":{"uv":[0.0,0.0,1.375,0.0],"rotation":0,"texture":"#0","tintindex":0},"east":{"uv":[0.0,0.0,0.0,1.1875],"rotation":0,"texture":"#0","tintindex":0},"north":{"uv":[12.0,0.0,13.375,1.1875],"rotation":0,"texture":"#0","tintindex":0},"south":{"uv":[12.0625,0.0,13.4375,1.1875],"rotation":0,"texture":"#0","tintindex":0},"up":{"uv":[0.0,0.0,1.375,0.0],"rotation":0,"texture":"#0","tintindex":0},"west":{"uv":[0.0,0.0,0.0,1.1875],"rotation":0,"texture":"#0","tintindex":0}}},{"name":"cube","from":[3.1999998,1.3999997,8.3],"to":[12.8,3.1999998,8.3],"rotation":{"angle":0.0,"axis":"x","origin":[8.0,3.7999997,-7.000001]},"faces":{"down":{"uv":[1.0,0.0,0.0,0.0],"rotation":0,"texture":"#0","tintindex":0},"east":{"uv":[0.0,0.0,0.0,0.1875],"rotation":0,"texture":"#0","tintindex":0},"north":{"uv":[0.0,11.0,16.0,13.4375],"rotation":0,"texture":"#0","tintindex":0},"south":{"uv":[0.0,11.0,16.0,13.4375],"rotation":0,"texture":"#0","tintindex":0},"up":{"uv":[1.0,0.0,0.0,0.0],"rotation":0,"texture":"#0","tintindex":0},"west":{"uv":[0.0,0.0,0.0,0.1875],"rotation":0,"texture":"#0","tintindex":0}}}],"display":{"head":{"translation":[0.0,-6.4,0.0],"rotation":[0.0,0.0,0.0],"scale":[3.8095,3.8095,3.8095]}}}