{"textures":{"0":"modelengine:entity/haha"},"elements":[{"name":"cube","from":[1.3999997,0.7999997,8.0],"to":[14.6,8.0,8.0],"rotation":{"angle":0.0,"axis":"x","origin":[8.0,7.4,7.4]},"faces":{"down":{"uv":[0.0,0.0,1.375,0.0],"rotation":0,"texture":"#0","tintindex":0},"east":{"uv":[0.0,0.0,0.0,0.75],"rotation":0,"texture":"#0","tintindex":0},"north":{"uv":[11.25,1.6875,12.625,2.4375],"rotation":0,"texture":"#0","tintindex":0},"south":{"uv":[11.25,1.625,12.625,2.375],"rotation":0,"texture":"#0","tintindex":0},"up":{"uv":[0.0,0.0,1.375,0.0],"rotation":0,"texture":"#0","tintindex":0},"west":{"uv":[0.0,0.0,0.0,0.75],"rotation":0,"texture":"#0","tintindex":0}}}],"display":{"head":{"translation":[0.0,-6.4,0.0],"rotation":[0.0,0.0,0.0],"scale":[3.8095,3.8095,3.8095]}}}