{"textures":{"0":"modelengine:entity/haha"},"elements":[{"name":"cube","from":[6.62,7.2200003,2.7199998],"to":[9.26,9.2,3.3799999],"rotation":{"angle":0.0,"axis":"x","origin":[6.62,7.2200003,2.7199998]},"faces":{"down":{"uv":[10.5625,1.5625,10.3125,1.625],"rotation":0,"texture":"#0","tintindex":0},"east":{"uv":[4.8125,6.0625,4.875,6.25],"rotation":0,"texture":"#0","tintindex":0},"north":{"uv":[1.25,9.0625,1.5,9.25],"rotation":0,"texture":"#0","tintindex":0},"south":{"uv":[10.125,0.625,10.375,0.8125],"rotation":0,"texture":"#0","tintindex":0},"up":{"uv":[10.5625,1.5625,10.3125,1.5],"rotation":0,"texture":"#0","tintindex":0},"west":{"uv":[3.75,6.8125,3.8125,7.0],"rotation":0,"texture":"#0","tintindex":0}}},{"name":"cube","from":[6.62,9.02,2.7199998],"to":[9.26,14.0,2.7199998],"rotation":{"angle":0.0,"axis":"x","origin":[6.62,7.2200003,2.7199998]},"faces":{"down":{"uv":[0.25,0.0,0.0,0.0],"rotation":0,"texture":"#0","tintindex":0},"east":{"uv":[0.0,0.0,0.0,0.5],"rotation":0,"texture":"#0","tintindex":0},"north":{"uv":[5.3125,7.0625,5.5625,7.5625],"rotation":0,"texture":"#0","tintindex":0},"south":{"uv":[1.25,8.5625,1.5,9.0625],"rotation":0,"texture":"#0","tintindex":0},"up":{"uv":[0.25,0.0,0.0,0.0],"rotation":0,"texture":"#0","tintindex":0},"west":{"uv":[0.0,0.0,0.0,0.5],"rotation":0,"texture":"#0","tintindex":0}}},{"name":"cube","from":[6.62,7.2200003,15.332177],"to":[9.26,9.2,15.992176],"rotation":{"angle":0.0,"axis":"x","origin":[6.62,7.2200003,12.692176]},"faces":{"down":{"uv":[10.5625,1.6875,10.3125,1.75],"rotation":0,"texture":"#0","tintindex":0},"east":{"uv":[6.6875,7.75,6.75,7.9375],"rotation":0,"texture":"#0","tintindex":0},"north":{"uv":[10.125,0.8125,10.375,1.0],"rotation":0,"texture":"#0","tintindex":0},"south":{"uv":[10.125,1.0,10.375,1.1875],"rotation":0,"texture":"#0","tintindex":0},"up":{"uv":[10.5625,1.6875,10.3125,1.625],"rotation":0,"texture":"#0","tintindex":0},"west":{"uv":[2.75,8.0,2.8125,8.1875],"rotation":0,"texture":"#0","tintindex":0}}},{"name":"cube","from":[9.26,7.2200003,2.7199998],"to":[11.900001,9.2,3.3799999],"rotation":{"angle":-22.5,"axis":"y","origin":[9.26,7.2200003,2.7199998]},"faces":{"down":{"uv":[10.5625,1.8125,10.3125,1.875],"rotation":0,"texture":"#0","tintindex":0},"east":{"uv":[2.625,8.875,2.6875,9.0625],"rotation":0,"texture":"#0","tintindex":0},"north":{"uv":[10.125,10.0625,10.375,10.25],"rotation":0,"texture":"#0","tintindex":0},"south":{"uv":[1.6875,10.1875,1.9375,10.375],"rotation":0,"texture":"#0","tintindex":0},"up":{"uv":[10.5625,1.8125,10.3125,1.75],"rotation":0,"texture":"#0","tintindex":0},"west":{"uv":[2.6875,8.875,2.75,9.0625],"rotation":0,"texture":"#0","tintindex":0}}},{"name":"cube","from":[9.26,9.02,2.7199998],"to":[11.900001,13.400001,2.7199998],"rotation":{"angle":-22.5,"axis":"y","origin":[9.26,7.2200003,2.7199998]},"faces":{"down":{"uv":[0.25,0.0,0.0,0.0],"rotation":0,"texture":"#0","tintindex":0},"east":{"uv":[0.0,0.0,0.0,0.4375],"rotation":0,"texture":"#0","tintindex":0},"north":{"uv":[7.25,9.875,7.5,10.3125],"rotation":0,"texture":"#0","tintindex":0},"south":{"uv":[2.375,9.9375,2.625,10.375],"rotation":0,"texture":"#0","tintindex":0},"up":{"uv":[0.25,0.0,0.0,0.0],"rotation":0,"texture":"#0","tintindex":0},"west":{"uv":[0.0,0.0,0.0,0.4375],"rotation":0,"texture":"#0","tintindex":0}}},{"name":"cube","from":[3.98,9.02,2.7199998],"to":[6.62,13.400001,2.7199998],"rotation":{"angle":22.5,"axis":"y","origin":[6.62,7.2200003,2.7199998]},"faces":{"down":{"uv":[0.25,0.0,0.0,0.0],"rotation":0,"texture":"#0","tintindex":0},"east":{"uv":[0.0,0.0,0.0,0.4375],"rotation":0,"texture":"#0","tintindex":0},"north":{"uv":[9.9375,2.375,10.1875,2.8125],"rotation":0,"texture":"#0","tintindex":0},"south":{"uv":[2.625,9.9375,2.875,10.375],"rotation":0,"texture":"#0","tintindex":0},"up":{"uv":[0.25,0.0,0.0,0.0],"rotation":0,"texture":"#0","tintindex":0},"west":{"uv":[0.0,0.0,0.0,0.4375],"rotation":0,"texture":"#0","tintindex":0}}},{"name":"cube","from":[9.26,7.2200003,15.332177],"to":[11.900001,9.2,15.992176],"rotation":{"angle":22.5,"axis":"y","origin":[9.26,7.2200003,15.992176]},"faces":{"down":{"uv":[10.5625,4.1875,10.3125,4.25],"rotation":0,"texture":"#0","tintindex":0},"east":{"uv":[5.375,8.875,5.4375,9.0625],"rotation":0,"texture":"#0","tintindex":0},"north":{"uv":[10.1875,2.375,10.4375,2.5625],"rotation":0,"texture":"#0","tintindex":0},"south":{"uv":[10.1875,2.5625,10.4375,2.75],"rotation":0,"texture":"#0","tintindex":0},"up":{"uv":[10.5625,4.1875,10.3125,4.125],"rotation":0,"texture":"#0","tintindex":0},"west":{"uv":[5.4375,8.875,5.5,9.0625],"rotation":0,"texture":"#0","tintindex":0}}},{"name":"cube","from":[11.699042,7.2200003,3.7302842],"to":[14.339043,9.2,4.390284],"rotation":{"angle":-45.0,"axis":"y","origin":[11.699042,7.2200003,3.7302842]},"faces":{"down":{"uv":[10.5625,4.3125,10.3125,4.375],"rotation":0,"texture":"#0","tintindex":0},"east":{"uv":[5.375,9.0625,5.4375,9.25],"rotation":0,"texture":"#0","tintindex":0},"north":{"uv":[4.0,10.1875,4.25,10.375],"rotation":0,"texture":"#0","tintindex":0},"south":{"uv":[4.25,10.1875,4.5,10.375],"rotation":0,"texture":"#0","tintindex":0},"up":{"uv":[10.5625,4.3125,10.3125,4.25],"rotation":0,"texture":"#0","tintindex":0},"west":{"uv":[5.4375,9.0625,5.5,9.25],"rotation":0,"texture":"#0","tintindex":0}}},{"name":"cube","from":[11.699042,9.02,3.7302842],"to":[14.339043,12.8,3.7302842],"rotation":{"angle":-45.0,"axis":"y","origin":[11.699042,7.2200003,3.7302842]},"faces":{"down":{"uv":[0.25,0.0,0.0,0.0],"rotation":0,"texture":"#0","tintindex":0},"east":{"uv":[0.0,0.0,0.0,0.375],"rotation":0,"texture":"#0","tintindex":0},"north":{"uv":[8.625,9.9375,8.875,10.3125],"rotation":0,"texture":"#0","tintindex":0},"south":{"uv":[8.875,9.9375,9.125,10.3125],"rotation":0,"texture":"#0","tintindex":0},"up":{"uv":[0.25,0.0,0.0,0.0],"rotation":0,"texture":"#0","tintindex":0},"west":{"uv":[0.0,0.0,0.0,0.375],"rotation":0,"texture":"#0","tintindex":0}}},{"name":"cube","from":[1.5409578,9.02,3.7302842],"to":[4.180958,12.8,3.7302842],"rotation":{"angle":45.0,"axis":"y","origin":[4.180958,7.2200003,3.7302842]},"faces":{"down":{"uv":[0.25,0.0,0.0,0.0],"rotation":0,"texture":"#0","tintindex":0},"east":{"uv":[0.0,0.0,0.0,0.375],"rotation":0,"texture":"#0","tintindex":0},"north":{"uv":[5.0,10.0625,5.25,10.4375],"rotation":0,"texture":"#0","tintindex":0},"south":{"uv":[10.0625,5.0,10.3125,5.375],"rotation":0,"texture":"#0","tintindex":0},"up":{"uv":[0.25,0.0,0.0,0.0],"rotation":0,"texture":"#0","tintindex":0},"west":{"uv":[0.0,0.0,0.0,0.375],"rotation":0,"texture":"#0","tintindex":0}}},{"name":"cube","from":[13.208613,7.2200003,5.7993774],"to":[13.868615,9.2,8.439378],"rotation":{"angle":22.5,"axis":"y","origin":[13.208613,7.2200003,6.459378]},"faces":{"down":{"uv":[2.125,6.0625,2.0625,6.3125],"rotation":0,"texture":"#0","tintindex":0},"east":{"uv":[4.5,10.1875,4.75,10.375],"rotation":0,"texture":"#0","tintindex":0},"north":{"uv":[9.0625,7.4375,9.125,7.625],"rotation":0,"texture":"#0","tintindex":0},"south":{"uv":[9.125,7.4375,9.1875,7.625],"rotation":0,"texture":"#0","tintindex":0},"up":{"uv":[2.125,6.0625,2.0625,5.8125],"rotation":0,"texture":"#0","tintindex":0},"west":{"uv":[4.75,10.1875,5.0,10.375],"rotation":0,"texture":"#0","tintindex":0}}},{"name":"cube","from":[13.916087,7.2200003,8.036089],"to":[14.576089,9.2,10.676088],"rotation":{"angle":0.0,"axis":"x","origin":[13.916087,7.2200003,8.696088]},"faces":{"down":{"uv":[3.8125,6.3125,3.75,6.5625],"rotation":0,"texture":"#0","tintindex":0},"east":{"uv":[10.1875,9.0,10.4375,9.1875],"rotation":0,"texture":"#0","tintindex":0},"north":{"uv":[8.5,9.125,8.5625,9.3125],"rotation":0,"texture":"#0","tintindex":0},"south":{"uv":[5.3125,9.375,5.375,9.5625],"rotation":0,"texture":"#0","tintindex":0},"up":{"uv":[2.125,6.5625,2.0625,6.3125],"rotation":0,"texture":"#0","tintindex":0},"west":{"uv":[0.0,10.25,0.25,10.4375],"rotation":0,"texture":"#0","tintindex":0}}},{"name":"cube","from":[13.713756,7.2200003,10.373278],"to":[14.373757,9.2,13.013278],"rotation":{"angle":-22.5,"axis":"y","origin":[13.713756,7.2200003,11.0332775]},"faces":{"down":{"uv":[6.75,5.5625,6.6875,5.8125],"rotation":0,"texture":"#0","tintindex":0},"east":{"uv":[10.25,0.0,10.5,0.1875],"rotation":0,"texture":"#0","tintindex":0},"north":{"uv":[5.3125,9.5625,5.375,9.75],"rotation":0,"texture":"#0","tintindex":0},"south":{"uv":[6.9375,9.6875,7.0,9.875],"rotation":0,"texture":"#0","tintindex":0},"up":{"uv":[3.8125,6.8125,3.75,6.5625],"rotation":0,"texture":"#0","tintindex":0},"west":{"uv":[10.25,0.1875,10.5,0.375],"rotation":0,"texture":"#0","tintindex":0}}},{"name":"cube","from":[12.632423,7.2200003,12.455131],"to":[13.292423,9.2,15.095131],"rotation":{"angle":-45.0,"axis":"y","origin":[12.632423,7.2200003,13.11513]},"faces":{"down":{"uv":[6.75,7.0,6.6875,7.25],"rotation":0,"texture":"#0","tintindex":0},"east":{"uv":[0.25,10.25,0.5,10.4375],"rotation":0,"texture":"#0","tintindex":0},"north":{"uv":[7.0,9.6875,7.0625,9.875],"rotation":0,"texture":"#0","tintindex":0},"south":{"uv":[5.3125,9.75,5.375,9.9375],"rotation":0,"texture":"#0","tintindex":0},"up":{"uv":[6.75,6.0625,6.6875,5.8125],"rotation":0,"texture":"#0","tintindex":0},"west":{"uv":[10.25,0.375,10.5,0.5625],"rotation":0,"texture":"#0","tintindex":0}}},{"name":"cube","from":[3.98,7.2200003,15.332177],"to":[6.62,9.2,15.992176],"rotation":{"angle":-22.5,"axis":"y","origin":[6.62,7.2200003,15.992176]},"faces":{"down":{"uv":[10.5625,5.0,10.3125,5.0625],"rotation":0,"texture":"#0","tintindex":0},"east":{"uv":[5.25,10.0625,5.3125,10.25],"rotation":0,"texture":"#0","tintindex":0},"north":{"uv":[0.9375,10.25,1.1875,10.4375],"rotation":0,"texture":"#0","tintindex":0},"south":{"uv":[1.1875,10.25,1.4375,10.4375],"rotation":0,"texture":"#0","tintindex":0},"up":{"uv":[10.5625,4.4375,10.3125,4.375],"rotation":0,"texture":"#0","tintindex":0},"west":{"uv":[7.6875,10.0625,7.75,10.25],"rotation":0,"texture":"#0","tintindex":0}}},{"name":"cube","from":[2.5875766,7.2200003,12.455131],"to":[3.247577,9.2,15.095131],"rotation":{"angle":45.0,"axis":"y","origin":[3.247577,7.2200003,13.11513]},"faces":{"down":{"uv":[6.75,7.25,6.6875,7.5],"rotation":0,"texture":"#0","tintindex":0},"east":{"uv":[1.4375,10.25,1.6875,10.4375],"rotation":0,"texture":"#0","tintindex":0},"north":{"uv":[7.75,10.0625,7.8125,10.25],"rotation":0,"texture":"#0","tintindex":0},"south":{"uv":[2.1875,10.25,2.25,10.4375],"rotation":0,"texture":"#0","tintindex":0},"up":{"uv":[2.8125,7.5,2.75,7.25],"rotation":0,"texture":"#0","tintindex":0},"west":{"uv":[1.9375,10.25,2.1875,10.4375],"rotation":0,"texture":"#0","tintindex":0}}},{"name":"cube","from":[1.5062432,7.2200003,10.373278],"to":[2.166243,9.2,13.013278],"rotation":{"angle":22.5,"axis":"y","origin":[2.166243,7.2200003,11.0332775]},"faces":{"down":{"uv":[6.75,7.5,6.6875,7.75],"rotation":0,"texture":"#0","tintindex":0},"east":{"uv":[2.875,10.25,3.125,10.4375],"rotation":0,"texture":"#0","tintindex":0},"north":{"uv":[2.25,10.25,2.3125,10.4375],"rotation":0,"texture":"#0","tintindex":0},"south":{"uv":[2.3125,10.25,2.375,10.4375],"rotation":0,"texture":"#0","tintindex":0},"up":{"uv":[2.8125,7.75,2.75,7.5],"rotation":0,"texture":"#0","tintindex":0},"west":{"uv":[3.125,10.25,3.375,10.4375],"rotation":0,"texture":"#0","tintindex":0}}},{"name":"cube","from":[1.3039117,7.2200003,8.036089],"to":[1.9639114,9.2,10.676088],"rotation":{"angle":0.0,"axis":"x","origin":[1.9639114,7.2200003,8.696088]},"faces":{"down":{"uv":[2.8125,7.75,2.75,8.0],"rotation":0,"texture":"#0","tintindex":0},"east":{"uv":[10.25,3.8125,10.5,4.0],"rotation":0,"texture":"#0","tintindex":0},"north":{"uv":[3.375,10.25,3.4375,10.4375],"rotation":0,"texture":"#0","tintindex":0},"south":{"uv":[3.4375,10.25,3.5,10.4375],"rotation":0,"texture":"#0","tintindex":0},"up":{"uv":[5.5625,7.875,5.5,7.625],"rotation":0,"texture":"#0","tintindex":0},"west":{"uv":[10.25,5.375,10.5,5.5625],"rotation":0,"texture":"#0","tintindex":0}}},{"name":"cube","from":[2.0113854,7.2200003,5.7993774],"to":[2.6713853,9.2,8.439378],"rotation":{"angle":-22.5,"axis":"y","origin":[2.6713853,7.2200003,6.459378]},"faces":{"down":{"uv":[7.4375,7.9375,7.375,8.1875],"rotation":0,"texture":"#0","tintindex":0},"east":{"uv":[10.25,5.5625,10.5,5.75],"rotation":0,"texture":"#0","tintindex":0},"north":{"uv":[6.8125,10.25,6.875,10.4375],"rotation":0,"texture":"#0","tintindex":0},"south":{"uv":[6.875,10.25,6.9375,10.4375],"rotation":0,"texture":"#0","tintindex":0},"up":{"uv":[5.5625,8.125,5.5,7.875],"rotation":0,"texture":"#0","tintindex":0},"west":{"uv":[6.3125,10.25,6.5625,10.4375],"rotation":0,"texture":"#0","tintindex":0}}},{"name":"cube","from":[1.5409578,7.2200003,3.7302842],"to":[4.180958,9.2,4.390284],"rotation":{"angle":45.0,"axis":"y","origin":[4.180958,7.2200003,3.7302842]},"faces":{"down":{"uv":[10.5625,5.125,10.3125,5.1875],"rotation":0,"texture":"#0","tintindex":0},"east":{"uv":[7.6875,10.25,7.75,10.4375],"rotation":0,"texture":"#0","tintindex":0},"north":{"uv":[6.5625,10.25,6.8125,10.4375],"rotation":0,"texture":"#0","tintindex":0},"south":{"uv":[10.25,7.0,10.5,7.1875],"rotation":0,"texture":"#0","tintindex":0},"up":{"uv":[10.5625,5.125,10.3125,5.0625],"rotation":0,"texture":"#0","tintindex":0},"west":{"uv":[7.75,10.25,7.8125,10.4375],"rotation":0,"texture":"#0","tintindex":0}}},{"name":"cube","from":[3.98,7.2200003,2.7199998],"to":[6.62,9.2,3.3799999],"rotation":{"angle":22.5,"axis":"y","origin":[6.62,7.2200003,2.7199998]},"faces":{"down":{"uv":[5.5,10.3125,5.25,10.375],"rotation":0,"texture":"#0","tintindex":0},"east":{"uv":[0.8125,10.3125,0.875,10.5],"rotation":0,"texture":"#0","tintindex":0},"north":{"uv":[10.25,7.1875,10.5,7.375],"rotation":0,"texture":"#0","tintindex":0},"south":{"uv":[10.25,7.375,10.5,7.5625],"rotation":0,"texture":"#0","tintindex":0},"up":{"uv":[10.5625,5.25,10.3125,5.1875],"rotation":0,"texture":"#0","tintindex":0},"west":{"uv":[0.875,10.3125,0.9375,10.5],"rotation":0,"texture":"#0","tintindex":0}}}],"display":{"head":{"translation":[0.0,-6.4,0.0],"rotation":[0.0,0.0,0.0],"scale":[3.8095,3.8095,3.8095]}}}