{
	"credit": "Made with Blockbench",
	"textures": {
		"0": "item/fish/ossacsan",
		"particle": "item/fish/ossacsan"
	},
	"elements": [
		{
			"from": [3.71723, 0.108, 5.12283],
			"to": [5.17323, 1.564, 6.59483],
			"rotation": {"angle": 22.5, "axis": "y", "origin": [2.9083, 0, 1.76801]},
			"faces": {
				"north": {"uv": [3.625, 7.25, 8.6875, 9.7125], "texture": "#0"},
				"east": {"uv": [2.25, 2.9375, 8.625, 9.025], "texture": "#0"},
				"south": {"uv": [0.9375, 2.9375, 3.625, 8.3375], "texture": "#0"},
				"west": {"uv": [11.5, 3, 14.625, 4.15], "texture": "#0"},
				"up": {"uv": [7.625, 3.25, 9.625, 8.15], "texture": "#0"},
				"down": {"uv": [11.5, 3, 14.625, 4.15], "texture": "#0"}
			}
		},
		{
			"from": [4.05868, 0, 4.01134],
			"to": [5.72268, 1.872, 6.09934],
			"rotation": {"angle": 0, "axis": "y", "origin": [2.9083, 0, 1.76801]},
			"faces": {
				"north": {"uv": [11.8125, 5.375, 14.1875, 7.525], "texture": "#0"},
				"east": {"uv": [2.9375, 3, 8.125, 8.0875], "texture": "#0"},
				"south": {"uv": [2.1875, 6.9, 0.875, 5.3125], "texture": "#0"},
				"west": {"uv": [2.9375, 2.9375, 8, 8.0875], "texture": "#0"},
				"up": {"uv": [12.375, 5.125, 14.6875, 7.775], "texture": "#0"},
				"down": {"uv": [0.625, 3.8125, 2.3125, 5.2125], "texture": "#0"}
			}
		},
		{
			"from": [2.83797, 0.48393, 4.62],
			"to": [3.69279, 0.48393, 5.59761],
			"rotation": {"angle": -45, "axis": "z", "origin": [4.34928, 0.81218, 4.01237]},
			"faces": {
				"north": {"uv": [15.3125, 9.4375, 12.5625, 10.3375], "texture": "#0"},
				"east": {"uv": [15.3125, 9.4375, 12.5625, 10.3375], "texture": "#0"},
				"south": {"uv": [15.3125, 9.4375, 12.5625, 10.3375], "texture": "#0"},
				"west": {"uv": [15.3125, 9.4375, 12.5625, 10.3375], "texture": "#0"},
				"up": {"uv": [15.3125, 9.4375, 12.5625, 10.3375], "rotation": 270, "texture": "#0"},
				"down": {"uv": [15.125, 9.4375, 12.5625, 10.3375], "rotation": 90, "texture": "#0"}
			}
		},
		{
			"from": [3.36733, 0.53156, 4.412],
			"to": [4.94154, 1.34826, 5.75431],
			"rotation": {"angle": 22.5, "axis": "z", "origin": [3.93056, 1.09477, 4.64026]},
			"faces": {
				"north": {"uv": [2.6875, 2.75, 1.4375, 3.7875], "texture": "#0"},
				"east": {"uv": [2.6875, 2.75, 1.4375, 3.7875], "texture": "#0"},
				"south": {"uv": [2.6875, 2.75, 1.4375, 3.7875], "texture": "#0"},
				"west": {"uv": [2.6875, 2.75, 1.4375, 3.7875], "texture": "#0"},
				"up": {"uv": [2.6875, 2.75, 1.4375, 3.7875], "texture": "#0"},
				"down": {"uv": [2.6875, 2.75, 1.4375, 3.7875], "texture": "#0"}
			}
		},
		{
			"from": [2.98796, 0.12989, 4.31734],
			"to": [3.34426, 0.88726, 4.68856],
			"rotation": {"angle": -45, "axis": "z", "origin": [3.59031, 0.01907, 4.99311]},
			"faces": {
				"north": {"uv": [2.6875, 2.75, 1.4375, 3.7875], "texture": "#0"},
				"east": {"uv": [2.6875, 2.75, 1.4375, 3.7875], "texture": "#0"},
				"south": {"uv": [2.6875, 2.75, 1.4375, 3.7875], "texture": "#0"},
				"west": {"uv": [2.6875, 2.75, 1.4375, 3.7875], "texture": "#0"},
				"up": {"uv": [2.6875, 2.75, 1.4375, 3.7875], "texture": "#0"},
				"down": {"uv": [2.6875, 2.75, 1.4375, 3.7875], "texture": "#0"}
			}
		},
		{
			"from": [3.70281, -0.16125, 5.56534],
			"to": [3.85111, 0.38812, 5.93656],
			"rotation": {"angle": 22.5, "axis": "z", "origin": [3.59031, 0.01907, 4.99311]},
			"faces": {
				"north": {"uv": [2.6875, 2.75, 1.4375, 3.7875], "texture": "#0"},
				"east": {"uv": [2.6875, 2.75, 1.4375, 3.7875], "texture": "#0"},
				"south": {"uv": [2.6875, 2.75, 1.4375, 3.7875], "texture": "#0"},
				"west": {"uv": [2.6875, 2.75, 1.4375, 3.7875], "texture": "#0"},
				"up": {"uv": [2.6875, 2.75, 1.4375, 3.7875], "texture": "#0"},
				"down": {"uv": [2.6875, 2.75, 1.4375, 3.7875], "texture": "#0"}
			}
		},
		{
			"from": [3.24274, -0.02601, 5.56534],
			"to": [3.39105, 0.52336, 5.93656],
			"rotation": {"angle": 0, "axis": "z", "origin": [3.59031, 0.01907, 4.99311]},
			"faces": {
				"north": {"uv": [2.6875, 2.75, 1.4375, 3.7875], "texture": "#0"},
				"east": {"uv": [2.6875, 2.75, 1.4375, 3.7875], "texture": "#0"},
				"south": {"uv": [2.6875, 2.75, 1.4375, 3.7875], "texture": "#0"},
				"west": {"uv": [2.6875, 2.75, 1.4375, 3.7875], "texture": "#0"},
				"up": {"uv": [2.6875, 2.75, 1.4375, 3.7875], "texture": "#0"},
				"down": {"uv": [2.6875, 2.75, 1.4375, 3.7875], "texture": "#0"}
			}
		},
		{
			"from": [2.98796, 0.12989, 5.56534],
			"to": [3.34426, 0.88726, 5.93656],
			"rotation": {"angle": -45, "axis": "z", "origin": [3.59031, 0.01907, 4.99311]},
			"faces": {
				"north": {"uv": [2.6875, 2.75, 1.4375, 3.7875], "texture": "#0"},
				"east": {"uv": [2.6875, 2.75, 1.4375, 3.7875], "texture": "#0"},
				"south": {"uv": [2.6875, 2.75, 1.4375, 3.7875], "texture": "#0"},
				"west": {"uv": [2.6875, 2.75, 1.4375, 3.7875], "texture": "#0"},
				"up": {"uv": [2.6875, 2.75, 1.4375, 3.7875], "texture": "#0"},
				"down": {"uv": [2.6875, 2.75, 1.4375, 3.7875], "texture": "#0"}
			}
		},
		{
			"from": [3.24274, -0.02601, 4.31734],
			"to": [3.39105, 0.52336, 4.68856],
			"rotation": {"angle": 0, "axis": "z", "origin": [3.59031, 0.01907, 4.99311]},
			"faces": {
				"north": {"uv": [2.6875, 2.75, 1.4375, 3.7875], "texture": "#0"},
				"east": {"uv": [2.6875, 2.75, 1.4375, 3.7875], "texture": "#0"},
				"south": {"uv": [2.6875, 2.75, 1.4375, 3.7875], "texture": "#0"},
				"west": {"uv": [2.6875, 2.75, 1.4375, 3.7875], "texture": "#0"},
				"up": {"uv": [2.6875, 2.75, 1.4375, 3.7875], "texture": "#0"},
				"down": {"uv": [2.6875, 2.75, 1.4375, 3.7875], "texture": "#0"}
			}
		},
		{
			"from": [3.70281, -0.16125, 4.31734],
			"to": [3.85111, 0.38812, 4.68856],
			"rotation": {"angle": 22.5, "axis": "z", "origin": [3.59031, 0.01907, 4.99311]},
			"faces": {
				"north": {"uv": [2.6875, 2.75, 1.4375, 3.7875], "texture": "#0"},
				"east": {"uv": [2.6875, 2.75, 1.4375, 3.7875], "texture": "#0"},
				"south": {"uv": [2.6875, 2.75, 1.4375, 3.7875], "texture": "#0"},
				"west": {"uv": [2.6875, 2.75, 1.4375, 3.7875], "texture": "#0"},
				"up": {"uv": [2.6875, 2.75, 1.4375, 3.7875], "texture": "#0"},
				"down": {"uv": [2.6875, 2.75, 1.4375, 3.7875], "texture": "#0"}
			}
		}
	],
	"display": {
		"thirdperson_righthand": {
			"rotation": [90, -69, -180],
			"translation": [-3.75, -0.5, -8]
		},
		"thirdperson_lefthand": {
			"rotation": [0, -82, 96],
			"translation": [-3.75, -6, -7]
		},
		"firstperson_righthand": {
			"translation": [0, 12, 8.25]
		},
		"firstperson_lefthand": {
			"rotation": [0, -180, 0],
			"translation": [0.25, 11.5, 1.75]
		},
		"ground": {
			"translation": [5.75, 13.25, 6],
			"scale": [2.03, 2.03, 2.03]
		},
		"gui": {
			"rotation": [19, 39, 1],
			"translation": [12.25, 19.75, 0],
			"scale": [3, 3, 3]
		},
		"fixed": {
			"rotation": [-90, 0, 0],
			"translation": [9.5, 9, -24.5],
			"scale": [3.1, 3.1, 3.1]
		}
	}
}