{
	"credit": "Made with Blockbench",
	"textures": {
		"0": "item/fish/ruasanho",
		"1": "item/fish/sanho",
		"particle": "item/fish/ruasanho"
	},
	"elements": [
		{
			"from": [5.518, 0.876, 5.518],
			"to": [10.336, 2.336, 11.65],
			"rotation": {"angle": 0, "axis": "y", "origin": [5.518, 0, 0.846]},
			"faces": {
				"north": {"uv": [9.1875, 7.5, 13.7375, 9.8875], "texture": "#0"},
				"east": {"uv": [8.5, 7.5, 15.5, 10], "texture": "#0"},
				"south": {"uv": [9.1875, 7.5, 13.7375, 9.8875], "texture": "#0"},
				"west": {"uv": [15, 7.5, 8, 10], "texture": "#0"},
				"up": {"uv": [9.125, 0.375, 15.925, 5.95], "texture": "#0"},
				"down": {"uv": [7.5, 5.75, 0.95, 7.4125], "texture": "#0"}
			}
		},
		{
			"from": [6.618, 2.236, 7.118],
			"to": [9.136, 2.536, 10.55],
			"rotation": {"angle": 0, "axis": "y", "origin": [5.518, 0, 0.846]},
			"faces": {
				"north": {"uv": [8.5, 9.625, 15.3, 14.075], "texture": "#1"},
				"east": {"uv": [8.5, 9.625, 15.3, 14.075], "texture": "#1"},
				"south": {"uv": [8.5, 9.625, 15.3, 14.075], "texture": "#1"},
				"west": {"uv": [8.5, 9.625, 15.3, 14.075], "texture": "#1"},
				"up": {"uv": [8.5, 9.625, 15.3, 14.075], "texture": "#1"},
				"down": {"uv": [8.5, 9.625, 15.3, 14.075], "texture": "#1"}
			}
		},
		{
			"from": [9.09, 1.836, 7.528],
			"to": [10.222, 3.436, 7.528],
			"rotation": {"angle": -22.5, "axis": "z", "origin": [9.818, 2.7, 8.546]},
			"faces": {
				"north": {"uv": [0, 0, 7.8, 5.575], "texture": "#1"},
				"east": {"uv": [0, 0, 7.8, 5.575], "texture": "#1"},
				"south": {"uv": [0, 0, 7.8, 5.575], "texture": "#1"},
				"west": {"uv": [0, 0, 7.8, 5.575], "texture": "#1"},
				"up": {"uv": [0, 0, 7.8, 5.575], "rotation": 270, "texture": "#1"},
				"down": {"uv": [0, 0, 7.8, 5.575], "rotation": 90, "texture": "#1"}
			}
		},
		{
			"from": [7.836, 2.436, 7.218],
			"to": [7.836, 4.636, 9.55],
			"rotation": {"angle": 0, "axis": "z", "origin": [9.818, 2.7, 8.546]},
			"faces": {
				"north": {"uv": [0, 0, 7.8, 5.575], "texture": "#1"},
				"east": {"uv": [0, 0, 7.8, 5.575], "texture": "#1"},
				"south": {"uv": [0, 0, 7.8, 5.575], "texture": "#1"},
				"west": {"uv": [0, 0, 7.8, 5.575], "texture": "#1"},
				"up": {"uv": [0, 0, 7.8, 5.575], "texture": "#1"},
				"down": {"uv": [0, 0, 7.8, 5.575], "texture": "#1"}
			}
		},
		{
			"from": [6.89, 2.436, 8.528],
			"to": [8.822, 4.736, 8.528],
			"rotation": {"angle": 0, "axis": "z", "origin": [9.818, 2.7, 8.546]},
			"faces": {
				"north": {"uv": [0, 0, 7.8, 5.575], "texture": "#1"},
				"east": {"uv": [0, 0, 7.8, 5.575], "texture": "#1"},
				"south": {"uv": [0, 0, 7.8, 5.575], "texture": "#1"},
				"west": {"uv": [0, 0, 7.8, 5.575], "texture": "#1"},
				"up": {"uv": [0, 0, 7.8, 5.575], "rotation": 270, "texture": "#1"},
				"down": {"uv": [0, 0, 7.8, 5.575], "rotation": 90, "texture": "#1"}
			}
		},
		{
			"from": [6.736, 2.736, 9.718],
			"to": [6.736, 4.236, 11.25],
			"rotation": {"angle": 0, "axis": "z", "origin": [9.818, 2.7, 8.546]},
			"faces": {
				"north": {"uv": [7.95, 0.4375, 15.75, 6.325], "texture": "#1"},
				"east": {"uv": [7.95, 0.4375, 15.75, 6.325], "texture": "#1"},
				"south": {"uv": [7.95, 0.4375, 15.75, 6.325], "texture": "#1"},
				"west": {"uv": [7.95, 0.4375, 15.75, 6.325], "texture": "#1"},
				"up": {"uv": [7.95, 0.4375, 15.75, 6.325], "texture": "#1"},
				"down": {"uv": [7.95, 0.4375, 15.75, 6.325], "texture": "#1"}
			}
		},
		{
			"from": [6.482, 2.172, 5.928],
			"to": [7.582, 3.504, 5.928],
			"rotation": {"angle": 0, "axis": "y", "origin": [8.318, 3.2, 8.546]},
			"faces": {
				"north": {"uv": [0, 8.4375, 7.8, 14.325], "texture": "#1"},
				"east": {"uv": [0, 8.4375, 7.8, 14.325], "texture": "#1"},
				"south": {"uv": [0, 8.4375, 7.8, 14.325], "texture": "#1"},
				"west": {"uv": [0, 8.4375, 7.8, 14.325], "texture": "#1"},
				"up": {"uv": [0, 8.4375, 7.8, 14.325], "texture": "#1"},
				"down": {"uv": [0, 8.4375, 7.8, 14.325], "texture": "#1"}
			}
		},
		{
			"from": [7.136, 2.236, 5.218],
			"to": [7.136, 3.336, 6.45],
			"rotation": {"angle": 0, "axis": "y", "origin": [9.818, 3, 8.546]},
			"faces": {
				"north": {"uv": [0, 8.4375, 7.8, 14.325], "texture": "#1"},
				"east": {"uv": [0, 8.4375, 7.8, 14.325], "texture": "#1"},
				"south": {"uv": [0, 8.4375, 7.8, 14.325], "texture": "#1"},
				"west": {"uv": [0, 8.4375, 7.8, 14.325], "texture": "#1"},
				"up": {"uv": [0, 8.4375, 7.8, 14.325], "texture": "#1"},
				"down": {"uv": [0, 8.4375, 7.8, 14.325], "texture": "#1"}
			}
		},
		{
			"from": [5.882, 2.172, 10.428],
			"to": [7.482, 4.104, 10.428],
			"rotation": {"angle": 0, "axis": "z", "origin": [8.318, 2.9, 8.546]},
			"faces": {
				"north": {"uv": [7.95, 6.325, 15.75, 0.4375], "rotation": 180, "texture": "#1"},
				"east": {"uv": [7.95, 0.4375, 15.75, 6.325], "texture": "#1"},
				"south": {"uv": [7.95, 0.4375, 15.75, 6.325], "texture": "#1"},
				"west": {"uv": [7.95, 0.4375, 15.75, 6.325], "texture": "#1"},
				"up": {"uv": [7.95, 0.4375, 15.75, 6.325], "texture": "#1"},
				"down": {"uv": [7.95, 0.4375, 15.75, 6.325], "texture": "#1"}
			}
		},
		{
			"from": [9.036, 1.436, 9.518],
			"to": [9.036, 3.336, 11.05],
			"rotation": {"angle": -22.5, "axis": "x", "origin": [9.818, 2.7, 8.546]},
			"faces": {
				"north": {"uv": [0.2, 8.6875, 8, 14.575], "texture": "#1"},
				"east": {"uv": [0.2, 8.6875, 8, 14.575], "texture": "#1"},
				"south": {"uv": [0.2, 8.6875, 8, 14.575], "texture": "#1"},
				"west": {"uv": [0.2, 8.6875, 8, 14.575], "texture": "#1"},
				"up": {"uv": [0.2, 8.6875, 8, 14.575], "texture": "#1"},
				"down": {"uv": [0.2, 8.6875, 8, 14.575], "texture": "#1"}
			}
		},
		{
			"from": [8.182, 1.372, 10.228],
			"to": [9.782, 3.704, 10.228],
			"rotation": {"angle": -22.5, "axis": "x", "origin": [8.318, 2.9, 8.546]},
			"faces": {
				"north": {"uv": [0.2, 8.6875, 8, 14.575], "texture": "#1"},
				"east": {"uv": [0.2, 8.6875, 8, 14.575], "texture": "#1"},
				"south": {"uv": [0.2, 8.6875, 8, 14.575], "texture": "#1"},
				"west": {"uv": [0.2, 8.6875, 8, 14.575], "texture": "#1"},
				"up": {"uv": [0.2, 8.6875, 8, 14.575], "texture": "#1"},
				"down": {"uv": [0.2, 8.6875, 8, 14.575], "texture": "#1"}
			}
		},
		{
			"from": [9.636, 1.836, 6.718],
			"to": [9.636, 3.436, 8.15],
			"rotation": {"angle": -22.5, "axis": "z", "origin": [9.818, 2.7, 8.546]},
			"faces": {
				"north": {"uv": [0, 0, 7.8, 5.575], "texture": "#1"},
				"east": {"uv": [0, 0, 7.8, 5.575], "texture": "#1"},
				"south": {"uv": [0, 0, 7.8, 5.575], "texture": "#1"},
				"west": {"uv": [0, 0, 7.8, 5.575], "texture": "#1"},
				"up": {"uv": [0, 0, 7.8, 5.575], "texture": "#1"},
				"down": {"uv": [0, 0, 7.8, 5.575], "texture": "#1"}
			}
		},
		{
			"from": [5.956, 0, 5.518],
			"to": [9.898, 0.876, 11.65],
			"rotation": {"angle": 0, "axis": "y", "origin": [5.518, 0, 0.846]},
			"faces": {
				"north": {"uv": [0.1875, 9.3125, 7.6375, 10.975], "texture": "#0"},
				"east": {"uv": [15.5, 13.75, 8.95, 15.4125], "texture": "#0"},
				"south": {"uv": [0.1875, 9.3125, 7.6375, 10.975], "texture": "#0"},
				"west": {"uv": [15.5, 13.75, 8.95, 15.4125], "texture": "#0"},
				"up": {"uv": [0, 0, 2.7, 4.2], "texture": "#missing"},
				"down": {"uv": [0.25, 9, 7.7, 15.45], "texture": "#0"}
			}
		},
		{
			"from": [3.182, 0.584, 6.248],
			"to": [6.394, 0.876, 7.708],
			"rotation": {"angle": 22.5, "axis": "y", "origin": [5.518, 0, 6.686]},
			"faces": {
				"north": {"uv": [12.75, 12.75, 14.325, 13.45], "texture": "#0"},
				"east": {"uv": [0, 0, 1, 0.2], "texture": "#missing"},
				"south": {"uv": [14.325, 12.75, 12.75, 13.45], "texture": "#0"},
				"west": {"uv": [12.75, 12.75, 14.325, 13.45], "texture": "#0"},
				"up": {"uv": [9.375, 10.9375, 14.3875, 12.5], "texture": "#0"},
				"down": {"uv": [4.4375, 12.0625, 6.7, 13.0625], "texture": "#0"}
			}
		},
		{
			"from": [7.562, 0.146, 10.19],
			"to": [9.022, 0.438, 12.234],
			"rotation": {"angle": -22.5, "axis": "y", "origin": [5.518, -0.438, 6.686]},
			"faces": {
				"north": {"uv": [0, 0, 1, 0.2], "texture": "#missing"},
				"east": {"uv": [12.75, 12.75, 14.325, 13.45], "texture": "#0"},
				"south": {"uv": [12.75, 12.75, 14.325, 13.45], "texture": "#0"},
				"west": {"uv": [12.75, 12.75, 14.325, 13.45], "texture": "#0"},
				"up": {"uv": [14.3875, 12.5, 9.375, 10.9375], "texture": "#0"},
				"down": {"uv": [4.4375, 12.0625, 6.7, 13.0625], "texture": "#0"}
			}
		},
		{
			"from": [6.394, 0.146, 12.088],
			"to": [7.854, 0.438, 14.132],
			"rotation": {"angle": 22.5, "axis": "y", "origin": [5.518, -0.438, 6.686]},
			"faces": {
				"north": {"uv": [0, 0, 1, 0.2], "texture": "#missing"},
				"east": {"uv": [12.75, 12.75, 14.325, 13.45], "texture": "#0"},
				"south": {"uv": [12.75, 12.75, 14.325, 13.45], "texture": "#0"},
				"west": {"uv": [12.75, 12.75, 14.325, 13.45], "texture": "#0"},
				"up": {"uv": [9.375, 12.5, 14.3875, 10.9375], "texture": "#0"},
				"down": {"uv": [4.4375, 12.0625, 6.7, 13.0625], "texture": "#0"}
			}
		},
		{
			"from": [11.212, 0.584, 13.548],
			"to": [14.424, 0.876, 15.008],
			"rotation": {"angle": -22.5, "axis": "y", "origin": [28.878, 0, 6.686]},
			"faces": {
				"north": {"uv": [12.75, 12.75, 14.325, 13.45], "texture": "#0"},
				"east": {"uv": [12.75, 12.75, 14.325, 13.45], "texture": "#0"},
				"south": {"uv": [12.75, 12.75, 14.325, 13.45], "texture": "#0"},
				"west": {"uv": [1, 0, 2, 0.2], "texture": "#missing"},
				"up": {"uv": [14.3875, 10.9375, 9.375, 12.5], "texture": "#0"},
				"down": {"uv": [4.4375, 12.0625, 6.7, 13.0625], "texture": "#0"}
			}
		},
		{
			"from": [6.978, 0.438, 3.912],
			"to": [9.022, 2.044, 5.518],
			"rotation": {"angle": 0, "axis": "y", "origin": [5.518, 0, 0.846]},
			"faces": {
				"north": {"uv": [1.25, 3.1875, 3.4125, 4.975], "texture": "#0"},
				"east": {"uv": [11.75, 11.5625, 14.35, 13.475], "texture": "#0"},
				"south": {"uv": [0, 0, 1.4, 1.1], "texture": "#missing"},
				"west": {"uv": [14.35, 11.5625, 11.75, 13.475], "texture": "#0"},
				"up": {"uv": [9.375, 10.9375, 13.5125, 12.5], "texture": "#0"},
				"down": {"uv": [4.4375, 12.0625, 6.7, 13.0625], "texture": "#0"}
			}
		}
	],
	"display": {
		"thirdperson_righthand": {
			"rotation": [81, 90, -83],
			"translation": [-7.25, 15.5, 1.5],
			"scale": [2, 2, 2]
		},
		"thirdperson_lefthand": {
			"rotation": [81, 90, -83],
			"translation": [-7.25, 15.5, 1.5],
			"scale": [2, 2, 2]
		},
		"firstperson_righthand": {
			"rotation": [-4, 89, 1],
			"translation": [-9.5, 10.25, 2.75]
		},
		"firstperson_lefthand": {
			"rotation": [-4, 89, 1],
			"translation": [-9.5, 10.25, 2.75]
		},
		"ground": {
			"translation": [0, 13.25, 0],
			"scale": [2.07, 2.07, 2.09]
		},
		"gui": {
			"rotation": [30, 133, 3],
			"translation": [-0.5, 9, 0],
			"scale": [1.68, 1.68, 1.68]
		},
		"head": {
			"translation": [0, 14.75, 0]
		},
		"fixed": {
			"rotation": [-90, 0, 0],
			"translation": [0.25, -2, -23.75],
			"scale": [3, 3, 3]
		}
	}
}