{"textures":{"0":"modelengine:entity/miner"},"elements":[{"name":"cube","from":[6.5,5.0,7.1],"to":[8.3,9.2,8.9],"rotation":{"angle":0.0,"axis":"x","origin":[6.5,8.6,9.5]},"faces":{"down":{"uv":[7.3625,5.0125,7.0125,5.3625],"rotation":0,"texture":"#0","tintindex":0},"east":{"uv":[0.3875,6.2625,0.7375,7.1125],"rotation":0,"texture":"#0","tintindex":0},"north":{"uv":[0.0125,6.2625,0.3625,7.1125],"rotation":0,"texture":"#0","tintindex":0},"south":{"uv":[2.3875,6.3875,2.7375,7.2375],"rotation":0,"texture":"#0","tintindex":0},"up":{"uv":[7.3625,3.4875,7.0125,3.1375],"rotation":0,"texture":"#0","tintindex":0},"west":{"uv":[2.7625,6.3875,3.1125,7.2375],"rotation":0,"texture":"#0","tintindex":0}}}],"display":{"head":{"translation":[0.0,-6.4,0.0],"rotation":[0.0,0.0,0.0],"scale":[3.8095,3.8095,3.8095]}}}