{"textures":{"0":"modelengine:entity/miner"},"elements":[{"name":"cube","from":[6.8,3.7999997,7.7],"to":[9.2,8.0,10.1],"rotation":{"angle":0.0,"axis":"x","origin":[9.2,7.4,10.700001]},"faces":{"down":{"uv":[6.3875,6.2625,6.8625,6.7375],"rotation":0,"texture":"#0","tintindex":0},"east":{"uv":[1.2375,6.1375,0.7625,6.9875],"rotation":0,"texture":"#0","tintindex":0},"north":{"uv":[6.3625,5.7625,5.8875,6.6125],"rotation":0,"texture":"#0","tintindex":0},"south":{"uv":[6.4875,2.1375,6.0125,2.9875],"rotation":0,"texture":"#0","tintindex":0},"up":{"uv":[6.3875,6.2375,6.8625,5.7625],"rotation":0,"texture":"#0","tintindex":0},"west":{"uv":[6.4875,1.2625,6.0125,2.1125],"rotation":0,"texture":"#0","tintindex":0}}},{"name":"cube","from":[6.8,3.7999997,7.1],"to":[9.2,5.0,7.7],"rotation":{"angle":0.0,"axis":"x","origin":[9.2,7.4,8.3]},"faces":{"down":{"uv":[2.0125,3.6375,2.4875,3.7375],"rotation":0,"texture":"#0","tintindex":0},"east":{"uv":[4.2375,7.3875,4.1375,7.6125],"rotation":0,"texture":"#0","tintindex":0},"north":{"uv":[7.7375,1.0125,7.2625,1.2375],"rotation":0,"texture":"#0","tintindex":0},"south":{"uv":[3.1125,7.2625,2.6375,7.4875],"rotation":0,"texture":"#0","tintindex":0},"up":{"uv":[1.1375,2.8625,1.6125,2.7625],"rotation":0,"texture":"#0","tintindex":0},"west":{"uv":[7.4875,3.7625,7.3875,3.9875],"rotation":0,"texture":"#0","tintindex":0}}}],"display":{"head":{"translation":[0.0,-6.4,0.0],"rotation":[0.0,0.0,0.0],"scale":[3.8095,3.8095,3.8095]}}}