{"textures":{"0":"modelengine:entity/miner"},"elements":[{"name":"cube","from":[7.7,5.0,7.1],"to":[9.5,9.2,8.9],"rotation":{"angle":0.0,"axis":"x","origin":[9.5,8.6,9.5]},"faces":{"down":{"uv":[7.0125,5.0125,7.3625,5.3625],"rotation":0,"texture":"#0","tintindex":0},"east":{"uv":[3.1125,6.3875,2.7625,7.2375],"rotation":0,"texture":"#0","tintindex":0},"north":{"uv":[0.3625,6.2625,0.0125,7.1125],"rotation":0,"texture":"#0","tintindex":0},"south":{"uv":[2.7375,6.3875,2.3875,7.2375],"rotation":0,"texture":"#0","tintindex":0},"up":{"uv":[7.0125,3.4875,7.3625,3.1375],"rotation":0,"texture":"#0","tintindex":0},"west":{"uv":[0.7375,6.2625,0.3875,7.1125],"rotation":0,"texture":"#0","tintindex":0}}}],"display":{"head":{"translation":[0.0,-6.4,0.0],"rotation":[0.0,0.0,0.0],"scale":[3.8095,3.8095,3.8095]}}}