{
	"credit": "Made with Blockbench",
	"textures": {
		"0": "item/fish/cavoi",
		"particle": "item/fish/cavoi"
	},
	"elements": [
		{
			"from": [-2.9, -0.72284, 0.6148],
			"to": [3.5, 5.77716, 12.7148],
			"rotation": {"angle": 0, "axis": "y", "origin": [0, 0.37716, 0.0148]},
			"faces": {
				"north": {"uv": [2.05, 1.575, 2.9125, 8.95], "texture": "#0"},
				"east": {"uv": [1.3, 6.1375, 4.225, 8.95], "texture": "#0"},
				"south": {"uv": [2.175, 5.2625, 4.225, 8.95], "texture": "#0"},
				"west": {"uv": [4.225, 6.1375, 1.3, 8.95], "texture": "#0"},
				"up": {"uv": [2.175, 3.7625, 4.475, 1.325], "texture": "#0"},
				"down": {"uv": [0.9875, 12.8875, 3.4125, 14.45], "texture": "#0"}
			}
		},
		{
			"from": [2.3, -4.12284, 4.2148],
			"to": [10.3, -4.12284, 10.4148],
			"rotation": {"angle": -22.5, "axis": "z", "origin": [18.4, -0.72284, -0.9852]},
			"faces": {
				"north": {"uv": [4.3125, 11.625, 11.0875, 15.0125], "rotation": 270, "texture": "#0"},
				"east": {"uv": [4.3125, 11.625, 11.0875, 15.0125], "rotation": 270, "texture": "#0"},
				"south": {"uv": [4.3125, 11.625, 11.0875, 15.0125], "rotation": 270, "texture": "#0"},
				"west": {"uv": [4.3125, 11.625, 11.0875, 15.0125], "rotation": 270, "texture": "#0"},
				"up": {"uv": [16, 4.4375, 9.975, 16], "rotation": 270, "texture": "#0"},
				"down": {"uv": [11.0875, 11.625, 4.3125, 15.0125], "rotation": 270, "texture": "#0"}
			}
		},
		{
			"from": [-10, 1.57716, 3.8148],
			"to": [-0.1, 1.57716, 10.4148],
			"rotation": {"angle": 22.5, "axis": "z", "origin": [-2.4, -0.72284, -0.9852]},
			"faces": {
				"north": {"uv": [4.3125, 15.0125, 11.0875, 11.625], "rotation": 270, "texture": "#0"},
				"east": {"uv": [4.3125, 15.0125, 11.0875, 11.625], "rotation": 270, "texture": "#0"},
				"south": {"uv": [4.3125, 15.0125, 11.0875, 11.625], "rotation": 270, "texture": "#0"},
				"west": {"uv": [4.3125, 15.0125, 11.0875, 11.625], "rotation": 270, "texture": "#0"},
				"up": {"uv": [16, 16, 9.975, 4.4375], "rotation": 270, "texture": "#0"},
				"down": {"uv": [11.0875, 15.0125, 4.3125, 11.625], "rotation": 270, "texture": "#0"}
			}
		},
		{
			"from": [-2.1, -0.32284, -3.9852],
			"to": [2.6, 4.17716, 1.9148],
			"rotation": {"angle": 0, "axis": "y", "origin": [0, -0.72284, 0.0148]},
			"faces": {
				"north": {"uv": [2.05, 6.2, 4.2875, 8.95], "texture": "#0"},
				"east": {"uv": [2.05, 6.2, 4.2875, 8.95], "texture": "#0"},
				"south": {"uv": [2.05, 6.2, 4.2875, 8.95], "texture": "#0"},
				"west": {"uv": [2.05, 6.2, 4.2875, 8.95], "texture": "#0"},
				"up": {"uv": [4.4125, 7.7625, 2.175, 5.575], "texture": "#0"},
				"down": {"uv": [2.05, 6.2, 4.2875, 8.95], "texture": "#0"}
			}
		},
		{
			"from": [-1, 0.97716, -7.6852],
			"to": [1.8, 3.27716, -3.5852],
			"rotation": {"angle": 0, "axis": "y", "origin": [0, -0.72284, 0.0148]},
			"faces": {
				"north": {"uv": [2.05, 6.2, 4.2875, 8.95], "texture": "#0"},
				"east": {"uv": [2.05, 6.7, 4.35, 8.95], "texture": "#0"},
				"south": {"uv": [2.05, 1.575, 2.9125, 8.95], "texture": "#0"},
				"west": {"uv": [2.05, 6.2, 4.2875, 8.95], "texture": "#0"},
				"up": {"uv": [2.05, 6.2625, 4.1625, 7.575], "texture": "#0"},
				"down": {"uv": [2.05, 1.575, 2.9125, 8.95], "texture": "#0"}
			}
		},
		{
			"from": [-4.2, 1.87716, -10.9852],
			"to": [4.4, 1.87716, -6.7852],
			"rotation": {"angle": 0, "axis": "z", "origin": [18.4, -0.72284, 0.0148]},
			"faces": {
				"north": {"uv": [0, 4.9375, 6.3, 16], "rotation": 270, "texture": "#0"},
				"east": {"uv": [0, 4.9375, 6.3, 16], "rotation": 90, "texture": "#0"},
				"south": {"uv": [0, 4.9375, 6.3, 16], "rotation": 90, "texture": "#0"},
				"west": {"uv": [0, 4.9375, 6.3, 16], "rotation": 90, "texture": "#0"},
				"up": {"uv": [9.3, 4.9375, 5.0625, 16], "rotation": 90, "texture": "#0"},
				"down": {"uv": [0, 4.9375, 6.3, 16], "rotation": 90, "texture": "#0"}
			}
		}
	],
	"display": {
		"thirdperson_righthand": {
			"rotation": [-107, 92, -179.86],
			"translation": [3, 22.75, 6],
			"scale": [2, 2, 2]
		},
		"thirdperson_lefthand": {
			"rotation": [-107, 92, -179.86],
			"translation": [3, -6, 16],
			"scale": [2, 2, 2]
		},
		"firstperson_righthand": {
			"rotation": [0, -90, 0],
			"translation": [-20, 7.5, 4.25],
			"scale": [2.01, 2.04, 2.02]
		},
		"firstperson_lefthand": {
			"rotation": [0, -90, 0],
			"translation": [-16.75, 9.5, -25],
			"scale": [2.04, 2.04, 2.01]
		},
		"ground": {
			"translation": [28.75, 29.75, 15],
			"scale": [4, 4, 4]
		},
		"gui": {
			"rotation": [34, -39, 7],
			"translation": [2.25, 1.5, 0],
			"scale": [1.05, 1.08, 1.08]
		},
		"head": {
			"translation": [-2.75, 3, 0]
		},
		"fixed": {
			"rotation": [-90, 90, 0],
			"translation": [17.25, -30.5, -35.5],
			"scale": [4, 4, 4]
		}
	}
}