{
	"credit": "Made with Blockbench",
	"textures": {
		"0": "item/fish/ocmuonho",
		"particle": "item/fish/ocmuonho"
	},
	"elements": [
		{
			"from": [3.71723, 0.108, 5.12283],
			"to": [5.17323, 1.564, 6.59483],
			"rotation": {"angle": 22.5, "axis": "y", "origin": [2.9083, 0, 1.76801]},
			"faces": {
				"north": {"uv": [7.5625, 3.1875, 10.875, 5.65], "texture": "#0"},
				"east": {"uv": [9.3125, 2.25, 13.9375, 6.5875], "texture": "#0"},
				"south": {"uv": [11.5, 3, 14.625, 4.15], "texture": "#0"},
				"west": {"uv": [11.5, 3, 14.625, 4.15], "texture": "#0"},
				"up": {"uv": [12.5625, 2.875, 13.9375, 6.4625], "texture": "#0"},
				"down": {"uv": [11.5, 3, 14.625, 4.15], "texture": "#0"}
			}
		},
		{
			"from": [4.05868, 0, 4.01134],
			"to": [5.72268, 1.872, 6.09934],
			"rotation": {"angle": 0, "axis": "y", "origin": [2.9083, 0, 1.76801]},
			"faces": {
				"north": {"uv": [7.5625, 3.1875, 10.875, 5.65], "texture": "#0"},
				"east": {"uv": [8.625, 1.625, 13.8125, 6.7125], "texture": "#0"},
				"south": {"uv": [11.5, 3, 14.625, 4.15], "texture": "#0"},
				"west": {"uv": [11.5, 3, 14.625, 4.15], "texture": "#0"},
				"up": {"uv": [9.75, 4.75, 13.0625, 7.2125], "texture": "#0"},
				"down": {"uv": [11.5, 3, 14.625, 4.15], "texture": "#0"}
			}
		},
		{
			"from": [2.83797, 0.48393, 4.62],
			"to": [3.69279, 0.48393, 5.49761],
			"rotation": {"angle": -45, "axis": "z", "origin": [4.34928, 0.81218, 4.01237]},
			"faces": {
				"north": {"uv": [15.3125, 9.4375, 12.5625, 10.3375], "texture": "#0"},
				"east": {"uv": [15.3125, 9.4375, 12.5625, 10.3375], "texture": "#0"},
				"south": {"uv": [15.3125, 9.4375, 12.5625, 10.3375], "texture": "#0"},
				"west": {"uv": [15.3125, 9.4375, 12.5625, 10.3375], "texture": "#0"},
				"up": {"uv": [15.3125, 9.4375, 12.5625, 10.3375], "rotation": 270, "texture": "#0"},
				"down": {"uv": [15.125, 9.4375, 12.5625, 10.3375], "rotation": 90, "texture": "#0"}
			}
		},
		{
			"from": [3.36733, 0.53156, 4.412],
			"to": [4.94154, 1.34826, 5.75431],
			"rotation": {"angle": 22.5, "axis": "z", "origin": [3.93056, 1.09477, 4.64026]},
			"faces": {
				"north": {"uv": [3.875, 1.9375, 0.0625, 3.9125], "texture": "#0"},
				"east": {"uv": [3.875, 1.9375, 0.0625, 3.9125], "texture": "#0"},
				"south": {"uv": [3.875, 1.9375, 0.0625, 3.9125], "texture": "#0"},
				"west": {"uv": [3.875, 1.9375, 0.0625, 3.9125], "texture": "#0"},
				"up": {"uv": [3.875, 1.9375, 0.0625, 3.9125], "texture": "#0"},
				"down": {"uv": [3.875, 1.9375, 0.0625, 3.9125], "texture": "#0"}
			}
		},
		{
			"from": [2.98796, 0.12989, 4.31734],
			"to": [3.34426, 0.88726, 4.68856],
			"rotation": {"angle": -45, "axis": "z", "origin": [3.59031, 0.01907, 4.99311]},
			"faces": {
				"north": {"uv": [0, 4, 2.5, 1.7125], "texture": "#0"},
				"east": {"uv": [0, 4, 2.5, 1.7125], "texture": "#0"},
				"south": {"uv": [0, 4, 2.5, 1.7125], "texture": "#0"},
				"west": {"uv": [0, 4, 2.5, 1.7125], "texture": "#0"},
				"up": {"uv": [0, 4, 2.5, 1.7125], "texture": "#0"},
				"down": {"uv": [0, 4, 2.5, 1.7125], "texture": "#0"}
			}
		},
		{
			"from": [3.70281, -0.16125, 5.56534],
			"to": [3.85111, 0.38812, 5.93656],
			"rotation": {"angle": 22.5, "axis": "z", "origin": [3.59031, 0.01907, 4.99311]},
			"faces": {
				"north": {"uv": [0, 4, 2.5, 1.7125], "rotation": 270, "texture": "#0"},
				"east": {"uv": [0, 4, 2.5, 1.7125], "rotation": 90, "texture": "#0"},
				"south": {"uv": [0, 4, 2.5, 1.7125], "rotation": 90, "texture": "#0"},
				"west": {"uv": [0, 4, 2.5, 1.7125], "rotation": 90, "texture": "#0"},
				"up": {"uv": [0, 4, 2.5, 1.7125], "rotation": 90, "texture": "#0"},
				"down": {"uv": [0, 4, 2.5, 1.7125], "rotation": 90, "texture": "#0"}
			}
		},
		{
			"from": [3.24274, -0.02601, 5.56534],
			"to": [3.39105, 0.52336, 5.93656],
			"rotation": {"angle": 0, "axis": "z", "origin": [3.59031, 0.01907, 4.99311]},
			"faces": {
				"north": {"uv": [0, 4, 2.5, 1.7125], "texture": "#0"},
				"east": {"uv": [0, 4, 2.5, 1.7125], "texture": "#0"},
				"south": {"uv": [0, 4, 2.5, 1.7125], "texture": "#0"},
				"west": {"uv": [0, 4, 2.5, 1.7125], "texture": "#0"},
				"up": {"uv": [0, 4, 2.5, 1.7125], "texture": "#0"},
				"down": {"uv": [0, 4, 2.5, 1.7125], "texture": "#0"}
			}
		},
		{
			"from": [2.98796, 0.12989, 5.56534],
			"to": [3.34426, 0.88726, 5.93656],
			"rotation": {"angle": -45, "axis": "z", "origin": [3.59031, 0.01907, 4.99311]},
			"faces": {
				"north": {"uv": [0, 4, 2.5, 1.7125], "texture": "#0"},
				"east": {"uv": [0, 4, 2.5, 1.7125], "texture": "#0"},
				"south": {"uv": [0, 4, 2.5, 1.7125], "texture": "#0"},
				"west": {"uv": [0, 4, 2.5, 1.7125], "texture": "#0"},
				"up": {"uv": [0, 4, 2.5, 1.7125], "texture": "#0"},
				"down": {"uv": [0, 4, 2.5, 1.7125], "texture": "#0"}
			}
		},
		{
			"from": [3.24274, -0.02601, 4.31734],
			"to": [3.39105, 0.52336, 4.68856],
			"rotation": {"angle": 0, "axis": "z", "origin": [3.59031, 0.01907, 4.99311]},
			"faces": {
				"north": {"uv": [0, 4, 2.5, 1.7125], "texture": "#0"},
				"east": {"uv": [0, 4, 2.5, 1.7125], "texture": "#0"},
				"south": {"uv": [0, 4, 2.5, 1.7125], "texture": "#0"},
				"west": {"uv": [0, 4, 2.5, 1.7125], "texture": "#0"},
				"up": {"uv": [0, 4, 2.5, 1.7125], "texture": "#0"},
				"down": {"uv": [0, 4, 2.5, 1.7125], "texture": "#0"}
			}
		},
		{
			"from": [3.70281, -0.16125, 4.31734],
			"to": [3.85111, 0.38812, 4.68856],
			"rotation": {"angle": 22.5, "axis": "z", "origin": [3.59031, 0.01907, 4.99311]},
			"faces": {
				"north": {"uv": [0, 4, 2.5, 1.7125], "rotation": 270, "texture": "#0"},
				"east": {"uv": [0, 4, 2.5, 1.7125], "rotation": 90, "texture": "#0"},
				"south": {"uv": [0, 4, 2.5, 1.7125], "rotation": 90, "texture": "#0"},
				"west": {"uv": [0, 4, 2.5, 1.7125], "rotation": 90, "texture": "#0"},
				"up": {"uv": [0, 4, 2.5, 1.7125], "rotation": 90, "texture": "#0"},
				"down": {"uv": [0, 4, 2.5, 1.7125], "rotation": 90, "texture": "#0"}
			}
		}
	],
	"display": {
		"thirdperson_righthand": {
			"translation": [3.25, 5.25, 2.25]
		},
		"thirdperson_lefthand": {
			"translation": [-3.25, 5.75, 2.25]
		},
		"firstperson_righthand": {
			"translation": [0, 12, 8.25]
		},
		"firstperson_lefthand": {
			"rotation": [0, -180, 0],
			"translation": [0.25, 11.5, 1.75]
		},
		"ground": {
			"translation": [4.5, 9.5, 4.75],
			"scale": [1.67, 1.65, 1.67]
		},
		"gui": {
			"rotation": [7, 40, 3],
			"translation": [11.75, 21, 0],
			"scale": [2.98, 2.96, 2.96]
		},
		"fixed": {
			"rotation": [-90, 0, 0],
			"translation": [8.5, 8, -21.75],
			"scale": [2.72, 2.74, 2.74]
		}
	}
}