{"textures":{"0":"modelengine:entity/chieu"},"elements":[{"name":"cube","from":[6.3199997,2.7200003,6.98],"to":[9.92,9.2,9.38],"rotation":{"angle":0.0,"axis":"x","origin":[8.3,-2.98,6.98]},"faces":{"down":{"uv":[4.75,2.25,7.0,3.6],"rotation":0,"texture":"#0","tintindex":0},"east":{"uv":[1.75,5.0,3.85,7.9],"rotation":0,"texture":"#0","tintindex":0},"north":{"uv":[5.0,4.3125,6.9375,7.9625],"rotation":0,"texture":"#0","tintindex":0},"south":{"uv":[7.25,4.0,9.0,7.9],"rotation":0,"texture":"#0","tintindex":0},"up":{"uv":[2.0,2.0,3.25,2.85],"rotation":0,"texture":"#0","tintindex":0},"west":{"uv":[0.0,5.0,1.75,8.0],"rotation":0,"texture":"#0","tintindex":0}}},{"name":"cube","from":[6.3199997,2.7200003,6.8599997],"to":[9.92,9.2,9.38],"rotation":{"angle":0.0,"axis":"x","origin":[8.3,-2.98,6.98]},"faces":{"down":{"uv":[0.0,0.0,0.0,0.0],"rotation":0,"texture":"#0","tintindex":0},"east":{"uv":[0.0,0.0,0.0,0.0],"rotation":0,"texture":"#0","tintindex":0},"north":{"uv":[4.9375,8.875,7.0,12.025],"rotation":0,"texture":"#0","tintindex":0},"south":{"uv":[0.0,0.0,0.0,0.0],"rotation":0,"texture":"#0","tintindex":0},"up":{"uv":[0.0,0.0,0.0,0.0],"rotation":0,"texture":"#0","tintindex":0},"west":{"uv":[0.0,0.0,0.0,0.0],"rotation":0,"texture":"#0","tintindex":0}}}],"display":{"head":{"translation":[0.0,-6.4,0.0],"rotation":[0.0,0.0,0.0],"scale":[3.8095,3.8095,3.8095]}}}