{"textures":{"0":"modelengine:entity/chieu"},"elements":[{"name":"cube","from":[7.1,5.9599996,6.98],"to":[8.9,8.659999,8.9],"rotation":{"angle":0.0,"axis":"x","origin":[10.88,-3.520001,6.74]},"faces":{"down":{"uv":[2.0,8.0,2.8125,8.725],"rotation":0,"texture":"#0","tintindex":0},"east":{"uv":[9.0,13.0,10.0,15.85],"rotation":0,"texture":"#0","tintindex":0},"north":{"uv":[8.0,13.0,9.0,15.85],"rotation":0,"texture":"#0","tintindex":0},"south":{"uv":[10.0,13.0,11.0,15.85],"rotation":0,"texture":"#0","tintindex":0},"up":{"uv":[9.0,12.0,10.0,13.1],"rotation":0,"texture":"#0","tintindex":0},"west":{"uv":[10.1875,13.0625,11.1875,15.9125],"rotation":0,"texture":"#0","tintindex":0}}}],"display":{"head":{"translation":[0.0,-6.4,0.0],"rotation":[0.0,0.0,0.0],"scale":[3.8095,3.8095,3.8095]}}}