{"textures":{"0":"modelengine:entity/chieu"},"elements":[{"name":"left_sleve","from":[6.6499996,3.9499998,6.05],"to":[8.75,7.85,8.75],"rotation":{"angle":0.0,"axis":"x","origin":[11.0,-3.1000004,7.4]},"faces":{"down":{"uv":[11.75,9.0,12.5,8.0],"rotation":180,"texture":"#0","tintindex":0},"east":{"uv":[10.0,10.5,11.0,12.0],"rotation":0,"texture":"#0","tintindex":0},"north":{"uv":[11.0,10.5,11.75,12.0],"rotation":0,"texture":"#0","tintindex":0},"south":{"uv":[12.75,10.5,13.5,12.0],"rotation":0,"texture":"#0","tintindex":0},"up":{"uv":[12.5,8.0,13.25,9.0],"rotation":180,"texture":"#0","tintindex":0},"west":{"uv":[11.75,10.5,12.75,12.0],"rotation":0,"texture":"#0","tintindex":0}}},{"name":"left_arm","from":[6.8,4.3999996,6.2],"to":[8.6,8.0,8.6],"rotation":{"angle":0.0,"axis":"x","origin":[11.0,-2.8000002,7.4]},"faces":{"down":{"uv":[11.75,4.0,12.5,5.0],"rotation":180,"texture":"#0","tintindex":0},"east":{"uv":[11.0,6.5,10.0,8.0],"rotation":0,"texture":"#0","tintindex":0},"north":{"uv":[13.5,6.5,12.75,8.0],"rotation":0,"texture":"#0","tintindex":0},"south":{"uv":[11.75,6.5,11.0,8.0],"rotation":0,"texture":"#0","tintindex":0},"up":{"uv":[11.75,5.0,12.5,4.0],"rotation":180,"texture":"#0","tintindex":0},"west":{"uv":[12.75,6.5,11.75,8.0],"rotation":0,"texture":"#0","tintindex":0}}}],"display":{"head":{"translation":[0.0,-6.4,0.0],"rotation":[0.0,0.0,0.0],"scale":[3.8095,3.8095,3.8095]}}}