{"textures":{"0":"modelengine:entity/chieu"},"elements":[{"name":"left_leg","from":[6.8,4.3999996,6.8],"to":[9.2,8.0,9.2],"rotation":{"angle":0.0,"axis":"x","origin":[9.2,0.7999997,8.0]},"faces":{"down":{"uv":[6.0,12.0,5.0,13.0],"rotation":0,"texture":"#0","tintindex":0},"east":{"uv":[4.0,13.0,5.0,14.5],"rotation":0,"texture":"#0","tintindex":0},"north":{"uv":[5.0,13.0,6.0,14.5],"rotation":0,"texture":"#0","tintindex":0},"south":{"uv":[7.0,13.0,8.0,14.5],"rotation":0,"texture":"#0","tintindex":0},"up":{"uv":[6.0,13.0,5.0,12.0],"rotation":0,"texture":"#0","tintindex":0},"west":{"uv":[6.0,13.0,7.0,14.5],"rotation":0,"texture":"#0","tintindex":0}}}],"display":{"head":{"translation":[0.0,-6.4,0.0],"rotation":[0.0,0.0,0.0],"scale":[3.8095,3.8095,3.8095]}}}