{"textures":{"0":"modelengine:entity/chieu"},"elements":[{"name":"left_arm","from":[7.4,5.6,6.8],"to":[9.2,9.2,9.2],"rotation":{"angle":0.0,"axis":"x","origin":[11.6,-5.200001,8.0]},"faces":{"down":{"uv":[11.75,4.0,12.5,5.0],"rotation":180,"texture":"#0","tintindex":0},"east":{"uv":[11.0,5.0,10.0,6.5],"rotation":0,"texture":"#0","tintindex":0},"north":{"uv":[13.5,5.0,12.75,6.5],"rotation":0,"texture":"#0","tintindex":0},"south":{"uv":[11.75,5.0,11.0,6.5],"rotation":0,"texture":"#0","tintindex":0},"up":{"uv":[11.0,5.0,11.75,4.0],"rotation":180,"texture":"#0","tintindex":0},"west":{"uv":[12.75,5.0,11.75,6.5],"rotation":0,"texture":"#0","tintindex":0}}},{"name":"left_sleve","from":[7.25,5.45,6.6499996],"to":[9.35,9.35,9.35],"rotation":{"angle":0.0,"axis":"x","origin":[11.6,-5.200001,8.0]},"faces":{"down":{"uv":[12.5,9.0,13.25,8.0],"rotation":180,"texture":"#0","tintindex":0},"east":{"uv":[10.0,9.0,11.0,10.5],"rotation":0,"texture":"#0","tintindex":0},"north":{"uv":[11.0,9.0,11.75,10.5],"rotation":0,"texture":"#0","tintindex":0},"south":{"uv":[12.75,9.0,13.5,10.5],"rotation":0,"texture":"#0","tintindex":0},"up":{"uv":[11.0,8.0,11.75,9.0],"rotation":180,"texture":"#0","tintindex":0},"west":{"uv":[11.75,9.0,12.75,10.5],"rotation":0,"texture":"#0","tintindex":0}}}],"display":{"head":{"translation":[0.0,-6.4,0.0],"rotation":[0.0,0.0,0.0],"scale":[3.8095,3.8095,3.8095]}}}