{
	"credit": "Made with Blockbench",
	"textures": {
		"0": "item/fish/cangu",
		"particle": "item/fish/cangu"
	},
	"elements": [
		{
			"from": [2.816, 4.48311, 2.12531],
			"to": [2.816, 8.38311, 12.32931],
			"rotation": {"angle": -22.5, "axis": "y", "origin": [-3.52, 3.05911, 0.56931]},
			"faces": {
				"north": {"uv": [7.65, 12.825, 4.8125, 0], "rotation": 270, "texture": "#0"},
				"east": {"uv": [7.65, 12.5125, 4.8125, 0], "rotation": 270, "texture": "#0"},
				"south": {"uv": [7.65, 12.825, 4.8125, 0], "rotation": 270, "texture": "#0"},
				"west": {"uv": [7.65, 0, 4.8125, 12.825], "rotation": 270, "texture": "#0"},
				"up": {"uv": [7.65, 12.825, 4.8125, 0], "rotation": 270, "texture": "#0"},
				"down": {"uv": [7.65, 12.825, 4.8125, 0], "rotation": 270, "texture": "#0"}
			}
		},
		{
			"from": [-11.484, 4.48311, 1.22531],
			"to": [-11.484, 8.38311, 11.42931],
			"rotation": {"angle": 22.5, "axis": "y", "origin": [-3.52, 3.05911, 0.56931]},
			"faces": {
				"north": {"uv": [7.65, 12.825, 4.8125, 0], "rotation": 270, "texture": "#0"},
				"east": {"uv": [7.65, 12.825, 4.8125, 0], "rotation": 270, "texture": "#0"},
				"south": {"uv": [7.65, 12.825, 4.8125, 0], "rotation": 270, "texture": "#0"},
				"west": {"uv": [7.65, 0, 4.8125, 12.2], "rotation": 270, "texture": "#0"},
				"up": {"uv": [7.65, 12.825, 4.8125, 0], "rotation": 270, "texture": "#0"},
				"down": {"uv": [7.65, 12.825, 4.8125, 0], "rotation": 270, "texture": "#0"}
			}
		},
		{
			"from": [-4.24, 11.02311, 3.10131],
			"to": [-4.24, 16.48311, 15.08931],
			"rotation": {"angle": 0, "axis": "y", "origin": [-3.52, 3.05911, 1.00131]},
			"faces": {
				"north": {"uv": [8.6875, 12.875, 15.4375, 16], "texture": "#0"},
				"east": {"uv": [8.6875, 12.875, 15.4375, 16], "texture": "#0"},
				"south": {"uv": [8.6875, 12.875, 15.4375, 16], "texture": "#0"},
				"west": {"uv": [15.4375, 12.875, 8.6875, 16], "texture": "#0"},
				"up": {"uv": [8.6875, 12.875, 15.4375, 16], "texture": "#0"},
				"down": {"uv": [8.6875, 12.875, 15.4375, 16], "texture": "#0"}
			}
		},
		{
			"from": [-4.62, 11.05511, -5.19069],
			"to": [-4.62, 16.82111, 1.30131],
			"rotation": {"angle": 0, "axis": "y", "origin": [-3.52, 3.05911, 1.00131]},
			"faces": {
				"north": {"uv": [0, 12.5625, 8.3375, 16], "texture": "#0"},
				"east": {"uv": [0, 12.5625, 8.3375, 16], "texture": "#0"},
				"south": {"uv": [0, 12.5625, 8.3375, 16], "texture": "#0"},
				"west": {"uv": [8.3375, 12.5625, 0, 16], "texture": "#0"},
				"up": {"uv": [0, 12.5625, 8.3375, 16], "texture": "#0"},
				"down": {"uv": [0, 12.5625, 8.3375, 16], "texture": "#0"}
			}
		},
		{
			"from": [-4.12, -0.92111, -5.89069],
			"to": [-4.12, 4.94489, 1.30131],
			"rotation": {"angle": 0, "axis": "y", "origin": [-3.52, 12.94089, 1.00131]},
			"faces": {
				"north": {"uv": [0, 16, 8.3375, 12.5625], "texture": "#0"},
				"east": {"uv": [0, 16, 8.3375, 12.5625], "texture": "#0"},
				"south": {"uv": [0, 16, 8.3375, 12.5625], "texture": "#0"},
				"west": {"uv": [8.3375, 16, 0, 12.5625], "texture": "#0"},
				"up": {"uv": [0, 16, 8.3375, 12.5625], "texture": "#0"},
				"down": {"uv": [0, 16, 8.3375, 12.5625], "texture": "#0"}
			}
		},
		{
			"from": [-4.12, 0.57889, 7.30931],
			"to": [-4.12, 4.94489, 14.00131],
			"rotation": {"angle": 0, "axis": "y", "origin": [-3.52, 12.94089, 1.00131]},
			"faces": {
				"north": {"uv": [2.75, 15.25, 8.5875, 12.625], "texture": "#0"},
				"east": {"uv": [2.75, 15.25, 8.5875, 12.625], "texture": "#0"},
				"south": {"uv": [2.75, 15.25, 8.5875, 12.625], "texture": "#0"},
				"west": {"uv": [8.5875, 15.25, 2.75, 12.625], "texture": "#0"},
				"up": {"uv": [2.75, 15.25, 8.5875, 12.625], "texture": "#0"},
				"down": {"uv": [2.75, 15.25, 8.5875, 12.625], "texture": "#0"}
			}
		},
		{
			"from": [-6.936, 3.35511, -3.89069],
			"to": [-1.82, 10.97111, 19.90131],
			"rotation": {"angle": 0, "axis": "y", "origin": [-3.52, 3.05911, 1.00131]},
			"faces": {
				"north": {"uv": [1.575, 0.625, 4.4125, 7.8125], "texture": "#0"},
				"east": {"uv": [1.575, 0.625, 4.4125, 7.8125], "texture": "#0"},
				"south": {"uv": [2.2625, 0.625, 4.4125, 7.8125], "texture": "#0"},
				"west": {"uv": [4.4125, 0.625, 1.575, 7.8125], "texture": "#0"},
				"up": {"uv": [1.7625, 0.625, 3.85, 1.5], "texture": "#0"},
				"down": {"uv": [3.7625, 10.625, 0.9875, 11.7875], "texture": "#0"}
			}
		},
		{
			"from": [-5.948, 5.36311, -9.18269],
			"to": [-3.008, 9.25111, 21.00931],
			"rotation": {"angle": 0, "axis": "y", "origin": [-3.52, 3.05911, -3.49869]},
			"faces": {
				"north": {"uv": [1.575, 0.625, 4.4125, 7.8125], "texture": "#0"},
				"east": {"uv": [3.2625, 0.625, 4.4125, 7.8125], "texture": "#0"},
				"south": {"uv": [1.575, 0.625, 4.4125, 7.8125], "texture": "#0"},
				"west": {"uv": [2.075, 0.625, 4.4125, 7.8125], "texture": "#0"},
				"up": {"uv": [1.7625, 0.625, 3.85, 1.5], "texture": "#0"},
				"down": {"uv": [3.7625, 10.625, 0.9875, 11.7875], "texture": "#0"}
			}
		},
		{
			"from": [-4.528, -0.51289, -15.80669],
			"to": [-4.528, 14.89511, -8.03069],
			"rotation": {"angle": 0, "axis": "z", "origin": [-3.52, 3.05911, -3.49869]},
			"faces": {
				"north": {"uv": [8.5, 1.125, 15.925, 12.875], "texture": "#0"},
				"east": {"uv": [8.5, 1.125, 15.925, 12.875], "texture": "#0"},
				"south": {"uv": [8.5, 1.125, 15.925, 12.875], "texture": "#0"},
				"west": {"uv": [15.925, 1.125, 8.5, 12.875], "texture": "#0"},
				"up": {"uv": [8.5, 1.125, 15.925, 12.875], "texture": "#0"},
				"down": {"uv": [8.5, 1.125, 15.925, 12.875], "texture": "#0"}
			}
		}
	],
	"display": {
		"thirdperson_righthand": {
			"rotation": [-89, -91, -179.82],
			"translation": [-6.25, -8, 3.5],
			"scale": [0.77, 0.76, 0.76]
		},
		"thirdperson_lefthand": {
			"rotation": [-89, -91, -179.82],
			"translation": [-6.25, 11.5, 3.5],
			"scale": [0.77, 0.76, 0.76]
		},
		"firstperson_righthand": {
			"rotation": [0, -89, 0],
			"translation": [-11, 1.25, 9.75]
		},
		"firstperson_lefthand": {
			"rotation": [3, -92, 0],
			"translation": [-11, 1.75, -14.75]
		},
		"ground": {
			"translation": [21.25, 4, 3.25],
			"scale": [1.76, 1.74, 1.73]
		},
		"gui": {
			"rotation": [14, -36, 3],
			"translation": [6, -2, 0],
			"scale": [0.74, 0.73, 0.72]
		},
		"head": {
			"translation": [12.75, 10.5, 0]
		},
		"fixed": {
			"rotation": [0, 90, 0],
			"translation": [2.25, 1.5, -31.25],
			"scale": [2.01, 2.02, 2.04]
		}
	}
}