{
	"credit": "Made with Blockbench",
	"texture_size": [64, 32],
	"textures": {
		"2": "item/fish/mucphatquang"
	},
	"elements": [
		{
			"from": [6, 6, 3.1],
			"to": [10, 11, 7],
			"faces": {
				"north": {"uv": [8.25, 1, 13.69375, 15.375], "texture": "#2"},
				"east": {"uv": [8.25, 1, 13.69375, 15.375], "texture": "#2"},
				"south": {"uv": [0.25, 1, 5.69375, 15.375], "texture": "#2"},
				"west": {"uv": [8.25, 1, 13.69375, 15.375], "texture": "#2"},
				"up": {"uv": [8.25, 1, 13.69375, 15.375], "texture": "#2"},
				"down": {"uv": [8.25, 1, 13.69375, 15.375], "texture": "#2"}
			}
		},
		{
			"from": [9.2, 1.6, 3.2],
			"to": [9.8, 6, 3.8],
			"faces": {
				"north": {"uv": [4.4375, 0, 5.24375, 9.9], "texture": "#2"},
				"east": {"uv": [4.4375, 0, 5.24375, 9.9], "texture": "#2"},
				"south": {"uv": [4.4375, 0, 5.24375, 9.9], "texture": "#2"},
				"west": {"uv": [4.4375, 0, 5.24375, 9.9], "texture": "#2"},
				"up": {"uv": [4.4375, 0, 5.24375, 9.9], "texture": "#2"},
				"down": {"uv": [4.4375, 0, 5.24375, 9.9], "texture": "#2"}
			}
		},
		{
			"from": [7.6, 1.6, 3.2],
			"to": [8.2, 6, 3.8],
			"faces": {
				"north": {"uv": [4.4375, 0, 5.24375, 9.9], "texture": "#2"},
				"east": {"uv": [4.4375, 0, 5.24375, 9.9], "texture": "#2"},
				"south": {"uv": [4.4375, 0, 5.24375, 9.9], "texture": "#2"},
				"west": {"uv": [4.4375, 0, 5.24375, 9.9], "texture": "#2"},
				"up": {"uv": [4.4375, 0, 5.24375, 9.9], "texture": "#2"},
				"down": {"uv": [4.4375, 0, 5.24375, 9.9], "texture": "#2"}
			}
		},
		{
			"from": [7.6, 1.6, 6.3],
			"to": [8.2, 6, 6.9],
			"faces": {
				"north": {"uv": [4.4375, 0, 5.24375, 9.9], "texture": "#2"},
				"east": {"uv": [4.4375, 0, 5.24375, 9.9], "texture": "#2"},
				"south": {"uv": [4.4375, 0, 5.24375, 9.9], "texture": "#2"},
				"west": {"uv": [4.4375, 0, 5.24375, 9.9], "texture": "#2"},
				"up": {"uv": [4.4375, 0, 5.24375, 9.9], "texture": "#2"},
				"down": {"uv": [4.4375, 0, 5.24375, 9.9], "texture": "#2"}
			}
		},
		{
			"from": [6.1, 1.6, 6.3],
			"to": [6.7, 6, 6.9],
			"faces": {
				"north": {"uv": [4.4375, 0, 5.24375, 9.9], "texture": "#2"},
				"east": {"uv": [4.4375, 0, 5.24375, 9.9], "texture": "#2"},
				"south": {"uv": [4.4375, 0, 5.24375, 9.9], "texture": "#2"},
				"west": {"uv": [4.4375, 0, 5.24375, 9.9], "texture": "#2"},
				"up": {"uv": [4.4375, 0, 5.24375, 9.9], "texture": "#2"},
				"down": {"uv": [4.4375, 0, 5.24375, 9.9], "texture": "#2"}
			}
		},
		{
			"from": [6.1, 1.6, 4.8],
			"to": [6.7, 6, 5.4],
			"faces": {
				"north": {"uv": [4.4375, 0, 5.24375, 9.9], "texture": "#2"},
				"east": {"uv": [4.4375, 0, 5.24375, 9.9], "texture": "#2"},
				"south": {"uv": [4.4375, 0, 5.24375, 9.9], "texture": "#2"},
				"west": {"uv": [4.4375, 0, 5.24375, 9.9], "texture": "#2"},
				"up": {"uv": [4.4375, 0, 5.24375, 9.9], "texture": "#2"},
				"down": {"uv": [4.4375, 0, 5.24375, 9.9], "texture": "#2"}
			}
		},
		{
			"from": [6.1, 1.6, 3.2],
			"to": [6.7, 6, 3.8],
			"faces": {
				"north": {"uv": [4.4375, 0, 5.24375, 9.9], "texture": "#2"},
				"east": {"uv": [4.4375, 0, 5.24375, 9.9], "texture": "#2"},
				"south": {"uv": [4.4375, 0, 5.24375, 9.9], "texture": "#2"},
				"west": {"uv": [4.4375, 0, 5.24375, 9.9], "texture": "#2"},
				"up": {"uv": [4.4375, 0, 5.24375, 9.9], "texture": "#2"},
				"down": {"uv": [4.4375, 0, 5.24375, 9.9], "texture": "#2"}
			}
		},
		{
			"from": [9.2, 1.6, 4.8],
			"to": [9.8, 6, 5.4],
			"faces": {
				"north": {"uv": [4.4375, 0, 5.24375, 9.9], "texture": "#2"},
				"east": {"uv": [4.4375, 0, 5.24375, 9.9], "texture": "#2"},
				"south": {"uv": [4.4375, 0, 5.24375, 9.9], "texture": "#2"},
				"west": {"uv": [4.4375, 0, 5.24375, 9.9], "texture": "#2"},
				"up": {"uv": [4.4375, 0, 5.24375, 9.9], "texture": "#2"},
				"down": {"uv": [4.4375, 0, 5.24375, 9.9], "texture": "#2"}
			}
		},
		{
			"from": [9.2, 1.6, 6.3],
			"to": [9.8, 6, 6.9],
			"faces": {
				"north": {"uv": [4.4375, 0, 5.24375, 9.9], "texture": "#2"},
				"east": {"uv": [4.4375, 0, 5.24375, 9.9], "texture": "#2"},
				"south": {"uv": [4.4375, 0, 5.24375, 9.9], "texture": "#2"},
				"west": {"uv": [4.4375, 0, 5.24375, 9.9], "texture": "#2"},
				"up": {"uv": [4.4375, 0, 5.24375, 9.9], "texture": "#2"},
				"down": {"uv": [4.4375, 0, 5.24375, 9.9], "texture": "#2"}
			}
		}
	],
	"display": {
		"thirdperson_righthand": {
			"rotation": [89, 0, 90],
			"translation": [-9, -3.75, 1],
			"scale": [1.98, 1.96, 1.91]
		},
		"thirdperson_lefthand": {
			"rotation": [89, 0, 90],
			"translation": [-9, -3.75, 1],
			"scale": [1.98, 1.96, 1.91]
		},
		"firstperson_righthand": {
			"rotation": [2, -4, -88],
			"translation": [-7, 1.25, 4.5],
			"scale": [1.7, 1.7, 1.72]
		},
		"firstperson_lefthand": {
			"rotation": [2, -4, -88],
			"translation": [-7, 1.25, 4.5],
			"scale": [1.7, 1.7, 1.72]
		},
		"ground": {
			"translation": [-0.5, 11.75, 6.75],
			"scale": [2.37, 2.42, 2.42]
		},
		"gui": {
			"rotation": [14, -9, 24],
			"translation": [-2, 1, 0],
			"scale": [1.58, 1.6, 1.62]
		},
		"head": {
			"translation": [-0.25, 21.25, 8.25],
			"scale": [2.82, 2.85, 2.85]
		},
		"fixed": {
			"rotation": [-95, 0, 0],
			"translation": [0, 10.25, -26.75],
			"scale": [4, 4, 4]
		}
	}
}