{
	"credit": "Made with Blockbench",
	"textures": {
		"0": "item/fish/cahoi",
		"particle": "item/fish/cahoi"
	},
	"elements": [
		{
			"from": [-4.452, 5.67111, -8.07069],
			"to": [-3.36, 10.12311, 12.26531],
			"rotation": {"angle": 0, "axis": "y", "origin": [-3.52, 4.64311, 1.00131]},
			"faces": {
				"north": {"uv": [0.425, 0.95, 3.1625, 6.2625], "texture": "#0"},
				"east": {"uv": [12.8625, 1.95, 13.9125, 7.2625], "texture": "#0"},
				"south": {"uv": [0.425, 0.95, 3.1625, 6.2625], "texture": "#0"},
				"west": {"uv": [0.425, 0.95, 3.1625, 6.2625], "texture": "#0"},
				"up": {"uv": [0.4375, 0.75, 2.1375, 1.9875], "texture": "#0"},
				"down": {"uv": [0.325, 3.5625, 3.1, 6.125], "texture": "#0"}
			}
		},
		{
			"from": [-5.46, 4.17111, -2.49869],
			"to": [-2.64, 11.81111, 12.82931],
			"rotation": {"angle": 0, "axis": "y", "origin": [-3.52, 3.05911, 0.30131]},
			"faces": {
				"north": {"uv": [0.325, 0.6875, 3.1, 6.125], "texture": "#0"},
				"east": {"uv": [0.325, 0.6875, 3.1, 6.125], "texture": "#0"},
				"south": {"uv": [0.325, 0.6875, 3.1, 6.125], "texture": "#0"},
				"west": {"uv": [0.325, 0.6875, 3.1, 6.125], "texture": "#0"},
				"up": {"uv": [0.4375, 0.75, 2.1375, 1.9875], "texture": "#0"},
				"down": {"uv": [0.325, 3.5625, 3.1, 6.125], "texture": "#0"}
			}
		},
		{
			"from": [2.016, 4.69911, 4.99331],
			"to": [2.016, 8.20311, 11.29331],
			"rotation": {"angle": -22.5, "axis": "y", "origin": [-3.52, 3.05911, -0.13069]},
			"faces": {
				"north": {"uv": [3.9625, 9.375, 0.3125, 8.05], "rotation": 180, "texture": "#0"},
				"east": {"uv": [3.9625, 9.375, 0.3125, 8.05], "rotation": 180, "texture": "#0"},
				"south": {"uv": [3.9625, 9.375, 0.3125, 8.05], "rotation": 180, "texture": "#0"},
				"west": {"uv": [3.9625, 9.375, 0.3125, 8.05], "rotation": 180, "texture": "#0"},
				"up": {"uv": [3.9625, 9.375, 0.3125, 8.05], "rotation": 180, "texture": "#0"},
				"down": {"uv": [3.9625, 9.375, 0.3125, 8.05], "rotation": 180, "texture": "#0"}
			}
		},
		{
			"from": [-9.784, 4.69911, 4.29331],
			"to": [-9.784, 8.20311, 10.59331],
			"rotation": {"angle": 22.5, "axis": "y", "origin": [-3.52, 3.05911, -0.13069]},
			"faces": {
				"north": {"uv": [3.9625, 9.375, 0.3125, 8.05], "rotation": 180, "texture": "#0"},
				"east": {"uv": [3.9625, 9.375, 0.3125, 8.05], "rotation": 180, "texture": "#0"},
				"south": {"uv": [3.9625, 9.375, 0.3125, 8.05], "rotation": 180, "texture": "#0"},
				"west": {"uv": [3.9625, 9.375, 0.3125, 8.05], "rotation": 180, "texture": "#0"},
				"up": {"uv": [3.9625, 9.375, 0.3125, 8.05], "rotation": 180, "texture": "#0"},
				"down": {"uv": [3.9625, 9.375, 0.3125, 8.05], "rotation": 180, "texture": "#0"}
			}
		},
		{
			"from": [-4.34, 11.52311, 2.40131],
			"to": [-4.34, 15.28311, 9.38931],
			"rotation": {"angle": 0, "axis": "y", "origin": [-3.52, 3.05911, 0.30131]},
			"faces": {
				"north": {"uv": [9.5625, 1.75, 4.875, 4.375], "texture": "#0"},
				"east": {"uv": [9.5625, 1.75, 4.875, 4.375], "texture": "#0"},
				"south": {"uv": [9.5625, 1.75, 4.875, 4.375], "texture": "#0"},
				"west": {"uv": [4.875, 1.75, 9.5625, 4.375], "texture": "#0"},
				"up": {"uv": [9.5625, 1.75, 4.875, 4.375], "texture": "#0"},
				"down": {"uv": [9.5625, 1.75, 4.875, 4.375], "texture": "#0"}
			}
		},
		{
			"from": [-4.028, 3.88711, -14.20669],
			"to": [-4.028, 12.49511, -5.43069],
			"rotation": {"angle": 0, "axis": "z", "origin": [-3.52, 3.05911, -3.49869]},
			"faces": {
				"north": {"uv": [9.05, 5.375, 4.75, 11.5], "texture": "#0"},
				"east": {"uv": [9.05, 5.375, 4.75, 11.5], "texture": "#0"},
				"south": {"uv": [9.05, 5.375, 4.75, 11.5], "texture": "#0"},
				"west": {"uv": [4.75, 5.375, 9.05, 11.5], "texture": "#0"},
				"up": {"uv": [9.05, 5.375, 4.75, 11.5], "texture": "#0"},
				"down": {"uv": [9.05, 5.375, 4.75, 11.5], "texture": "#0"}
			}
		},
		{
			"from": [-4.732, 11.53804, 10.90462],
			"to": [-3.224, 15.32204, 17.58062],
			"rotation": {"angle": 22.5, "axis": "x", "origin": [-2.656, 12.18204, 2.22062]},
			"faces": {
				"north": {"uv": [11.125, 2.0625, 13.95, 5.1125], "texture": "#0"},
				"east": {"uv": [11.125, 2.0625, 13.95, 5.1125], "texture": "#0"},
				"south": {"uv": [11.125, 2.0625, 12.2, 3.1125], "texture": "#0"},
				"west": {"uv": [13.95, 2.0625, 11.125, 5.1125], "texture": "#0"},
				"up": {"uv": [0.4375, 0.75, 2.1375, 1.9875], "texture": "#0"},
				"down": {"uv": [11.125, 2.0625, 13.95, 5.1125], "texture": "#0"}
			}
		},
		{
			"from": [-4.476, 6.856, 10.796],
			"to": [-3.28, 10.448, 14.596],
			"rotation": {"angle": -22.5, "axis": "x", "origin": [-3.664, 9.5666, 17.78522]},
			"faces": {
				"north": {"uv": [13.825, 4, 11.05, 5.1625], "texture": "#0"},
				"east": {"uv": [13.825, 4, 11.05, 5.1625], "texture": "#0"},
				"south": {"uv": [13.825, 4, 11.05, 5.1625], "texture": "#0"},
				"west": {"uv": [13.825, 4, 11.05, 5.1625], "texture": "#0"},
				"up": {"uv": [13.825, 4, 11.05, 5.1625], "texture": "#0"},
				"down": {"uv": [13.825, 4, 11.05, 5.1625], "texture": "#0"}
			}
		}
	],
	"display": {
		"thirdperson_righthand": {
			"rotation": [-112.03, 0.12, -179.82],
			"translation": [-5.75, 0.5, 0],
			"scale": [0.5, 0.5, 0.5]
		},
		"thirdperson_lefthand": {
			"rotation": [67, -180, 0],
			"translation": [6.25, 1, 1.75],
			"scale": [0.5, 0.5, 0.5]
		},
		"firstperson_righthand": {
			"rotation": [0, -90, 0],
			"translation": [7.25, 0.5, 9.25]
		},
		"firstperson_lefthand": {
			"rotation": [0, -90, 0],
			"translation": [8.5, 0.75, -16]
		},
		"ground": {
			"translation": [5.5, -1.25, 2],
			"scale": [0.5, 0.49, 0.49]
		},
		"gui": {
			"rotation": [0, 90, 0],
			"translation": [2, 0.5, 0],
			"scale": [1, 0.43164, 0.40625]
		},
		"fixed": {
			"rotation": [0, 90, 0],
			"translation": [4.25, 0.5, -11],
			"scale": [0.75, 0.75, 0.75]
		}
	}
}