{
	"credit": "Made with Blockbench",
	"textures": {
		"0": "item/fish/camaptrang",
		"particle": "item/fish/camaptrang"
	},
	"elements": [
		{
			"from": [-2.8, -0.92284, -1.8852],
			"to": [1.5, 4.87716, 10.6148],
			"rotation": {"angle": 0, "axis": "y", "origin": [0, 0.37716, 0.0148]},
			"faces": {
				"north": {"uv": [11.575, 0.6875, 15.125, 3.9375], "texture": "#0"},
				"east": {"uv": [15.475, 0.5125, 11.675, 3.8875], "texture": "#0"},
				"south": {"uv": [11.575, 0.6875, 13.9125, 3.9375], "texture": "#0"},
				"west": {"uv": [11.8625, 0.5125, 15.475, 3.8875], "texture": "#0"},
				"up": {"uv": [7.0625, 9.25, 8.7125, 10.5125], "texture": "#0"},
				"down": {"uv": [11.75, 3, 14.5, 4.4], "texture": "#0"}
			}
		},
		{
			"from": [-3.5, -1.22284, 1.5148],
			"to": [2, 5.37716, 8.7148],
			"rotation": {"angle": 0, "axis": "y", "origin": [0, -0.72284, 0.0148]},
			"faces": {
				"north": {"uv": [11.575, 0.6875, 15.125, 3.9375], "texture": "#0"},
				"east": {"uv": [11.575, 0.6875, 13.9125, 3.9375], "texture": "#0"},
				"south": {"uv": [11.575, 0.6875, 13.9125, 3.9375], "texture": "#0"},
				"west": {"uv": [11.575, 0.6875, 13.9125, 3.9375], "texture": "#0"},
				"up": {"uv": [7.0625, 9.25, 8.7125, 10.5125], "texture": "#0"},
				"down": {"uv": [11.75, 3, 14.5, 4.4], "texture": "#0"}
			}
		},
		{
			"from": [1, 1.37716, 4.6148],
			"to": [6.9, 1.37716, 8.7148],
			"rotation": {"angle": -22.5, "axis": "z", "origin": [0, -0.72284, -0.2852]},
			"faces": {
				"north": {"uv": [10.5625, 9, 14.8375, 14.7625], "rotation": 270, "texture": "#0"},
				"east": {"uv": [10.5625, 9, 14.8375, 14.7625], "rotation": 270, "texture": "#0"},
				"south": {"uv": [10.5625, 9, 14.8375, 14.7625], "rotation": 270, "texture": "#0"},
				"west": {"uv": [10.5625, 9, 14.8375, 14.7625], "rotation": 270, "texture": "#0"},
				"up": {"uv": [10.5625, 9, 14.8375, 14.7625], "rotation": 270, "texture": "#0"},
				"down": {"uv": [14.8375, 9, 10.5625, 14.7625], "rotation": 270, "texture": "#0"}
			}
		},
		{
			"from": [-5.9, 7.87716, 5.1148],
			"to": [0, 7.87716, 9.2148],
			"rotation": {"angle": 22.5, "axis": "z", "origin": [16, -0.72284, -0.2852]},
			"faces": {
				"north": {"uv": [10.5625, 14.7625, 14.8375, 9], "rotation": 270, "texture": "#0"},
				"east": {"uv": [10.5625, 14.7625, 14.8375, 9], "rotation": 270, "texture": "#0"},
				"south": {"uv": [10.5625, 14.7625, 14.8375, 9], "rotation": 270, "texture": "#0"},
				"west": {"uv": [10.5625, 14.7625, 14.8375, 9], "rotation": 270, "texture": "#0"},
				"up": {"uv": [10.5625, 14.7625, 14.8375, 9], "rotation": 270, "texture": "#0"},
				"down": {"uv": [14.8375, 14.7625, 10.5625, 9], "rotation": 270, "texture": "#0"}
			}
		},
		{
			"from": [-0.5, 4.87716, 5.0148],
			"to": [-0.5, 8.87716, 10.2148],
			"rotation": {"angle": 0, "axis": "y", "origin": [0, -0.72284, 0.0148]},
			"faces": {
				"north": {"uv": [0.45, 0.5, 4.875, 4.75], "texture": "#0"},
				"east": {"uv": [0.45, 0.5, 4.875, 4.75], "texture": "#0"},
				"south": {"uv": [0.45, 0.5, 4.875, 4.75], "texture": "#0"},
				"west": {"uv": [4.875, 0.5, 0.45, 4.75], "texture": "#0"},
				"up": {"uv": [0.45, 0.5, 4.875, 4.75], "texture": "#0"},
				"down": {"uv": [0.45, 0.5, 4.875, 4.75], "texture": "#0"}
			}
		},
		{
			"from": [-2.2, 0.17716, -5.6852],
			"to": [0.4, 3.57716, 0.3148],
			"rotation": {"angle": 0, "axis": "y", "origin": [0, -0.72284, 0.0148]},
			"faces": {
				"north": {"uv": [11.575, 0.6875, 15.125, 3.9375], "texture": "#0"},
				"east": {"uv": [11.575, 0.6875, 13.625, 3.9375], "texture": "#0"},
				"south": {"uv": [11.575, 0.6875, 15.125, 3.9375], "texture": "#0"},
				"west": {"uv": [11.575, 0.6875, 13.625, 3.9375], "texture": "#0"},
				"up": {"uv": [7.0625, 9.25, 8.7125, 10.5125], "texture": "#0"},
				"down": {"uv": [11.75, 3, 14.5, 4.4], "texture": "#0"}
			}
		},
		{
			"from": [-0.7, -2.42284, -10.4852],
			"to": [-0.7, 8.27716, -5.0852],
			"rotation": {"angle": 0, "axis": "z", "origin": [0, -0.72284, 0.0148]},
			"faces": {
				"north": {"uv": [0, 4.9375, 6.3, 16], "texture": "#0"},
				"east": {"uv": [0, 4.9375, 6.3, 16], "texture": "#0"},
				"south": {"uv": [0, 4.9375, 6.3, 16], "texture": "#0"},
				"west": {"uv": [6.3, 4.9375, 0, 16], "texture": "#0"},
				"up": {"uv": [0, 4.9375, 6.3, 16], "texture": "#0"},
				"down": {"uv": [0, 4.9375, 6.3, 16], "texture": "#0"}
			}
		},
		{
			"from": [-2.3, 4.88753, 9.46154],
			"to": [0.9, 8.48753, 14.86154],
			"rotation": {"angle": 22.5, "axis": "x", "origin": [0.6, 4.98753, 0.86154]},
			"faces": {
				"north": {"uv": [11.75, 0.5, 14.15, 1.8], "texture": "#0"},
				"east": {"uv": [7.0625, 3.7375, 10.8875, 0.5], "texture": "#0"},
				"south": {"uv": [8.1875, 3.5, 10.15, 5.8], "texture": "#0"},
				"west": {"uv": [10.8875, 3.925, 7.0625, 0.6875], "texture": "#0"},
				"up": {"uv": [7.0625, 9.25, 8.7125, 10.5125], "texture": "#0"}
			}
		},
		{
			"from": [-2.4, -0.1, 8.9],
			"to": [1, 1.7, 13.9],
			"rotation": {"angle": -22.5, "axis": "x", "origin": [-0.1, 3.17125, 11.67029]},
			"faces": {
				"north": {"uv": [0, 0, 2, 1.6], "texture": "#missing"},
				"east": {"uv": [9.5125, 11.125, 6.3, 12.475], "texture": "#0"},
				"south": {"uv": [6.7625, 10.3375, 8.9875, 11.9375], "texture": "#0"},
				"west": {"uv": [9.5125, 11.125, 6.3, 12.475], "texture": "#0"},
				"down": {"uv": [11.75, 3, 14.5, 4.4], "texture": "#0"}
			}
		}
	],
	"display": {
		"thirdperson_righthand": {
			"rotation": [-86, 92, 177],
			"translation": [1.25, 16.5, 11.75],
			"scale": [1.47, 1.47, 1.48]
		},
		"thirdperson_lefthand": {
			"rotation": [-86, 92, 177],
			"translation": [-0.25, -10, 11.75],
			"scale": [1.47, 1.47, 1.48]
		},
		"firstperson_righthand": {
			"rotation": [-6, -86, 0],
			"translation": [-13, 9.5, 7.5],
			"scale": [1.6, 1.62, 1.62]
		},
		"firstperson_lefthand": {
			"rotation": [-1, -90, 0],
			"translation": [-12.75, 7.75, -8]
		},
		"ground": {
			"translation": [17, 14.75, 6],
			"scale": [2, 2, 2]
		},
		"gui": {
			"rotation": [17, -36, 0],
			"translation": [5, 2.5, 0],
			"scale": [1.12, 1.14, 1.14]
		},
		"fixed": {
			"rotation": [0, -180, 0],
			"translation": [-26.25, 17.75, -8.25],
			"scale": [3, 3, 3]
		}
	}
}