{
	"credit": "Made with Blockbench",
	"textures": {
		"0": "item/fish/tom",
		"particle": "item/fish/tom"
	},
	"elements": [
		{
			"from": [0, 2, 4.5],
			"to": [1.4, 3.3, 7],
			"faces": {
				"north": {"uv": [13, 1, 15.975, 2.425], "texture": "#0"},
				"east": {"uv": [13, 1, 15.975, 2.425], "texture": "#0"},
				"south": {"uv": [13, 1, 15.975, 2.425], "texture": "#0"},
				"up": {"uv": [13.025, 9.5, 16, 11.925], "texture": "#0"},
				"down": {"uv": [13, 1, 15.975, 2.425], "texture": "#0"}
			}
		},
		{
			"from": [0, 1.6, 3],
			"to": [0, 3.3, 7.6],
			"rotation": {"angle": 0, "axis": "y", "origin": [0.1, 0, 0]},
			"faces": {
				"north": {"uv": [11.625, 3, 16, 4.95], "texture": "#0"},
				"east": {"uv": [16, 3, 11.625, 4.95], "texture": "#0"},
				"south": {"uv": [11.625, 3, 16, 4.95], "texture": "#0"},
				"west": {"uv": [11.625, 3, 16, 4.95], "texture": "#0"},
				"up": {"uv": [11.625, 3, 16, 4.95], "texture": "#0"},
				"down": {"uv": [11.625, 3, 16, 4.95], "texture": "#0"}
			}
		},
		{
			"from": [1.4, 1.6, 3.1],
			"to": [1.4, 3.3, 7],
			"rotation": {"angle": 0, "axis": "y", "origin": [0.1, 0, 0]},
			"faces": {
				"north": {"uv": [16, 3, 11.625, 4.95], "texture": "#0"},
				"east": {"uv": [16, 3, 11.625, 4.95], "texture": "#0"},
				"south": {"uv": [16, 3, 11.625, 4.95], "texture": "#0"},
				"west": {"uv": [11.625, 3, 16, 4.95], "texture": "#0"},
				"up": {"uv": [16, 3, 11.625, 4.95], "texture": "#0"},
				"down": {"uv": [16, 3, 11.625, 4.95], "texture": "#0"}
			}
		},
		{
			"from": [0.1, 2, 7],
			"to": [1.3, 3.2, 8.9],
			"rotation": {"angle": 0, "axis": "x", "origin": [0, 0.1, -0.4]},
			"faces": {
				"north": {"uv": [0, 0, 1.2, 1.2], "texture": "#missing"},
				"east": {"uv": [15.7, 5.5, 13.8, 6.7], "texture": "#0"},
				"south": {"uv": [0, 0, 1.2, 1.9], "texture": "#0"},
				"west": {"uv": [13.8, 5.5, 15.7, 6.7], "texture": "#0"},
				"up": {"uv": [0, 0, 1.2, 1.9], "texture": "#0"},
				"down": {"uv": [0, 0, 1.2, 1.9], "texture": "#missing"}
			}
		},
		{
			"from": [0.2, 5.17544, 8.2387],
			"to": [1.2, 6.07544, 9.7387],
			"rotation": {"angle": 22.5, "axis": "x", "origin": [0, 3.17544, 0.8387]},
			"faces": {
				"north": {"uv": [14.125, 7.75, 15.625, 8.65], "texture": "#0"},
				"east": {"uv": [15.625, 7.75, 14.125, 8.65], "texture": "#0"},
				"south": {"uv": [0, 0, 1.2, 1.9], "texture": "#0"},
				"west": {"uv": [14.125, 7.75, 15.625, 8.65], "texture": "#0"},
				"up": {"uv": [0, 0, 1.2, 1.9], "texture": "#0"},
				"down": {"uv": [14.125, 7.75, 15.625, 8.65], "texture": "#0"}
			}
		},
		{
			"from": [0.2, 5.47544, 8.2387],
			"to": [1.2, 5.47544, 10.5387],
			"rotation": {"angle": 22.5, "axis": "x", "origin": [0, 3.17544, 0.8387]},
			"faces": {
				"north": {"uv": [14.125, 7.75, 15.625, 8.65], "texture": "#0"},
				"east": {"uv": [15.625, 7.75, 14.125, 8.65], "texture": "#0"},
				"south": {"uv": [0, 0, 1.2, 1.9], "texture": "#0"},
				"west": {"uv": [14.125, 7.75, 15.625, 8.65], "texture": "#0"},
				"up": {"uv": [0, 0, 1.2, 1.9], "texture": "#0"},
				"down": {"uv": [14.125, 7.75, 15.625, 8.65], "texture": "#0"}
			}
		}
	],
	"display": {
		"thirdperson_righthand": {
			"rotation": [89.25, 0, 0],
			"translation": [7.5, -2.75, 4.75]
		},
		"thirdperson_lefthand": {
			"rotation": [90.25, 0, 0],
			"translation": [-7, -3.25, 4.75]
		},
		"firstperson_righthand": {
			"rotation": [0, 65, 0],
			"translation": [3.25, 7.75, -3.75]
		},
		"firstperson_lefthand": {
			"rotation": [9, 32, -9],
			"translation": [-5.25, 9, 9]
		},
		"ground": {
			"translation": [11, 5.75, 1.5],
			"scale": [1.52, 1.52, 1.52]
		},
		"gui": {
			"rotation": [32, 127, -4],
			"translation": [-8.5, 16, 0],
			"scale": [2.21, 2.21, 2.21]
		},
		"head": {
			"translation": [-2.5, 0, 0]
		},
		"fixed": {
			"rotation": [-90, 90, 0],
			"translation": [1.5, -13, -11.5],
			"scale": [1.79, 1.79, 1.79]
		}
	}
}