{"textures":{"0":"modelengine:entity/blacksmith"},"elements":[{"name":"cube","from":[6.2,4.7,6.8],"to":[8.0,8.9,9.2],"rotation":{"angle":0.0,"axis":"x","origin":[7.1,6.8,8.0]},"faces":{"down":{"uv":[12.25,12.75,11.5,13.75],"rotation":0,"texture":"#0","tintindex":0},"east":{"uv":[4.0,6.25,5.0,8.0],"rotation":0,"texture":"#0","tintindex":0},"north":{"uv":[1.0,11.25,1.75,13.0],"rotation":0,"texture":"#0","tintindex":0},"south":{"uv":[1.75,11.25,2.5,13.0],"rotation":0,"texture":"#0","tintindex":0},"up":{"uv":[11.5,13.75,10.75,12.75],"rotation":0,"texture":"#0","tintindex":0},"west":{"uv":[5.5,9.5,6.5,11.25],"rotation":0,"texture":"#0","tintindex":0}}}],"display":{"head":{"translation":[0.0,-6.4,0.0],"rotation":[0.0,0.0,0.0],"scale":[3.8095,3.8095,3.8095]}}}