{"textures":{"0":"modelengine:entity/blacksmith"},"elements":[{"name":"cube","from":[7.4,5.8999996,6.8],"to":[9.2,8.9,9.2],"rotation":{"angle":0.0,"axis":"x","origin":[8.3,7.4,8.0]},"faces":{"down":{"uv":[7.5,13.0,8.25,14.0],"rotation":0,"texture":"#0","tintindex":0},"east":{"uv":[12.25,10.75,11.25,12.0],"rotation":0,"texture":"#0","tintindex":0},"north":{"uv":[10.75,12.5,10.0,13.75],"rotation":0,"texture":"#0","tintindex":0},"south":{"uv":[13.5,0.75,12.75,2.0],"rotation":0,"texture":"#0","tintindex":0},"up":{"uv":[4.75,14.0,5.5,13.0],"rotation":0,"texture":"#0","tintindex":0},"west":{"uv":[6.5,11.25,5.5,12.5],"rotation":0,"texture":"#0","tintindex":0}}}],"display":{"head":{"translation":[0.0,-6.4,0.0],"rotation":[0.0,0.0,0.0],"scale":[3.8095,3.8095,3.8095]}}}