{"textures":{"0":"modelengine:entity/butcher"},"elements":[{"name":"cube","from":[5.6,6.2,6.2],"to":[10.4,10.4,9.2],"rotation":{"angle":0.0,"axis":"x","origin":[8.0,13.400001,7.4]},"faces":{"down":{"uv":[9.75,1.25,7.75,2.5],"rotation":0,"texture":"#0","tintindex":0},"east":{"uv":[5.0,9.25,6.25,11.0],"rotation":0,"texture":"#0","tintindex":0},"north":{"uv":[4.25,2.0,6.25,3.75],"rotation":0,"texture":"#0","tintindex":0},"south":{"uv":[0.0,6.0,2.0,7.75],"rotation":0,"texture":"#0","tintindex":0},"up":{"uv":[2.0,9.0,0.0,7.75],"rotation":0,"texture":"#0","tintindex":0},"west":{"uv":[6.25,9.5,7.5,11.25],"rotation":0,"texture":"#0","tintindex":0}}},{"name":"cube","from":[5.0,10.4,6.2],"to":[11.0,13.400001,9.2],"rotation":{"angle":0.0,"axis":"x","origin":[8.0,17.0,7.4]},"faces":{"down":{"uv":[8.75,0.0,6.25,1.25],"rotation":0,"texture":"#0","tintindex":0},"east":{"uv":[7.5,9.5,8.75,10.75],"rotation":0,"texture":"#0","tintindex":0},"north":{"uv":[2.0,6.0,4.5,7.25],"rotation":0,"texture":"#0","tintindex":0},"south":{"uv":[6.0,3.75,8.5,5.0],"rotation":0,"texture":"#0","tintindex":0},"up":{"uv":[7.0,7.25,4.5,6.0],"rotation":0,"texture":"#0","tintindex":0},"west":{"uv":[8.75,9.75,10.0,11.0],"rotation":0,"texture":"#0","tintindex":0}}},{"name":"cube","from":[5.6,10.048529,7.8970566],"to":[10.4,12.448528,9.697056],"rotation":{"angle":45.0,"axis":"x","origin":[8.0,14.2485285,7.8970566]},"faces":{"down":{"uv":[3.5,10.0,1.5,10.75],"rotation":0,"texture":"#0","tintindex":0},"east":{"uv":[10.0,11.0,10.75,12.0],"rotation":0,"texture":"#0","tintindex":0},"north":{"uv":[9.75,1.0,11.75,2.0],"rotation":0,"texture":"#0","tintindex":0},"south":{"uv":[9.75,2.0,11.75,3.0],"rotation":0,"texture":"#0","tintindex":0},"up":{"uv":[11.75,3.75,9.75,3.0],"rotation":0,"texture":"#0","tintindex":0},"west":{"uv":[10.75,11.0,11.5,12.0],"rotation":0,"texture":"#0","tintindex":0}}},{"name":"cube","from":[5.6,3.1999998,6.2],"to":[10.4,6.2,6.2],"rotation":{"angle":0.0,"axis":"x","origin":[8.0,8.6,7.4]},"faces":{"down":{"uv":[2.0,0.0,0.0,0.0],"rotation":0,"texture":"#0","tintindex":0},"east":{"uv":[0.0,0.0,0.0,1.25],"rotation":0,"texture":"#0","tintindex":0},"north":{"uv":[7.75,2.5,9.75,3.75],"rotation":0,"texture":"#0","tintindex":0},"south":{"uv":[6.75,8.25,8.75,9.5],"rotation":0,"texture":"#0","tintindex":0},"up":{"uv":[2.0,0.0,0.0,0.0],"rotation":0,"texture":"#0","tintindex":0},"west":{"uv":[0.0,0.0,0.0,1.25],"rotation":0,"texture":"#0","tintindex":0}}}],"display":{"head":{"translation":[0.0,-6.4,0.0],"rotation":[0.0,0.0,0.0],"scale":[3.8095,3.8095,3.8095]}}}