{"textures":{"0":"modelengine:entity/butcher"},"elements":[{"name":"cube","from":[5.3,8.3,4.7],"to":[10.700001,13.1,7.7],"rotation":{"angle":0.0,"axis":"x","origin":[8.0,8.0,7.4]},"faces":{"down":{"uv":[4.25,7.25,2.0,8.5],"rotation":0,"texture":"#0","tintindex":0},"east":{"uv":[4.25,7.25,5.5,9.25],"rotation":0,"texture":"#0","tintindex":0},"north":{"uv":[0.0,0.0,2.25,2.0],"rotation":0,"texture":"#0","tintindex":0},"south":{"uv":[0.0,2.0,2.25,4.0],"rotation":0,"texture":"#0","tintindex":0},"up":{"uv":[9.25,8.25,7.0,7.0],"rotation":0,"texture":"#0","tintindex":0},"west":{"uv":[5.5,7.25,6.75,9.25],"rotation":0,"texture":"#0","tintindex":0}}},{"name":"cube","from":[6.2,11.6,8.6],"to":[9.8,15.2,12.2],"rotation":{"angle":-22.5,"axis":"x","origin":[8.0,14.0,11.6]},"faces":{"down":{"uv":[5.0,9.25,3.5,10.75],"rotation":0,"texture":"#0","tintindex":0},"east":{"uv":[8.5,3.75,10.0,5.25],"rotation":0,"texture":"#0","tintindex":0},"north":{"uv":[2.0,8.5,3.5,10.0],"rotation":0,"texture":"#0","tintindex":0},"south":{"uv":[8.5,5.25,10.0,6.75],"rotation":0,"texture":"#0","tintindex":0},"up":{"uv":[1.5,10.5,0.0,9.0],"rotation":0,"texture":"#0","tintindex":0},"west":{"uv":[8.75,8.25,10.25,9.75],"rotation":0,"texture":"#0","tintindex":0}}},{"name":"cube","from":[11.190559,8.3,8.433989],"to":[11.190559,13.1,12.033989],"rotation":{"angle":22.5,"axis":"y","origin":[9.400576,7.400571,10.80981]},"faces":{"down":{"uv":[0.0,0.0,0.0,1.5],"rotation":0,"texture":"#0","tintindex":0},"east":{"uv":[6.25,1.25,7.75,3.25],"rotation":0,"texture":"#0","tintindex":0},"north":{"uv":[0.0,0.0,0.0,2.0],"rotation":0,"texture":"#0","tintindex":0},"south":{"uv":[0.0,0.0,0.0,2.0],"rotation":0,"texture":"#0","tintindex":0},"up":{"uv":[0.0,1.5,0.0,0.0],"rotation":0,"texture":"#0","tintindex":0},"west":{"uv":[7.75,1.25,6.25,3.25],"rotation":0,"texture":"#0","tintindex":0}}},{"name":"cube","from":[4.80944,8.3,8.433989],"to":[4.80944,13.1,12.033989],"rotation":{"angle":-22.5,"axis":"y","origin":[6.5994253,7.400571,10.80981]},"faces":{"down":{"uv":[0.0,0.0,0.0,1.5],"rotation":0,"texture":"#0","tintindex":0},"east":{"uv":[6.25,1.25,7.75,3.25],"rotation":0,"texture":"#0","tintindex":0},"north":{"uv":[0.0,0.0,0.0,2.0],"rotation":0,"texture":"#0","tintindex":0},"south":{"uv":[0.0,0.0,0.0,2.0],"rotation":0,"texture":"#0","tintindex":0},"up":{"uv":[0.0,1.5,0.0,0.0],"rotation":0,"texture":"#0","tintindex":0},"west":{"uv":[7.75,1.25,6.25,3.25],"rotation":0,"texture":"#0","tintindex":0}}},{"name":"cube","from":[5.45,9.2,8.6],"to":[6.05,11.0,9.8],"rotation":{"angle":-22.5,"axis":"y","origin":[8.45,8.0,8.6]},"faces":{"down":{"uv":[14.0,1.0,13.75,1.5],"rotation":0,"texture":"#0","tintindex":0},"east":{"uv":[13.25,1.5,13.75,2.25],"rotation":0,"texture":"#0","tintindex":0},"north":{"uv":[13.25,0.0,13.5,0.75],"rotation":0,"texture":"#0","tintindex":0},"south":{"uv":[13.5,0.0,13.75,0.75],"rotation":0,"texture":"#0","tintindex":0},"up":{"uv":[14.0,0.5,13.75,0.0],"rotation":0,"texture":"#0","tintindex":0},"west":{"uv":[13.25,0.75,13.75,1.5],"rotation":0,"texture":"#0","tintindex":0}}},{"name":"cube","from":[9.950001,9.2,8.6],"to":[10.55,11.0,9.8],"rotation":{"angle":22.5,"axis":"y","origin":[7.55,8.0,8.6]},"faces":{"down":{"uv":[13.75,1.0,14.0,1.5],"rotation":0,"texture":"#0","tintindex":0},"east":{"uv":[13.75,0.75,13.25,1.5],"rotation":0,"texture":"#0","tintindex":0},"north":{"uv":[13.5,0.0,13.25,0.75],"rotation":0,"texture":"#0","tintindex":0},"south":{"uv":[13.75,0.0,13.5,0.75],"rotation":0,"texture":"#0","tintindex":0},"up":{"uv":[13.75,0.5,14.0,0.0],"rotation":0,"texture":"#0","tintindex":0},"west":{"uv":[13.75,1.5,13.25,2.25],"rotation":0,"texture":"#0","tintindex":0}}},{"name":"cube","from":[5.6,8.0,5.0],"to":[10.4,12.8,9.8],"rotation":{"angle":0.0,"axis":"x","origin":[8.0,8.0,7.4]},"faces":{"down":{"uv":[6.25,0.0,4.25,2.0],"rotation":0,"texture":"#0","tintindex":0},"east":{"uv":[2.25,2.0,4.25,4.0],"rotation":0,"texture":"#0","tintindex":0},"north":{"uv":[2.25,0.0,4.25,2.0],"rotation":0,"texture":"#0","tintindex":0},"south":{"uv":[0.0,4.0,2.0,6.0],"rotation":0,"texture":"#0","tintindex":0},"up":{"uv":[6.0,6.0,4.0,4.0],"rotation":0,"texture":"#0","tintindex":0},"west":{"uv":[2.0,4.0,4.0,6.0],"rotation":0,"texture":"#0","tintindex":0}}},{"name":"cube","from":[7.4,9.8,4.3999996],"to":[8.6,10.4,5.0],"rotation":{"angle":0.0,"axis":"x","origin":[8.0,8.0,7.4]},"faces":{"down":{"uv":[10.75,9.5,10.25,9.75],"rotation":0,"texture":"#0","tintindex":0},"east":{"uv":[5.75,3.75,6.0,4.0],"rotation":0,"texture":"#0","tintindex":0},"north":{"uv":[5.25,3.75,5.75,4.0],"rotation":0,"texture":"#0","tintindex":0},"south":{"uv":[8.5,6.75,9.0,7.0],"rotation":0,"texture":"#0","tintindex":0},"up":{"uv":[6.75,9.5,6.25,9.25],"rotation":0,"texture":"#0","tintindex":0},"west":{"uv":[9.0,6.75,9.25,7.0],"rotation":0,"texture":"#0","tintindex":0}}}],"display":{"head":{"translation":[0.0,-6.4,0.0],"rotation":[0.0,0.0,0.0],"scale":[3.8095,3.8095,3.8095]}}}