{"textures":{"0":"modelengine:entity/butcher"},"elements":[{"name":"cube","from":[7.1,6.2000003,8.0],"to":[8.9,8.0,9.8],"rotation":{"angle":0.0,"axis":"x","origin":[7.1,6.8,8.6]},"faces":{"down":{"uv":[12.75,3.5,12.0,4.25],"rotation":0,"texture":"#0","tintindex":0},"east":{"uv":[7.5,11.75,8.25,12.5],"rotation":0,"texture":"#0","tintindex":0},"north":{"uv":[4.0,11.75,4.75,12.5],"rotation":0,"texture":"#0","tintindex":0},"south":{"uv":[11.75,9.5,12.5,10.25],"rotation":0,"texture":"#0","tintindex":0},"up":{"uv":[12.75,0.75,12.0,0.0],"rotation":0,"texture":"#0","tintindex":0},"west":{"uv":[11.5,11.75,12.25,12.5],"rotation":0,"texture":"#0","tintindex":0}}},{"name":"cube","from":[6.8,3.2,7.7],"to":[9.2,6.2000003,10.1],"rotation":{"angle":0.0,"axis":"x","origin":[7.1,5.6000004,8.6]},"faces":{"down":{"uv":[12.0,4.75,11.0,5.75],"rotation":0,"texture":"#0","tintindex":0},"east":{"uv":[10.0,5.0,11.0,6.25],"rotation":0,"texture":"#0","tintindex":0},"north":{"uv":[10.0,3.75,11.0,5.0],"rotation":0,"texture":"#0","tintindex":0},"south":{"uv":[10.0,9.75,11.0,11.0],"rotation":0,"texture":"#0","tintindex":0},"up":{"uv":[12.0,4.75,11.0,3.75],"rotation":0,"texture":"#0","tintindex":0},"west":{"uv":[10.25,7.75,11.25,9.0],"rotation":0,"texture":"#0","tintindex":0}}},{"name":"cube","from":[6.8,3.2,7.1],"to":[9.2,3.8000002,7.7],"rotation":{"angle":0.0,"axis":"x","origin":[7.1,5.6000004,6.2]},"faces":{"down":{"uv":[13.0,0.75,12.0,1.0],"rotation":0,"texture":"#0","tintindex":0},"east":{"uv":[1.0,10.5,1.25,10.75],"rotation":0,"texture":"#0","tintindex":0},"north":{"uv":[4.25,3.75,5.25,4.0],"rotation":0,"texture":"#0","tintindex":0},"south":{"uv":[8.75,1.0,9.75,1.25],"rotation":0,"texture":"#0","tintindex":0},"up":{"uv":[12.5,7.75,11.5,7.5],"rotation":0,"texture":"#0","tintindex":0},"west":{"uv":[1.25,10.5,1.5,10.75],"rotation":0,"texture":"#0","tintindex":0}}}],"display":{"head":{"translation":[0.0,-6.4,0.0],"rotation":[0.0,0.0,0.0],"scale":[3.8095,3.8095,3.8095]}}}