{"textures":{"0":"modelengine:entity/butcher"},"elements":[{"name":"cube","from":[6.8,5.6,7.1],"to":[8.6,8.6,8.9],"rotation":{"angle":0.0,"axis":"x","origin":[8.6,8.0,7.7]},"faces":{"down":{"uv":[3.25,11.75,4.0,12.5],"rotation":0,"texture":"#0","tintindex":0},"east":{"uv":[11.75,9.5,11.0,10.75],"rotation":0,"texture":"#0","tintindex":0},"north":{"uv":[5.75,11.0,5.0,12.25],"rotation":0,"texture":"#0","tintindex":0},"south":{"uv":[10.0,11.0,9.25,12.25],"rotation":0,"texture":"#0","tintindex":0},"up":{"uv":[11.75,3.5,12.5,2.75],"rotation":0,"texture":"#0","tintindex":0},"west":{"uv":[9.25,11.0,8.5,12.25],"rotation":0,"texture":"#0","tintindex":0}}}],"display":{"head":{"translation":[0.0,-6.4,0.0],"rotation":[0.0,0.0,0.0],"scale":[3.8095,3.8095,3.8095]}}}