{"textures":{"0":"modelengine:entity/gacha_a","1":"modelengine:entity/normal_gacha_ball","2":"modelengine:entity/golden_ball_gacha"},"elements":[{"name":"cube","from":[6.2,6.2,7.4],"to":[9.8,9.8,8.0],"rotation":{"angle":0.0,"axis":"x","origin":[9.2,7.4,7.4]},"faces":{"down":{"uv":[2.75,5.375,2.375,5.4375],"rotation":0,"texture":"#0","tintindex":0},"east":{"uv":[2.6875,4.625,2.75,5.0],"rotation":0,"texture":"#0","tintindex":0},"north":{"uv":[2.375,3.875,2.75,4.25],"rotation":0,"texture":"#0","tintindex":0},"south":{"uv":[2.375,4.25,2.75,4.625],"rotation":0,"texture":"#0","tintindex":0},"up":{"uv":[2.75,5.375,2.375,5.3125],"rotation":0,"texture":"#0","tintindex":0},"west":{"uv":[2.3125,5.6875,2.375,6.0625],"rotation":0,"texture":"#0","tintindex":0}}},{"name":"cube","from":[7.7,6.2,6.62],"to":[8.3,9.8,7.4],"rotation":{"angle":0.0,"axis":"x","origin":[9.5,7.4,6.8]},"faces":{"down":{"uv":[2.75,5.0625,2.6875,5.125],"rotation":0,"texture":"#0","tintindex":0},"east":{"uv":[5.0625,5.8125,5.125,6.1875],"rotation":0,"texture":"#0","tintindex":0},"north":{"uv":[5.0,5.8125,5.0625,6.1875],"rotation":0,"texture":"#0","tintindex":0},"south":{"uv":[4.875,6.0,4.9375,6.375],"rotation":0,"texture":"#0","tintindex":0},"up":{"uv":[2.75,5.0625,2.6875,5.0],"rotation":0,"texture":"#0","tintindex":0},"west":{"uv":[4.9375,6.0,5.0,6.375],"rotation":0,"texture":"#0","tintindex":0}}}],"display":{"head":{"translation":[0.0,-6.4,0.0],"rotation":[0.0,0.0,0.0],"scale":[3.8095,3.8095,3.8095]}}}