{"textures":{"0":"modelengine:entity/bot"},"elements":[{"name":"cube","from":[7.22,5.0,7.04],"to":[9.02,8.06,8.96],"rotation":{"angle":0.0,"axis":"x","origin":[9.2,4.64,6.8]},"faces":{"down":{"uv":[0.25,5.0,1.25,7.95],"rotation":0,"texture":"#0","tintindex":0},"east":{"uv":[0.25,5.0,1.25,7.95],"rotation":0,"texture":"#0","tintindex":0},"north":{"uv":[0.25,5.0,1.25,7.95],"rotation":0,"texture":"#0","tintindex":0},"south":{"uv":[0.25,5.0,1.25,7.95],"rotation":0,"texture":"#0","tintindex":0},"up":{"uv":[0.25,5.0,1.25,7.95],"rotation":0,"texture":"#0","tintindex":0},"west":{"uv":[0.25,5.0,1.25,7.95],"rotation":0,"texture":"#0","tintindex":0}}},{"name":"cube","from":[7.1,4.7,6.92],"to":[9.139999,6.38,9.08],"rotation":{"angle":0.0,"axis":"x","origin":[9.2,4.64,6.8]},"faces":{"down":{"uv":[0.0,11.125,1.0,11.95],"rotation":0,"texture":"#0","tintindex":0},"east":{"uv":[0.0,11.125,1.0,11.95],"rotation":0,"texture":"#0","tintindex":0},"north":{"uv":[0.0,11.125,1.0,11.95],"rotation":0,"texture":"#0","tintindex":0},"south":{"uv":[0.0,11.125,1.0,11.95],"rotation":0,"texture":"#0","tintindex":0},"up":{"uv":[2.0625,8.1875,2.75,8.825],"rotation":0,"texture":"#0","tintindex":0},"west":{"uv":[0.0,11.125,1.0,11.95],"rotation":0,"texture":"#0","tintindex":0}}}],"display":{"head":{"translation":[0.0,-6.4,0.0],"rotation":[0.0,0.0,0.0],"scale":[3.8095,3.8095,3.8095]}}}