{"textures":{"0":"modelengine:entity/bot"},"elements":[{"name":"cube","from":[7.1,5.2400002,6.98],"to":[8.9,8.06,8.9],"rotation":{"angle":0.0,"axis":"x","origin":[5.48,-1.4200001,6.74]},"faces":{"down":{"uv":[0.5,6.25,1.4375,7.225],"rotation":0,"texture":"#0","tintindex":0},"east":{"uv":[9.0,13.0,10.0,15.85],"rotation":0,"texture":"#0","tintindex":0},"north":{"uv":[8.0,13.0,9.0,15.85],"rotation":0,"texture":"#0","tintindex":0},"south":{"uv":[10.0,13.0,11.0,15.85],"rotation":0,"texture":"#0","tintindex":0},"up":{"uv":[9.0,12.0,10.0,13.1],"rotation":0,"texture":"#0","tintindex":0},"west":{"uv":[11.0,13.0,12.0,15.85],"rotation":0,"texture":"#0","tintindex":0}}},{"name":"cube","from":[6.98,5.84,6.86],"to":[9.02,7.16,9.02],"rotation":{"angle":0.0,"axis":"x","origin":[5.48,-1.4200001,6.74]},"faces":{"down":{"uv":[10.05,10.0,11.05,10.975],"rotation":0,"texture":"#0","tintindex":0},"east":{"uv":[10.05,10.0,11.05,10.975],"rotation":0,"texture":"#0","tintindex":0},"north":{"uv":[10.05,10.0,11.05,10.975],"rotation":0,"texture":"#0","tintindex":0},"south":{"uv":[10.05,10.0,11.05,10.975],"rotation":0,"texture":"#0","tintindex":0},"up":{"uv":[10.05,10.0,11.05,10.975],"rotation":0,"texture":"#0","tintindex":0},"west":{"uv":[10.05,10.0,11.05,10.975],"rotation":0,"texture":"#0","tintindex":0}}}],"display":{"head":{"translation":[0.0,-6.4,0.0],"rotation":[0.0,0.0,0.0],"scale":[3.8095,3.8095,3.8095]}}}