{"textures":{"0":"modelengine:entity/bot"},"elements":[{"name":"cube","from":[5.48,20.18,6.92],"to":[10.219999,23.48,11.18],"rotation":{"angle":0.0,"axis":"x","origin":[8.0,8.0,8.0]},"faces":{"down":{"uv":[0.0,0.0,0.0,0.0],"rotation":0,"texture":"#0","tintindex":0},"east":{"uv":[8.25,2.0,10.0,3.875],"rotation":0,"texture":"#0","tintindex":0},"north":{"uv":[10.0625,2.0,11.9375,3.875],"rotation":0,"texture":"#0","tintindex":0},"south":{"uv":[14.0,2.0,15.75,4.0],"rotation":0,"texture":"#0","tintindex":0},"up":{"uv":[0.0,0.0,0.0,0.0],"rotation":0,"texture":"#0","tintindex":0},"west":{"uv":[12.0,2.0,14.0,4.0],"rotation":0,"texture":"#0","tintindex":0}}},{"name":"cube","from":[5.7799997,20.18,7.16],"to":[9.98,23.779999,11.0],"rotation":{"angle":0.0,"axis":"x","origin":[8.0,8.0,8.0]},"faces":{"down":{"uv":[4.0625,0.0625,6.0,1.9875],"rotation":0,"texture":"#0","tintindex":0},"east":{"uv":[6.2375,2.0625,3.75,4.0],"rotation":0,"texture":"#0","tintindex":0},"north":{"uv":[2.0,2.1875,4.0,4.0],"rotation":0,"texture":"#0","tintindex":0},"south":{"uv":[2.125,0.0,4.0,1.8125],"rotation":0,"texture":"#0","tintindex":0},"up":{"uv":[2.0,0.0,4.0,1.4875],"rotation":0,"texture":"#0","tintindex":0},"west":{"uv":[3.75,2.0625,6.2375,4.0],"rotation":0,"texture":"#0","tintindex":0}}}],"display":{"head":{"translation":[0.0,-6.4,0.0],"rotation":[0.0,0.0,0.0],"scale":[3.8095,3.8095,3.8095]}}}