{"textures":{"0":"modelengine:entity/bot"},"elements":[{"name":"left_leg","from":[6.8,4.3999996,7.4],"to":[9.2,8.0,9.8],"rotation":{"angle":0.0,"axis":"x","origin":[9.2,4.3999996,8.6]},"faces":{"down":{"uv":[7.0,12.0,6.0,13.0],"rotation":0,"texture":"#0","tintindex":0},"east":{"uv":[4.0,14.5,5.0,16.0],"rotation":0,"texture":"#0","tintindex":0},"north":{"uv":[5.0,14.5,6.0,16.0],"rotation":0,"texture":"#0","tintindex":0},"south":{"uv":[7.0,14.5,8.0,16.0],"rotation":0,"texture":"#0","tintindex":0},"up":{"uv":[6.0,14.5,5.0,13.5],"rotation":0,"texture":"#0","tintindex":0},"west":{"uv":[6.0,14.5,7.0,16.0],"rotation":0,"texture":"#0","tintindex":0}}},{"name":"left_pants","from":[6.6499996,3.9499998,7.25],"to":[9.35,7.85,9.950001],"rotation":{"angle":0.0,"axis":"x","origin":[9.2,4.1,8.6]},"faces":{"down":{"uv":[3.0,12.0,2.0,13.0],"rotation":0,"texture":"#0","tintindex":0},"east":{"uv":[0.0,14.5,1.0,16.0],"rotation":0,"texture":"#0","tintindex":0},"north":{"uv":[1.0,14.5,2.0,16.0],"rotation":0,"texture":"#0","tintindex":0},"south":{"uv":[3.0,14.5,4.0,16.0],"rotation":0,"texture":"#0","tintindex":0},"up":{"uv":[4.0,13.0,3.0,12.0],"rotation":0,"texture":"#0","tintindex":0},"west":{"uv":[2.0,14.5,3.0,16.0],"rotation":0,"texture":"#0","tintindex":0}}}],"display":{"head":{"translation":[0.0,-6.4,0.0],"rotation":[0.0,0.0,0.0],"scale":[3.8095,3.8095,3.8095]}}}