{"textures":{"0":"modelengine:entity/bot"},"elements":[{"name":"left_leg","from":[6.8,4.3999996,6.8],"to":[9.2,8.0,9.2],"rotation":{"angle":0.0,"axis":"x","origin":[9.2,0.7999997,8.0]},"faces":{"down":{"uv":[1.0,4.0,2.0,5.0],"rotation":180,"texture":"#0","tintindex":0},"east":{"uv":[1.0,5.0,0.0,6.5],"rotation":0,"texture":"#0","tintindex":0},"north":{"uv":[1.0,5.0,2.0,6.5],"rotation":0,"texture":"#0","tintindex":0},"south":{"uv":[3.0,5.0,4.0,6.5],"rotation":0,"texture":"#0","tintindex":0},"up":{"uv":[1.0,5.0,2.0,4.0],"rotation":180,"texture":"#0","tintindex":0},"west":{"uv":[3.0,5.0,2.0,6.5],"rotation":0,"texture":"#0","tintindex":0}}},{"name":"left_pants","from":[6.6499996,4.25,6.6499996],"to":[9.35,8.15,9.35],"rotation":{"angle":0.0,"axis":"x","origin":[9.2,0.7999997,8.0]},"faces":{"down":{"uv":[3.0,9.0,4.0,8.0],"rotation":180,"texture":"#0","tintindex":0},"east":{"uv":[0.0,9.0,1.0,10.5],"rotation":0,"texture":"#0","tintindex":0},"north":{"uv":[1.0,9.0,2.0,10.5],"rotation":0,"texture":"#0","tintindex":0},"south":{"uv":[3.0,9.0,4.0,10.5],"rotation":0,"texture":"#0","tintindex":0},"up":{"uv":[1.0,8.0,2.0,9.0],"rotation":180,"texture":"#0","tintindex":0},"west":{"uv":[2.0,9.0,3.0,10.5],"rotation":0,"texture":"#0","tintindex":0}}}],"display":{"head":{"translation":[0.0,-6.4,0.0],"rotation":[0.0,0.0,0.0],"scale":[3.8095,3.8095,3.8095]}}}