{
	"credit": "Made with Blockbench",
	"textures": {
		"0": "item/fish/CAHE",
		"particle": "item/fish/CAHE"
	},
	"elements": [
		{
			"from": [0.8, 2, 1],
			"to": [0.8, 3, 6],
			"faces": {
				"north": {"uv": [9.5, 13, 12, 13.25], "texture": "#0"},
				"east": {"uv": [9.5, 13, 12, 13.25], "texture": "#0"},
				"south": {"uv": [9.5, 13, 12, 13.25], "texture": "#0"},
				"west": {"uv": [9.5, 13, 12, 13.25], "texture": "#0"},
				"up": {"uv": [9.5, 13, 12, 13.25], "texture": "#0"},
				"down": {"uv": [9.5, 13, 12, 13.25], "texture": "#0"}
			}
		},
		{
			"from": [0, -0.4, 0],
			"to": [1.6, 2, 6],
			"faces": {
				"north": {"uv": [8, 11.5, 8.5, 13.5], "texture": "#0"},
				"east": {"uv": [12, 13, 9, 15], "texture": "#0"},
				"south": {"uv": [10.125, 10, 10.75, 10.375], "texture": "#0"},
				"west": {"uv": [9, 13, 12, 15], "texture": "#0"},
				"up": {"uv": [10, 7.5, 11, 10.5], "texture": "#0"},
				"down": {"uv": [10, 7.5, 11, 10.5], "texture": "#0"}
			}
		},
		{
			"from": [0.9, 0.4, 2.1],
			"to": [0.9, 1.6, 3.5],
			"rotation": {"angle": -22.5, "axis": "y", "origin": [0, 0, 0]},
			"faces": {
				"north": {"uv": [12, 10, 13, 11], "texture": "#0"},
				"east": {"uv": [13, 10, 12, 11], "texture": "#0"},
				"south": {"uv": [12, 10, 13, 11], "texture": "#0"},
				"west": {"uv": [12, 10, 13, 11], "texture": "#0"},
				"up": {"uv": [12, 10, 13, 11], "texture": "#0"},
				"down": {"uv": [12, 10, 13, 11], "texture": "#0"}
			}
		},
		{
			"from": [1.8, 0.4, -3.4],
			"to": [1.8, 1.6, -2],
			"rotation": {"angle": 22.5, "axis": "y", "origin": [16, 0, 0]},
			"faces": {
				"north": {"uv": [13, 10, 12, 11], "texture": "#0"},
				"east": {"uv": [13, 10, 12, 11], "texture": "#0"},
				"south": {"uv": [13, 10, 12, 11], "texture": "#0"},
				"west": {"uv": [12, 10, 13, 11], "texture": "#0"},
				"up": {"uv": [13, 10, 12, 11], "texture": "#0"},
				"down": {"uv": [13, 10, 12, 11], "texture": "#0"}
			}
		},
		{
			"from": [0.8, -0.2, 5.5],
			"to": [0.8, 2, 8],
			"faces": {
				"north": {"uv": [4, 13.5, 7, 15.5], "texture": "#0"},
				"east": {"uv": [7, 13.5, 4, 15.5], "texture": "#0"},
				"south": {"uv": [4, 13.5, 7, 15.5], "texture": "#0"},
				"west": {"uv": [4, 13.5, 7, 15.5], "texture": "#0"},
				"up": {"uv": [4, 13.5, 7, 15.5], "texture": "#0"},
				"down": {"uv": [4, 13.5, 7, 15.5], "texture": "#0"}
			}
		}
	],
	"display": {
		"thirdperson_righthand": {
			"rotation": [87.52, 0, 0],
			"translation": [7.5, -5, 6.25]
		},
		"thirdperson_lefthand": {
			"rotation": [90, 0, 0],
			"translation": [-7, -6.25, 6.25]
		},
		"firstperson_righthand": {
			"rotation": [0, 90, 0],
			"translation": [4.75, 9.75, -5]
		},
		"firstperson_lefthand": {
			"rotation": [0, 90, 0],
			"translation": [5.25, 8.75, 9]
		},
		"ground": {
			"translation": [14.5, 12.25, 9.75],
			"scale": [2, 2, 2]
		},
		"gui": {
			"rotation": [0, 90, 0],
			"translation": [7.25, 11.75, 0],
			"scale": [1.8, 1.76, 1.78]
		},
		"head": {
			"translation": [-2.25, 2.5, 3.25]
		},
		"fixed": {
			"rotation": [0, 90, 0],
			"translation": [8.75, 14.25, -16.5],
			"scale": [2, 2, 2]
		}
	}
}